# Blender 4.0.2
# www.blender.org
o link6.114
v 0.000004 -0.015959 -0.002736
v -0.000048 -0.013950 -0.007193
v 0.000077 -0.012975 -0.009663
v 0.000002 -0.010543 -0.012411
v 0.000175 -0.012061 -0.008336
v 0.000000 -0.010188 -0.008297
v 0.000000 -0.008185 -0.013703
v 0.000008 -0.014972 -0.005280
v 0.000055 -0.012380 -0.005074
v 0.000064 -0.010364 -0.006093
v 0.000004 -0.006463 -0.006624
v -0.000001 -0.008795 -0.004274
v 0.000030 -0.002859 -0.015916
v 0.000012 -0.006055 -0.014828
v 0.000003 -0.001905 -0.012977
v 0.000017 -0.003349 -0.008890
v 0.000014 -0.000908 -0.015219
v 0.000023 0.000082 -0.011312
v 0.000008 0.004044 -0.008837
v 0.000020 -0.015927 0.003956
v 0.000005 -0.012526 0.004908
v -0.000032 -0.014445 0.006643
v 0.000036 -0.012149 0.008774
v 0.000047 -0.009857 0.007239
v 0.000022 -0.012830 0.009935
v 0.000012 -0.010071 0.012807
v -0.000008 -0.008453 0.013415
v 0.000028 -0.007288 0.005806
v 0.000001 -0.005946 0.014735
v -0.000002 -0.004099 0.008884
v 0.000007 -0.002918 0.015957
v 0.000004 -0.001102 0.011864
v 0.000022 -0.001895 0.014015
v 0.000082 0.000085 0.015674
v 0.000067 0.002861 -0.015832
v 0.000015 0.000608 -0.015388
v 0.000022 0.001906 -0.013096
v -0.000000 0.006789 -0.014453
v 0.000005 0.010374 -0.012543
v 0.000094 0.006097 -0.006714
v 0.000008 0.008962 -0.003453
v 0.000043 0.009804 -0.007248
v 0.000024 0.013030 -0.009674
v 0.000037 0.012275 -0.008702
v 0.000016 0.008895 0.003721
v 0.000002 0.015904 0.002851
v 0.000075 0.012371 -0.005083
v -0.000023 0.013856 -0.007144
v 0.000031 0.014952 -0.005904
v 0.000051 0.015861 -0.002852
v 0.000007 0.005928 0.007225
v 0.000002 0.001145 0.011970
v 0.000022 0.001900 0.013907
v 0.000001 0.004752 0.015012
v 0.000014 0.007653 0.013986
v 0.000015 0.009819 0.012896
v 0.000002 0.010993 0.005091
v 0.000155 0.010094 0.007030
v -0.000046 0.014822 0.005951
v 0.000029 0.012519 0.008490
v -0.000085 0.013940 0.007377
v 0.000006 0.010595 0.008723
v 0.000007 0.012671 0.010215
v 0.002506 -0.025214 -0.007962
v 0.002134 -0.024471 -0.008925
v 0.006454 -0.024809 -0.008997
v 0.007140 -0.023865 -0.011402
v 0.002001 -0.026016 -0.003774
v 0.002007 -0.025143 -0.005232
v 0.003572 -0.026387 0.000155
v 0.004608 -0.026387 -0.002639
v 0.004957 -0.024828 -0.001967
v 0.004645 -0.023901 0.000004
v 0.007337 -0.026092 -0.003119
v 0.005743 -0.023029 -0.000522
v 0.006985 -0.023906 -0.002336
v 0.002016 -0.020083 -0.016868
v 0.002104 -0.020061 -0.015771
v 0.001996 -0.016515 -0.020486
v 0.001981 -0.013362 -0.011188
v 0.003461 -0.018423 -0.019029
v 0.005919 -0.015895 -0.021152
v 0.006110 -0.020094 -0.017208
v 0.007293 -0.021167 -0.015900
v 0.010068 -0.015671 -0.021349
v 0.002031 -0.020265 -0.008876
v 0.002010 -0.018707 -0.014737
v 0.002094 -0.017911 -0.012886
v 0.002106 -0.017563 -0.010375
v 0.001722 -0.014801 -0.008766
v 0.003360 -0.023223 -0.009583
v 0.002829 -0.018092 -0.010694
v 0.006022 -0.023227 -0.009729
v 0.005789 -0.020665 -0.009055
v 0.006106 -0.020055 -0.015464
v 0.005995 -0.018774 -0.009952
v 0.007180 -0.022747 -0.013175
v 0.007115 -0.022710 -0.012063
v 0.007219 -0.021095 -0.013595
v 0.007391 -0.021285 -0.010781
v 0.005998 -0.017949 -0.012836
v 0.007805 -0.020423 -0.013148
v 0.007753 -0.020406 -0.010867
v 0.007699 -0.019519 -0.012019
v 0.001202 -0.016718 -0.002446
v 0.001963 -0.016549 -0.006460
v 0.001972 -0.018118 0.000474
v 0.005795 -0.016784 -0.000126
v 0.006982 -0.022801 -0.001476
v 0.007079 -0.016980 -0.001290
v 0.002017 -0.008135 -0.024797
v 0.002978 -0.011261 -0.023978
v 0.002840 -0.007309 -0.025461
v 0.002048 -0.014070 -0.021841
v 0.002005 -0.010947 -0.014071
v 0.002001 -0.006229 -0.016822
v 0.002039 -0.011390 -0.023629
v 0.003462 -0.013811 -0.022501
v 0.004271 -0.014390 -0.021764
v 0.004424 -0.011441 -0.020986
v 0.005501 -0.010585 -0.024007
v 0.005704 -0.011016 -0.019506
v 0.005235 -0.013896 -0.019893
v 0.005914 -0.010265 -0.016549
v 0.006128 -0.008954 -0.017058
v 0.007330 -0.014685 -0.019626
v 0.006990 -0.012619 -0.018952
v 0.006991 -0.011692 -0.017424
v 0.005903 -0.009766 -0.022099
v 0.007080 -0.010162 -0.020653
v 0.007966 -0.015662 -0.021021
v 0.007492 -0.010035 -0.023201
v 0.007911 -0.009730 -0.021885
v 0.008025 -0.010082 -0.016339
v 0.007107 -0.008935 -0.018247
v 0.000955 -0.010784 -0.007809
v 0.002014 -0.009025 -0.015134
v 0.001336 -0.009564 -0.013759
v 0.007031 -0.010845 -0.007894
v 0.006968 -0.012293 -0.008092
v 0.006999 -0.010107 -0.015602
v 0.001274 -0.008254 -0.003592
v 0.000002 -0.009034 -0.000248
v 0.000967 -0.013265 -0.006923
v 0.001501 -0.011219 -0.005576
v 0.007124 -0.008916 -0.001633
v 0.006960 -0.013179 -0.006873
v 0.006885 -0.010480 -0.006195
v 0.005169 -0.009132 -0.000075
v 0.011969 -0.007970 -0.004068
v 0.007011 -0.010755 -0.001162
v 0.006938 -0.012203 -0.005467
v 0.009054 -0.012906 -0.003991
v 0.002040 -0.003954 -0.024912
v 0.003022 -0.003814 -0.025672
v 0.006088 -0.003350 -0.025098
v 0.006943 -0.004872 -0.026029
v 0.007215 -0.001412 -0.024630
v 0.007093 -0.000160 -0.026106
v 0.008154 0.001782 -0.026402
v 0.007649 0.000177 -0.025500
v 0.002042 -0.002811 -0.018037
v 0.002003 -0.002244 -0.021203
v 0.001992 0.001849 -0.021055
v 0.003095 -0.002314 -0.022127
v 0.005925 0.000000 -0.021201
v 0.006027 -0.002021 -0.021995
v 0.007486 -0.001220 -0.023547
v 0.007488 -0.000374 -0.022756
v 0.001006 0.000765 -0.008997
v 0.001939 -0.006947 -0.015855
v 0.001348 -0.001343 -0.017025
v 0.006913 -0.003959 -0.008188
v 0.000679 -0.004223 -0.008032
v 0.001959 -0.001382 -0.013928
v 0.001570 0.000039 -0.015082
v 0.001597 0.000043 -0.011918
v 0.006952 -0.001170 -0.012806
v 0.007281 0.000032 -0.011839
v 0.006938 -0.001339 -0.013967
v 0.007165 0.000036 -0.015117
v 0.008930 -0.002072 -0.011286
v 0.001596 -0.006340 -0.006365
v 0.011880 -0.006295 -0.006347
v 0.012019 -0.025128 -0.008371
v 0.013486 -0.024363 -0.010168
v 0.014499 -0.024135 -0.009007
v 0.020209 -0.024030 -0.008971
v 0.009470 -0.026273 -0.002295
v 0.009010 -0.024822 -0.002006
v 0.008571 -0.022915 0.000062
v 0.009350 -0.023873 0.000002
v 0.010176 -0.026048 0.000243
v 0.012151 -0.026112 -0.004064
v 0.011479 -0.026454 0.001495
v 0.012429 -0.026120 0.000468
v 0.012529 -0.024261 -0.008266
v 0.019977 -0.018615 -0.018842
v 0.008510 -0.022291 -0.011993
v 0.020092 -0.022178 -0.012117
v 0.020307 -0.020963 -0.013264
v 0.012973 -0.019024 -0.008183
v 0.013973 -0.019530 -0.008904
v 0.014302 -0.018371 -0.008173
v 0.020159 -0.019555 -0.011986
v 0.008221 -0.016513 -0.000046
v 0.012514 -0.020044 -0.007117
v 0.013949 -0.018353 -0.005457
v 0.014958 -0.017855 -0.004119
v 0.014831 -0.017818 0.001107
v 0.015463 -0.018151 0.001600
v 0.009215 -0.011099 -0.024039
v 0.020328 -0.007309 -0.025427
v 0.024336 -0.009846 -0.024551
v 0.009692 -0.014460 -0.021715
v 0.009265 -0.013136 -0.020073
v 0.008465 -0.011392 -0.019576
v 0.007835 -0.008927 -0.017192
v 0.010303 -0.013146 -0.022967
v 0.009255 -0.011036 -0.021194
v 0.009145 -0.014709 -0.007577
v 0.009190 -0.012510 -0.009786
v 0.008886 -0.009365 -0.008717
v 0.011864 -0.014263 -0.007789
v 0.011911 -0.013043 -0.009173
v 0.012081 -0.009705 -0.008963
v 0.012733 -0.011046 -0.008190
v 0.008876 -0.014361 -0.005527
v 0.008902 -0.011394 -0.003710
v 0.008440 -0.009235 -0.000012
v 0.009092 -0.008674 -0.006469
v 0.009071 -0.009542 -0.004697
v 0.012382 -0.014046 -0.005006
v 0.011310 -0.009013 -0.000008
v 0.012626 -0.013216 -0.007312
v 0.012084 -0.011976 -0.004014
v 0.012038 -0.010184 -0.004357
v 0.011934 -0.008810 -0.006280
v 0.012793 -0.010646 -0.005617
v 0.012684 -0.008229 0.000026
v 0.020290 -0.001199 -0.024374
v 0.020924 0.001135 -0.026435
v 0.019920 -0.000390 -0.025251
v 0.008988 -0.001494 -0.016108
v 0.020192 -0.001172 -0.023577
v 0.009018 -0.003072 -0.013876
v 0.011287 -0.000418 -0.009011
v 0.009156 0.000687 -0.010461
v 0.011808 -0.003537 -0.008126
v 0.012071 -0.001538 -0.015921
v 0.011480 -0.003065 -0.013430
v 0.011883 0.001059 -0.010834
v 0.012550 -0.002255 -0.012222
v 0.012842 -0.000000 -0.014954
v 0.012202 -0.000842 -0.010993
v 0.012622 0.002075 -0.012018
v 0.012762 -0.005616 -0.005324
v 0.012720 0.000040 -0.008209
v 0.021377 -0.024458 -0.009900
v 0.044905 -0.024058 -0.011038
v 0.044897 -0.024929 -0.008767
v 0.021007 -0.025108 0.005264
v 0.021020 -0.024748 -0.007298
v 0.020985 -0.019985 -0.007346
v 0.021960 -0.026037 -0.004646
v 0.021881 -0.026225 0.003922
v 0.044681 -0.026416 -0.001944
v 0.044902 -0.026398 0.002222
v 0.021398 -0.016664 -0.020554
v 0.044891 -0.019685 -0.017719
v 0.019513 -0.019706 -0.008984
v 0.020261 -0.020923 -0.010744
v 0.020401 -0.018600 -0.008422
v 0.021202 -0.021139 -0.011994
v 0.021627 -0.023023 -0.013018
v 0.019224 -0.018297 -0.006047
v 0.016969 -0.018253 -0.003925
v 0.016981 -0.018259 0.003700
v 0.019525 -0.017474 -0.003297
v 0.020815 -0.019014 -0.005378
v 0.021362 -0.013577 -0.022701
v 0.021326 0.000000 -0.024000
v 0.021614 -0.002871 -0.026297
v 0.020091 0.000012 -0.022653
v 0.044926 -0.025840 -0.005701
v 0.037442 -0.012167 -0.023555
v 0.044919 -0.008396 -0.025107
v 0.040456 -0.014875 -0.021980
v 0.046198 -0.026056 -0.009713
v 0.046183 -0.025101 -0.011837
v 0.046028 -0.023926 -0.013765
v 0.046078 -0.026997 -0.006993
v 0.046212 -0.027790 -0.001382
v 0.046354 -0.027812 0.001754
v 0.048195 -0.027990 -0.004769
v 0.044836 -0.016967 -0.020352
v 0.044877 -0.022202 -0.014474
v 0.046140 -0.021841 -0.017240
v 0.046031 -0.017395 -0.021654
v 0.048191 -0.020001 -0.019617
v 0.049056 -0.017322 -0.021990
v 0.047109 -0.023656 -0.014865
v 0.047908 -0.016337 -0.009287
v 0.043027 -0.016560 -0.003675
v 0.042524 -0.016625 -0.000450
v 0.046896 -0.017034 -0.000042
v 0.047890 -0.017882 -0.005883
v 0.046752 -0.017033 -0.001701
v 0.046033 -0.010648 -0.025639
v 0.045390 -0.011894 -0.024062
v 0.049092 -0.009697 -0.026205
v 0.044828 -0.013335 -0.022917
v 0.046103 -0.014065 -0.023854
v 0.048133 -0.013900 -0.024323
v 0.047828 -0.010128 -0.015862
v 0.047804 -0.006924 -0.017512
v 0.042792 -0.012010 -0.010552
v 0.042951 -0.011221 -0.012611
v 0.042081 -0.009804 -0.010821
v 0.043047 -0.008853 -0.014366
v 0.042157 -0.005280 -0.015024
v 0.042895 -0.008201 -0.008256
v 0.044944 -0.012252 -0.010322
v 0.045692 -0.012124 -0.011683
v 0.045041 -0.008253 -0.007625
v 0.045793 -0.014409 -0.008486
v 0.044954 -0.011651 -0.009485
v 0.046796 -0.014302 -0.009843
v 0.046921 -0.010363 -0.013633
v 0.046741 -0.007386 -0.015445
v 0.047777 -0.013482 -0.012938
v 0.042872 -0.014321 -0.005082
v 0.042083 -0.014823 -0.003779
v 0.042017 -0.015081 0.002161
v 0.042794 -0.011603 -0.002943
v 0.042094 -0.011683 -0.001708
v 0.042062 -0.007495 0.001003
v 0.042836 -0.007458 -0.002925
v 0.042089 -0.006801 -0.000938
v 0.045056 -0.014961 -0.005607
v 0.045057 -0.013576 -0.005359
v 0.044953 -0.011435 -0.003577
v 0.044995 -0.008170 -0.003803
v 0.046496 -0.016459 -0.004747
v 0.044720 0.000396 -0.026497
v 0.044895 -0.004451 -0.026104
v 0.046078 -0.007008 -0.026904
v 0.046122 -0.000012 -0.027952
v 0.049053 -0.005754 -0.027374
v 0.046978 -0.005569 -0.016754
v 0.047159 -0.000000 -0.018275
v 0.042902 -0.005883 -0.015730
v 0.042989 -0.003168 -0.012005
v 0.042553 -0.002050 -0.009866
v 0.043138 -0.004043 -0.015049
v 0.046200 -0.005136 -0.015853
v 0.046883 -0.001374 -0.009744
v 0.047037 -0.003023 -0.011996
v 0.046121 -0.003696 -0.014580
v 0.046689 0.000082 -0.013645
v 0.047090 -0.002859 -0.014558
v 0.047094 0.002991 -0.011997
v 0.041803 -0.004054 -0.001907
v 0.041833 -0.001888 -0.004076
v 0.042715 -0.006315 -0.005110
v 0.042059 -0.004549 -0.005877
v 0.043020 -0.005424 -0.001541
v 0.042960 -0.003795 -0.004812
v 0.043034 -0.003640 -0.003741
v 0.043139 -0.001732 -0.006668
v 0.042844 -0.002024 -0.005133
v 0.043534 -0.005946 -0.000543
v 0.043812 -0.004242 -0.002204
v 0.043098 0.001994 -0.005173
v 0.045047 -0.007282 -0.005452
v 0.045016 -0.005923 -0.003937
v 0.045572 -0.004491 -0.004207
v 0.043855 -0.002459 -0.004025
v 0.044828 -0.002077 -0.002223
v 0.044049 0.002019 -0.003919
v 0.044649 -0.000172 -0.003009
v 0.045235 -0.006090 -0.002044
v 0.045972 -0.002988 -0.000023
v 0.046932 -0.005885 0.000104
v 0.046929 -0.003934 -0.004299
v 0.046959 -0.002647 -0.002270
v 0.046504 -0.001603 -0.006494
v 0.046806 -0.000171 -0.003539
v 0.047052 -0.003942 -0.000234
v 0.047077 -0.001278 -0.005782
v 0.053018 -0.088994 -0.004999
v 0.052244 -0.088713 -0.004757
v 0.051748 -0.088197 0.010768
v 0.055952 -0.089897 -0.004973
v 0.055021 -0.089992 -0.003770
v 0.060074 -0.085303 -0.004993
v 0.050814 -0.086334 -0.004562
v 0.050574 -0.085039 -0.003515
v 0.051010 -0.085755 -0.005000
v 0.053238 -0.064876 -0.004971
v 0.052059 -0.063760 -0.004996
v 0.053024 -0.064523 -0.000766
v 0.058060 -0.064897 -0.004989
v 0.057868 -0.064602 -0.000868
v 0.052073 -0.062892 -0.001503
v 0.052534 -0.035916 -0.000538
v 0.053754 -0.063321 -0.000006
v 0.053506 -0.036510 -0.000023
v 0.052026 -0.036268 -0.004992
v 0.052073 -0.036641 -0.001550
v 0.050950 -0.029694 -0.005003
v 0.050379 -0.030701 -0.003111
v 0.053190 -0.034038 -0.005000
v 0.053100 -0.034972 -0.004148
v 0.053841 -0.034925 -0.000991
v 0.048935 -0.025766 -0.010768
v 0.049622 -0.024932 -0.010362
v 0.050794 -0.023921 -0.012897
v 0.049095 -0.026990 -0.007044
v 0.050062 -0.028991 -0.004983
v 0.048988 -0.028859 -0.002532
v 0.049693 -0.026608 -0.006088
v 0.050003 -0.019021 -0.005655
v 0.052039 -0.030089 0.000004
v 0.053026 -0.031115 -0.000043
v 0.052983 -0.029977 -0.001099
v 0.052773 -0.028932 0.000007
v 0.059849 -0.030021 -0.001170
v 0.059862 -0.028827 -0.000034
v 0.049774 -0.020219 -0.016271
v 0.049596 -0.017093 -0.020755
v 0.049185 -0.020730 -0.018597
v 0.049264 -0.023201 -0.015453
v 0.049736 -0.022807 -0.008224
v 0.049642 -0.018894 -0.008039
v 0.049684 -0.017239 -0.014410
v 0.049267 -0.016763 -0.009342
v 0.050878 -0.023091 -0.009891
v 0.050987 -0.020927 -0.015114
v 0.050994 -0.020657 -0.008894
v 0.050425 -0.017467 -0.013098
v 0.052079 -0.022925 -0.014000
v 0.051520 -0.017958 -0.010868
v 0.052428 -0.023243 -0.010647
v 0.052496 -0.021125 -0.014389
v 0.052523 -0.019349 -0.009824
v 0.052330 -0.018330 -0.013373
v 0.049098 -0.018284 -0.005929
v 0.047997 -0.018997 -0.000214
v 0.050724 -0.018635 -0.003550
v 0.051496 -0.018913 -0.004996
v 0.049193 -0.013279 -0.024464
v 0.049206 -0.008420 -0.017217
v 0.049597 -0.008086 -0.025825
v 0.049593 -0.008916 -0.018377
v 0.049211 -0.010683 -0.015939
v 0.049475 -0.015161 -0.011773
v 0.049182 -0.013251 -0.013813
v 0.048963 0.000050 -0.027907
v 0.049597 0.006348 -0.026236
v 0.049117 -0.005848 -0.018261
v 0.049126 -0.000098 -0.019233
v 0.049542 0.000032 -0.020356
v 0.060199 -0.090530 -0.004100
v 0.060430 -0.089935 -0.004936
v 0.059488 -0.090787 0.010377
v 0.060740 -0.086014 -0.003274
v 0.060626 -0.086080 0.005675
v 0.061301 -0.018136 -0.004609
v 0.061902 -0.085093 -0.004069
v 0.062076 -0.085029 0.004270
v 0.064042 -0.083477 -0.004415
v 0.064840 -0.084933 -0.003729
v 0.067000 -0.085000 0.000695
v 0.063500 0.083489 -0.004488
v 0.057497 -0.063211 -0.000003
v 0.059085 -0.063147 -0.003511
v 0.059022 -0.063128 -0.000980
v 0.059687 -0.063058 -0.004918
v 0.059904 -0.036861 -0.004997
v 0.060644 -0.050000 0.000008
v 0.061707 -0.050984 -0.000983
v 0.061669 -0.049036 -0.001004
v 0.063568 -0.048162 -0.000703
v 0.063909 -0.052313 0.000087
v 0.063448 -0.050203 -0.002001
v 0.062498 0.000000 -0.004498
v 0.058157 -0.035871 -0.000242
v 0.057791 -0.034970 -0.001063
v 0.057625 -0.034856 -0.003775
v 0.058001 -0.034221 -0.004949
v 0.059090 -0.036096 -0.004895
v 0.059020 -0.036703 -0.001055
v 0.059990 -0.018988 -0.005001
v 0.063347 -0.031867 0.000178
v 0.060493 -0.031234 -0.000065
v 0.063322 -0.031050 -0.001479
v 0.063256 -0.028504 -0.000923
v 0.063654 -0.029449 -0.001876
v 0.059019 -0.018524 -0.004165
v 0.059037 -0.018997 0.000009
v 0.060270 -0.018216 0.000029
v 0.060562 -0.016885 -0.003979
v 0.060783 0.016987 -0.004233
v 0.060626 -0.011518 -0.001611
v 0.060564 -0.008875 -0.003438
v 0.061081 -0.008753 -0.001171
v 0.062750 -0.010544 -0.001339
v 0.063163 -0.009280 -0.001514
v 0.062842 -0.011598 -0.000245
v 0.063475 -0.007986 0.000226
v 0.065004 -0.083903 -0.003941
v 0.065629 -0.084666 -0.004229
v 0.067056 -0.084996 -0.004020
v 0.066494 0.084987 -0.004282
v 0.067056 -0.068289 -0.004023
v 0.067030 -0.072829 -0.002410
v 0.067070 -0.073221 0.002240
v 0.066385 -0.069247 -0.001010
v 0.065567 -0.049997 -0.004227
v 0.067035 -0.049864 -0.004050
v 0.064391 -0.049986 -0.004256
v 0.064958 -0.049990 -0.003879
v 0.064953 -0.052038 -0.002014
v 0.065000 -0.047907 -0.002024
v 0.066664 -0.049949 -0.003300
v 0.067058 -0.053414 -0.000110
v 0.067017 -0.052425 -0.002416
v 0.067019 -0.047883 -0.002640
v 0.064961 -0.030626 -0.003906
v 0.066701 -0.046758 0.000249
v 0.065479 -0.030059 -0.004170
v 0.067059 -0.046510 -0.000107
v 0.064374 -0.030003 -0.004262
v 0.064979 -0.032069 -0.002017
v 0.066882 -0.033376 -0.000083
v 0.067083 -0.032515 -0.002421
v 0.067035 -0.029814 -0.004039
v 0.064998 -0.029548 -0.003904
v 0.064987 -0.027919 -0.002031
v 0.066634 -0.029889 -0.003388
v 0.067020 -0.027612 -0.002447
v 0.066851 -0.026594 -0.000026
v 0.065499 -0.010049 -0.004191
v 0.064377 -0.010003 -0.004261
v 0.064961 -0.010626 -0.003906
v 0.064979 -0.012069 -0.002017
v 0.065086 -0.009769 -0.003234
v 0.064994 -0.008253 -0.003939
v 0.064987 -0.007919 -0.002031
v 0.067051 -0.009808 -0.003961
v 0.067020 -0.007612 -0.002447
v 0.066882 -0.013376 -0.000083
v 0.067083 -0.012515 -0.002421
v 0.066656 -0.009415 -0.003122
v 0.067069 -0.014448 0.001577
v 0.064381 0.010003 -0.004260
v 0.066851 -0.006594 -0.000026
v 0.067042 0.009803 -0.004041
v 0.002095 -0.025178 0.007991
v 0.002004 -0.025913 0.004975
v 0.004949 -0.026066 0.002598
v 0.004959 -0.024755 0.001997
v 0.006988 -0.022776 0.001405
v 0.007720 -0.026109 0.003220
v 0.006971 -0.023794 0.002318
v 0.002261 -0.024162 0.009163
v 0.006465 -0.024867 0.008930
v 0.006997 -0.023913 0.011136
v 0.002006 -0.020217 0.008946
v 0.001214 -0.016237 0.003752
v 0.005754 -0.022768 0.000582
v 0.007045 -0.016930 0.001262
v 0.002011 -0.019977 0.016137
v 0.002008 -0.018277 0.009664
v 0.002025 -0.017685 0.012442
v 0.001567 -0.014723 0.008564
v 0.002782 -0.017868 0.011452
v 0.003141 -0.019927 0.015353
v 0.002193 -0.016920 0.008449
v 0.005955 -0.023283 0.009736
v 0.005943 -0.019032 0.009769
v 0.005901 -0.020504 0.009062
v 0.005254 -0.020165 0.017171
v 0.006123 -0.019180 0.014362
v 0.005965 -0.017860 0.012305
v 0.007078 -0.023012 0.013049
v 0.007119 -0.022732 0.011967
v 0.007458 -0.021266 0.010773
v 0.007353 -0.021165 0.013295
v 0.007058 -0.021103 0.015478
v 0.007777 -0.020458 0.010840
v 0.007849 -0.020370 0.013106
v 0.007858 -0.019522 0.012018
v 0.002015 -0.019931 0.017108
v 0.002016 -0.016398 0.020760
v 0.005825 -0.015802 0.021107
v 0.007661 -0.015960 0.021137
v 0.001043 -0.013255 0.006960
v 0.000741 -0.012410 0.005606
v 0.000038 -0.008781 0.003532
v 0.001073 -0.011184 0.005578
v 0.000959 -0.010355 0.006849
v 0.001045 -0.008413 0.003178
v 0.007200 -0.013237 0.006919
v 0.006946 -0.010580 0.007485
v 0.007016 -0.012024 0.005383
v 0.006882 -0.010471 0.006215
v 0.005799 -0.010536 0.000007
v 0.007010 -0.010786 0.001159
v 0.006959 -0.008920 0.001637
v 0.008885 -0.009190 0.008327
v 0.001990 -0.013517 0.011746
v 0.001176 -0.011823 0.008251
v 0.001279 -0.010547 0.013081
v 0.001987 -0.009020 0.014937
v 0.002008 -0.011074 0.013984
v 0.006887 -0.010318 0.015632
v 0.006768 -0.011791 0.008221
v 0.002004 -0.013136 0.022784
v 0.002213 -0.011320 0.023912
v 0.002002 -0.008832 0.024184
v 0.003700 -0.013897 0.022307
v 0.004342 -0.011998 0.020575
v 0.004701 -0.011233 0.023792
v 0.005749 -0.014194 0.019678
v 0.005480 -0.011373 0.019653
v 0.005866 -0.009263 0.016742
v 0.007078 -0.012665 0.019040
v 0.006998 -0.011714 0.017460
v 0.007023 -0.010181 0.020733
v 0.006139 -0.009662 0.021931
v 0.007053 -0.008476 0.017531
v 0.008556 -0.013939 0.019740
v 0.007891 -0.009779 0.022636
v 0.008026 -0.009547 0.018161
v 0.002190 -0.008005 0.025045
v 0.006679 -0.010083 0.024489
v 0.001156 -0.003670 0.008234
v 0.001715 -0.006657 0.006052
v 0.007248 -0.003946 0.008247
v 0.001954 -0.006912 0.015913
v 0.001674 -0.003317 0.016756
v 0.000018 -0.000398 0.009030
v 0.001063 -0.000008 0.011892
v 0.001510 -0.001144 0.012765
v 0.001554 -0.001311 0.013997
v 0.011279 0.000362 0.009014
v 0.006975 -0.001174 0.014217
v 0.001605 0.000016 0.015089
v 0.006946 -0.001356 0.013050
v 0.006936 -0.000028 0.011882
v 0.007264 0.000036 0.015150
v 0.008930 -0.002072 0.015714
v 0.000001 0.002702 0.015977
v 0.002011 -0.005158 0.017363
v 0.001980 -0.002011 0.020694
v 0.001164 -0.000047 0.016837
v 0.001988 0.002038 0.021010
v 0.002030 0.002826 0.017964
v 0.002989 -0.002009 0.021846
v 0.002163 -0.002958 0.023083
v 0.003186 0.000243 0.021064
v 0.006225 -0.003321 0.025130
v 0.006015 -0.002006 0.021974
v 0.005922 0.000000 0.021139
v 0.007406 -0.000349 0.022747
v 0.007499 -0.001217 0.023537
v 0.003492 -0.005570 0.025903
v 0.002048 -0.003744 0.025055
v 0.006639 -0.004888 0.025992
v 0.007645 -0.001231 0.024413
v 0.007059 0.000204 0.025919
v 0.008314 -0.001498 0.026440
v 0.007757 -0.000343 0.025273
v 0.009313 -0.025870 0.002323
v 0.012016 -0.026008 0.004980
v 0.012148 -0.024861 0.008970
v 0.012490 -0.024347 0.007207
v 0.013147 -0.024211 0.008697
v 0.015967 -0.024167 0.010707
v 0.019457 -0.024127 0.009034
v 0.012570 -0.019909 0.007078
v 0.013031 -0.019131 0.008251
v 0.014493 -0.018324 0.008124
v 0.008514 -0.022299 0.012006
v 0.020088 -0.022187 0.011882
v 0.014110 -0.019637 0.008968
v 0.020367 -0.020984 0.010768
v 0.020160 -0.019553 0.011969
v 0.008907 -0.013907 0.004865
v 0.009502 -0.014862 0.006689
v 0.008885 -0.013729 0.008967
v 0.009044 -0.012278 0.003776
v 0.008916 -0.010724 0.004006
v 0.009001 -0.008946 0.005500
v 0.012123 -0.014074 0.004972
v 0.012251 -0.009709 0.004964
v 0.011896 -0.011285 0.003827
v 0.011190 -0.008579 0.006473
v 0.012137 -0.009451 0.008783
v 0.011945 -0.007677 0.004706
v 0.012927 -0.012819 0.006659
v 0.008972 -0.011129 0.009694
v 0.012090 -0.012198 0.009571
v 0.012073 -0.013900 0.008495
v 0.012805 -0.010481 0.007984
v 0.008368 -0.011200 0.019551
v 0.008167 -0.009963 0.016440
v 0.009111 -0.011100 0.024040
v 0.009951 -0.014553 0.021976
v 0.009667 -0.011524 0.020986
v 0.010200 -0.012801 0.023160
v 0.022539 -0.012935 0.023099
v 0.022907 -0.009017 0.024892
v 0.012798 -0.006012 0.005078
v 0.011939 -0.005397 0.007049
v 0.011901 -0.003097 0.008385
v 0.012581 0.000144 0.008322
v 0.009027 -0.003075 0.013131
v 0.008962 -0.001553 0.010961
v 0.010101 -0.000088 0.010403
v 0.012143 -0.001689 0.011281
v 0.011480 -0.003065 0.013570
v 0.012554 -0.002254 0.014775
v 0.012834 0.000000 0.012058
v 0.012213 -0.000827 0.016008
v 0.012630 0.002069 0.014981
v 0.009156 0.000687 0.016539
v 0.011883 0.001059 0.016166
v 0.020139 -0.001320 0.023892
v 0.020321 -0.000005 0.022686
v 0.020959 -0.024127 0.007998
v 0.021973 -0.024878 0.008853
v 0.019231 -0.018292 0.007398
v 0.019287 -0.017579 0.003840
v 0.020984 -0.019862 0.007304
v 0.020418 -0.018332 0.004578
v 0.020192 -0.018822 0.008781
v 0.019657 -0.022917 0.013258
v 0.020254 -0.020901 0.013258
v 0.019745 -0.020239 0.017136
v 0.021256 -0.021082 0.012097
v 0.044904 -0.022314 0.014264
v 0.044810 -0.019559 0.017885
v 0.020900 -0.016849 0.020445
v 0.020709 -0.005679 0.025865
v 0.021326 -0.000000 0.024000
v 0.020958 -0.001152 0.026424
v 0.020288 -0.000516 0.024990
v 0.044918 -0.005097 0.025973
v 0.044194 -0.000596 0.026490
v 0.039498 -0.015226 0.021730
v 0.039631 -0.012208 0.023530
v 0.044853 -0.025753 0.006120
v 0.044897 -0.024465 0.010125
v 0.046186 -0.026917 0.007131
v 0.046112 -0.025997 0.009995
v 0.046093 -0.024970 0.012041
v 0.046144 -0.023930 0.013988
v 0.048963 -0.023643 0.014964
v 0.043096 -0.016763 0.002572
v 0.047779 -0.017473 0.006906
v 0.046826 -0.016952 0.002617
v 0.047147 -0.015469 0.008927
v 0.046128 -0.021950 0.017109
v 0.044870 -0.016498 0.020718
v 0.046130 -0.017356 0.021754
v 0.049065 -0.020696 0.018855
v 0.049025 -0.014156 0.024092
v 0.043068 -0.012137 0.003180
v 0.042992 -0.009066 0.003300
v 0.042973 -0.014986 0.004095
v 0.046194 -0.007558 0.006147
v 0.046905 -0.015191 0.004358
v 0.047054 -0.009115 0.003755
v 0.046948 -0.007843 0.002917
v 0.047052 -0.012724 0.003726
v 0.046693 -0.011611 0.006655
v 0.046956 -0.008992 0.008611
v 0.047041 -0.007725 0.005691
v 0.042963 -0.011002 0.010980
v 0.043037 -0.010870 0.012755
v 0.042100 -0.009744 0.012167
v 0.042961 -0.009019 0.008976
v 0.042089 -0.006503 0.007388
v 0.042952 -0.008099 0.014811
v 0.046950 -0.011468 0.012196
v 0.046172 -0.011194 0.010984
v 0.046835 -0.007905 0.015104
v 0.046819 -0.010055 0.013892
v 0.047099 -0.010467 0.009533
v 0.047792 -0.010202 0.015766
v 0.044991 -0.013566 0.022825
v 0.046031 -0.013981 0.023821
v 0.047829 -0.006951 0.017529
v 0.044939 -0.008862 0.024946
v 0.046271 -0.012138 0.025040
v 0.046087 -0.009986 0.025925
v 0.041794 -0.004030 0.001853
v 0.041808 -0.001980 0.004027
v 0.041764 0.001862 0.003993
v 0.042888 -0.007677 0.006466
v 0.042927 -0.006837 0.002028
v 0.042919 -0.005038 0.002090
v 0.043003 -0.004689 0.004750
v 0.042903 -0.003957 0.003329
v 0.042101 -0.002086 0.007116
v 0.042911 -0.002608 0.004822
v 0.043077 -0.001637 0.005454
v 0.043012 0.001478 0.005321
v 0.044524 -0.003268 0.000101
v 0.043764 -0.003973 0.002695
v 0.043290 -0.002642 0.005145
v 0.044968 -0.000764 0.007845
v 0.046815 -0.006270 0.001701
v 0.044869 -0.002119 0.002112
v 0.044513 0.000000 0.003260
v 0.044543 -0.001140 0.006682
v 0.046932 -0.005211 0.004606
v 0.045973 0.000000 0.002974
v 0.047053 -0.002629 0.002409
v 0.045782 0.000010 0.006384
v 0.047021 -0.003767 0.004609
v 0.046974 -0.000311 0.003902
v 0.047023 0.000001 0.005401
v 0.042985 -0.004407 0.016241
v 0.042048 -0.004762 0.014517
v 0.042903 -0.003103 0.011944
v 0.042744 -0.002940 0.014893
v 0.042867 -0.002265 0.009811
v 0.046361 -0.004906 0.016415
v 0.045046 -0.002248 0.010463
v 0.045070 -0.002174 0.015166
v 0.045429 -0.003384 0.016192
v 0.043825 -0.000995 0.023986
v 0.043863 -0.000012 0.022984
v 0.049220 -0.001370 0.023490
v 0.045206 0.003003 0.015978
v 0.049096 -0.000287 0.022475
v 0.046686 -0.001341 0.017252
v 0.047529 -0.001116 0.018500
v 0.046122 -0.007060 0.026935
v 0.045390 -0.001026 0.026979
v 0.046161 -0.000067 0.027962
v 0.049163 -0.000603 0.025333
v 0.052703 -0.088870 0.011998
v 0.054392 -0.089845 0.010688
v 0.056149 -0.089930 0.011972
v 0.050571 -0.082339 0.003602
v 0.050991 -0.081674 0.006141
v 0.050994 -0.080056 0.005003
v 0.060054 -0.081699 0.006097
v 0.060015 -0.080112 0.005004
v 0.050970 -0.085986 0.011943
v 0.050578 -0.084611 0.010869
v 0.050900 -0.081917 0.011845
v 0.050934 -0.030293 0.004971
v 0.052961 -0.063992 0.001354
v 0.052238 -0.064309 0.004985
v 0.053883 -0.064729 0.002680
v 0.057822 -0.064600 0.001844
v 0.052078 -0.062935 0.002499
v 0.052545 -0.035976 0.001525
v 0.053523 -0.036568 0.001015
v 0.057395 -0.063399 0.001037
v 0.057497 -0.036527 0.001000
v 0.050564 -0.031808 0.003476
v 0.052076 -0.036631 0.002503
v 0.052027 -0.035707 0.004992
v 0.053601 -0.034111 0.004997
v 0.053927 -0.035013 0.001844
v 0.049109 -0.028124 0.005158
v 0.049045 -0.027007 0.007028
v 0.049584 -0.029140 0.003752
v 0.049653 -0.026187 0.006175
v 0.049819 -0.018998 0.005780
v 0.050947 -0.027507 0.005082
v 0.052999 -0.030062 0.001133
v 0.049045 -0.025516 0.011420
v 0.049554 -0.022483 0.015107
v 0.048892 -0.018621 0.003585
v 0.049174 -0.017872 0.007085
v 0.051436 -0.018906 0.004986
v 0.047863 -0.015450 0.010747
v 0.049594 -0.014783 0.014058
v 0.049596 -0.015238 0.022046
v 0.049195 -0.014915 0.011906
v 0.049138 -0.017410 0.021816
v 0.049255 -0.011958 0.014865
v 0.049221 -0.009656 0.016532
v 0.049576 -0.001457 0.024659
v 0.049588 -0.007246 0.025984
v 0.049399 -0.005999 0.018390
v 0.049037 -0.009699 0.026200
v 0.049060 -0.000566 0.019130
v 0.049597 0.001416 0.020241
v 0.049037 -0.005722 0.027385
v 0.060078 -0.090120 0.011963
v 0.060570 -0.089488 0.010498
v 0.060533 -0.082708 0.006085
v 0.061906 -0.080818 0.004538
v 0.060055 -0.081887 0.011996
v 0.061624 -0.018023 0.004527
v 0.058176 -0.064875 0.004983
v 0.059017 -0.063041 0.001972
v 0.059080 -0.063158 0.003501
v 0.059648 -0.062859 0.004667
v 0.058769 -0.036109 0.001674
v 0.059978 -0.036972 0.005001
v 0.061683 -0.051010 0.000969
v 0.061642 -0.049021 0.000984
v 0.064257 -0.050308 0.002535
v 0.063159 -0.048572 0.000998
v 0.057789 -0.034972 0.002104
v 0.057791 -0.034808 0.004010
v 0.058173 -0.034244 0.004995
v 0.059132 -0.036477 0.004139
v 0.059992 -0.018988 0.005000
v 0.060459 -0.030052 0.001229
v 0.063194 -0.029142 0.001511
v 0.063339 -0.028145 0.000164
v 0.064174 -0.030766 0.002245
v 0.059041 -0.018531 0.004290
v 0.060713 -0.016786 0.004180
v 0.060569 -0.011450 0.003442
v 0.060948 -0.010909 0.001700
v 0.060686 -0.008174 0.001066
v 0.062774 -0.010992 0.001100
v 0.061994 -0.008916 0.001121
v 0.064218 -0.009501 0.002367
v 0.060580 0.009005 -0.001671
v 0.063553 -0.084780 0.004476
v 0.064438 -0.050000 0.004241
v 0.064998 -0.084490 0.003931
v 0.066501 -0.084881 0.004279
v 0.065556 -0.083524 0.004226
v 0.067012 -0.084998 0.003963
v 0.066482 -0.070324 0.001539
v 0.067045 -0.068505 0.004030
v 0.067038 -0.049683 0.004053
v 0.065588 -0.049989 0.004230
v 0.064988 -0.052019 0.002047
v 0.065021 -0.049992 0.003895
v 0.064956 -0.047997 0.002050
v 0.067075 -0.052309 0.002543
v 0.066942 -0.049835 0.003350
v 0.065623 -0.030004 0.004239
v 0.067077 -0.047556 0.002426
v 0.067047 -0.030153 0.004043
v 0.064933 -0.031980 0.002063
v 0.064836 -0.031983 0.004053
v 0.066920 -0.032307 0.002461
v 0.067070 -0.034457 0.001582
v 0.065201 -0.030365 0.003468
v 0.065278 -0.029618 0.003148
v 0.065012 -0.029303 0.003925
v 0.064958 -0.028022 0.002085
v 0.066699 -0.029872 0.003379
v 0.066939 -0.027662 0.002470
v 0.067070 -0.025533 0.001584
v 0.067045 -0.010154 0.004044
v 0.064933 -0.011980 0.002063
v 0.064827 -0.012007 0.004059
v 0.065256 -0.010327 0.003263
v 0.065010 -0.009314 0.003910
v 0.064958 -0.008022 0.002085
v 0.066920 -0.012307 0.002461
v 0.065575 -0.009806 0.004203
v 0.066699 -0.009872 0.003379
v 0.066939 -0.007662 0.002470
v 0.064937 0.008130 0.003999
v 0.067070 -0.005533 0.001584
v 0.002045 0.007860 -0.024871
v 0.002170 0.003773 -0.025110
v 0.003402 0.005319 -0.025974
v 0.007330 0.010088 -0.024484
v 0.006286 0.003341 -0.025182
v 0.006855 0.004941 -0.025990
v 0.007517 0.001468 -0.024113
v 0.001750 0.003234 -0.016964
v 0.002182 0.002583 -0.022276
v 0.001996 0.006074 -0.017035
v 0.002022 0.002982 -0.018997
v 0.005978 0.002051 -0.022016
v 0.007482 0.000467 -0.022787
v 0.001625 0.001383 -0.013288
v 0.001989 0.007088 -0.015889
v 0.006909 0.001315 -0.013999
v 0.006655 0.004074 -0.008135
v 0.006980 0.001197 -0.012749
v 0.008985 0.002984 -0.014031
v 0.000778 0.007222 -0.005315
v 0.000807 0.008456 -0.003220
v 0.010907 0.006318 -0.006393
v 0.002013 0.011234 -0.023696
v 0.004721 0.011149 -0.024059
v 0.002204 0.013747 -0.022379
v 0.002020 0.016565 -0.020627
v 0.003834 0.012826 -0.023023
v 0.004078 0.014301 -0.021934
v 0.004344 0.011303 -0.021286
v 0.005453 0.013965 -0.019654
v 0.005891 0.009752 -0.022072
v 0.006013 0.009939 -0.018771
v 0.005930 0.010125 -0.016365
v 0.005670 0.011744 -0.019471
v 0.006143 0.015947 -0.021136
v 0.006987 0.008455 -0.017429
v 0.007506 0.010075 -0.023405
v 0.006974 0.010183 -0.020735
v 0.007056 0.012507 -0.018843
v 0.008026 0.009716 -0.022034
v 0.008017 0.009636 -0.018314
v 0.008109 0.009702 -0.016520
v 0.007396 0.011041 -0.016563
v 0.008424 0.014050 -0.019713
v 0.008592 0.015801 -0.021235
v 0.001068 0.011871 -0.008241
v 0.001582 0.014540 -0.008759
v 0.002011 0.009191 -0.015095
v 0.001357 0.009618 -0.013732
v 0.002018 0.011147 -0.014005
v 0.001430 0.012460 -0.011412
v 0.002018 0.013311 -0.012125
v 0.006853 0.011676 -0.008200
v 0.002090 0.016913 -0.007748
v 0.006999 0.010107 -0.015602
v 0.000822 0.008981 0.000768
v 0.001220 0.010371 -0.006851
v 0.001228 0.011199 -0.005579
v 0.001000 0.013237 -0.006983
v 0.001310 0.015909 -0.005396
v 0.006578 0.008901 -0.001458
v 0.005172 0.009122 -0.000031
v 0.006999 0.010572 -0.007465
v 0.006889 0.010470 -0.006209
v 0.005843 0.010609 -0.000065
v 0.007031 0.012166 -0.005434
v 0.006883 0.013229 -0.006923
v 0.007058 0.016837 -0.001242
v 0.007121 0.009322 -0.001221
v 0.008984 0.009924 -0.004299
v 0.002010 0.020037 -0.017011
v 0.006359 0.020144 -0.017226
v 0.007846 0.020569 -0.016646
v 0.002003 0.018388 -0.009210
v 0.002095 0.017846 -0.012805
v 0.002023 0.020110 -0.016081
v 0.002090 0.024298 -0.009055
v 0.002860 0.017897 -0.011455
v 0.003141 0.018811 -0.014102
v 0.002893 0.018928 -0.009652
v 0.002423 0.020806 -0.008967
v 0.003360 0.023223 -0.009583
v 0.006081 0.019974 -0.015338
v 0.005789 0.020665 -0.009055
v 0.006029 0.017939 -0.012336
v 0.005990 0.018764 -0.009951
v 0.007681 0.019669 -0.012494
v 0.007701 0.019666 -0.011546
v 0.007377 0.020857 -0.013487
v 0.007023 0.021265 -0.014898
v 0.007112 0.022663 -0.012110
v 0.007415 0.021315 -0.010786
v 0.006019 0.023228 -0.009728
v 0.007063 0.023847 -0.011262
v 0.007740 0.020428 -0.010855
v 0.007218 0.023057 -0.012948
v 0.001980 0.017739 -0.000007
v 0.004648 0.023878 -0.000012
v 0.005759 0.016887 -0.000078
v 0.005760 0.022808 -0.000512
v 0.007050 0.023827 -0.002336
v 0.006986 0.022819 -0.001440
v 0.008284 0.022945 -0.000520
v 0.002089 0.025032 -0.008027
v 0.006520 0.024945 -0.008897
v 0.002090 0.025975 -0.004917
v 0.003567 0.026348 -0.000480
v 0.004990 0.024745 -0.002025
v 0.004937 0.026239 -0.002733
v 0.020103 0.000317 -0.025260
v 0.020996 0.005828 -0.025821
v 0.008961 0.001570 -0.016038
v 0.012054 0.001556 -0.015942
v 0.008901 0.002848 -0.012589
v 0.008563 0.002538 -0.008630
v 0.011692 0.003090 -0.013430
v 0.012165 0.004264 -0.007786
v 0.012829 0.004302 -0.002387
v 0.012724 0.005824 -0.005127
v 0.013180 0.006965 -0.002768
v 0.012083 0.007984 -0.004014
v 0.013905 0.006647 0.000372
v 0.013321 0.008505 0.000445
v 0.010899 0.012920 -0.023133
v 0.008525 0.011356 -0.019674
v 0.009262 0.011176 -0.023994
v 0.009773 0.011731 -0.021128
v 0.010140 0.013939 -0.022061
v 0.021027 0.016925 -0.020371
v 0.008884 0.009432 -0.008774
v 0.008854 0.012014 -0.009664
v 0.009154 0.014068 -0.008584
v 0.011936 0.012600 -0.009611
v 0.012035 0.009612 -0.008902
v 0.012687 0.011885 -0.008990
v 0.012216 0.014127 -0.007912
v 0.009132 0.008615 -0.006507
v 0.008795 0.009155 0.000103
v 0.008143 0.010670 0.000056
v 0.008253 0.016868 0.000095
v 0.009423 0.014909 -0.006904
v 0.009006 0.014089 -0.005011
v 0.009306 0.012432 -0.003737
v 0.011975 0.008846 -0.006407
v 0.011925 0.011409 -0.003873
v 0.012175 0.009132 -0.000660
v 0.012708 0.009962 -0.005300
v 0.012381 0.013885 -0.004935
v 0.008518 0.022299 -0.011992
v 0.020217 0.021056 -0.013255
v 0.022433 0.022378 -0.014149
v 0.020205 0.019746 -0.012476
v 0.020293 0.019741 -0.011542
v 0.009355 0.023899 0.000003
v 0.009022 0.024710 -0.001977
v 0.008707 0.026027 -0.002918
v 0.010211 0.026065 -0.000169
v 0.011362 0.026508 -0.000940
v 0.020922 0.025965 -0.005239
v 0.020229 0.001198 -0.024374
v 0.020242 0.001192 -0.023613
v 0.020739 0.009791 -0.024586
v 0.044865 0.009685 -0.024630
v 0.044876 0.013446 -0.022805
v 0.044840 0.016599 -0.020651
v 0.044714 0.018921 -0.018488
v 0.044855 0.020245 -0.017043
v 0.020089 0.020960 -0.010724
v 0.020100 0.022193 -0.012111
v 0.020852 0.024735 -0.009438
v 0.021221 0.021053 -0.011885
v 0.021608 0.026425 -0.001866
v 0.044774 0.026212 -0.003517
v 0.037166 0.026485 -0.001088
v 0.038998 0.026221 -0.000041
v 0.044864 0.005311 -0.025939
v 0.046187 0.006806 -0.026976
v 0.046166 0.009626 -0.026071
v 0.048077 0.004422 -0.027654
v 0.046508 0.005835 -0.015969
v 0.047729 0.004999 -0.017972
v 0.047876 0.009477 -0.016233
v 0.042926 0.001976 -0.010057
v 0.042928 0.001776 -0.006603
v 0.042132 0.002878 -0.008810
v 0.043030 0.003980 -0.014799
v 0.042970 0.003153 -0.011969
v 0.042040 0.004472 -0.005922
v 0.042827 0.005288 -0.015745
v 0.042113 0.005388 -0.014534
v 0.042099 0.007465 -0.009226
v 0.042991 0.008364 -0.014654
v 0.046145 0.001658 -0.009966
v 0.046274 0.003807 -0.014958
v 0.046769 0.008177 -0.014986
v 0.047045 0.003510 -0.015725
v 0.046967 0.001125 -0.009186
v 0.041554 0.001595 -0.003562
v 0.041783 0.003982 -0.001988
v 0.041771 0.003970 0.001924
v 0.043017 0.005437 -0.001540
v 0.042768 0.006430 -0.005173
v 0.042119 0.006978 0.000816
v 0.042876 0.008028 -0.007986
v 0.042743 0.007266 -0.002851
v 0.042095 0.008387 -0.001323
v 0.043138 0.003502 -0.003907
v 0.042947 0.003924 -0.004792
v 0.043831 0.004199 -0.002216
v 0.043331 0.005933 -0.000713
v 0.045026 0.007980 -0.003727
v 0.044856 0.002129 -0.002184
v 0.045705 0.004965 -0.003851
v 0.044997 0.005960 -0.003993
v 0.045288 0.005992 -0.001960
v 0.044997 0.007495 -0.005621
v 0.046843 0.001674 -0.006323
v 0.044616 0.003095 -0.000075
v 0.046945 0.002897 -0.002126
v 0.046210 0.003144 -0.000223
v 0.047062 0.005039 -0.002084
v 0.046219 0.006293 0.001708
v 0.047036 0.003608 -0.004588
v 0.046099 0.011718 -0.025070
v 0.046323 0.014258 -0.023858
v 0.048970 0.012296 -0.025127
v 0.042107 0.011040 -0.011633
v 0.042926 0.010929 -0.009474
v 0.042927 0.011997 -0.010980
v 0.043233 0.011280 -0.012659
v 0.045052 0.008377 -0.007687
v 0.046949 0.011172 -0.012955
v 0.044995 0.011977 -0.009562
v 0.045605 0.012356 -0.011303
v 0.046309 0.014168 -0.009453
v 0.047837 0.012852 -0.013619
v 0.047753 0.015685 -0.010313
v 0.046898 0.015612 -0.007650
v 0.042914 0.011147 -0.002947
v 0.042884 0.014506 -0.005175
v 0.042055 0.014979 -0.003731
v 0.042759 0.016528 -0.003488
v 0.044969 0.011656 -0.003630
v 0.045040 0.014106 -0.005763
v 0.045332 0.015435 -0.005444
v 0.046350 0.016498 -0.004424
v 0.046050 0.017065 -0.021931
v 0.046076 0.021336 -0.017788
v 0.048829 0.021213 -0.018293
v 0.044959 0.022387 -0.014176
v 0.044829 0.024156 -0.010839
v 0.046363 0.023805 -0.014390
v 0.047819 0.016989 -0.007929
v 0.043128 0.016840 0.002627
v 0.046523 0.017107 -0.000794
v 0.047810 0.018086 -0.004932
v 0.048025 0.018954 0.000720
v 0.044859 0.025399 -0.007384
v 0.046009 0.026784 -0.007164
v 0.046183 0.025619 -0.010943
v 0.044219 0.026427 0.001521
v 0.045548 0.026985 0.002312
v 0.046228 0.027510 -0.003306
v 0.046462 0.027937 0.000936
v 0.048669 0.028222 -0.004559
v 0.048884 0.009519 -0.026293
v 0.049227 0.006536 -0.027046
v 0.049597 0.014515 -0.022696
v 0.049517 0.008044 -0.018163
v 0.049229 0.008662 -0.017126
v 0.049144 0.014728 -0.023625
v 0.049601 0.015425 -0.013015
v 0.049175 0.013290 -0.013715
v 0.049324 0.016769 -0.009466
v 0.049032 0.017397 -0.021949
v 0.049157 0.019481 -0.019845
v 0.049605 0.022655 -0.015811
v 0.049759 0.024334 -0.013407
v 0.050123 0.017144 -0.011991
v 0.049869 0.017990 -0.015274
v 0.049759 0.018901 -0.008187
v 0.049889 0.022806 -0.008454
v 0.051484 0.018081 -0.010708
v 0.050919 0.018416 -0.014050
v 0.050933 0.020932 -0.015150
v 0.051021 0.020907 -0.008860
v 0.050372 0.024177 -0.011017
v 0.052315 0.018100 -0.012869
v 0.052175 0.019968 -0.014747
v 0.052534 0.019319 -0.009853
v 0.052373 0.022863 -0.013917
v 0.052243 0.022031 -0.009483
v 0.052406 0.023351 -0.011218
v 0.048598 0.018634 -0.003413
v 0.049696 0.018631 -0.006001
v 0.049589 0.025926 -0.006574
v 0.050774 0.018875 -0.005180
v 0.059996 0.018996 -0.005000
v 0.058988 0.018600 -0.004070
v 0.059053 0.018982 0.000136
v 0.048964 0.025864 -0.010413
v 0.048959 0.027046 -0.007159
v 0.049393 0.028276 -0.005124
v 0.048667 0.028576 0.002950
v 0.050597 0.030744 -0.003969
v 0.050499 0.030890 0.003185
v 0.050987 0.029340 -0.005009
v 0.052056 0.030020 -0.000034
v 0.052828 0.028939 0.000115
v 0.053039 0.029969 -0.001127
v 0.053072 0.031128 -0.000025
v 0.059628 0.028841 -0.000025
v 0.050570 0.082596 -0.003531
v 0.050995 0.080149 -0.005005
v 0.053118 0.034156 -0.004993
v 0.052025 0.036270 -0.004994
v 0.052527 0.035820 -0.000546
v 0.052074 0.036640 -0.001549
v 0.053236 0.034894 -0.004044
v 0.053926 0.034941 -0.000895
v 0.053504 0.036548 -0.000024
v 0.058130 0.034069 -0.004999
v 0.057592 0.034801 -0.004033
v 0.057496 0.063210 -0.000002
v 0.052111 0.063551 -0.001297
v 0.052096 0.064802 -0.005002
v 0.052503 0.064014 -0.003915
v 0.053751 0.063322 -0.000007
v 0.053830 0.064650 -0.000916
v 0.057744 0.064660 -0.000920
v 0.060000 0.065101 -0.005000
v 0.050979 0.081937 -0.011998
v 0.050899 0.081783 -0.006165
v 0.050726 0.085771 -0.011624
v 0.051467 0.087838 -0.010629
v 0.051020 0.086992 0.003452
v 0.051966 0.087797 -0.011933
v 0.052968 0.089182 -0.011973
v 0.060452 0.081311 -0.005692
v 0.055917 0.089832 -0.011975
v 0.055554 0.090086 -0.011018
v 0.054886 0.089954 0.003857
v 0.060553 0.016788 -0.003432
v 0.063627 0.007939 0.000401
v 0.060763 0.010989 -0.001525
v 0.060712 0.011962 0.000513
v 0.063018 0.008855 -0.001207
v 0.063153 0.010757 -0.001480
v 0.063475 0.012014 0.000226
v 0.060272 0.018190 0.000073
v 0.061603 0.017954 -0.004535
v 0.060029 0.030050 -0.001231
v 0.063056 0.028770 -0.001198
v 0.063246 0.030885 -0.001504
v 0.060138 0.031188 -0.000005
v 0.063298 0.031854 0.000009
v 0.063193 0.028255 0.000424
v 0.057912 0.034988 -0.001128
v 0.058135 0.035952 -0.000216
v 0.058981 0.035774 -0.004960
v 0.059013 0.036487 -0.000989
v 0.059996 0.037083 -0.005001
v 0.059378 0.037117 -0.004274
v 0.059036 0.063023 -0.000966
v 0.063909 0.047687 0.000087
v 0.060644 0.050001 0.000008
v 0.061708 0.049016 -0.000983
v 0.061668 0.050964 -0.001004
v 0.063567 0.051838 -0.000704
v 0.063448 0.049798 -0.002001
v 0.059102 0.063125 -0.003624
v 0.059999 0.062500 -0.005000
v 0.058074 0.064828 -0.004948
v 0.059945 0.079968 -0.005008
v 0.061734 0.080914 -0.004645
v 0.060010 0.090045 -0.011999
v 0.060060 0.081912 -0.011915
v 0.060565 0.082872 -0.010474
v 0.060346 0.081856 -0.006817
v 0.060639 0.085829 -0.005761
v 0.060973 0.085660 -0.004548
v 0.061905 0.084170 -0.004593
v 0.061963 0.085078 0.003982
v 0.063004 0.084974 -0.004135
v 0.060135 0.090618 -0.011061
v 0.060569 0.089502 -0.010485
v 0.064981 0.009567 -0.003887
v 0.064978 0.007950 -0.002049
v 0.065586 0.010010 -0.004231
v 0.066882 0.006624 -0.000083
v 0.067079 0.007524 -0.002471
v 0.064742 0.009725 -0.002885
v 0.064924 0.010565 -0.003815
v 0.064990 0.012062 -0.002043
v 0.065002 0.028242 -0.003941
v 0.066852 0.013407 -0.000026
v 0.066113 0.010246 -0.003363
v 0.066649 0.010583 -0.003120
v 0.067085 0.012557 -0.002274
v 0.067070 0.025534 0.001588
v 0.064968 0.030651 -0.003960
v 0.067037 0.029984 -0.004046
v 0.064978 0.027950 -0.002049
v 0.065115 0.029763 -0.003262
v 0.064990 0.032062 -0.002043
v 0.065589 0.030010 -0.004232
v 0.065793 0.030012 -0.003327
v 0.066882 0.026624 -0.000083
v 0.067034 0.027555 -0.002453
v 0.066649 0.030583 -0.003120
v 0.067078 0.032441 -0.002455
v 0.065033 0.049484 -0.003879
v 0.064978 0.051469 -0.003971
v 0.066852 0.033407 -0.000026
v 0.067035 0.050137 -0.004050
v 0.064953 0.047963 -0.002014
v 0.065562 0.050004 -0.004227
v 0.066849 0.046766 -0.000391
v 0.067017 0.047575 -0.002416
v 0.065000 0.052094 -0.002024
v 0.066665 0.050052 -0.003301
v 0.066698 0.053243 0.000250
v 0.067019 0.052117 -0.002640
v 0.067059 0.053496 -0.000103
v 0.065022 0.083807 -0.003965
v 0.067051 0.069040 -0.004029
v 0.067062 0.066596 0.002163
v 0.066555 0.068318 -0.000860
v 0.066983 0.073238 -0.001422
v 0.065124 0.084980 -0.003192
v 0.067059 0.085000 0.003907
v 0.067032 0.084993 -0.004002
v 0.000926 0.006458 0.006261
v 0.011847 0.005822 0.006756
v 0.000022 0.003717 0.008778
v 0.001925 0.007118 0.015802
v 0.002248 0.001412 0.013547
v 0.000963 0.003181 0.008487
v 0.006935 0.001320 0.013019
v 0.007002 0.003968 0.008194
v 0.006972 0.001196 0.014243
v 0.008972 0.002980 0.012961
v 0.001253 0.003679 0.016292
v 0.002023 0.003047 0.022997
v 0.002001 0.006072 0.016995
v 0.003056 0.002010 0.021849
v 0.002315 0.003688 0.025073
v 0.005951 0.002124 0.022041
v 0.007404 0.000437 0.022769
v 0.006012 0.003359 0.025093
v 0.007441 0.001518 0.024011
v 0.001999 0.008033 0.024765
v 0.003458 0.005790 0.025907
v 0.006854 0.002170 0.025102
v 0.006664 0.004952 0.026013
v 0.001167 0.010533 0.006212
v 0.001132 0.011887 0.008305
v 0.001037 0.013221 0.006852
v 0.001541 0.008026 0.003986
v 0.000881 0.012030 0.005420
v 0.007014 0.013243 0.006980
v 0.011945 0.007717 0.004589
v 0.006887 0.010469 0.006209
v 0.006876 0.012109 0.005417
v 0.006887 0.011760 0.008201
v 0.006433 0.008984 0.001321
v 0.007085 0.009119 0.001316
v 0.006975 0.010580 0.007498
v 0.008717 0.013824 0.004784
v 0.001956 0.010903 0.013512
v 0.001295 0.013644 0.009707
v 0.001980 0.009154 0.014763
v 0.001987 0.013300 0.011860
v 0.007001 0.010107 0.015602
v 0.002004 0.013877 0.021982
v 0.002092 0.010849 0.023986
v 0.004709 0.011174 0.024013
v 0.004338 0.014853 0.021688
v 0.004743 0.011035 0.021197
v 0.004789 0.013045 0.020073
v 0.003629 0.013186 0.022884
v 0.006017 0.010067 0.016307
v 0.005984 0.009547 0.018139
v 0.006050 0.009740 0.021890
v 0.005498 0.011399 0.019633
v 0.006980 0.008506 0.017638
v 0.006913 0.010173 0.020683
v 0.007131 0.010342 0.024286
v 0.007035 0.011708 0.017437
v 0.006969 0.012638 0.018981
v 0.006685 0.014568 0.019520
v 0.007892 0.008947 0.016955
v 0.008111 0.009799 0.022075
v 0.008086 0.010311 0.016597
v 0.008312 0.011068 0.019449
v 0.001341 0.015951 0.005448
v 0.002015 0.016590 0.007217
v 0.005695 0.023135 0.000518
v 0.006988 0.016583 0.001254
v 0.007017 0.022769 0.001458
v 0.006972 0.023909 0.002337
v 0.002280 0.017041 0.009388
v 0.002110 0.017579 0.011672
v 0.002003 0.018291 0.009659
v 0.001989 0.020184 0.016594
v 0.002014 0.018304 0.014113
v 0.002001 0.020216 0.008945
v 0.003165 0.018010 0.013023
v 0.003039 0.019833 0.015221
v 0.002263 0.024281 0.009136
v 0.005834 0.019084 0.009725
v 0.005957 0.023281 0.009736
v 0.005956 0.018532 0.013713
v 0.005731 0.020646 0.009041
v 0.006043 0.017947 0.011670
v 0.006419 0.020467 0.016250
v 0.007698 0.019670 0.011529
v 0.007789 0.019828 0.012711
v 0.007737 0.020785 0.010656
v 0.007317 0.021190 0.013368
v 0.007103 0.022299 0.011272
v 0.007100 0.022658 0.013346
v 0.007122 0.023849 0.011251
v 0.002016 0.016006 0.020950
v 0.003335 0.018762 0.018725
v 0.007452 0.020240 0.017070
v 0.002098 0.025800 0.004109
v 0.003511 0.026284 0.003519
v 0.004743 0.025875 0.002419
v 0.006627 0.026092 0.003124
v 0.002120 0.025163 0.007981
v 0.006633 0.024901 0.008951
v 0.012822 0.004489 0.002580
v 0.012758 0.003928 0.006866
v 0.012876 0.007176 0.003071
v 0.008870 0.001623 0.011076
v 0.008901 0.002848 0.014411
v 0.011643 0.003695 0.008086
v 0.012054 0.001557 0.011059
v 0.011692 0.003090 0.013570
v 0.020024 0.001226 0.024389
v 0.021148 0.002848 0.026321
v 0.008834 0.009032 0.005594
v 0.008936 0.009021 0.008014
v 0.008944 0.011768 0.003628
v 0.012050 0.008982 0.001134
v 0.010386 0.009997 0.004131
v 0.010625 0.008620 0.006446
v 0.012007 0.011867 0.003921
v 0.009439 0.014845 0.006664
v 0.012004 0.008942 0.007724
v 0.012397 0.009869 0.004991
v 0.012103 0.014027 0.006477
v 0.012057 0.014087 0.008185
v 0.012831 0.011512 0.007969
v 0.012541 0.013843 0.004835
v 0.008946 0.010652 0.009539
v 0.008818 0.013772 0.008868
v 0.011574 0.012747 0.009370
v 0.012185 0.010051 0.009183
v 0.009575 0.011438 0.020989
v 0.009116 0.011140 0.023793
v 0.008800 0.013890 0.019926
v 0.007674 0.016039 0.021039
v 0.010137 0.013507 0.022354
v 0.010075 0.014493 0.022086
v 0.010603 0.011583 0.023852
v 0.021782 0.012309 0.023477
v 0.021303 0.015291 0.021598
v 0.008259 0.023022 0.000523
v 0.007310 0.022318 0.012013
v 0.020265 0.023652 0.011907
v 0.020231 0.020532 0.010865
v 0.020209 0.021303 0.010880
v 0.020067 0.019680 0.011606
v 0.020293 0.019741 0.012458
v 0.020791 0.018521 0.018919
v 0.009044 0.024899 0.001957
v 0.009235 0.026353 0.002777
v 0.022824 0.025648 0.006534
v 0.020256 0.001198 0.023613
v 0.020235 0.000385 0.025222
v 0.020813 0.007453 0.025417
v 0.044879 0.004471 0.026111
v 0.044911 0.012631 0.023291
v 0.020249 0.020992 0.013260
v 0.020104 0.022183 0.011889
v 0.021308 0.020993 0.012013
v 0.019064 0.021254 0.015772
v 0.020821 0.026335 0.002515
v 0.044889 0.024590 0.009795
v 0.038894 0.026399 0.002154
v 0.042072 0.001960 0.007264
v 0.042978 0.002591 0.004936
v 0.042903 0.003962 0.003328
v 0.042931 0.004402 0.004817
v 0.042884 0.005082 0.002018
v 0.042117 0.006540 0.007351
v 0.042978 0.006821 0.002028
v 0.042962 0.009034 0.003286
v 0.043687 0.002227 0.004354
v 0.043455 0.002575 0.005312
v 0.043816 0.004002 0.002581
v 0.042983 0.007585 0.006249
v 0.044982 0.000799 0.007685
v 0.044552 0.002425 0.002246
v 0.044505 0.001054 0.006768
v 0.047065 0.008509 0.007296
v 0.046106 0.002036 0.002160
v 0.047016 0.003243 0.004865
v 0.046926 0.004929 0.004523
v 0.047048 0.007276 0.005643
v 0.046939 0.008936 0.003568
v 0.047030 0.003198 0.001934
v 0.047045 0.005986 0.001757
v 0.042876 0.001580 0.008938
v 0.042869 0.003215 0.011972
v 0.042234 0.003356 0.015026
v 0.042110 0.004329 0.010347
v 0.042906 0.004076 0.016030
v 0.042819 0.005826 0.015845
v 0.042083 0.009506 0.012237
v 0.044945 0.002912 0.011997
v 0.043009 0.009595 0.013960
v 0.045041 0.001913 0.009911
v 0.045027 0.002026 0.013824
v 0.046787 0.007784 0.015207
v 0.049218 0.001361 0.023454
v 0.046844 0.002284 0.017110
v 0.046358 0.004769 0.016434
v 0.047819 0.005098 0.018029
v 0.044969 0.008827 0.024970
v 0.043851 0.001004 0.024011
v 0.043990 -0.000008 0.025085
v 0.046185 0.006992 0.026959
v 0.046137 0.009745 0.026010
v 0.049128 0.001152 0.024908
v 0.049027 0.006209 0.027304
v 0.043068 0.012137 0.003180
v 0.042045 0.014959 0.002209
v 0.042936 0.014821 0.004062
v 0.047060 0.012831 0.003710
v 0.046923 0.015056 0.004371
v 0.046733 0.011952 0.006854
v 0.042960 0.009120 0.009077
v 0.042944 0.011222 0.011695
v 0.046285 0.009024 0.008876
v 0.046834 0.009759 0.014044
v 0.046113 0.011163 0.010913
v 0.047088 0.010154 0.009188
v 0.046926 0.011670 0.011927
v 0.047772 0.011724 0.014459
v 0.047156 0.015212 0.009449
v 0.047804 0.014243 0.012055
v 0.045056 0.014389 0.022289
v 0.046136 0.013977 0.023907
v 0.047909 0.009256 0.016363
v 0.046397 0.012707 0.024847
v 0.049071 0.010799 0.025777
v 0.046905 0.016842 0.002894
v 0.047845 0.018020 0.005244
v 0.044831 0.022395 0.014129
v 0.048033 0.016507 0.009109
v 0.048870 0.022843 0.016166
v 0.044841 0.016861 0.020430
v 0.044231 0.019660 0.017764
v 0.045244 0.020797 0.016907
v 0.046026 0.021478 0.017586
v 0.046194 0.017120 0.021982
v 0.048945 0.020278 0.019276
v 0.044855 0.025836 0.005774
v 0.046137 0.026954 0.007082
v 0.046067 0.024350 0.013237
v 0.046167 0.025971 0.009982
v 0.049059 0.025164 0.012186
v 0.049421 0.008370 0.017448
v 0.049250 0.004750 0.018633
v 0.049013 0.000047 0.027898
v 0.049575 0.001053 0.026456
v 0.049602 0.007919 0.025775
v 0.049224 0.012370 0.014535
v 0.049273 0.015563 0.011116
v 0.049143 0.014805 0.023552
v 0.049162 0.017520 0.007752
v 0.050660 0.018629 0.003982
v 0.050808 0.019066 0.005150
v 0.049759 0.019658 0.006047
v 0.059997 0.018996 0.005000
v 0.049596 0.014710 0.014119
v 0.049418 0.023927 0.013925
v 0.049177 0.017520 0.021710
v 0.049588 0.019589 0.018557
v 0.049023 0.027445 0.005919
v 0.049655 0.026195 0.006160
v 0.050258 0.029028 0.005076
v 0.050990 0.030756 0.004998
v 0.053045 0.030056 0.001158
v 0.060364 0.029949 0.001225
v 0.049092 0.026236 0.009296
v 0.050954 0.085612 0.004997
v 0.052004 0.035580 0.004995
v 0.052540 0.035873 0.001534
v 0.052107 0.036831 0.002516
v 0.053841 0.034983 0.001838
v 0.053604 0.034578 0.004579
v 0.053523 0.036553 0.001015
v 0.057497 0.036530 0.001000
v 0.050571 0.084698 0.003505
v 0.052083 0.062946 0.002497
v 0.052988 0.064377 0.001681
v 0.052160 0.064022 0.004924
v 0.053622 0.063322 0.001059
v 0.057398 0.063403 0.001039
v 0.052976 0.064931 0.004999
v 0.057814 0.064627 0.001893
v 0.057518 0.064971 0.004990
v 0.052442 0.088765 0.004911
v 0.056016 0.089822 0.004960
v 0.060562 0.010003 0.003427
v 0.060696 0.008133 0.000010
v 0.060874 0.009654 0.001882
v 0.060558 0.016995 0.004129
v 0.061896 0.011284 0.000771
v 0.061980 0.009052 0.001197
v 0.063647 0.010571 0.001849
v 0.065177 0.009638 0.003175
v 0.058972 0.018586 0.004092
v 0.061487 0.018170 0.004555
v 0.063568 0.030759 0.001756
v 0.065166 0.029609 0.003126
v 0.057459 0.034965 0.002051
v 0.057816 0.034847 0.004036
v 0.058786 0.036068 0.001691
v 0.058196 0.034099 0.005000
v 0.059948 0.037315 0.004999
v 0.061532 0.083870 0.004579
v 0.061684 0.048990 0.000969
v 0.061641 0.050979 0.000985
v 0.064258 0.049692 0.002535
v 0.063158 0.051428 0.000998
v 0.059018 0.063039 0.001972
v 0.059181 0.063066 0.003940
v 0.059078 0.063997 0.004955
v 0.060047 0.085633 0.004996
v 0.060713 0.086130 0.003272
v 0.063982 0.084813 0.004230
v 0.059480 0.090784 0.003705
v 0.060166 0.090118 0.004965
v 0.064970 0.008047 0.002107
v 0.065544 0.010217 0.004175
v 0.066919 0.007703 0.002475
v 0.067070 0.005543 0.001582
v 0.065026 0.010600 0.003811
v 0.064955 0.011995 0.002054
v 0.064993 0.028271 0.003967
v 0.065547 0.030214 0.004200
v 0.067044 0.010165 0.003538
v 0.066932 0.012277 0.002542
v 0.067069 0.014450 0.001574
v 0.067043 0.029783 0.004050
v 0.064970 0.028047 0.002107
v 0.065018 0.030673 0.003912
v 0.064955 0.031995 0.002054
v 0.066919 0.027703 0.002475
v 0.066636 0.030125 0.003360
v 0.066932 0.032277 0.002542
v 0.064971 0.049483 0.003880
v 0.067078 0.045915 -0.000249
v 0.064936 0.052224 0.004014
v 0.064988 0.047981 0.002047
v 0.065594 0.050012 0.004231
v 0.067064 0.047477 0.002406
v 0.064955 0.052003 0.002051
v 0.067078 0.052439 0.002434
v 0.066943 0.050166 0.003350
v 0.067038 0.050318 0.004053
v 0.064998 0.083905 0.003941
v 0.065669 0.084741 0.004241
v 0.066572 0.070785 0.001708
v 0.067057 0.071122 0.004026
s 1
f 9 8 1
f 9 1 21
f 2 8 9
f 10 9 21
f 12 10 21
f 7 4 11
f 15 11 16
f 17 13 15
f 18 15 16
f 21 1 20
f 21 20 22
f 143 24 601
f 24 23 25
f 29 25 27
f 28 29 30
f 30 29 32
f 33 32 29
f 33 31 34
f 36 13 17
f 18 16 19
f 36 37 38
f 38 37 18
f 35 36 38
f 39 38 42
f 38 40 41
f 38 41 42
f 47 42 46
f 43 44 48
f 49 47 50
f 644 32 52
f 52 53 54
f 54 53 655
f 51 1408 54
f 56 54 55
f 34 31 655
f 57 45 51
f 46 45 57
f 58 54 62
f 46 57 59
f 63 62 56
f 60 62 63
f 561 69 68
f 69 71 68
f 73 71 72
f 64 185 194
f 64 194 71
f 76 72 74
f 79 81 77
f 79 82 81
f 87 88 80
f 80 88 89
f 92 86 89
f 88 87 78
f 91 66 65
f 94 91 86
f 95 77 83
f 92 96 86
f 93 67 66
f 98 97 67
f 95 84 97
f 103 93 94
f 95 99 102
f 96 103 94
f 96 104 103
f 101 102 104
f 86 69 106
f 106 561 107
f 105 106 107
f 106 90 89
f 75 76 109
f 75 109 108
f 109 191 110
f 112 117 111
f 212 121 112
f 115 114 79
f 115 111 117
f 118 82 79
f 120 119 118
f 120 118 121
f 127 123 122
f 125 124 122
f 126 82 123
f 124 127 122
f 132 129 121
f 129 130 120
f 126 131 82
f 125 130 135
f 6 5 136
f 80 90 3
f 115 80 138
f 80 4 138
f 116 115 137
f 138 4 7
f 141 124 125
f 141 134 124
f 141 125 134
f 8 105 1
f 10 6 136
f 8 106 105
f 90 8 2
f 10 145 9
f 152 144 9
f 10 136 139
f 143 146 142
f 140 5 144
f 140 144 147
f 10 139 148
f 108 110 609
f 229 152 148
f 223 148 139
f 146 150 142
f 155 113 154
f 157 113 155
f 158 157 156
f 159 157 158
f 116 111 115
f 162 116 172
f 154 116 163
f 163 162 164
f 165 154 163
f 165 155 154
f 165 156 155
f 158 156 168
f 169 167 166
f 171 116 137
f 172 116 171
f 175 17 15
f 170 16 174
f 18 175 15
f 247 174 173
f 177 178 175
f 11 174 16
f 142 183 11
f 183 174 11
f 150 183 142
f 66 67 185
f 185 67 186
f 187 186 259
f 187 259 188
f 74 194 189
f 64 66 185
f 76 74 190
f 76 190 191
f 190 74 189
f 192 189 193
f 191 190 192
f 189 194 195
f 197 196 194
f 85 198 81
f 81 198 83
f 198 84 83
f 97 84 67
f 199 201 99
f 272 100 103
f 272 199 100
f 203 187 271
f 104 102 205
f 205 103 104
f 109 76 191
f 208 207 202
f 202 204 208
f 209 211 210
f 215 131 216
f 217 126 127
f 217 127 128
f 217 133 220
f 134 217 128
f 218 130 217
f 215 85 131
f 212 219 220
f 216 217 220
f 219 85 215
f 214 219 212
f 222 140 221
f 139 222 223
f 222 221 224
f 226 222 225
f 221 140 147
f 152 228 147
f 153 228 152
f 230 151 206
f 233 221 228
f 153 233 228
f 231 223 226
f 238 232 231
f 233 224 221
f 229 236 153
f 231 226 238
f 227 233 239
f 237 239 236
f 226 227 238
f 240 150 234
f 242 157 160
f 243 161 158
f 158 241 243
f 245 241 168
f 284 168 169
f 182 246 180
f 244 181 180
f 179 182 178
f 247 173 249
f 248 255 182
f 173 184 249
f 257 184 150
f 257 240 716
f 258 257 716
f 186 67 259
f 259 260 261
f 263 266 262
f 263 188 259
f 266 267 268
f 198 270 84
f 187 188 271
f 200 201 199
f 205 272 103
f 273 203 271
f 273 271 188
f 205 201 272
f 209 208 277
f 208 276 277
f 277 276 279
f 264 273 263
f 273 264 280
f 279 276 280
f 213 113 157
f 213 283 346
f 284 245 168
f 245 282 241
f 265 261 285
f 297 260 275
f 214 213 287
f 260 290 289
f 292 293 285
f 285 289 292
f 294 293 295
f 301 298 299
f 297 275 84
f 260 297 291
f 297 298 291
f 308 449 307
f 344 307 303
f 344 308 307
f 310 312 287
f 287 309 310
f 309 314 313
f 347 311 309
f 312 296 288
f 312 313 296
f 314 299 313
f 321 319 318
f 319 322 317
f 324 318 317
f 327 317 322
f 328 323 326
f 324 328 329
f 324 323 328
f 344 303 328
f 330 315 316
f 333 305 304
f 335 333 332
f 336 333 335
f 338 339 335
f 340 304 344
f 335 341 342
f 338 342 343
f 327 340 326
f 375 341 325
f 343 341 375
f 344 326 340
f 346 287 213
f 346 347 287
f 345 348 346
f 348 349 347
f 351 350 316
f 351 361 350
f 321 320 352
f 366 319 321
f 353 321 355
f 354 321 353
f 321 352 355
f 352 320 330
f 352 330 356
f 355 352 356
f 354 353 357
f 330 316 350
f 362 361 360
f 362 358 361
f 362 357 358
f 366 365 319
f 371 364 369
f 373 369 367
f 378 369 373
f 375 322 365
f 377 365 368
f 379 378 812
f 374 378 380
f 380 378 381
f 381 378 379
f 376 343 375
f 376 382 343
f 387 385 368
f 384 376 385
f 377 385 376
f 387 370 357
f 388 381 386
f 389 385 390
f 387 390 385
f 386 390 388
f 391 394 395
f 396 394 391
f 397 392 393
f 397 399 392
f 391 392 399
f 396 391 399
f 403 399 400
f 405 402 401
f 405 401 409
f 408 402 406
f 409 399 411
f 398 850 412
f 412 850 868
f 411 398 412
f 410 406 405
f 414 410 409
f 413 409 411
f 406 414 415
f 488 408 415
f 414 413 491
f 414 491 490
f 489 488 415
f 416 302 433
f 302 416 290
f 419 292 416
f 295 419 422
f 422 419 417
f 421 420 412
f 411 420 422
f 427 428 429
f 494 413 411
f 298 300 432
f 430 432 431
f 300 301 432
f 433 302 432
f 437 303 448
f 430 439 433
f 440 434 438
f 435 440 443
f 438 418 444
f 439 442 418
f 447 439 441
f 444 442 445
f 445 442 439
f 446 440 444
f 446 445 447
f 443 447 441
f 435 423 422
f 448 423 435
f 450 451 448
f 494 411 451
f 453 315 456
f 314 452 301
f 454 431 301
f 455 431 454
f 457 331 303
f 456 315 331
f 457 436 431
f 457 303 437
f 457 431 455
f 458 331 457
f 458 457 455
f 456 331 458
f 349 311 347
f 459 349 348
f 454 349 459
f 316 453 461
f 462 316 461
f 461 455 462
f 463 462 455
f 463 454 460
f 395 464 466
f 467 465 396
f 468 465 467
f 472 470 396
f 472 396 469
f 470 473 474
f 479 403 477
f 477 404 478
f 479 396 403
f 469 396 480
f 483 481 482
f 484 483 486
f 475 472 487
f 488 407 408
f 415 490 489
f 489 492 493
f 489 490 492
f 480 477 492
f 492 477 493
f 494 492 491
f 494 480 492
f 469 480 494
f 500 494 451
f 450 500 451
f 501 502 500
f 500 502 503
f 504 503 506
f 1324 503 504
f 505 510 508
f 487 469 1324
f 507 509 511
f 506 507 928
f 472 512 473
f 474 473 514
f 513 473 512
f 516 514 515
f 516 519 517
f 515 513 520
f 512 472 522
f 484 486 525
f 520 512 523
f 527 524 485
f 527 528 524
f 521 526 528
f 526 521 529
f 525 526 529
f 525 529 533
f 515 520 532
f 533 529 537
f 530 522 534
f 532 523 530
f 536 535 495
f 537 521 538
f 954 533 537
f 539 497 530
f 498 499 540
f 541 530 497
f 497 535 541
f 542 499 541
f 543 540 542
f 541 535 537
f 515 532 544
f 541 538 542
f 546 534 545
f 554 538 551
f 508 547 548
f 508 510 547
f 550 509 548
f 511 509 550
f 544 539 546
f 553 547 510
f 551 546 548
f 548 547 551
f 549 544 548
f 552 548 555
f 551 547 554
f 555 544 551
f 556 961 554
f 555 551 552
f 549 545 557
f 558 550 552
f 544 549 1360
f 1364 551 559
f 561 68 70
f 70 562 565
f 563 73 564
f 566 562 563
f 561 565 677
f 561 560 570
f 107 561 580
f 571 20 105
f 73 75 572
f 564 73 572
f 108 572 75
f 613 595 596
f 576 575 578
f 579 586 585
f 578 582 586
f 589 581 569
f 588 587 590
f 590 587 591
f 583 581 589
f 582 583 592
f 585 590 591
f 585 586 593
f 583 589 592
f 586 592 594
f 593 586 594
f 584 574 579
f 23 599 22
f 571 580 577
f 22 571 577
f 21 600 602
f 606 614 603
f 149 143 604
f 611 149 604
f 602 607 608
f 573 108 609
f 611 609 149
f 605 691 607
f 25 22 577
f 614 599 23
f 577 613 615
f 25 577 615
f 616 615 617
f 580 576 613
f 614 605 599
f 617 596 620
f 616 620 642
f 620 621 622
f 620 596 623
f 621 620 623
f 623 626 624
f 621 623 625
f 623 597 626
f 627 624 626
f 632 624 627
f 618 627 630
f 625 632 635
f 631 627 633
f 633 628 709
f 638 621 625
f 625 635 638
f 604 601 28
f 640 604 28
f 639 640 28
f 639 641 640
f 702 604 640
f 29 27 616
f 31 29 643
f 29 642 643
f 647 32 33
f 34 647 33
f 651 646 647
f 652 645 646
f 646 651 652
f 653 649 650
f 718 641 644
f 31 643 655
f 643 642 656
f 660 658 643
f 657 661 663
f 666 661 665
f 668 665 664
f 620 622 670
f 662 656 670
f 670 637 669
f 670 664 662
f 670 671 664
f 664 671 673
f 675 672 664
f 673 675 664
f 676 566 564
f 677 195 196
f 679 678 677
f 568 560 677
f 569 568 678
f 568 677 678
f 206 191 573
f 196 197 207
f 683 679 207
f 684 683 208
f 211 684 210
f 685 684 211
f 741 590 593
f 587 740 742
f 684 679 683
f 688 680 684
f 594 592 690
f 685 688 684
f 741 686 590
f 690 593 594
f 591 587 742
f 584 591 742
f 692 691 605
f 206 573 230
f 692 697 691
f 694 691 697
f 696 699 698
f 611 234 230
f 694 697 699
f 696 698 700
f 703 697 706
f 701 700 698
f 702 240 234
f 606 704 619
f 612 704 606
f 704 705 693
f 701 704 612
f 612 700 701
f 705 706 693
f 703 706 705
f 707 705 701
f 631 708 712
f 633 709 636
f 636 709 708
f 635 631 712
f 712 711 713
f 712 713 710
f 713 711 714
f 638 710 715
f 638 715 669
f 717 702 640
f 716 702 717
f 716 717 718
f 719 716 718
f 654 720 651
f 721 652 651
f 653 654 649
f 719 718 648
f 729 727 654
f 671 747 674
f 669 715 747
f 262 734 733
f 266 268 755
f 681 682 734
f 681 734 756
f 211 277 278
f 735 685 278
f 735 278 736
f 278 279 736
f 262 733 737
f 264 262 737
f 280 264 737
f 280 737 738
f 735 738 739
f 736 279 738
f 739 685 735
f 587 681 740
f 687 689 686
f 690 741 593
f 689 687 743
f 690 689 741
f 742 744 745
f 746 584 742
f 731 732 668
f 749 674 747
f 750 672 675
f 732 731 750
f 750 748 732
f 749 751 752
f 734 266 756
f 742 745 746
f 746 745 767
f 754 714 753
f 715 754 797
f 268 293 294
f 755 757 756
f 757 268 294
f 757 294 873
f 761 759 880
f 764 449 306
f 764 763 449
f 765 763 764
f 756 759 744
f 760 761 766
f 744 766 745
f 745 768 767
f 334 333 336
f 772 334 337
f 773 764 762
f 772 778 771
f 775 765 764
f 779 775 778
f 792 779 780
f 776 780 778
f 786 784 782
f 784 787 783
f 788 782 783
f 780 785 789
f 790 783 787
f 765 885 763
f 792 765 779
f 788 765 792
f 788 885 765
f 791 793 885
f 790 793 791
f 794 768 795
f 795 798 799
f 795 770 798
f 799 798 895
f 800 363 1171
f 801 800 1171
f 786 803 806
f 800 805 367
f 805 800 801
f 801 809 807
f 808 806 809
f 808 809 810
f 804 339 372
f 373 367 812
f 812 805 813
f 807 813 805
f 813 809 814
f 808 810 815
f 811 814 810
f 817 813 818
f 777 772 804
f 816 372 384
f 806 774 820
f 824 806 820
f 815 819 823
f 383 822 389
f 821 825 822
f 781 776 820
f 776 777 822
f 820 774 781
f 822 384 389
f 824 776 822
f 825 824 822
f 828 787 784
f 830 828 829
f 830 827 828
f 829 808 831
f 829 833 834
f 830 834 827
f 832 790 787
f 835 827 834
f 836 840 837
f 836 838 840
f 841 835 839
f 796 832 841
f 842 796 841
f 797 799 843
f 751 797 843
f 846 836 1607
f 849 847 848
f 903 847 849
f 398 856 850
f 852 850 851
f 852 853 854
f 398 855 856
f 850 856 857
f 851 850 857
f 393 847 855
f 397 393 855
f 903 855 847
f 903 851 857
f 850 852 858
f 860 861 859
f 861 862 859
f 870 852 860
f 864 863 859
f 866 859 862
f 865 866 867
f 870 863 869
f 872 915 916
f 875 294 421
f 874 757 873
f 876 874 873
f 412 868 875
f 873 875 858
f 878 873 858
f 877 878 884
f 427 879 424
f 884 871 919
f 879 425 424
f 758 874 880
f 876 880 874
f 881 880 876
f 884 882 883
f 881 876 886
f 881 761 880
f 887 881 886
f 886 876 877
f 883 886 877
f 881 769 761
f 881 889 769
f 887 889 881
f 793 890 885
f 890 886 888
f 891 793 796
f 892 887 886
f 893 887 892
f 891 886 890
f 894 886 891
f 892 886 894
f 798 770 895
f 893 895 887
f 842 896 796
f 896 894 796
f 897 894 896
f 893 898 895
f 1652 1651 893
f 846 1652 892
f 899 848 466
f 466 464 899
f 900 464 465
f 900 465 468
f 467 470 471
f 903 900 901
f 903 901 853
f 866 862 906
f 907 862 905
f 867 906 909
f 481 911 482
f 912 481 483
f 911 485 482
f 912 913 911
f 912 484 914
f 872 867 909
f 915 872 909
f 919 871 917
f 915 918 916
f 909 907 918
f 429 920 427
f 920 496 879
f 920 495 496
f 923 495 920
f 924 882 884
f 502 501 924
f 925 502 924
f 924 904 925
f 505 503 926
f 927 505 926
f 929 505 927
f 930 927 928
f 929 510 505
f 930 929 927
f 506 928 932
f 933 935 934
f 933 474 935
f 937 935 936
f 940 938 518
f 936 938 940
f 940 519 516
f 936 940 941
f 935 937 942
f 941 940 946
f 934 935 944
f 943 527 485
f 947 943 913
f 941 946 947
f 944 942 948
f 949 947 945
f 949 941 947
f 936 941 950
f 531 533 949
f 933 934 952
f 951 536 495
f 950 533 954
f 953 950 954
f 957 923 956
f 952 955 957
f 921 922 958
f 959 951 923
f 955 959 923
f 959 955 956
f 958 959 956
f 950 953 959
f 959 960 950
f 936 950 962
f 950 960 961
f 933 952 964
f 931 965 929
f 966 965 931
f 964 965 966
f 957 948 969
f 963 553 510
f 966 931 969
f 970 963 965
f 970 965 969
f 967 970 931
f 962 961 556
f 968 962 556
f 962 968 970
f 970 971 962
f 933 964 972
f 936 962 1733
f 962 971 973
f 1733 962 1730
f 979 975 976
f 979 159 978
f 159 161 980
f 978 159 980
f 160 159 979
f 172 13 35
f 983 975 982
f 164 162 984
f 984 162 981
f 984 981 983
f 166 163 164
f 978 982 975
f 985 986 166
f 987 36 176
f 987 18 37
f 19 170 40
f 981 35 38
f 983 981 988
f 990 170 1088
f 987 989 991
f 991 177 987
f 993 40 995
f 40 990 995
f 994 995 1094
f 997 974 996
f 977 976 997
f 998 988 999
f 999 1023 1025
f 1000 1002 997
f 1001 1002 1000
f 1003 1002 1001
f 1007 1005 1002
f 1006 1005 1007
f 1003 1007 1002
f 1006 1009 1005
f 1011 1004 1002
f 1005 1011 1002
f 1006 1007 1012
f 1016 1006 1012
f 1003 1012 1007
f 1013 1010 1004
f 1005 1009 1014
f 1011 1013 1004
f 1098 1011 1014
f 1003 1017 1012
f 1008 1017 1003
f 44 42 1019
f 1023 1022 1024
f 1025 1023 1024
f 1024 39 43
f 1020 1025 1024
f 1027 1025 1020
f 1028 1015 1006
f 1028 1006 1016
f 1029 41 994
f 1019 42 1030
f 47 1031 42
f 47 48 1032
f 1020 43 48
f 1031 1030 42
f 48 1019 1032
f 1033 1020 48
f 49 1033 48
f 1034 994 1094
f 1029 1034 1035
f 1019 1036 1026
f 1039 1032 1040
f 1037 1036 1030
f 1037 1030 1031
f 1040 1019 1026
f 1038 1042 1041
f 1041 1072 1038
f 1036 1103 1026
f 1037 1103 1036
f 1039 1043 1037
f 1008 998 999
f 1045 999 1044
f 999 1018 1008
f 1045 1044 1049
f 1048 1025 1047
f 1049 1044 1025
f 1051 1048 1047
f 1048 1052 1049
f 1051 1047 1053
f 1054 1053 1047
f 1057 1053 1054
f 1055 1057 1054
f 1048 1058 1052
f 1059 1051 1053
f 1060 1056 1058
f 1060 1058 1061
f 1062 1056 1060
f 1068 1059 1057
f 1045 1056 1063
f 1066 1068 1057
f 1069 1064 1067
f 1063 1046 1045
f 46 1070 50
f 1047 1027 1070
f 1075 1073 1072
f 1076 1075 1041
f 1078 1055 1050
f 1078 1050 1077
f 1067 1066 1078
f 1077 1070 1079
f 1082 1071 1081
f 1082 1074 1129
f 161 243 1083
f 976 1084 979
f 1084 160 979
f 980 1133 1134
f 1134 986 980
f 1086 244 250
f 284 169 986
f 181 244 1085
f 179 1087 248
f 170 247 1088
f 1089 1085 1086
f 1087 1089 256
f 1087 252 248
f 1088 247 1090
f 254 253 256
f 256 255 252
f 1086 256 1089
f 995 990 1090
f 1092 1090 258
f 1092 716 1091
f 1090 1092 1094
f 995 1090 1094
f 1135 1084 977
f 1010 1099 977
f 1017 1098 1012
f 1018 1101 1017
f 1013 1099 1010
f 1100 1013 1098
f 1101 1100 1017
f 1017 1100 1098
f 1101 1097 1099
f 1104 1026 1103
f 1040 1104 1105
f 1104 1103 1106
f 1106 1103 1107
f 1105 1106 1109
f 1106 1108 1109
f 1042 1119 1111
f 1110 1103 1037
f 1043 1110 1037
f 1112 1042 1111
f 1042 1112 1113
f 1114 1040 1105
f 1043 1117 1110
f 1116 1118 1043
f 1114 1105 1109
f 1121 1116 1115
f 1120 1107 1117
f 1108 1120 1121
f 1109 1108 1121
f 1064 1062 1122
f 1064 1122 1065
f 1124 1046 1069
f 1143 1069 1067
f 1126 1125 1061
f 1065 1122 1141
f 1127 1075 1076
f 1129 1074 1128
f 1127 1128 1075
f 1131 1082 1129
f 1130 1131 1129
f 161 1083 1133
f 1083 241 1133
f 1149 242 1084
f 1134 284 986
f 282 245 1134
f 1136 1084 1135
f 1102 1097 1018
f 1137 1135 1097
f 1138 1097 1102
f 1140 1102 1046
f 1125 1123 1062
f 1141 1126 1068
f 1144 1125 1126
f 1224 1124 1143
f 1143 1078 1132
f 1145 1132 1131
f 1147 1146 1145
f 1150 345 1149
f 1152 348 1150
f 1169 351 1154
f 1155 1153 1154
f 1158 1157 1156
f 1158 1156 1160
f 1158 1160 1163
f 1165 1163 1162
f 1157 1166 1156
f 1160 1167 1159
f 1162 1167 1153
f 1165 1162 1153
f 1166 362 1156
f 362 1167 1160
f 360 361 1169
f 362 1166 1170
f 1173 1171 1172
f 1171 371 374
f 1172 1171 374
f 1180 1172 374
f 1161 1181 1157
f 1175 1164 1177
f 1179 1176 1178
f 374 380 1180
f 1183 1178 1176
f 380 381 1185
f 1196 1157 1181
f 380 1185 1191
f 1182 1180 380
f 1175 1186 1181
f 1175 1189 1187
f 1188 1178 1183
f 1189 1177 1204
f 1188 1186 1187
f 1188 1187 1184
f 1185 388 1192
f 1191 1192 1193
f 1186 1194 1196
f 1195 1186 1188
f 388 390 1196
f 1196 390 1190
f 1194 1192 388
f 1151 1149 1136
f 1239 1150 1151
f 1199 1151 1197
f 1199 1197 1198
f 1197 1136 1137
f 1201 1200 1202
f 1200 1165 1203
f 1204 1177 1201
f 1203 1165 1205
f 1202 1207 1206
f 1208 1207 1205
f 1155 1168 1153
f 1209 1168 1155
f 1209 1205 1168
f 1210 1211 1208
f 1179 1178 1212
f 1214 1179 1212
f 1214 1213 1215
f 1216 1213 1212
f 1216 1178 1184
f 1218 1213 1217
f 1219 1213 1218
f 1184 1189 1204
f 1208 1217 1206
f 1218 1208 1211
f 1220 1137 1138
f 1220 1138 1221
f 1221 1138 1139
f 1221 1139 1140
f 1221 1248 1220
f 1140 1046 1124
f 1221 1223 1225
f 1228 1215 1219
f 1219 1211 1226
f 1225 1223 1233
f 1235 1146 1234
f 1236 1232 1146
f 1236 1146 1235
f 1275 1232 1236
f 1152 459 348
f 1240 460 459
f 1152 1240 459
f 1242 460 1241
f 1243 1154 1242
f 1239 1151 1199
f 1198 1244 1199
f 1239 460 1240
f 1241 460 1239
f 1199 1241 1239
f 1245 1242 1241
f 1244 1241 1199
f 1246 1155 1243
f 1242 1246 1243
f 1245 1246 1242
f 1210 1246 1247
f 1249 1248 1222
f 1248 1241 1244
f 1245 1241 1250
f 1250 1241 1249
f 1222 1250 1249
f 1250 1222 1225
f 1253 1245 1250
f 1253 1257 1252
f 1256 1247 1252
f 1254 1247 1256
f 1259 1254 1256
f 1258 1253 1250
f 1252 1261 1256
f 1265 1260 1259
f 1260 1264 1251
f 1266 1260 1265
f 1257 1262 1261
f 1258 1262 1257
f 1265 1259 1263
f 1266 1264 1260
f 1268 1226 1247
f 1254 1268 1247
f 1230 1272 1273
f 1270 1271 1272
f 1251 1225 1233
f 1274 1233 1275
f 1269 1260 1274
f 1278 1277 1279
f 1280 1268 1269
f 1280 1269 1276
f 1283 1285 1325
f 1289 1280 1287
f 1291 1290 1289
f 1290 1291 1298
f 1295 1280 1288
f 1296 1295 1292
f 1332 1293 1294
f 1332 1294 1301
f 1299 1289 1287
f 1298 1289 1299
f 1300 1298 1299
f 1298 1294 1290
f 1302 1300 1299
f 1303 1299 1346
f 1305 1306 1286
f 1307 1286 1681
f 1308 1307 1309
f 1308 1310 1307
f 1310 1311 1305
f 1305 1350 1306
f 1306 1352 1312
f 1312 1287 1306
f 1308 1311 1310
f 1305 1311 1313
f 504 506 1316
f 1316 932 1318
f 1316 1318 1319
f 1320 932 1693
f 1321 932 1320
f 1318 1321 1322
f 1316 1272 504
f 1272 1271 1324
f 1323 1272 1316
f 1284 1283 1325
f 1328 1325 1327
f 1327 1325 1326
f 1331 1292 1293
f 1336 1331 1334
f 1333 1271 1295
f 1344 1334 1337
f 1335 1271 1333
f 1324 1271 1335
f 1341 1339 1340
f 1342 1341 1343
f 1345 1336 1344
f 1304 1335 1345
f 1324 1335 1304
f 1304 1345 1346
f 1303 1344 1337
f 487 1324 1348
f 1306 1350 1352
f 1312 1348 1347
f 1353 1348 1312
f 1357 1355 1354
f 1357 1354 1356
f 475 487 1348
f 475 1348 1355
f 1357 475 1355
f 1349 1305 1313
f 1720 1358 1314
f 1359 1350 1349
f 1363 1361 1317
f 515 544 1362
f 1725 973 1364
f 1320 1361 1365
f 1365 1360 1366
f 1367 1321 1365
f 1322 1321 1367
f 1370 1362 1360
f 1371 1366 1370
f 1366 1362 1370
f 1367 1365 1371
f 1369 1367 1372
f 1368 1362 1366
f 1370 1360 1365
f 1370 1361 1364
f 1372 1367 1371
f 559 1370 1364
f 1368 557 1374
f 1372 559 1375
f 1326 1376 1377
f 1378 1327 1377
f 1329 1327 1378
f 1381 1376 1330
f 1379 1368 1377
f 1377 1376 1380
f 1380 1379 1377
f 1383 1374 1380
f 1374 1379 1380
f 1378 1377 1383
f 515 1362 1379
f 1380 1376 1382
f 1384 1383 1375
f 1385 1374 1386
f 1387 1378 1384
f 1384 1378 1383
f 1384 1375 1388
f 1390 1374 1385
f 1391 1389 1338
f 515 1379 1390
f 1391 1392 1389
f 1342 1343 1393
f 1386 1390 1385
f 1393 1394 1396
f 1393 1396 1397
f 1388 1394 1392
f 1394 1388 1396
f 1397 1396 1399
f 1390 1386 1398
f 1403 515 1398
f 1404 1403 1357
f 515 1390 1398
f 1405 515 1403
f 1406 51 45
f 1406 45 1432
f 1406 1413 1411
f 1413 1406 1407
f 1409 55 54
f 1410 34 53
f 1409 54 1416
f 1412 1410 652
f 1410 1412 1414
f 1414 650 1410
f 648 1411 1413
f 1416 54 655
f 659 1417 1418
f 1409 1416 1418
f 659 660 657
f 1417 1419 1420
f 663 666 1421
f 1423 1420 1421
f 666 667 1422
f 1421 1424 1423
f 1418 1420 1425
f 1425 1420 1426
f 1426 1423 1428
f 1428 1427 673
f 1428 673 674
f 58 1429 57
f 59 57 1433
f 61 59 1431
f 59 61 1469
f 45 1029 1432
f 61 1430 60
f 1430 1441 58
f 1431 1433 1434
f 1439 1029 1035
f 1433 1436 1437
f 1438 1441 1430
f 1431 1434 1430
f 1038 1439 1035
f 1440 1038 1072
f 1112 1440 1472
f 56 1443 63
f 63 1444 61
f 55 1445 56
f 55 1409 1445
f 56 1445 1443
f 63 1443 1444
f 1446 1448 1497
f 1470 1469 1444
f 1470 1444 1446
f 1430 1434 1438
f 1448 1409 1418
f 1449 1418 1425
f 1448 1454 1451
f 1497 1448 1451
f 1454 1450 1452
f 1451 1453 1464
f 1459 1455 1456
f 1460 1456 1458
f 1457 1458 1452
f 1450 1461 1457
f 1463 1455 1462
f 1458 1455 1463
f 1464 1458 1463
f 1537 1451 1464
f 1466 1457 1461
f 1467 1447 1465
f 1462 1455 1467
f 1450 1425 1426
f 1470 1070 1469
f 1471 1473 1472
f 1446 1497 1478
f 1475 1470 1446
f 1475 1446 1476
f 1479 1481 1476
f 1476 1484 1477
f 1482 1486 1481
f 1476 1488 1484
f 1478 1489 1482
f 1490 1484 1488
f 1492 1484 1490
f 1493 1486 1489
f 1485 1492 1494
f 1485 1494 1496
f 1496 1494 1544
f 1499 1489 1478
f 1537 1498 1497
f 1500 1070 1480
f 1080 1079 1500
f 1501 1080 1500
f 1502 1071 1080
f 1501 1502 1080
f 1502 1471 1071
f 1501 1503 1502
f 1474 1473 1471
f 1502 1474 1471
f 1503 1474 1502
f 1505 1485 1496
f 1091 716 1506
f 1506 716 1507
f 1507 1511 1407
f 1508 1507 1435
f 1095 1506 1508
f 652 721 1509
f 653 1510 729
f 1513 1509 1512
f 1510 1513 728
f 1510 730 729
f 726 725 728
f 728 727 730
f 1511 719 648
f 1512 728 1513
f 1511 1507 719
f 673 1514 1555
f 1555 675 673
f 1424 1554 1514
f 674 749 1515
f 1441 1516 1436
f 1516 1518 1436
f 1523 1437 1442
f 1523 1531 1434
f 1517 1521 1516
f 1519 1111 1119
f 1518 1520 1522
f 1442 1518 1529
f 1442 1529 1523
f 1520 1521 1525
f 1529 1518 1522
f 1526 1523 1529
f 1523 1526 1527
f 1096 1508 1435
f 1119 1096 1519
f 1525 1524 1528
f 1441 1530 1517
f 1530 1441 1438
f 1434 1531 1438
f 1530 1533 1517
f 1532 1530 1531
f 1533 1532 1528
f 1467 1465 1468
f 1468 1465 1459
f 1460 1466 1534
f 1535 1466 1461
f 1463 1467 1468
f 1464 1468 1536
f 1537 1464 1536
f 1538 1534 1535
f 1539 1541 1542
f 1537 1539 1542
f 1473 1543 1113
f 1543 1127 1076
f 1494 1492 1544
f 1499 1495 1489
f 1499 1562 1495
f 1545 1496 1495
f 1495 1562 1545
f 1492 1546 1547
f 1493 1544 1559
f 1549 1490 1491
f 1537 1550 1498
f 1474 1543 1473
f 1551 1474 1503
f 1553 1501 1504
f 1552 1127 1551
f 1552 1501 1553
f 1552 1131 1130
f 1514 1554 1555
f 748 750 1555
f 1515 752 1557
f 1556 1557 1605
f 1558 1542 1541
f 1540 1556 1541
f 1605 1541 1556
f 1548 1546 1492
f 1559 1549 1491
f 1561 1546 1549
f 1559 1561 1549
f 1550 1537 1542
f 1499 1550 1562
f 1638 1550 1542
f 1639 1562 1550
f 1563 1145 1131
f 1553 1563 1552
f 1564 1553 1505
f 1564 1505 1545
f 1565 1147 1563
f 1565 1563 1553
f 1644 1565 1553
f 1148 1147 1565
f 1173 802 1171
f 811 801 802
f 1567 1566 811
f 1173 1570 1568
f 1567 802 1568
f 1172 1174 1570
f 1569 1566 1567
f 1577 1571 1569
f 1575 1574 811
f 1575 1567 1574
f 1567 1576 1574
f 1567 1568 1576
f 1575 1569 1567
f 1174 1182 1576
f 1576 1579 818
f 1576 1182 1191
f 1572 1195 1183
f 1582 818 1579
f 1583 1569 1575
f 1569 1583 1584
f 1585 1577 1584
f 1582 1587 825
f 826 824 1583
f 1583 825 1588
f 1193 1192 1587
f 1193 1587 1582
f 1588 1192 1194
f 1585 1584 1588
f 1586 1585 1588
f 1592 1590 1589
f 1592 1591 1590
f 1591 1592 1595
f 1595 1594 1591
f 1598 1589 1596
f 1591 1599 1590
f 1598 815 1578
f 834 833 1598
f 1599 834 1596
f 1599 839 834
f 1600 1603 1597
f 1594 1603 1593
f 1604 841 1602
f 1603 1604 1602
f 1606 1607 836
f 1610 1606 1601
f 1610 1607 1606
f 1608 844 845
f 1609 1557 1608
f 1613 1573 1176
f 1573 1586 1572
f 1615 1573 1612
f 1617 1581 1615
f 1617 1623 1581
f 1581 1585 1615
f 1616 1617 1615
f 1618 1581 1620
f 1618 1620 1622
f 1621 1600 1597
f 1597 1624 1621
f 1619 1622 1624
f 1623 1620 1581
f 1622 1623 1624
f 1625 1621 1626
f 1626 1623 1617
f 1542 1558 1638
f 1630 1600 1621
f 1631 1558 1609
f 1215 1613 1214
f 1633 1227 1228
f 1626 1616 1633
f 1634 1626 1633
f 1230 1634 1633
f 1646 1635 1640
f 1550 1638 1639
f 1642 1628 1629
f 1639 1638 1640
f 1639 1640 1635
f 1641 1637 1646
f 1234 1148 1565
f 1235 1234 1644
f 1237 1236 1235
f 1277 1237 1645
f 1545 1635 1564
f 1647 1644 1564
f 1648 1647 1646
f 896 842 1604
f 1649 897 1650
f 1652 846 1610
f 897 1610 1601
f 1651 1652 1653
f 1625 1654 1630
f 1627 1654 1625
f 1627 1655 1654
f 1630 1654 1649
f 1632 1631 1609
f 1631 1632 1656
f 1656 1653 1665
f 1634 1230 1658
f 1634 1659 1657
f 1634 1657 1636
f 1660 1657 1659
f 1658 1230 1700
f 1659 1634 1658
f 1661 1658 1700
f 1659 1661 1707
f 1636 1657 1655
f 1662 1657 1660
f 1662 1660 1667
f 1631 1656 1664
f 1642 1664 1643
f 1656 1665 1664
f 1666 1277 1645
f 1666 1668 1277
f 1667 1659 1668
f 1279 1668 1669
f 1669 1668 1707
f 1670 1282 1281
f 1637 1663 1648
f 1648 1672 1647
f 1647 1672 1645
f 1663 1662 1667
f 1648 1663 1667
f 1279 1669 1673
f 1678 1669 1707
f 1679 1677 1680
f 1286 1279 1681
f 1682 1675 1683
f 1674 1676 1684
f 1673 1674 1684
f 1683 1679 1685
f 1685 1680 1686
f 1684 1683 1687
f 1683 1686 1688
f 1687 1688 1689
f 1673 1687 1717
f 1690 1309 1673
f 1308 1309 1690
f 1690 1673 1691
f 1315 1311 1690
f 932 926 1693
f 1693 926 1692
f 1316 1319 1695
f 1697 1693 1694
f 1696 1694 1319
f 1698 1697 1694
f 1696 1698 1694
f 1317 1320 1697
f 1322 1698 1696
f 1230 1273 1700
f 1695 1700 1323
f 1701 1700 1695
f 1661 1700 1701
f 1695 904 1701
f 1328 1670 1284
f 1702 1703 1671
f 1705 1677 1678
f 1677 1704 1706
f 1680 1677 1706
f 1705 1706 1704
f 1707 1661 1708
f 1714 1706 1715
f 1339 1710 1340
f 1711 1339 1341
f 1710 1338 1340
f 1711 1712 1710
f 1711 1342 1713
f 1714 1680 1706
f 1715 1708 1716
f 1716 1708 1717
f 1717 1687 1689
f 1688 1686 1714
f 1688 1715 1716
f 1717 1689 1716
f 1356 1354 1718
f 1356 1718 1717
f 1356 1717 1709
f 1709 1701 1719
f 1404 1357 1356
f 1691 1673 1721
f 1720 1314 1315
f 1721 1353 1359
f 1721 1359 1358
f 966 969 1723
f 1722 1363 1317
f 1730 973 1725
f 1724 1730 1725
f 1726 972 1699
f 1728 972 1726
f 1726 1698 1723
f 1728 1723 1729
f 1730 1722 1699
f 1723 1730 1699
f 1727 1730 1698
f 1730 1731 1732
f 933 972 1728
f 1735 1728 1703
f 1702 1329 1736
f 1734 1381 1330
f 1735 1702 1729
f 1738 1734 1703
f 1729 1738 1703
f 1736 1738 1702
f 1737 1733 1373
f 1733 1737 1738
f 1739 1733 1738
f 1733 1739 1741
f 933 1728 1742
f 1742 1735 1740
f 1740 1729 1744
f 1743 1391 1338
f 1745 1741 1391
f 1748 1743 1712
f 1747 1748 1746
f 1749 1745 1748
f 936 1733 1749
f 1747 1749 1748
f 1395 1397 1747
f 1750 1744 1751
f 1749 1747 1400
f 1752 1753 1400
f 1402 1752 1401
f 936 1749 1753
f 1753 1402 1404
f 1719 1404 1356
f 1751 1753 1404
f 5 4 3
f 6 4 5
f 2 5 3
f 11 6 10
f 12 11 10
f 143 12 21
f 11 4 6
f 15 14 7
f 15 13 14
f 15 7 11
f 24 143 21
f 601 24 29
f 23 22 25
f 29 24 25
f 27 25 26
f 28 601 29
f 33 29 31
f 35 13 36
f 38 18 19
f 38 19 40
f 43 39 42
f 44 43 42
f 42 41 46
f 49 48 47
f 50 47 46
f 644 30 32
f 655 53 34
f 52 1408 644
f 1408 52 54
f 57 51 54
f 46 41 45
f 58 57 54
f 62 54 56
f 63 61 60
f 69 65 64
f 70 68 71
f 69 64 71
f 64 65 66
f 73 70 71
f 75 73 72
f 74 72 71
f 76 75 72
f 74 71 194
f 80 79 77
f 77 81 83
f 81 82 85
f 86 65 69
f 77 78 87
f 106 89 86
f 80 77 87
f 86 91 65
f 92 89 88
f 91 93 66
f 101 88 78
f 92 88 101
f 94 93 91
f 95 78 77
f 101 78 95
f 86 96 94
f 92 101 96
f 98 99 97
f 100 98 67
f 100 67 93
f 95 83 84
f 99 95 97
f 103 100 93
f 101 95 102
f 96 101 104
f 106 69 561
f 110 108 109
f 111 113 112
f 113 212 112
f 115 79 80
f 115 117 114
f 114 118 79
f 114 117 118
f 112 118 117
f 118 119 82
f 120 123 119
f 120 122 123
f 112 121 118
f 119 123 82
f 129 120 121
f 127 126 123
f 124 128 127
f 122 120 130
f 129 133 130
f 130 125 122
f 131 85 82
f 124 134 128
f 133 129 132
f 218 125 135
f 125 218 134
f 3 90 2
f 80 3 4
f 137 115 138
f 90 80 89
f 139 5 140
f 9 144 2
f 143 142 12
f 90 106 8
f 2 144 5
f 136 5 139
f 145 152 9
f 143 149 146
f 152 147 144
f 145 10 148
f 148 152 145
f 151 609 110
f 146 609 151
f 146 149 609
f 206 151 110
f 154 111 116
f 154 113 111
f 155 156 157
f 159 160 157
f 158 161 159
f 163 116 162
f 166 165 163
f 165 167 156
f 166 167 165
f 168 156 167
f 169 168 167
f 14 171 7
f 13 172 14
f 170 19 16
f 171 137 138
f 171 138 7
f 172 171 14
f 175 176 17
f 18 177 175
f 247 170 174
f 177 179 178
f 178 180 175
f 175 181 176
f 181 175 180
f 180 178 182
f 12 142 11
f 173 174 183
f 150 184 183
f 183 184 173
f 197 185 186
f 197 186 187
f 192 190 189
f 195 193 189
f 196 195 194
f 197 194 185
f 98 199 99
f 100 199 98
f 84 275 67
f 102 99 201
f 203 202 197
f 187 203 197
f 204 202 203
f 206 110 191
f 202 207 197
f 683 207 208
f 209 210 208
f 212 113 213
f 213 214 212
f 126 216 131
f 217 216 126
f 132 121 212
f 217 130 133
f 218 135 130
f 218 217 134
f 216 219 215
f 220 219 216
f 133 132 212
f 220 133 212
f 281 85 219
f 281 269 85
f 222 139 140
f 225 222 224
f 226 223 222
f 227 226 225
f 228 221 147
f 152 229 153
f 229 148 232
f 231 148 223
f 232 148 231
f 146 151 230
f 237 229 232
f 230 234 146
f 153 236 233
f 237 236 229
f 237 232 238
f 234 150 146
f 235 225 224
f 233 235 224
f 235 227 225
f 227 235 233
f 239 233 236
f 238 227 239
f 237 238 239
f 242 283 157
f 168 241 158
f 244 180 246
f 182 251 246
f 246 250 244
f 246 251 250
f 253 251 182
f 182 255 253
f 248 252 255
f 253 250 251
f 253 254 250
f 258 247 249
f 255 256 253
f 257 150 240
f 257 249 184
f 258 249 257
f 259 67 275
f 259 275 260
f 263 265 266
f 265 263 259
f 266 265 267
f 85 269 198
f 273 204 203
f 272 200 199
f 205 102 201
f 200 274 201
f 272 274 200
f 272 201 274
f 277 211 209
f 276 208 204
f 276 204 273
f 279 278 277
f 263 273 188
f 280 276 273
f 214 281 219
f 213 157 283
f 265 259 261
f 267 265 285
f 296 198 269
f 297 84 270
f 281 288 269
f 214 286 281
f 288 281 286
f 296 269 288
f 214 287 286
f 260 291 290
f 261 260 289
f 290 291 302
f 267 285 293
f 285 261 289
f 293 292 295
f 296 270 198
f 270 299 298
f 270 296 299
f 301 300 298
f 297 270 298
f 302 291 298
f 762 304 305
f 762 308 304
f 308 344 304
f 308 306 449
f 287 312 286
f 309 311 314
f 286 312 288
f 296 313 299
f 312 310 313
f 310 309 313
f 314 301 299
f 319 317 318
f 321 318 320
f 317 323 324
f 317 327 323
f 318 329 320
f 322 325 327
f 327 326 323
f 329 318 324
f 330 320 329
f 328 303 331
f 329 328 331
f 329 331 315
f 330 329 315
f 333 334 305
f 333 304 332
f 335 339 336
f 339 337 336
f 304 340 332
f 341 332 340
f 335 332 341
f 338 335 342
f 327 341 340
f 325 341 327
f 343 342 341
f 326 344 328
f 345 346 283
f 287 347 309
f 346 348 347
f 354 366 321
f 353 355 359
f 358 353 359
f 357 353 358
f 370 354 357
f 356 330 350
f 359 355 356
f 361 356 350
f 359 356 361
f 358 359 361
f 362 390 357
f 364 1171 363
f 365 322 319
f 366 368 365
f 363 367 369
f 363 369 364
f 354 370 366
f 370 368 366
f 372 339 338
f 378 371 369
f 374 371 378
f 375 325 322
f 365 376 375
f 382 372 338
f 377 376 365
f 812 378 373
f 370 387 368
f 382 338 343
f 377 368 385
f 812 383 379
f 384 382 376
f 384 372 382
f 383 389 386
f 383 386 379
f 381 379 386
f 389 384 385
f 386 389 390
f 390 387 357
f 392 391 395
f 848 392 395
f 402 400 401
f 403 396 399
f 402 404 400
f 401 400 399
f 406 402 405
f 408 407 402
f 407 404 402
f 409 401 399
f 410 405 409
f 411 399 397
f 411 397 398
f 414 406 410
f 413 414 409
f 406 415 408
f 415 414 490
f 416 292 289
f 416 289 290
f 417 419 416
f 416 433 418
f 417 416 418
f 294 295 421
f 295 292 419
f 421 295 420
f 422 420 295
f 420 411 412
f 423 411 422
f 427 424 426
f 426 424 425
f 425 428 426
f 427 426 428
f 432 302 298
f 430 433 432
f 431 436 430
f 431 432 301
f 448 435 437
f 418 438 417
f 438 434 417
f 439 418 433
f 435 434 440
f 430 441 439
f 436 441 430
f 435 443 437
f 443 441 437
f 444 418 442
f 445 446 444
f 440 438 444
f 447 445 439
f 446 443 440
f 443 446 447
f 449 448 307
f 307 448 303
f 434 422 417
f 435 422 434
f 449 450 448
f 448 451 423
f 449 500 450
f 451 411 423
f 314 311 452
f 454 452 311
f 453 316 315
f 454 301 452
f 453 456 455
f 457 441 436
f 457 437 441
f 456 458 455
f 454 311 349
f 462 351 316
f 461 453 455
f 463 455 454
f 395 394 464
f 464 394 465
f 396 465 394
f 467 396 470
f 471 470 474
f 472 473 470
f 404 403 400
f 407 476 404
f 477 403 404
f 476 478 404
f 476 488 478
f 480 479 477
f 480 396 479
f 482 485 486
f 483 482 486
f 487 472 469
f 488 476 407
f 494 491 413
f 488 489 493
f 491 492 490
f 493 477 478
f 493 478 488
f 425 496 428
f 496 497 428
f 429 428 498
f 499 428 497
f 498 428 499
f 501 500 449
f 500 469 494
f 500 503 469
f 506 503 505
f 506 505 507
f 1324 469 503
f 507 505 508
f 507 508 509
f 514 473 513
f 515 514 513
f 517 514 516
f 517 518 514
f 519 939 517
f 527 940 516
f 520 513 512
f 521 516 515
f 522 472 475
f 522 523 512
f 485 524 486
f 526 486 524
f 525 486 526
f 526 524 528
f 528 516 521
f 528 527 516
f 530 523 522
f 531 484 525
f 532 520 523
f 533 531 525
f 537 529 521
f 534 522 475
f 535 536 537
f 538 521 515
f 536 954 537
f 497 495 535
f 534 539 530
f 539 499 497
f 540 922 498
f 541 532 530
f 541 499 539
f 542 540 499
f 543 922 540
f 544 532 539
f 541 537 538
f 541 539 532
f 554 542 538
f 542 961 543
f 961 542 554
f 545 534 475
f 546 539 534
f 551 538 515
f 545 548 546
f 509 508 548
f 549 548 545
f 551 544 546
f 552 550 548
f 547 553 554
f 555 548 544
f 553 556 554
f 557 545 475
f 558 511 550
f 1364 552 551
f 552 973 558
f 973 552 1364
f 559 551 515
f 565 561 70
f 560 561 677
f 73 563 70
f 563 562 70
f 563 564 566
f 566 565 562
f 567 560 568
f 20 1 105
f 571 105 107
f 571 107 580
f 573 564 572
f 573 572 108
f 564 573 191
f 570 560 567
f 575 561 570
f 575 580 561
f 574 613 576
f 613 574 595
f 579 574 576
f 575 576 580
f 581 570 567
f 575 570 582
f 578 575 582
f 583 570 581
f 582 570 583
f 579 576 586
f 576 578 586
f 581 567 568
f 585 584 579
f 581 568 569
f 588 569 587
f 588 589 569
f 585 593 590
f 585 591 584
f 582 592 586
f 595 574 584
f 596 595 584
f 746 596 584
f 598 597 596
f 22 599 21
f 599 600 21
f 602 24 21
f 22 20 571
f 603 24 602
f 601 604 143
f 599 605 600
f 606 619 614
f 702 611 604
f 605 607 600
f 602 600 607
f 603 602 608
f 606 603 608
f 610 573 609
f 611 610 609
f 610 230 573
f 695 608 607
f 611 230 610
f 612 606 608
f 24 603 614
f 24 614 23
f 617 613 596
f 26 25 615
f 617 615 613
f 615 27 26
f 616 27 615
f 613 577 580
f 614 619 605
f 616 617 620
f 656 642 620
f 623 596 597
f 625 623 624
f 625 624 632
f 629 627 626
f 627 629 630
f 618 628 627
f 631 632 627
f 628 633 627
f 626 598 634
f 598 626 597
f 634 629 626
f 629 709 630
f 709 618 630
f 709 628 618
f 631 636 708
f 631 633 636
f 637 622 621
f 637 621 638
f 30 639 28
f 641 717 640
f 644 639 30
f 642 29 616
f 647 646 32
f 645 32 646
f 34 650 647
f 644 641 639
f 647 650 649
f 649 651 647
f 651 649 654
f 648 718 644
f 657 643 656
f 662 657 656
f 655 643 658
f 657 662 661
f 660 643 657
f 663 659 657
f 662 665 661
f 666 663 661
f 664 665 662
f 668 667 665
f 667 666 665
f 670 622 637
f 656 620 670
f 669 637 638
f 670 669 671
f 672 668 664
f 673 671 674
f 677 565 195
f 566 676 565
f 195 565 676
f 192 193 676
f 676 564 192
f 195 676 193
f 679 677 196
f 569 678 681
f 681 678 680
f 681 680 682
f 564 191 192
f 207 679 196
f 684 208 210
f 588 686 589
f 590 686 588
f 680 678 679
f 684 680 679
f 587 569 681
f 686 689 589
f 592 589 689
f 688 682 680
f 685 739 688
f 598 596 746
f 605 693 692
f 694 607 691
f 695 607 694
f 696 608 695
f 612 608 696
f 612 696 700
f 699 695 694
f 696 695 699
f 611 702 234
f 692 706 697
f 703 699 697
f 698 699 703
f 707 698 703
f 701 698 707
f 619 693 605
f 704 693 619
f 693 706 692
f 704 701 705
f 705 707 703
f 711 634 598
f 708 629 634
f 629 708 709
f 635 632 631
f 712 708 634
f 712 634 711
f 710 635 712
f 746 711 598
f 714 711 746
f 710 638 635
f 716 240 702
f 721 651 720
f 654 724 720
f 641 718 717
f 720 723 721
f 720 724 723
f 725 724 654
f 722 721 723
f 725 723 724
f 725 726 723
f 727 728 725
f 654 727 725
f 729 730 727
f 668 732 667
f 672 731 668
f 747 671 669
f 734 262 266
f 734 682 733
f 685 211 278
f 264 263 262
f 735 736 738
f 739 738 737
f 279 280 738
f 739 682 688
f 741 687 686
f 690 592 689
f 739 733 682
f 741 743 687
f 737 733 739
f 741 689 743
f 740 681 744
f 744 742 740
f 710 713 714
f 715 710 714
f 750 731 672
f 751 747 715
f 749 747 751
f 756 266 755
f 753 714 746
f 753 746 767
f 715 714 754
f 268 267 293
f 757 755 268
f 758 756 757
f 756 758 759
f 880 759 758
f 761 760 759
f 762 306 308
f 762 764 306
f 744 681 756
f 744 759 760
f 744 760 766
f 745 766 768
f 769 768 766
f 334 762 305
f 334 773 762
f 334 771 773
f 337 334 336
f 772 771 334
f 771 775 773
f 778 775 771
f 773 775 764
f 772 776 778
f 777 776 772
f 779 765 775
f 779 778 780
f 781 780 776
f 780 781 774
f 784 783 782
f 786 782 785
f 788 789 782
f 782 789 785
f 785 780 803
f 783 791 788
f 780 774 803
f 790 791 783
f 780 789 792
f 788 792 789
f 788 791 885
f 754 753 767
f 754 767 794
f 794 767 768
f 770 795 768
f 790 796 793
f 797 754 794
f 797 794 795
f 797 795 799
f 802 801 1171
f 804 772 337
f 339 804 337
f 800 367 363
f 806 808 786
f 801 807 805
f 810 809 801
f 811 810 801
f 812 367 805
f 809 813 807
f 809 806 814
f 811 818 814
f 816 804 372
f 806 803 774
f 817 812 813
f 818 813 814
f 819 810 814
f 815 810 819
f 804 816 777
f 824 814 806
f 817 383 812
f 819 814 824
f 818 821 817
f 817 822 383
f 823 819 824
f 821 822 817
f 822 777 816
f 822 816 384
f 824 820 776
f 826 823 824
f 786 785 803
f 828 827 787
f 808 828 786
f 828 784 786
f 808 829 828
f 815 831 808
f 827 832 787
f 833 829 831
f 830 829 834
f 833 831 815
f 827 835 832
f 839 835 834
f 835 841 832
f 832 796 790
f 751 715 797
f 844 751 843
f 752 751 844
f 836 892 838
f 845 844 843
f 836 846 892
f 843 799 895
f 845 843 898
f 393 392 847
f 847 392 848
f 852 851 853
f 398 397 855
f 857 856 855
f 857 855 903
f 903 853 851
f 860 905 861
f 905 860 852
f 863 860 859
f 870 860 863
f 865 864 859
f 865 859 866
f 868 850 858
f 869 863 864
f 858 852 870
f 864 870 869
f 872 870 864
f 872 871 870
f 858 870 871
f 872 864 865
f 872 865 867
f 871 872 916
f 873 294 875
f 875 421 412
f 858 875 868
f 876 873 878
f 877 876 878
f 878 858 871
f 884 878 871
f 879 496 425
f 879 427 920
f 758 757 874
f 882 449 763
f 763 883 882
f 883 877 884
f 882 501 449
f 763 885 883
f 883 888 886
f 885 888 883
f 769 766 761
f 768 769 889
f 889 770 768
f 890 888 885
f 891 890 793
f 887 770 889
f 887 895 770
f 894 891 796
f 897 892 894
f 897 838 892
f 840 838 897
f 898 843 895
f 1651 845 898
f 893 1651 898
f 1652 893 892
f 848 395 466
f 899 849 848
f 903 849 899
f 900 899 464
f 468 467 471
f 471 901 468
f 902 901 471
f 902 853 901
f 902 854 853
f 902 471 933
f 901 900 468
f 903 899 900
f 904 854 902
f 861 905 862
f 905 852 854
f 907 906 862
f 908 907 905
f 867 866 906
f 908 905 854
f 910 854 904
f 910 908 854
f 912 911 481
f 913 485 911
f 912 914 913
f 912 483 484
f 904 902 933
f 917 871 916
f 915 909 918
f 910 916 918
f 917 916 910
f 909 906 907
f 918 907 908
f 918 908 910
f 919 917 910
f 919 910 904
f 920 429 921
f 922 429 498
f 921 429 922
f 495 497 496
f 921 923 920
f 882 924 501
f 919 924 884
f 919 904 924
f 925 503 502
f 926 503 925
f 926 928 927
f 930 928 507
f 930 931 929
f 511 930 507
f 511 931 930
f 932 928 926
f 933 471 474
f 935 474 938
f 936 935 938
f 514 938 474
f 518 938 514
f 517 939 518
f 939 940 518
f 519 940 939
f 942 937 936
f 946 940 527
f 913 943 485
f 945 913 914
f 942 944 935
f 945 947 913
f 946 527 943
f 947 946 943
f 531 914 484
f 945 914 531
f 949 945 531
f 948 942 936
f 949 950 941
f 950 949 533
f 952 934 944
f 951 953 536
f 948 952 944
f 536 953 954
f 495 923 951
f 921 956 923
f 957 955 923
f 958 956 921
f 948 955 952
f 948 956 955
f 957 956 948
f 958 922 543
f 959 953 951
f 960 958 543
f 960 959 958
f 961 960 543
f 964 952 957
f 962 950 961
f 510 929 963
f 929 965 963
f 511 967 931
f 963 968 553
f 969 964 957
f 969 965 964
f 969 948 936
f 970 968 963
f 969 931 970
f 553 968 556
f 972 964 966
f 967 511 558
f 971 967 558
f 971 970 967
f 973 971 558
f 1730 962 973
f 983 974 975
f 974 976 975
f 979 978 975
f 172 981 162
f 164 983 982
f 35 981 172
f 983 164 984
f 164 982 166
f 982 985 166
f 978 985 982
f 986 169 166
f 985 980 986
f 985 978 980
f 37 36 987
f 176 36 17
f 987 177 18
f 38 988 981
f 989 987 176
f 40 170 990
f 989 176 181
f 991 179 177
f 1087 991 989
f 41 40 993
f 994 993 995
f 997 976 974
f 996 974 983
f 996 983 988
f 998 996 988
f 999 988 1021
f 999 1021 1023
f 998 1000 996
f 996 1000 997
f 998 1001 1000
f 1004 997 1002
f 998 1008 1001
f 1008 1003 1001
f 1010 977 997
f 1004 1010 997
f 1014 1011 1005
f 1006 1015 1009
f 1008 1018 1017
f 39 1022 38
f 1022 1021 988
f 38 1022 988
f 1022 1023 1021
f 39 1024 1022
f 1020 1024 43
f 1016 1015 1028
f 41 993 994
f 1029 45 41
f 50 1033 49
f 48 44 1019
f 1029 994 1034
f 1019 1030 1036
f 1039 47 1032
f 47 1039 1031
f 1039 1037 1031
f 1040 1032 1019
f 1042 1038 1034
f 1038 1035 1034
f 1044 999 1025
f 999 1102 1018
f 1048 1049 1025
f 1047 1025 1027
f 1050 1054 1047
f 1050 1055 1054
f 1051 1058 1048
f 1049 1052 1056
f 1058 1056 1052
f 1059 1058 1051
f 1056 1045 1049
f 1057 1059 1053
f 1055 1066 1057
f 1061 1058 1059
f 1068 1061 1059
f 1063 1056 1062
f 1066 1065 1068
f 1063 1062 1064
f 1067 1064 1065
f 1066 1067 1065
f 1069 1063 1064
f 1027 1020 1033
f 1070 1033 50
f 1027 1033 1070
f 1075 1072 1041
f 1078 1066 1055
f 1077 1050 1047
f 1077 1047 1070
f 1079 1078 1077
f 1082 1080 1071
f 1080 1082 1079
f 1071 1073 1075
f 1071 1075 1081
f 1075 1074 1081
f 1082 1081 1074
f 1132 1078 1079
f 1133 980 161
f 1086 1085 244
f 248 182 179
f 1085 989 181
f 179 991 1087
f 992 989 1085
f 1087 989 992
f 1089 1087 992
f 1089 992 1085
f 1087 256 252
f 1090 990 1088
f 254 1086 250
f 1086 254 256
f 1090 247 258
f 1092 258 716
f 1093 1092 1091
f 1094 1092 1093
f 1095 1093 1091
f 1096 1093 1095
f 1099 1135 977
f 977 1084 976
f 1097 1135 1099
f 1015 1014 1009
f 1098 1013 1011
f 1015 1098 1014
f 1098 1016 1012
f 1098 1015 1016
f 1013 1100 1099
f 1100 1101 1099
f 1018 1097 1101
f 1040 1026 1104
f 1106 1105 1104
f 1108 1106 1107
f 1119 1034 1094
f 1042 1034 1119
f 1116 1043 1039
f 1039 1040 1114
f 1039 1115 1116
f 1041 1042 1113
f 1114 1115 1039
f 1110 1107 1103
f 1110 1117 1107
f 1120 1117 1043
f 1043 1118 1120
f 1121 1118 1116
f 1115 1114 1121
f 1119 1094 1093
f 1120 1108 1107
f 1118 1121 1120
f 1121 1114 1109
f 1096 1119 1093
f 1045 1102 999
f 1069 1046 1063
f 1122 1062 1123
f 1061 1125 1060
f 1062 1060 1125
f 1065 1141 1068
f 1068 1126 1061
f 1076 1041 1113
f 1074 1075 1128
f 1130 1129 1128
f 1130 1128 1127
f 1082 1132 1079
f 1131 1132 1082
f 160 1084 242
f 1083 243 241
f 1133 241 282
f 242 345 283
f 1134 245 284
f 1134 1133 282
f 1045 1046 1102
f 1140 1139 1102
f 1142 1122 1123
f 1142 1141 1122
f 1143 1124 1069
f 1141 1144 1126
f 1142 1123 1144
f 1142 1144 1141
f 1123 1125 1144
f 1078 1143 1067
f 1145 1146 1132
f 1136 1149 1084
f 1138 1137 1097
f 1132 1231 1143
f 1147 1148 1146
f 1149 345 242
f 1150 348 345
f 1151 1150 1149
f 1153 1169 1154
f 1163 1160 1159
f 1163 1159 1162
f 1163 1164 1158
f 1164 1161 1158
f 1200 1164 1163
f 1159 1167 1162
f 1157 1170 1166
f 362 1160 1156
f 1168 1165 1153
f 1153 1167 1169
f 1169 361 351
f 1170 390 362
f 1169 362 360
f 1167 362 1169
f 1171 364 371
f 1161 1157 1158
f 1180 1174 1172
f 1175 1181 1161
f 1164 1175 1161
f 1182 1174 1180
f 1196 1190 1157
f 1186 1196 1181
f 1182 380 1191
f 1175 1187 1186
f 1189 1175 1177
f 1178 1188 1184
f 1190 1170 1157
f 1184 1187 1189
f 1185 381 388
f 1191 1185 1192
f 1195 1194 1186
f 1170 1190 390
f 1196 1194 388
f 1197 1151 1136
f 1137 1136 1135
f 1198 1197 1137
f 1165 1200 1163
f 1201 1177 1164
f 1200 1201 1164
f 1203 1202 1200
f 1206 1204 1201
f 1201 1202 1206
f 1207 1202 1203
f 1205 1165 1168
f 1207 1208 1206
f 1207 1203 1205
f 1209 1208 1205
f 1209 1210 1208
f 1214 1212 1213
f 1214 1613 1179
f 1216 1217 1213
f 1216 1212 1178
f 1204 1217 1184
f 1217 1216 1184
f 1206 1217 1204
f 1208 1218 1217
f 1139 1138 1102
f 1220 1198 1137
f 1248 1198 1220
f 1221 1222 1248
f 1223 1140 1124
f 1224 1223 1124
f 1221 1140 1223
f 1210 1226 1211
f 1225 1222 1221
f 1215 1213 1219
f 1228 1227 1215
f 1211 1219 1218
f 1226 1229 1219
f 1229 1228 1219
f 1229 1230 1228
f 1231 1224 1143
f 1233 1223 1224
f 1233 1224 1231
f 1232 1233 1231
f 1232 1275 1233
f 1146 1231 1132
f 1234 1146 1148
f 1232 1231 1146
f 1236 1238 1275
f 1238 1236 1237
f 1240 1152 1150
f 1150 1239 1240
f 460 454 459
f 1154 351 462
f 1243 1155 1154
f 1242 463 460
f 463 1242 462
f 1242 1154 462
f 1246 1210 1209
f 1209 1155 1246
f 1245 1247 1246
f 1198 1248 1244
f 1248 1249 1241
f 1247 1226 1210
f 1251 1250 1225
f 1252 1247 1245
f 1253 1252 1245
f 1258 1257 1253
f 1259 1255 1254
f 1250 1251 1258
f 1255 1259 1260
f 1252 1257 1261
f 1264 1262 1258
f 1251 1264 1258
f 1261 1263 1256
f 1259 1256 1263
f 1264 1261 1262
f 1264 1263 1261
f 1266 1263 1264
f 1266 1265 1263
f 1230 1229 1267
f 1268 1229 1226
f 1254 1269 1268
f 1269 1254 1255
f 1229 1268 1270
f 1267 1229 1270
f 1230 1267 1272
f 1267 1270 1272
f 1280 1271 1270
f 1274 1251 1233
f 1269 1255 1260
f 1274 1275 1269
f 1274 1260 1251
f 1237 1277 1238
f 1275 1276 1269
f 1238 1276 1275
f 1278 1276 1238
f 1277 1278 1238
f 1280 1270 1268
f 1278 1280 1276
f 1283 1281 1282
f 1284 1281 1283
f 1283 1282 1285
f 1286 1278 1279
f 1287 1280 1278
f 1289 1288 1280
f 1289 1292 1288
f 1289 1290 1292
f 1290 1293 1292
f 1294 1293 1290
f 1292 1295 1288
f 1295 1271 1280
f 1297 1332 1301
f 1298 1291 1289
f 1298 1301 1294
f 1302 1298 1300
f 1298 1302 1301
f 1303 1302 1299
f 1302 1303 1301
f 1287 1278 1286
f 1307 1305 1286
f 1307 1310 1305
f 1306 1287 1286
f 1311 1308 1690
f 1311 1314 1313
f 1315 1314 1311
f 1316 506 932
f 1321 1318 932
f 1324 504 1272
f 1273 1272 1323
f 1328 1284 1325
f 1326 1325 1285
f 1329 1328 1327
f 1331 1296 1292
f 1332 1331 1293
f 1296 1333 1295
f 1331 1333 1296
f 1336 1333 1331
f 1334 1331 1332
f 1333 1336 1335
f 1344 1336 1334
f 1340 1338 1343
f 1341 1340 1343
f 1337 1332 1297
f 1337 1334 1332
f 1345 1335 1336
f 1344 1346 1345
f 1303 1297 1301
f 1304 1346 1299
f 1303 1346 1344
f 1303 1337 1297
f 1347 1324 1304
f 1287 1304 1299
f 1347 1304 1287
f 1348 1324 1347
f 1351 1352 1350
f 1349 1350 1305
f 1312 1347 1287
f 1352 1353 1312
f 1353 1352 1351
f 1353 1718 1354
f 1359 1353 1351
f 1353 1355 1348
f 1353 1354 1355
f 1314 1358 1313
f 1313 1358 1349
f 1359 1351 1350
f 1349 1358 1359
f 1360 549 557
f 1362 544 1360
f 1361 1363 1364
f 1363 1725 1364
f 1320 1317 1361
f 1366 1360 557
f 1365 1321 1320
f 1368 1366 557
f 1371 1365 1366
f 1369 1322 1367
f 1370 1365 1361
f 1371 1370 559
f 1372 1371 559
f 1372 1732 1369
f 1373 1732 1372
f 1374 557 475
f 1375 559 515
f 1326 1330 1376
f 1374 1377 1368
f 1377 1327 1326
f 1379 1362 1368
f 1383 1377 1374
f 1376 1381 1382
f 1382 1373 1372
f 1382 1372 1375
f 1381 1373 1382
f 1375 1380 1382
f 1383 1380 1375
f 1386 1374 475
f 1387 1329 1378
f 1384 1741 1387
f 1388 1375 515
f 1390 1379 1374
f 1392 1384 1388
f 1392 1741 1384
f 1741 1392 1391
f 1338 1389 1343
f 1394 1343 1389
f 1393 1343 1394
f 1395 1342 1393
f 1394 1389 1392
f 1397 1395 1393
f 1399 1396 1388
f 1398 1386 475
f 1399 1388 515
f 1402 1401 1399
f 1400 1397 1399
f 1399 1401 1400
f 1404 1399 1405
f 1404 1402 1399
f 1357 1398 475
f 1403 1398 1357
f 1404 1405 1403
f 1405 1399 515
f 1406 1411 51
f 1407 1406 1435
f 1406 1432 1435
f 645 52 32
f 1408 51 1411
f 1408 1411 644
f 1410 52 645
f 53 52 1410
f 1410 650 34
f 1410 645 652
f 1414 653 650
f 1411 648 644
f 1510 1414 1412
f 658 1416 655
f 660 1416 658
f 1418 660 659
f 1418 1416 660
f 1417 659 1419
f 1419 659 663
f 1419 663 1421
f 1421 1420 1419
f 1421 666 1422
f 1421 1422 1424
f 1418 1417 1420
f 1426 1420 1423
f 1423 1424 1427
f 1428 1423 1427
f 1427 1424 673
f 59 1433 1431
f 59 1469 46
f 1433 57 1429
f 61 1431 1430
f 1432 1029 1439
f 58 1441 1429
f 1435 1432 1439
f 1441 1436 1429
f 1433 1429 1436
f 1434 1433 1437
f 1038 1440 1439
f 1472 1440 1072
f 1437 1436 1518
f 1430 58 62
f 60 1430 62
f 1446 1444 1443
f 1446 1443 1448
f 61 1444 1469
f 1445 1409 1448
f 1448 1443 1445
f 1449 1448 1418
f 1454 1448 1449
f 1454 1449 1450
f 1453 1452 1458
f 1453 1454 1452
f 1451 1454 1453
f 1455 1458 1456
f 1450 1457 1452
f 1457 1460 1458
f 1464 1453 1458
f 1455 1465 1447
f 1465 1455 1459
f 1460 1459 1456
f 1467 1455 1447
f 1468 1459 1460
f 1450 1449 1425
f 1461 1450 1426
f 1426 1556 1461
f 1469 1070 46
f 1480 1070 1470
f 1471 1072 1073
f 1471 1073 1071
f 1471 1472 1072
f 1473 1113 1472
f 1479 1476 1446
f 1479 1446 1478
f 1480 1470 1477
f 1475 1476 1477
f 1477 1470 1475
f 1479 1482 1481
f 1478 1482 1479
f 1484 1480 1477
f 1483 1480 1485
f 1481 1488 1476
f 1487 1480 1484
f 1485 1480 1487
f 1486 1488 1481
f 1482 1489 1486
f 1491 1490 1488
f 1491 1488 1486
f 1492 1487 1484
f 1493 1491 1486
f 1485 1487 1492
f 1489 1495 1493
f 1495 1544 1493
f 1495 1496 1544
f 1478 1497 1498
f 1499 1478 1498
f 1497 1451 1537
f 1504 1500 1480
f 1500 1079 1070
f 1504 1501 1500
f 1501 1552 1503
f 1483 1504 1480
f 1504 1483 1505
f 1505 1483 1485
f 1407 1511 1413
f 1507 716 719
f 1508 1506 1507
f 1407 1435 1507
f 1506 1095 1091
f 1508 1096 1095
f 1509 1412 652
f 653 1414 1510
f 1415 1412 1509
f 1510 1412 1415
f 722 1509 721
f 1413 1511 648
f 1513 1510 1415
f 1512 1509 722
f 1513 1415 1509
f 1510 728 730
f 1512 722 723
f 726 1512 723
f 1512 726 728
f 729 654 653
f 1554 1424 1422
f 1422 667 732
f 673 1424 1514
f 1428 674 1515
f 1556 1426 1428
f 1441 1517 1516
f 1112 1111 1440
f 1442 1437 1518
f 1113 1112 1472
f 1523 1434 1437
f 1519 1440 1111
f 1439 1440 1519
f 1520 1518 1516
f 1520 1516 1521
f 1435 1439 1519
f 1524 1525 1521
f 1096 1435 1519
f 1522 1520 1525
f 1529 1522 1525
f 1529 1525 1528
f 1526 1529 1528
f 1438 1531 1530
f 1517 1524 1521
f 1517 1533 1524
f 1530 1532 1533
f 1532 1531 1527
f 1527 1531 1523
f 1528 1524 1533
f 1527 1526 1528
f 1532 1527 1528
f 1460 1534 1468
f 1460 1457 1466
f 1535 1534 1466
f 1463 1462 1467
f 1464 1463 1468
f 1537 1536 1539
f 1536 1468 1534
f 1538 1536 1534
f 1539 1536 1538
f 1538 1535 1540
f 1540 1539 1538
f 1540 1541 1539
f 1540 1535 1461
f 1540 1461 1556
f 1076 1113 1543
f 1493 1559 1491
f 1544 1492 1547
f 1549 1548 1490
f 1492 1490 1548
f 1499 1498 1550
f 1551 1543 1474
f 1552 1551 1503
f 1551 1127 1543
f 1552 1130 1127
f 1505 1553 1504
f 1496 1545 1505
f 1554 1422 732
f 1554 732 748
f 1556 1428 1515
f 1555 750 675
f 1555 1554 748
f 1515 749 752
f 1556 1515 1557
f 1605 1558 1541
f 1560 1544 1547
f 1560 1559 1544
f 1549 1546 1548
f 1560 1547 1559
f 1547 1546 1561
f 1561 1559 1547
f 1562 1635 1545
f 1552 1563 1131
f 1563 1147 1145
f 802 1567 811
f 1173 1568 802
f 1173 1172 1570
f 1571 1566 1569
f 1176 1573 1572
f 1574 818 811
f 1566 1580 811
f 1568 1570 1576
f 1570 1174 1576
f 1572 1183 1176
f 1574 1576 818
f 1575 811 1580
f 1576 1191 1579
f 1577 1569 1584
f 1578 815 823
f 1578 823 1580
f 1582 821 818
f 1582 1579 1191
f 1583 1575 1580
f 1183 1195 1188
f 1586 1195 1572
f 1581 1577 1585
f 1582 825 821
f 1582 1191 1193
f 1583 1580 823
f 1583 824 825
f 1588 825 1587
f 1583 823 826
f 1588 1587 1192
f 1584 1583 1588
f 1588 1194 1195
f 1586 1588 1195
f 1592 1589 1566
f 1566 1595 1592
f 1591 1594 1593
f 1571 1595 1566
f 1589 1580 1566
f 1590 1596 1589
f 1593 839 1591
f 1589 1578 1580
f 1598 1578 1589
f 1590 1599 1596
f 839 1599 1591
f 1597 1603 1594
f 1598 833 815
f 1598 1596 834
f 1603 839 1593
f 1601 1606 837
f 839 1602 841
f 1603 1602 839
f 1601 837 840
f 1604 842 841
f 1630 1604 1603
f 837 1606 836
f 1557 752 844
f 1608 1557 844
f 1609 1605 1557
f 1607 1610 846
f 1611 1608 845
f 1613 1176 1179
f 1613 1612 1573
f 1614 1612 1613
f 1614 1615 1612
f 1616 1614 1227
f 1615 1586 1573
f 1614 1616 1615
f 1615 1585 1586
f 1616 1626 1617
f 1577 1618 1571
f 1597 1594 1595
f 1618 1619 1571
f 1619 1595 1571
f 1619 1597 1595
f 1618 1577 1581
f 1622 1619 1618
f 1597 1619 1624
f 1622 1620 1623
f 1626 1621 1624
f 1625 1630 1621
f 1626 1624 1623
f 1627 1625 1626
f 1638 1558 1628
f 1630 1603 1600
f 1609 1558 1605
f 1631 1629 1558
f 1629 1628 1558
f 1632 1609 1608
f 1215 1227 1613
f 1227 1614 1613
f 1227 1633 1616
f 1634 1636 1626
f 1230 1633 1228
f 1636 1627 1626
f 1639 1635 1562
f 1642 1638 1628
f 1642 1641 1638
f 1641 1640 1638
f 1641 1646 1640
f 1642 1629 1631
f 1642 1643 1641
f 1641 1643 1637
f 1564 1644 1553
f 1565 1644 1234
f 1235 1644 1645
f 1645 1237 1235
f 1646 1564 1635
f 1646 1647 1564
f 1647 1645 1644
f 1637 1648 1646
f 1650 896 1604
f 1604 1649 1650
f 1630 1649 1604
f 897 1601 840
f 897 896 1650
f 1649 1653 897
f 1611 845 1651
f 897 1652 1610
f 897 1653 1652
f 1611 1651 1653
f 1627 1636 1655
f 1662 1654 1655
f 1662 1649 1654
f 1662 1653 1649
f 1665 1653 1662
f 1632 1608 1611
f 1632 1611 1653
f 1656 1632 1653
f 1661 1659 1658
f 1662 1655 1657
f 1663 1665 1662
f 1663 1637 1665
f 1642 1631 1664
f 1643 1664 1665
f 1637 1643 1665
f 1666 1672 1667
f 1668 1279 1277
f 1667 1660 1659
f 1668 1666 1667
f 1668 1659 1707
f 1670 1281 1284
f 1670 1671 1282
f 1645 1672 1666
f 1672 1648 1667
f 1676 1674 1675
f 1678 1674 1669
f 1677 1674 1678
f 1674 1677 1675
f 1679 1675 1677
f 1707 1705 1678
f 1681 1279 1673
f 1682 1676 1675
f 1673 1669 1674
f 1684 1676 1682
f 1683 1675 1679
f 1685 1679 1680
f 1683 1684 1682
f 1687 1673 1684
f 1683 1685 1686
f 1687 1683 1688
f 1309 1307 1681
f 1673 1309 1681
f 1691 1315 1690
f 1692 926 925
f 1692 1694 1693
f 1692 1319 1694
f 1695 1319 1692
f 1693 1697 1320
f 1696 1319 1318
f 1697 1699 1317
f 1698 1699 1697
f 1322 1696 1318
f 1695 1692 925
f 1323 1316 1695
f 1323 1700 1273
f 1695 925 904
f 1701 904 933
f 1671 1285 1282
f 1328 1671 1670
f 1285 1330 1326
f 1671 1330 1285
f 1671 1328 1702
f 1702 1328 1329
f 1671 1703 1330
f 1705 1704 1677
f 1708 1706 1705
f 1708 1705 1707
f 1715 1706 1708
f 1708 1661 1701
f 1711 1710 1339
f 1712 1338 1710
f 1711 1713 1712
f 1711 1341 1342
f 1714 1686 1680
f 1717 1708 1701
f 1688 1714 1715
f 1716 1689 1688
f 1717 1701 1709
f 1719 1701 933
f 1356 1709 1719
f 1691 1720 1315
f 1721 1673 1717
f 1721 1720 1691
f 1721 1718 1353
f 1721 1717 1718
f 1721 1358 1720
f 972 966 1723
f 1722 1724 1363
f 1723 969 936
f 1363 1724 1725
f 1699 1722 1317
f 1698 1726 1699
f 1322 1727 1698
f 1723 1699 972
f 1727 1322 1369
f 1728 1726 1723
f 1730 1724 1722
f 1723 1698 1730
f 1727 1731 1730
f 1731 1727 1369
f 1729 1723 936
f 1732 1731 1369
f 1373 1730 1732
f 1733 1730 1373
f 1703 1734 1330
f 1702 1735 1703
f 1734 1737 1381
f 1729 1703 1728
f 1738 1737 1734
f 1729 1702 1738
f 1736 1739 1738
f 1381 1737 1373
f 1736 1329 1387
f 1740 1735 1729
f 1739 1736 1387
f 1741 1739 1387
f 1742 1728 1735
f 1744 1729 936
f 1743 1745 1391
f 1745 1733 1741
f 1712 1743 1338
f 1746 1712 1713
f 1746 1748 1712
f 1742 1740 1744
f 1395 1713 1342
f 1746 1713 1395
f 1748 1745 1743
f 1747 1746 1395
f 1749 1733 1745
f 1750 1742 1744
f 1751 1744 936
f 1400 1747 1397
f 1752 1400 1401
f 1753 1749 1400
f 1402 1753 1752
f 1719 1742 1750
f 1719 933 1742
f 1404 1719 1750
f 1404 1750 1751
f 1751 936 1753
