# Blender 4.0.2
# www.blender.org
o arx5_mounter_-_e┬╗┬м┬┐├й_MGN9C_C_C__1.001
v 0.021570 0.009396 -0.006272
v 0.021570 0.009343 -0.006275
v 0.021570 0.009290 -0.006281
v 0.021570 0.009236 -0.006289
v 0.021570 0.009184 -0.006300
v 0.021570 0.009132 -0.006312
v 0.021570 0.009080 -0.006327
v 0.021570 0.009029 -0.006345
v 0.021570 0.008979 -0.006364
v 0.021570 0.008930 -0.006386
v 0.021570 0.008882 -0.006409
v 0.021570 0.008835 -0.006435
v 0.021570 0.008789 -0.006463
v 0.021570 0.008745 -0.006493
v 0.021570 0.008702 -0.006525
v 0.021570 0.008660 -0.006558
v 0.021570 0.008619 -0.006594
v 0.021570 0.008581 -0.006631
v 0.021570 0.008544 -0.006669
v 0.021570 0.008508 -0.006710
v 0.021570 0.008475 -0.006752
v 0.021570 0.008443 -0.006795
v 0.021570 0.008413 -0.006839
v 0.021570 0.008385 -0.006885
v 0.021570 0.008359 -0.006932
v 0.021570 0.008336 -0.006980
v 0.021570 0.008314 -0.007029
v 0.021570 0.008295 -0.007079
v 0.021570 0.008277 -0.007130
v 0.021570 0.008262 -0.007182
v 0.021570 0.008250 -0.007234
v 0.021570 0.008239 -0.007286
v 0.021570 0.008231 -0.007340
v 0.021570 0.008225 -0.007393
v 0.021570 0.008222 -0.007446
v 0.021570 0.008220 -0.007500
v 0.021570 0.008222 -0.007554
v 0.021570 0.008225 -0.007607
v 0.021570 0.008231 -0.007660
v 0.021570 0.008239 -0.007713
v 0.021570 0.008250 -0.007766
v 0.021570 0.008262 -0.007818
v 0.021570 0.008277 -0.007870
v 0.021570 0.008295 -0.007921
v 0.021570 0.008314 -0.007971
v 0.021570 0.008336 -0.008020
v 0.021570 0.008359 -0.008068
v 0.021570 0.008385 -0.008115
v 0.021570 0.008413 -0.008161
v 0.021570 0.008443 -0.008205
v 0.021570 0.008475 -0.008248
v 0.021570 0.008508 -0.008290
v 0.021570 0.008544 -0.008331
v 0.021570 0.008581 -0.008369
v 0.021570 0.008619 -0.008406
v 0.021570 0.008660 -0.008442
v 0.021570 0.008702 -0.008475
v 0.021570 0.008745 -0.008507
v 0.021570 0.008789 -0.008537
v 0.021570 0.008835 -0.008565
v 0.021570 0.008882 -0.008591
v 0.021570 0.008930 -0.008614
v 0.021570 0.008979 -0.008636
v 0.021570 0.009029 -0.008655
v 0.021570 0.009080 -0.008673
v 0.021570 0.009132 -0.008688
v 0.021570 0.009184 -0.008700
v 0.021570 0.009236 -0.008711
v 0.021570 0.009290 -0.008719
v 0.021570 0.009343 -0.008725
v 0.021570 0.009396 -0.008728
v 0.021570 0.009450 -0.008729
v 0.021570 0.009504 -0.008728
v 0.021570 0.009557 -0.008725
v 0.021570 0.009610 -0.008719
v 0.021570 0.009663 -0.008711
v 0.021570 0.009716 -0.008700
v 0.021570 0.009768 -0.008688
v 0.021570 0.009820 -0.008673
v 0.021570 0.009871 -0.008655
v 0.021570 0.009921 -0.008636
v 0.021570 0.009970 -0.008614
v 0.021570 0.010018 -0.008591
v 0.021570 0.010065 -0.008565
v 0.021570 0.010111 -0.008537
v 0.021570 0.010155 -0.008507
v 0.021570 0.010198 -0.008475
v 0.021570 0.010240 -0.008442
v 0.021570 0.010281 -0.008406
v 0.021570 0.010319 -0.008369
v 0.021570 0.010356 -0.008331
v 0.021570 0.010392 -0.008290
v 0.021570 0.010425 -0.008248
v 0.021570 0.010457 -0.008205
v 0.021570 0.010487 -0.008161
v 0.021570 0.010515 -0.008115
v 0.021570 0.010541 -0.008068
v 0.021570 0.010564 -0.008020
v 0.021570 0.010586 -0.007971
v 0.021570 0.010605 -0.007921
v 0.021570 0.010623 -0.007870
v 0.021570 0.010638 -0.007818
v 0.021570 0.010650 -0.007766
v 0.021570 0.010661 -0.007713
v 0.021570 0.010669 -0.007660
v 0.021570 0.010675 -0.007607
v 0.021570 0.010678 -0.007554
v 0.021570 0.010679 -0.007500
v 0.021570 0.010678 -0.007446
v 0.021570 0.010675 -0.007393
v 0.021570 0.010669 -0.007340
v 0.021570 0.010661 -0.007286
v 0.021570 0.010650 -0.007234
v 0.021570 0.010638 -0.007182
v 0.021570 0.010623 -0.007130
v 0.021570 0.010605 -0.007079
v 0.021570 0.010586 -0.007029
v 0.021570 0.010564 -0.006980
v 0.021570 0.010541 -0.006932
v 0.021570 0.010515 -0.006885
v 0.021570 0.010487 -0.006839
v 0.021570 0.010457 -0.006795
v 0.021570 0.010425 -0.006752
v 0.021570 0.010392 -0.006710
v 0.021570 0.010356 -0.006669
v 0.021570 0.010319 -0.006631
v 0.021570 0.010281 -0.006594
v 0.021570 0.010240 -0.006558
v 0.021570 0.010198 -0.006525
v 0.021570 0.010155 -0.006493
v 0.021570 0.010111 -0.006463
v 0.021570 0.010065 -0.006435
v 0.021570 0.010018 -0.006409
v 0.021570 0.009970 -0.006386
v 0.021570 0.009921 -0.006364
v 0.021570 0.009871 -0.006345
v 0.021570 0.009820 -0.006327
v 0.021570 0.009768 -0.006312
v 0.021570 0.009716 -0.006300
v 0.021570 0.009663 -0.006289
v 0.021570 0.009610 -0.006281
v 0.021570 0.009557 -0.006275
v 0.021570 0.009504 -0.006272
v 0.021570 0.009450 -0.006270
v 0.021570 0.009450 -0.007500
v 0.024300 0.009504 -0.006272
v 0.024300 0.009450 -0.006270
v 0.024300 0.009557 -0.006275
v 0.024300 0.009610 -0.006281
v 0.024300 0.009663 -0.006289
v 0.024300 0.009716 -0.006300
v 0.024300 0.009768 -0.006312
v 0.024300 0.009820 -0.006327
v 0.024300 0.009871 -0.006345
v 0.024300 0.009921 -0.006364
v 0.024300 0.009970 -0.006386
v 0.024300 0.010018 -0.006409
v 0.024300 0.010065 -0.006435
v 0.024300 0.010111 -0.006463
v 0.024300 0.010155 -0.006493
v 0.024300 0.010198 -0.006525
v 0.024300 0.010240 -0.006558
v 0.024300 0.010281 -0.006594
v 0.024300 0.010319 -0.006631
v 0.024300 0.010356 -0.006669
v 0.024300 0.010392 -0.006710
v 0.024300 0.010425 -0.006752
v 0.024300 0.010457 -0.006795
v 0.024300 0.010487 -0.006839
v 0.024300 0.010515 -0.006885
v 0.024300 0.010541 -0.006932
v 0.024300 0.010564 -0.006980
v 0.024300 0.010586 -0.007029
v 0.024300 0.010605 -0.007079
v 0.024300 0.010623 -0.007130
v 0.024300 0.010638 -0.007182
v 0.024300 0.010650 -0.007234
v 0.024300 0.010661 -0.007286
v 0.024300 0.010669 -0.007340
v 0.024300 0.010675 -0.007393
v 0.024300 0.010678 -0.007446
v 0.024300 0.010679 -0.007500
v 0.024300 0.010678 -0.007554
v 0.024300 0.010675 -0.007607
v 0.024300 0.010669 -0.007660
v 0.024300 0.010661 -0.007713
v 0.024300 0.010650 -0.007766
v 0.024300 0.010638 -0.007818
v 0.024300 0.010623 -0.007870
v 0.024300 0.010605 -0.007921
v 0.024300 0.010586 -0.007971
v 0.024300 0.010564 -0.008020
v 0.024300 0.010541 -0.008068
v 0.024300 0.010515 -0.008115
v 0.024300 0.010487 -0.008161
v 0.024300 0.010457 -0.008205
v 0.024300 0.010425 -0.008248
v 0.024300 0.010392 -0.008290
v 0.024300 0.010356 -0.008331
v 0.024300 0.010319 -0.008369
v 0.024300 0.010281 -0.008406
v 0.024300 0.010240 -0.008442
v 0.024300 0.010198 -0.008475
v 0.024300 0.010155 -0.008507
v 0.024300 0.010111 -0.008537
v 0.024300 0.010065 -0.008565
v 0.024300 0.010018 -0.008591
v 0.024300 0.009970 -0.008614
v 0.024300 0.009921 -0.008636
v 0.024300 0.009871 -0.008655
v 0.024300 0.009820 -0.008673
v 0.024300 0.009768 -0.008688
v 0.024300 0.009716 -0.008700
v 0.024300 0.009663 -0.008711
v 0.024300 0.009610 -0.008719
v 0.024300 0.009557 -0.008725
v 0.024300 0.009504 -0.008728
v 0.024300 0.009450 -0.008729
v 0.024300 0.009396 -0.008728
v 0.024300 0.009343 -0.008725
v 0.024300 0.009290 -0.008719
v 0.024300 0.009236 -0.008711
v 0.024300 0.009184 -0.008700
v 0.024300 0.009132 -0.008688
v 0.024300 0.009080 -0.008673
v 0.024300 0.009029 -0.008655
v 0.024300 0.008979 -0.008636
v 0.024300 0.008930 -0.008614
v 0.024300 0.008882 -0.008591
v 0.024300 0.008835 -0.008565
v 0.024300 0.008789 -0.008537
v 0.024300 0.008745 -0.008507
v 0.024300 0.008702 -0.008475
v 0.024300 0.008660 -0.008442
v 0.024300 0.008619 -0.008406
v 0.024300 0.008581 -0.008369
v 0.024300 0.008544 -0.008331
v 0.024300 0.008508 -0.008290
v 0.024300 0.008475 -0.008248
v 0.024300 0.008443 -0.008205
v 0.024300 0.008413 -0.008161
v 0.024300 0.008385 -0.008115
v 0.024300 0.008359 -0.008068
v 0.024300 0.008336 -0.008020
v 0.024300 0.008314 -0.007971
v 0.024300 0.008295 -0.007921
v 0.024300 0.008277 -0.007870
v 0.024300 0.008262 -0.007818
v 0.024300 0.008250 -0.007766
v 0.024300 0.008239 -0.007713
v 0.024300 0.008231 -0.007660
v 0.024300 0.008225 -0.007607
v 0.024300 0.008222 -0.007554
v 0.024300 0.008220 -0.007500
v 0.024300 0.008222 -0.007446
v 0.024300 0.008225 -0.007393
v 0.024300 0.008231 -0.007340
v 0.024300 0.008239 -0.007286
v 0.024300 0.008250 -0.007234
v 0.024300 0.008262 -0.007182
v 0.024300 0.008277 -0.007130
v 0.024300 0.008295 -0.007079
v 0.024300 0.008314 -0.007029
v 0.024300 0.008336 -0.006980
v 0.024300 0.008359 -0.006932
v 0.024300 0.008385 -0.006885
v 0.024300 0.008413 -0.006839
v 0.024300 0.008443 -0.006795
v 0.024300 0.008475 -0.006752
v 0.024300 0.008508 -0.006710
v 0.024300 0.008544 -0.006669
v 0.024300 0.008581 -0.006631
v 0.024300 0.008619 -0.006594
v 0.024300 0.008660 -0.006558
v 0.024300 0.008702 -0.006525
v 0.024300 0.008745 -0.006493
v 0.024300 0.008789 -0.006463
v 0.024300 0.008835 -0.006435
v 0.024300 0.008882 -0.006409
v 0.024300 0.008930 -0.006386
v 0.024300 0.008979 -0.006364
v 0.024300 0.009029 -0.006345
v 0.024300 0.009080 -0.006327
v 0.024300 0.009132 -0.006312
v 0.024300 0.009184 -0.006300
v 0.024300 0.009236 -0.006289
v 0.024300 0.009290 -0.006281
v 0.024300 0.009343 -0.006275
v 0.024300 0.009396 -0.006272
v 0.024570 0.009450 -0.009000
v 0.024570 0.009515 -0.008999
v 0.024570 0.009581 -0.008994
v 0.024570 0.009646 -0.008987
v 0.024570 0.009710 -0.008977
v 0.024570 0.009775 -0.008964
v 0.024570 0.009838 -0.008949
v 0.024570 0.009901 -0.008931
v 0.024570 0.009963 -0.008910
v 0.024570 0.010024 -0.008886
v 0.024570 0.010084 -0.008859
v 0.024570 0.010143 -0.008831
v 0.024570 0.010200 -0.008799
v 0.024570 0.010256 -0.008765
v 0.024570 0.010310 -0.008729
v 0.024570 0.010363 -0.008690
v 0.024570 0.010414 -0.008649
v 0.024570 0.010463 -0.008606
v 0.024570 0.010511 -0.008561
v 0.024570 0.010556 -0.008513
v 0.024570 0.010599 -0.008464
v 0.024570 0.010640 -0.008413
v 0.024570 0.010679 -0.008360
v 0.024570 0.010715 -0.008306
v 0.024570 0.010749 -0.008250
v 0.024570 0.010780 -0.008193
v 0.024570 0.010809 -0.008134
v 0.024570 0.010836 -0.008074
v 0.024570 0.010859 -0.008013
v 0.024570 0.010881 -0.007951
v 0.024570 0.010899 -0.007888
v 0.024570 0.010914 -0.007825
v 0.024570 0.010927 -0.007760
v 0.024570 0.010937 -0.007696
v 0.024570 0.010944 -0.007631
v 0.024570 0.010949 -0.007565
v 0.024570 0.010950 -0.007500
v 0.024570 0.010949 -0.007435
v 0.024570 0.010944 -0.007369
v 0.024570 0.010937 -0.007304
v 0.024570 0.010927 -0.007240
v 0.024570 0.010914 -0.007175
v 0.024570 0.010899 -0.007112
v 0.024570 0.010881 -0.007049
v 0.024570 0.010859 -0.006987
v 0.024570 0.010836 -0.006926
v 0.024570 0.010809 -0.006866
v 0.024570 0.010780 -0.006807
v 0.024570 0.010749 -0.006750
v 0.024570 0.010715 -0.006694
v 0.024570 0.010679 -0.006640
v 0.024570 0.010640 -0.006587
v 0.024570 0.010599 -0.006536
v 0.024570 0.010556 -0.006487
v 0.024570 0.010511 -0.006439
v 0.024570 0.010463 -0.006394
v 0.024570 0.010414 -0.006351
v 0.024570 0.010363 -0.006310
v 0.024570 0.010310 -0.006271
v 0.024570 0.010256 -0.006235
v 0.024570 0.010200 -0.006201
v 0.024570 0.010143 -0.006169
v 0.024570 0.010084 -0.006141
v 0.024570 0.010024 -0.006114
v 0.024570 0.009963 -0.006090
v 0.024570 0.009901 -0.006069
v 0.024570 0.009838 -0.006051
v 0.024570 0.009775 -0.006036
v 0.024570 0.009710 -0.006023
v 0.024570 0.009646 -0.006013
v 0.024570 0.009581 -0.006006
v 0.024570 0.009515 -0.006001
v 0.024570 0.009450 -0.006000
v 0.024570 0.009385 -0.006001
v 0.024570 0.009319 -0.006006
v 0.024570 0.009254 -0.006013
v 0.024570 0.009190 -0.006023
v 0.024570 0.009125 -0.006036
v 0.024570 0.009062 -0.006051
v 0.024570 0.008999 -0.006069
v 0.024570 0.008937 -0.006090
v 0.024570 0.008876 -0.006114
v 0.024570 0.008816 -0.006141
v 0.024570 0.008757 -0.006169
v 0.024570 0.008700 -0.006201
v 0.024570 0.008644 -0.006235
v 0.024570 0.008590 -0.006271
v 0.024570 0.008537 -0.006310
v 0.024570 0.008486 -0.006351
v 0.024570 0.008437 -0.006394
v 0.024570 0.008389 -0.006439
v 0.024570 0.008344 -0.006487
v 0.024570 0.008301 -0.006536
v 0.024570 0.008260 -0.006587
v 0.024570 0.008221 -0.006640
v 0.024570 0.008185 -0.006694
v 0.024570 0.008151 -0.006750
v 0.024570 0.008119 -0.006807
v 0.024570 0.008091 -0.006866
v 0.024570 0.008064 -0.006926
v 0.024570 0.008040 -0.006987
v 0.024570 0.008019 -0.007049
v 0.024570 0.008001 -0.007112
v 0.024570 0.007986 -0.007175
v 0.024570 0.007973 -0.007240
v 0.024570 0.007963 -0.007304
v 0.024570 0.007956 -0.007369
v 0.024570 0.007951 -0.007435
v 0.024570 0.007950 -0.007500
v 0.024570 0.007951 -0.007565
v 0.024570 0.007956 -0.007631
v 0.024570 0.007963 -0.007696
v 0.024570 0.007973 -0.007760
v 0.024570 0.007986 -0.007825
v 0.024570 0.008001 -0.007888
v 0.024570 0.008019 -0.007951
v 0.024570 0.008040 -0.008013
v 0.024570 0.008064 -0.008074
v 0.024570 0.008091 -0.008134
v 0.024570 0.008119 -0.008193
v 0.024570 0.008151 -0.008250
v 0.024570 0.008185 -0.008306
v 0.024570 0.008221 -0.008360
v 0.024570 0.008260 -0.008413
v 0.024570 0.008301 -0.008464
v 0.024570 0.008344 -0.008513
v 0.024570 0.008389 -0.008561
v 0.024570 0.008437 -0.008606
v 0.024570 0.008486 -0.008649
v 0.024570 0.008537 -0.008690
v 0.024570 0.008590 -0.008729
v 0.024570 0.008644 -0.008765
v 0.024570 0.008700 -0.008799
v 0.024570 0.008757 -0.008831
v 0.024570 0.008816 -0.008859
v 0.024570 0.008876 -0.008886
v 0.024570 0.008937 -0.008910
v 0.024570 0.008999 -0.008931
v 0.024570 0.009062 -0.008949
v 0.024570 0.009125 -0.008964
v 0.024570 0.009190 -0.008977
v 0.024570 0.009254 -0.008987
v 0.024570 0.009319 -0.008994
v 0.024570 0.009385 -0.008999
v 0.024570 0.018019 -0.007951
v 0.024570 0.018001 -0.007888
v 0.024570 0.018151 -0.008250
v 0.024570 0.018119 -0.008193
v 0.024570 0.023900 -0.009500
v 0.024570 0.020363 -0.008690
v 0.024570 0.020310 -0.008729
v 0.024570 0.020463 -0.008606
v 0.024570 0.020414 -0.008649
v 0.024570 0.020556 -0.008513
v 0.024570 0.020511 -0.008561
v 0.024570 0.020640 -0.008413
v 0.024570 0.020599 -0.008464
v 0.024570 0.018064 -0.008074
v 0.024570 0.018040 -0.008013
v 0.024570 0.018185 -0.008306
v 0.024570 0.018301 -0.008464
v 0.024570 0.018260 -0.008413
v 0.024570 0.018389 -0.008561
v 0.024570 0.018344 -0.008513
v 0.024570 0.018001 -0.007112
v 0.024570 0.020749 -0.008250
v 0.024570 0.020715 -0.008306
v 0.024570 0.018221 -0.008360
v 0.024570 0.017950 -0.007500
v 0.024570 0.018019 -0.007049
v 0.024570 0.020200 -0.008799
v 0.024570 0.020143 -0.008831
v 0.024570 0.020679 -0.008360
v 0.024570 0.023900 -0.004800
v 0.024570 0.019775 -0.006036
v 0.024570 0.019838 -0.006051
v 0.024570 0.018537 -0.008690
v 0.024570 0.018090 -0.008134
v 0.024570 0.018486 -0.008649
v 0.024570 0.017956 -0.007369
v 0.024570 0.017963 -0.007304
v 0.024570 0.017951 -0.007435
v 0.024570 0.017951 -0.007565
v 0.024570 0.018119 -0.006807
v 0.024570 0.018151 -0.006750
v 0.024570 0.020256 -0.008765
v 0.024570 0.019710 -0.006023
v 0.024570 0.019581 -0.006006
v 0.024570 0.019646 -0.006013
v 0.024570 0.019450 -0.006000
v 0.024570 0.019515 -0.006001
v 0.024570 0.018700 -0.006201
v 0.024570 0.018757 -0.006169
v 0.024570 0.018537 -0.006310
v 0.024570 0.018590 -0.006271
v 0.024570 0.018437 -0.006394
v 0.024570 0.018486 -0.006351
v 0.024570 0.018437 -0.008606
v 0.024570 0.018757 -0.008831
v 0.024570 0.018700 -0.008799
v 0.024570 0.017973 -0.007240
v 0.024570 0.017963 -0.007696
v 0.024570 0.017956 -0.007631
v 0.024570 0.017986 -0.007825
v 0.024570 0.017973 -0.007760
v 0.024570 0.018090 -0.006866
v 0.024570 0.018040 -0.006987
v 0.024570 0.018064 -0.006926
v 0.024570 0.020024 -0.008886
v 0.024570 0.019963 -0.008910
v 0.024570 0.020809 -0.008134
v 0.024570 0.020780 -0.008193
v 0.024570 0.020881 -0.007951
v 0.024570 0.020859 -0.008013
v 0.024570 0.020914 -0.007825
v 0.024570 0.020899 -0.007888
v 0.024570 0.020937 -0.007696
v 0.024570 0.020927 -0.007760
v 0.024570 0.020511 -0.006439
v 0.024570 0.020556 -0.006487
v 0.024570 0.019901 -0.006069
v 0.024570 0.019319 -0.006006
v 0.024570 0.019385 -0.006001
v 0.024570 0.018999 -0.006069
v 0.024570 0.019062 -0.006051
v 0.024570 0.018876 -0.006114
v 0.024570 0.018937 -0.006090
v 0.024570 0.018816 -0.006141
v 0.024570 0.018644 -0.008765
v 0.024570 0.018260 -0.006587
v 0.024570 0.018301 -0.006536
v 0.024570 0.018185 -0.006694
v 0.024570 0.020084 -0.008859
v 0.024570 0.020836 -0.008074
v 0.024570 0.020640 -0.006587
v 0.024570 0.020679 -0.006640
v 0.024570 0.020599 -0.006536
v 0.024570 0.019963 -0.006090
v 0.024570 0.020024 -0.006114
v 0.024570 0.019254 -0.006013
v 0.024570 0.019125 -0.006036
v 0.024570 0.019189 -0.006023
v 0.024570 0.018644 -0.006235
v 0.024570 0.018590 -0.008729
v 0.024570 0.017986 -0.007175
v 0.024570 0.018344 -0.006487
v 0.024570 0.005000 -0.004800
v 0.024570 0.019838 -0.008949
v 0.024570 0.019775 -0.008964
v 0.024570 0.020914 -0.007175
v 0.024570 0.020927 -0.007240
v 0.024570 0.020809 -0.006866
v 0.024570 0.020836 -0.006926
v 0.024570 0.020715 -0.006694
v 0.024570 0.020749 -0.006750
v 0.024570 0.020084 -0.006141
v 0.024570 0.018389 -0.006439
v 0.024570 0.018221 -0.006640
v 0.024570 0.005000 -0.009500
v 0.024570 0.019710 -0.008977
v 0.024570 0.019646 -0.008987
v 0.024570 0.019901 -0.008931
v 0.024570 0.020950 -0.007500
v 0.024570 0.020949 -0.007565
v 0.024570 0.020944 -0.007369
v 0.024570 0.020949 -0.007435
v 0.024570 0.020899 -0.007112
v 0.024570 0.020859 -0.006987
v 0.024570 0.020881 -0.007049
v 0.024570 0.020780 -0.006807
v 0.024570 0.019581 -0.008994
v 0.024570 0.019515 -0.008999
v 0.024570 0.020944 -0.007631
v 0.024570 0.020310 -0.006271
v 0.024570 0.020363 -0.006310
v 0.024570 0.020937 -0.007304
v 0.024570 0.020414 -0.006351
v 0.024570 0.020463 -0.006394
v 0.024570 0.020256 -0.006235
v 0.024570 0.019254 -0.008987
v 0.024570 0.019189 -0.008977
v 0.024570 0.019319 -0.008994
v 0.024570 0.020143 -0.006169
v 0.024570 0.020200 -0.006201
v 0.024570 0.019062 -0.008949
v 0.024570 0.018999 -0.008931
v 0.024570 0.019125 -0.008964
v 0.024570 0.019385 -0.008999
v 0.024570 0.018876 -0.008886
v 0.024570 0.018816 -0.008859
v 0.024570 0.018937 -0.008910
v 0.024570 0.019450 -0.009000
v 0.024070 0.005000 -0.010000
v 0.024070 0.023900 -0.010000
v 0.024270 0.023900 -0.004500
v 0.024270 0.005000 -0.004500
v 0.024170 0.023900 -0.004500
v 0.024170 0.005000 -0.004500
v 0.024170 0.023900 0.004500
v 0.024170 0.005000 0.004500
v 0.024270 0.023900 0.004500
v 0.024270 0.005000 0.004500
v 0.024570 0.023900 0.004800
v 0.024570 0.005000 0.004800
v 0.017070 0.005000 -0.010000
v 0.017070 0.023900 -0.010000
v 0.016570 0.005000 -0.009500
v 0.016570 0.023900 -0.009500
v 0.024300 0.019504 -0.008728
v 0.024300 0.019557 -0.008725
v 0.024300 0.019610 -0.008719
v 0.024300 0.019663 -0.008711
v 0.024300 0.019716 -0.008700
v 0.024300 0.019768 -0.008688
v 0.024300 0.019820 -0.008673
v 0.024300 0.019870 -0.008655
v 0.024300 0.019920 -0.008636
v 0.024300 0.019970 -0.008614
v 0.024300 0.020018 -0.008591
v 0.024300 0.020065 -0.008565
v 0.024300 0.020111 -0.008537
v 0.024300 0.020155 -0.008507
v 0.024300 0.020198 -0.008475
v 0.024300 0.020240 -0.008442
v 0.024300 0.020281 -0.008406
v 0.024300 0.020319 -0.008369
v 0.024300 0.020356 -0.008331
v 0.024300 0.020392 -0.008290
v 0.024300 0.020425 -0.008248
v 0.024300 0.020457 -0.008205
v 0.024300 0.020487 -0.008161
v 0.024300 0.020515 -0.008115
v 0.024300 0.020541 -0.008068
v 0.024300 0.020564 -0.008020
v 0.024300 0.020586 -0.007971
v 0.024300 0.020605 -0.007921
v 0.024300 0.020623 -0.007870
v 0.024300 0.020638 -0.007818
v 0.024300 0.020650 -0.007766
v 0.024300 0.020661 -0.007714
v 0.024300 0.020669 -0.007660
v 0.024300 0.020675 -0.007607
v 0.024300 0.020678 -0.007554
v 0.024300 0.020679 -0.007500
v 0.024300 0.020678 -0.007446
v 0.024300 0.020675 -0.007393
v 0.024300 0.020669 -0.007340
v 0.024300 0.020661 -0.007287
v 0.024300 0.020650 -0.007234
v 0.024300 0.020638 -0.007182
v 0.024300 0.020623 -0.007130
v 0.024300 0.020605 -0.007079
v 0.024300 0.020586 -0.007029
v 0.024300 0.020564 -0.006980
v 0.024300 0.020541 -0.006932
v 0.024300 0.020515 -0.006885
v 0.024300 0.020487 -0.006839
v 0.024300 0.020457 -0.006795
v 0.024300 0.020425 -0.006752
v 0.024300 0.020392 -0.006710
v 0.024300 0.020356 -0.006669
v 0.024300 0.020319 -0.006631
v 0.024300 0.020281 -0.006594
v 0.024300 0.020240 -0.006558
v 0.024300 0.020198 -0.006525
v 0.024300 0.020155 -0.006493
v 0.024300 0.020111 -0.006463
v 0.024300 0.020065 -0.006435
v 0.024300 0.020018 -0.006409
v 0.024300 0.019970 -0.006386
v 0.024300 0.019920 -0.006364
v 0.024300 0.019870 -0.006345
v 0.024300 0.019820 -0.006327
v 0.024300 0.019768 -0.006312
v 0.024300 0.019716 -0.006300
v 0.024300 0.019663 -0.006289
v 0.024300 0.019610 -0.006281
v 0.024300 0.019557 -0.006275
v 0.024300 0.019504 -0.006272
v 0.024300 0.019450 -0.006271
v 0.024300 0.019396 -0.006272
v 0.024300 0.019343 -0.006275
v 0.024300 0.019289 -0.006281
v 0.024300 0.019236 -0.006289
v 0.024300 0.019184 -0.006300
v 0.024300 0.019132 -0.006312
v 0.024300 0.019080 -0.006327
v 0.024300 0.019029 -0.006345
v 0.024300 0.018979 -0.006364
v 0.024300 0.018930 -0.006386
v 0.024300 0.018882 -0.006409
v 0.024300 0.018835 -0.006435
v 0.024300 0.018789 -0.006463
v 0.024300 0.018745 -0.006493
v 0.024300 0.018701 -0.006525
v 0.024300 0.018660 -0.006558
v 0.024300 0.018619 -0.006594
v 0.024300 0.018581 -0.006631
v 0.024300 0.018543 -0.006669
v 0.024300 0.018508 -0.006710
v 0.024300 0.018475 -0.006752
v 0.024300 0.018443 -0.006795
v 0.024300 0.018413 -0.006839
v 0.024300 0.018385 -0.006885
v 0.024300 0.018359 -0.006932
v 0.024300 0.018336 -0.006980
v 0.024300 0.018314 -0.007029
v 0.024300 0.018295 -0.007079
v 0.024300 0.018277 -0.007130
v 0.024300 0.018262 -0.007182
v 0.024300 0.018250 -0.007234
v 0.024300 0.018239 -0.007287
v 0.024300 0.018231 -0.007340
v 0.024300 0.018225 -0.007393
v 0.024300 0.018222 -0.007446
v 0.024300 0.018220 -0.007500
v 0.024300 0.018222 -0.007554
v 0.024300 0.018225 -0.007607
v 0.024300 0.018231 -0.007660
v 0.024300 0.018239 -0.007714
v 0.024300 0.018250 -0.007766
v 0.024300 0.018262 -0.007818
v 0.024300 0.018277 -0.007870
v 0.024300 0.018295 -0.007921
v 0.024300 0.018314 -0.007971
v 0.024300 0.018336 -0.008020
v 0.024300 0.018359 -0.008068
v 0.024300 0.018385 -0.008115
v 0.024300 0.018413 -0.008161
v 0.024300 0.018443 -0.008205
v 0.024300 0.018475 -0.008248
v 0.024300 0.018508 -0.008290
v 0.024300 0.018543 -0.008331
v 0.024300 0.018581 -0.008369
v 0.024300 0.018619 -0.008406
v 0.024300 0.018660 -0.008442
v 0.024300 0.018701 -0.008475
v 0.024300 0.018745 -0.008507
v 0.024300 0.018789 -0.008537
v 0.024300 0.018835 -0.008565
v 0.024300 0.018882 -0.008591
v 0.024300 0.018930 -0.008614
v 0.024300 0.018979 -0.008636
v 0.024300 0.019029 -0.008655
v 0.024300 0.019080 -0.008673
v 0.024300 0.019132 -0.008688
v 0.024300 0.019184 -0.008700
v 0.024300 0.019236 -0.008711
v 0.024300 0.019289 -0.008719
v 0.024300 0.019343 -0.008725
v 0.024300 0.019396 -0.008728
v 0.024300 0.019450 -0.008730
v 0.021570 0.019450 -0.006271
v 0.021570 0.019504 -0.006272
v 0.021570 0.019557 -0.006275
v 0.021570 0.019610 -0.006281
v 0.021570 0.019663 -0.006289
v 0.021570 0.019716 -0.006300
v 0.021570 0.019768 -0.006312
v 0.021570 0.019820 -0.006327
v 0.021570 0.019870 -0.006345
v 0.021570 0.019920 -0.006364
v 0.021570 0.019970 -0.006386
v 0.021570 0.020018 -0.006409
v 0.021570 0.020065 -0.006435
v 0.021570 0.020111 -0.006463
v 0.021570 0.020155 -0.006493
v 0.021570 0.020198 -0.006525
v 0.021570 0.020240 -0.006558
v 0.021570 0.020281 -0.006594
v 0.021570 0.020319 -0.006631
v 0.021570 0.020356 -0.006669
v 0.021570 0.020392 -0.006710
v 0.021570 0.020425 -0.006752
v 0.021570 0.020457 -0.006795
v 0.021570 0.020487 -0.006839
v 0.021570 0.020515 -0.006885
v 0.021570 0.020541 -0.006932
v 0.021570 0.020564 -0.006980
v 0.021570 0.020586 -0.007029
v 0.021570 0.020605 -0.007079
v 0.021570 0.020623 -0.007130
v 0.021570 0.020638 -0.007182
v 0.021570 0.020650 -0.007234
v 0.021570 0.020661 -0.007287
v 0.021570 0.020669 -0.007340
v 0.021570 0.020675 -0.007393
v 0.021570 0.020678 -0.007446
v 0.021570 0.020679 -0.007500
v 0.021570 0.020678 -0.007554
v 0.021570 0.020675 -0.007607
v 0.021570 0.020669 -0.007660
v 0.021570 0.020661 -0.007714
v 0.021570 0.020650 -0.007766
v 0.021570 0.020638 -0.007818
v 0.021570 0.020623 -0.007870
v 0.021570 0.020605 -0.007921
v 0.021570 0.020586 -0.007971
v 0.021570 0.020564 -0.008020
v 0.021570 0.020541 -0.008068
v 0.021570 0.020515 -0.008115
v 0.021570 0.020487 -0.008161
v 0.021570 0.020457 -0.008205
v 0.021570 0.020425 -0.008248
v 0.021570 0.020392 -0.008290
v 0.021570 0.020356 -0.008331
v 0.021570 0.020319 -0.008369
v 0.021570 0.020281 -0.008406
v 0.021570 0.020240 -0.008442
v 0.021570 0.020198 -0.008475
v 0.021570 0.020155 -0.008507
v 0.021570 0.020111 -0.008537
v 0.021570 0.020065 -0.008565
v 0.021570 0.020018 -0.008591
v 0.021570 0.019970 -0.008614
v 0.021570 0.019920 -0.008636
v 0.021570 0.019870 -0.008655
v 0.021570 0.019820 -0.008673
v 0.021570 0.019768 -0.008688
v 0.021570 0.019716 -0.008700
v 0.021570 0.019663 -0.008711
v 0.021570 0.019610 -0.008719
v 0.021570 0.019557 -0.008725
v 0.021570 0.019504 -0.008728
v 0.021570 0.019450 -0.008730
v 0.021570 0.019396 -0.008728
v 0.021570 0.019343 -0.008725
v 0.021570 0.019289 -0.008719
v 0.021570 0.019236 -0.008711
v 0.021570 0.019184 -0.008700
v 0.021570 0.019132 -0.008688
v 0.021570 0.019080 -0.008673
v 0.021570 0.019029 -0.008655
v 0.021570 0.018979 -0.008636
v 0.021570 0.018930 -0.008614
v 0.021570 0.018882 -0.008591
v 0.021570 0.018835 -0.008565
v 0.021570 0.018789 -0.008537
v 0.021570 0.018745 -0.008507
v 0.021570 0.018701 -0.008475
v 0.021570 0.018660 -0.008442
v 0.021570 0.018619 -0.008406
v 0.021570 0.018581 -0.008369
v 0.021570 0.018543 -0.008331
v 0.021570 0.018508 -0.008290
v 0.021570 0.018475 -0.008248
v 0.021570 0.018443 -0.008205
v 0.021570 0.018413 -0.008161
v 0.021570 0.018385 -0.008115
v 0.021570 0.018359 -0.008068
v 0.021570 0.018336 -0.008020
v 0.021570 0.018314 -0.007971
v 0.021570 0.018295 -0.007921
v 0.021570 0.018277 -0.007870
v 0.021570 0.018262 -0.007818
v 0.021570 0.018250 -0.007766
v 0.021570 0.018239 -0.007714
v 0.021570 0.018231 -0.007660
v 0.021570 0.018225 -0.007607
v 0.021570 0.018222 -0.007554
v 0.021570 0.018220 -0.007500
v 0.021570 0.018222 -0.007446
v 0.021570 0.018225 -0.007393
v 0.021570 0.018231 -0.007340
v 0.021570 0.018239 -0.007287
v 0.021570 0.018250 -0.007234
v 0.021570 0.018262 -0.007182
v 0.021570 0.018277 -0.007130
v 0.021570 0.018295 -0.007079
v 0.021570 0.018314 -0.007029
v 0.021570 0.018336 -0.006980
v 0.021570 0.018359 -0.006932
v 0.021570 0.018385 -0.006885
v 0.021570 0.018413 -0.006839
v 0.021570 0.018443 -0.006795
v 0.021570 0.018475 -0.006752
v 0.021570 0.018508 -0.006710
v 0.021570 0.018543 -0.006669
v 0.021570 0.018581 -0.006631
v 0.021570 0.018619 -0.006594
v 0.021570 0.018660 -0.006558
v 0.021570 0.018701 -0.006525
v 0.021570 0.018745 -0.006493
v 0.021570 0.018789 -0.006463
v 0.021570 0.018835 -0.006435
v 0.021570 0.018882 -0.006409
v 0.021570 0.018930 -0.006386
v 0.021570 0.018979 -0.006364
v 0.021570 0.019029 -0.006345
v 0.021570 0.019080 -0.006327
v 0.021570 0.019132 -0.006312
v 0.021570 0.019184 -0.006300
v 0.021570 0.019236 -0.006289
v 0.021570 0.019289 -0.006281
v 0.021570 0.019343 -0.006275
v 0.021570 0.019396 -0.006272
v 0.021570 0.019450 -0.007500
v 0.024570 0.023900 0.009500
v 0.024570 0.020511 0.008561
v 0.024570 0.020556 0.008513
v 0.024570 0.019319 0.006006
v 0.024570 0.019254 0.006013
v 0.024570 0.020640 0.008413
v 0.024570 0.020679 0.008360
v 0.024570 0.020599 0.008464
v 0.024570 0.019450 0.009000
v 0.024570 0.019515 0.008999
v 0.024570 0.010810 0.008134
v 0.024570 0.010836 0.008074
v 0.024570 0.019254 0.008987
v 0.024570 0.010927 0.007240
v 0.024570 0.018590 0.006271
v 0.024570 0.018537 0.006310
v 0.024570 0.010899 0.007112
v 0.024570 0.018816 0.006141
v 0.024570 0.018757 0.006169
v 0.024570 0.018937 0.006090
v 0.024570 0.018876 0.006114
v 0.024570 0.019062 0.006051
v 0.024570 0.018999 0.006069
v 0.024570 0.019190 0.006023
v 0.024570 0.019125 0.006036
v 0.024570 0.010937 0.007304
v 0.024570 0.018486 0.006351
v 0.024570 0.010927 0.007760
v 0.024570 0.018120 0.008193
v 0.024570 0.018151 0.008250
v 0.024570 0.020363 0.008690
v 0.024570 0.020414 0.008649
v 0.024570 0.020256 0.008765
v 0.024570 0.020310 0.008729
v 0.024570 0.020143 0.008831
v 0.024570 0.020200 0.008799
v 0.024570 0.019581 0.008994
v 0.024570 0.019646 0.008987
v 0.024570 0.019319 0.008994
v 0.024570 0.019385 0.008999
v 0.024570 0.010640 0.008413
v 0.024570 0.010679 0.008360
v 0.024570 0.010556 0.008513
v 0.024570 0.010599 0.008464
v 0.024570 0.018700 0.006201
v 0.024570 0.018644 0.006235
v 0.024570 0.018151 0.006750
v 0.024570 0.018120 0.006807
v 0.024570 0.018221 0.006640
v 0.024570 0.018185 0.006694
v 0.024570 0.018389 0.006439
v 0.024570 0.018344 0.006487
v 0.024570 0.018437 0.006394
v 0.024570 0.010949 0.007565
v 0.024570 0.010950 0.007500
v 0.024570 0.017950 0.007500
v 0.024570 0.018091 0.008134
v 0.024570 0.010944 0.007631
v 0.024570 0.018001 0.007888
v 0.024570 0.020463 0.008606
v 0.024570 0.020084 0.008859
v 0.024570 0.019963 0.008910
v 0.024570 0.020024 0.008886
v 0.024570 0.019711 0.008977
v 0.024570 0.019775 0.008964
v 0.024570 0.010860 0.008013
v 0.024570 0.010463 0.008606
v 0.024570 0.010511 0.008561
v 0.024570 0.009901 0.006069
v 0.024570 0.009838 0.006051
v 0.024570 0.010914 0.007175
v 0.024570 0.019450 0.006000
v 0.024570 0.019385 0.006001
v 0.024570 0.010944 0.007369
v 0.024570 0.018019 0.007049
v 0.024570 0.018001 0.007112
v 0.024570 0.018301 0.006536
v 0.024570 0.018260 0.006587
v 0.024570 0.017956 0.007631
v 0.024570 0.017963 0.007696
v 0.024570 0.017951 0.007565
v 0.024570 0.017951 0.007435
v 0.024570 0.010949 0.007435
v 0.024570 0.017963 0.007304
v 0.024570 0.017956 0.007369
v 0.024570 0.018537 0.008690
v 0.024570 0.018590 0.008729
v 0.024570 0.018301 0.008464
v 0.024570 0.018344 0.008513
v 0.024570 0.018185 0.008306
v 0.024570 0.018019 0.007951
v 0.024570 0.010937 0.007696
v 0.024570 0.020914 0.007825
v 0.024570 0.020927 0.007760
v 0.024570 0.020810 0.008134
v 0.024570 0.020836 0.008074
v 0.024570 0.020715 0.008306
v 0.024570 0.020749 0.008250
v 0.024570 0.019838 0.008949
v 0.024570 0.019901 0.008931
v 0.024570 0.010881 0.007951
v 0.024570 0.010715 0.008306
v 0.024570 0.010749 0.008250
v 0.024570 0.010363 0.008690
v 0.024570 0.010414 0.008649
v 0.024570 0.009710 0.006023
v 0.024570 0.009646 0.006013
v 0.024570 0.009775 0.006036
v 0.024570 0.010860 0.006987
v 0.024570 0.010836 0.006926
v 0.024570 0.010881 0.007049
v 0.024570 0.018064 0.006926
v 0.024570 0.018041 0.006987
v 0.024570 0.018091 0.006866
v 0.024570 0.017973 0.007760
v 0.024570 0.017973 0.007240
v 0.024570 0.018700 0.008799
v 0.024570 0.018757 0.008831
v 0.024570 0.018644 0.008765
v 0.024570 0.018437 0.008606
v 0.024570 0.018486 0.008649
v 0.024570 0.018260 0.008413
v 0.024570 0.018221 0.008360
v 0.024570 0.018041 0.008013
v 0.024570 0.018064 0.008074
v 0.024570 0.020899 0.007888
v 0.024570 0.020860 0.008013
v 0.024570 0.020881 0.007951
v 0.024570 0.020781 0.008193
v 0.024570 0.010781 0.008193
v 0.024570 0.005000 0.009500
v 0.024570 0.009450 0.009000
v 0.024570 0.009515 0.008999
v 0.024570 0.009062 0.008949
v 0.024570 0.009125 0.008964
v 0.024570 0.019711 0.006023
v 0.024570 0.019646 0.006013
v 0.024570 0.019838 0.006051
v 0.024570 0.019775 0.006036
v 0.024570 0.009581 0.006006
v 0.024570 0.009515 0.006001
v 0.024570 0.010640 0.006587
v 0.024570 0.010599 0.006536
v 0.024570 0.017986 0.007175
v 0.024570 0.019125 0.008964
v 0.024570 0.019190 0.008977
v 0.024570 0.018999 0.008931
v 0.024570 0.019062 0.008949
v 0.024570 0.018876 0.008886
v 0.024570 0.018937 0.008910
v 0.024570 0.018816 0.008859
v 0.024570 0.018389 0.008561
v 0.024570 0.009581 0.008994
v 0.024570 0.009646 0.008987
v 0.024570 0.009190 0.008977
v 0.024570 0.008816 0.008859
v 0.024570 0.008876 0.008886
v 0.024570 0.019581 0.006006
v 0.024570 0.019901 0.006069
v 0.024570 0.010084 0.006141
v 0.024570 0.010024 0.006114
v 0.024570 0.010200 0.006201
v 0.024570 0.010143 0.006169
v 0.024570 0.010310 0.006271
v 0.024570 0.010256 0.006235
v 0.024570 0.010556 0.006487
v 0.024570 0.010511 0.006439
v 0.024570 0.010715 0.006694
v 0.024570 0.010679 0.006640
v 0.024570 0.017986 0.007825
v 0.024570 0.010899 0.007888
v 0.024570 0.010914 0.007825
v 0.024570 0.009710 0.008977
v 0.024570 0.009775 0.008964
v 0.024570 0.009319 0.008994
v 0.024570 0.009385 0.008999
v 0.024570 0.009254 0.008987
v 0.024570 0.008757 0.008831
v 0.024570 0.020084 0.006141
v 0.024570 0.020024 0.006114
v 0.024570 0.020256 0.006235
v 0.024570 0.020200 0.006201
v 0.024570 0.020640 0.006587
v 0.024570 0.020599 0.006536
v 0.024570 0.020749 0.006750
v 0.024570 0.020715 0.006694
v 0.024570 0.020810 0.006866
v 0.024570 0.020781 0.006807
v 0.024570 0.009963 0.006090
v 0.024570 0.010414 0.006351
v 0.024570 0.010363 0.006310
v 0.024570 0.010463 0.006394
v 0.024570 0.010810 0.006866
v 0.024570 0.010781 0.006807
v 0.024570 0.020944 0.007631
v 0.024570 0.020949 0.007565
v 0.024570 0.010200 0.008799
v 0.024570 0.010256 0.008765
v 0.024570 0.010024 0.008886
v 0.024570 0.010084 0.008859
v 0.024570 0.008937 0.008910
v 0.024570 0.008999 0.008931
v 0.024570 0.008700 0.008799
v 0.024570 0.008040 0.008013
v 0.024570 0.008064 0.008074
v 0.024570 0.019515 0.006001
v 0.024570 0.019963 0.006090
v 0.024570 0.020143 0.006169
v 0.024570 0.020363 0.006310
v 0.024570 0.020310 0.006271
v 0.024570 0.020556 0.006487
v 0.024570 0.010749 0.006750
v 0.024570 0.020937 0.007696
v 0.024570 0.010310 0.008729
v 0.024570 0.010143 0.008831
v 0.024570 0.009838 0.008949
v 0.024570 0.009901 0.008931
v 0.024570 0.008537 0.008690
v 0.024570 0.008590 0.008729
v 0.024570 0.008344 0.008513
v 0.024570 0.008389 0.008561
v 0.024570 0.008091 0.008134
v 0.024570 0.008001 0.007888
v 0.024570 0.008019 0.007951
v 0.024570 0.007963 0.007696
v 0.024570 0.007973 0.007760
v 0.024570 0.020463 0.006394
v 0.024570 0.020414 0.006351
v 0.024570 0.020511 0.006439
v 0.024570 0.020679 0.006640
v 0.024570 0.020937 0.007304
v 0.024570 0.020927 0.007240
v 0.024570 0.020949 0.007435
v 0.024570 0.009963 0.008910
v 0.024570 0.008644 0.008765
v 0.024570 0.008301 0.008464
v 0.024570 0.008221 0.008360
v 0.024570 0.008260 0.008413
v 0.024570 0.007986 0.007825
v 0.024570 0.008757 0.006169
v 0.024570 0.008700 0.006201
v 0.024570 0.020836 0.006926
v 0.024570 0.020881 0.007049
v 0.024570 0.020860 0.006987
v 0.024570 0.020914 0.007175
v 0.024570 0.020950 0.007500
v 0.024570 0.008437 0.008606
v 0.024570 0.008486 0.008649
v 0.024570 0.008119 0.008193
v 0.024570 0.008151 0.008250
v 0.024570 0.007951 0.007565
v 0.024570 0.007956 0.007631
v 0.024570 0.007956 0.007369
v 0.024570 0.007951 0.007435
v 0.024570 0.008389 0.006439
v 0.024570 0.008344 0.006487
v 0.024570 0.008486 0.006351
v 0.024570 0.008437 0.006394
v 0.024570 0.008816 0.006141
v 0.024570 0.009190 0.006023
v 0.024570 0.009125 0.006036
v 0.024570 0.009319 0.006006
v 0.024570 0.009254 0.006013
v 0.024570 0.020899 0.007112
v 0.024570 0.020944 0.007369
v 0.024570 0.008185 0.008306
v 0.024570 0.007950 0.007500
v 0.024570 0.007963 0.007304
v 0.024570 0.008001 0.007112
v 0.024570 0.007986 0.007175
v 0.024570 0.008221 0.006640
v 0.024570 0.008185 0.006694
v 0.024570 0.008301 0.006536
v 0.024570 0.008260 0.006587
v 0.024570 0.008644 0.006235
v 0.024570 0.008937 0.006090
v 0.024570 0.008876 0.006114
v 0.024570 0.009062 0.006051
v 0.024570 0.008999 0.006069
v 0.024570 0.007973 0.007240
v 0.024570 0.008019 0.007049
v 0.024570 0.008064 0.006926
v 0.024570 0.008040 0.006987
v 0.024570 0.008151 0.006750
v 0.024570 0.008590 0.006271
v 0.024570 0.008537 0.006310
v 0.024570 0.009450 0.006000
v 0.024570 0.009385 0.006001
v 0.024570 0.008119 0.006807
v 0.024570 0.008091 0.006866
v 0.024070 0.023900 0.010000
v 0.024070 0.005000 0.010000
v 0.017070 0.023900 0.010000
v 0.017070 0.005000 0.010000
v 0.016570 0.023900 0.009500
v 0.016570 0.005000 0.009500
v 0.024300 0.019504 0.006272
v 0.024300 0.019557 0.006275
v 0.024300 0.019611 0.006281
v 0.024300 0.019664 0.006289
v 0.024300 0.019716 0.006300
v 0.024300 0.019768 0.006312
v 0.024300 0.019820 0.006327
v 0.024300 0.019871 0.006345
v 0.024300 0.019921 0.006364
v 0.024300 0.019970 0.006386
v 0.024300 0.020018 0.006409
v 0.024300 0.020065 0.006435
v 0.024300 0.020111 0.006463
v 0.024300 0.020155 0.006493
v 0.024300 0.020199 0.006525
v 0.024300 0.020240 0.006558
v 0.024300 0.020281 0.006594
v 0.024300 0.020319 0.006631
v 0.024300 0.020357 0.006669
v 0.024300 0.020392 0.006710
v 0.024300 0.020425 0.006752
v 0.024300 0.020457 0.006795
v 0.024300 0.020487 0.006839
v 0.024300 0.020515 0.006885
v 0.024300 0.020541 0.006932
v 0.024300 0.020564 0.006980
v 0.024300 0.020586 0.007029
v 0.024300 0.020605 0.007079
v 0.024300 0.020623 0.007130
v 0.024300 0.020638 0.007182
v 0.024300 0.020650 0.007234
v 0.024300 0.020661 0.007286
v 0.024300 0.020669 0.007340
v 0.024300 0.020675 0.007393
v 0.024300 0.020678 0.007446
v 0.024300 0.020680 0.007500
v 0.024300 0.020678 0.007554
v 0.024300 0.020675 0.007607
v 0.024300 0.020669 0.007660
v 0.024300 0.020661 0.007713
v 0.024300 0.020650 0.007766
v 0.024300 0.020638 0.007818
v 0.024300 0.020623 0.007870
v 0.024300 0.020605 0.007921
v 0.024300 0.020586 0.007971
v 0.024300 0.020564 0.008020
v 0.024300 0.020541 0.008068
v 0.024300 0.020515 0.008115
v 0.024300 0.020487 0.008161
v 0.024300 0.020457 0.008205
v 0.024300 0.020425 0.008248
v 0.024300 0.020392 0.008290
v 0.024300 0.020357 0.008331
v 0.024300 0.020319 0.008369
v 0.024300 0.020281 0.008406
v 0.024300 0.020240 0.008442
v 0.024300 0.020199 0.008475
v 0.024300 0.020155 0.008507
v 0.024300 0.020111 0.008537
v 0.024300 0.020065 0.008565
v 0.024300 0.020018 0.008591
v 0.024300 0.019970 0.008614
v 0.024300 0.019921 0.008636
v 0.024300 0.019871 0.008655
v 0.024300 0.019820 0.008673
v 0.024300 0.019768 0.008688
v 0.024300 0.019716 0.008700
v 0.024300 0.019664 0.008711
v 0.024300 0.019611 0.008719
v 0.024300 0.019557 0.008725
v 0.024300 0.019504 0.008728
v 0.024300 0.019450 0.008729
v 0.024300 0.019396 0.008728
v 0.024300 0.019343 0.008725
v 0.024300 0.019290 0.008719
v 0.024300 0.019237 0.008711
v 0.024300 0.019184 0.008700
v 0.024300 0.019132 0.008688
v 0.024300 0.019080 0.008673
v 0.024300 0.019030 0.008655
v 0.024300 0.018980 0.008636
v 0.024300 0.018930 0.008614
v 0.024300 0.018882 0.008591
v 0.024300 0.018835 0.008565
v 0.024300 0.018789 0.008537
v 0.024300 0.018745 0.008507
v 0.024300 0.018702 0.008475
v 0.024300 0.018660 0.008442
v 0.024300 0.018619 0.008406
v 0.024300 0.018581 0.008369
v 0.024300 0.018544 0.008331
v 0.024300 0.018508 0.008290
v 0.024300 0.018475 0.008248
v 0.024300 0.018443 0.008205
v 0.024300 0.018413 0.008161
v 0.024300 0.018385 0.008115
v 0.024300 0.018359 0.008068
v 0.024300 0.018336 0.008020
v 0.024300 0.018314 0.007971
v 0.024300 0.018295 0.007921
v 0.024300 0.018277 0.007870
v 0.024300 0.018262 0.007818
v 0.024300 0.018250 0.007766
v 0.024300 0.018239 0.007713
v 0.024300 0.018231 0.007660
v 0.024300 0.018225 0.007607
v 0.024300 0.018222 0.007554
v 0.024300 0.018221 0.007500
v 0.024300 0.018222 0.007446
v 0.024300 0.018225 0.007393
v 0.024300 0.018231 0.007340
v 0.024300 0.018239 0.007286
v 0.024300 0.018250 0.007234
v 0.024300 0.018262 0.007182
v 0.024300 0.018277 0.007130
v 0.024300 0.018295 0.007079
v 0.024300 0.018314 0.007029
v 0.024300 0.018336 0.006980
v 0.024300 0.018359 0.006932
v 0.024300 0.018385 0.006885
v 0.024300 0.018413 0.006839
v 0.024300 0.018443 0.006795
v 0.024300 0.018475 0.006752
v 0.024300 0.018508 0.006710
v 0.024300 0.018544 0.006669
v 0.024300 0.018581 0.006631
v 0.024300 0.018619 0.006594
v 0.024300 0.018660 0.006558
v 0.024300 0.018702 0.006525
v 0.024300 0.018745 0.006493
v 0.024300 0.018789 0.006463
v 0.024300 0.018835 0.006435
v 0.024300 0.018882 0.006409
v 0.024300 0.018930 0.006386
v 0.024300 0.018980 0.006364
v 0.024300 0.019030 0.006345
v 0.024300 0.019080 0.006327
v 0.024300 0.019132 0.006312
v 0.024300 0.019184 0.006300
v 0.024300 0.019237 0.006289
v 0.024300 0.019290 0.006281
v 0.024300 0.019343 0.006275
v 0.024300 0.019396 0.006272
v 0.024300 0.019450 0.006270
v 0.021570 0.019450 0.008729
v 0.021570 0.019504 0.008728
v 0.021570 0.019557 0.008725
v 0.021570 0.019611 0.008719
v 0.021570 0.019664 0.008711
v 0.021570 0.019716 0.008700
v 0.021570 0.019768 0.008688
v 0.021570 0.019820 0.008673
v 0.021570 0.019871 0.008655
v 0.021570 0.019921 0.008636
v 0.021570 0.019970 0.008614
v 0.021570 0.020018 0.008591
v 0.021570 0.020065 0.008565
v 0.021570 0.020111 0.008537
v 0.021570 0.020155 0.008507
v 0.021570 0.020199 0.008475
v 0.021570 0.020240 0.008442
v 0.021570 0.020281 0.008406
v 0.021570 0.020319 0.008369
v 0.021570 0.020357 0.008331
v 0.021570 0.020392 0.008290
v 0.021570 0.020425 0.008248
v 0.021570 0.020457 0.008205
v 0.021570 0.020487 0.008161
v 0.021570 0.020515 0.008115
v 0.021570 0.020541 0.008068
v 0.021570 0.020564 0.008020
v 0.021570 0.020586 0.007971
v 0.021570 0.020605 0.007921
v 0.021570 0.020623 0.007870
v 0.021570 0.020638 0.007818
v 0.021570 0.020650 0.007766
v 0.021570 0.020661 0.007713
v 0.021570 0.020669 0.007660
v 0.021570 0.020675 0.007607
v 0.021570 0.020678 0.007554
v 0.021570 0.020680 0.007500
v 0.021570 0.020678 0.007446
v 0.021570 0.020675 0.007393
v 0.021570 0.020669 0.007340
v 0.021570 0.020661 0.007286
v 0.021570 0.020650 0.007234
v 0.021570 0.020638 0.007182
v 0.021570 0.020623 0.007130
v 0.021570 0.020605 0.007079
v 0.021570 0.020586 0.007029
v 0.021570 0.020564 0.006980
v 0.021570 0.020541 0.006932
v 0.021570 0.020515 0.006885
v 0.021570 0.020487 0.006839
v 0.021570 0.020457 0.006795
v 0.021570 0.020425 0.006752
v 0.021570 0.020392 0.006710
v 0.021570 0.020357 0.006669
v 0.021570 0.020319 0.006631
v 0.021570 0.020281 0.006594
v 0.021570 0.020240 0.006558
v 0.021570 0.020199 0.006525
v 0.021570 0.020155 0.006493
v 0.021570 0.020111 0.006463
v 0.021570 0.020065 0.006435
v 0.021570 0.020018 0.006409
v 0.021570 0.019970 0.006386
v 0.021570 0.019921 0.006364
v 0.021570 0.019871 0.006345
v 0.021570 0.019820 0.006327
v 0.021570 0.019768 0.006312
v 0.021570 0.019716 0.006300
v 0.021570 0.019664 0.006289
v 0.021570 0.019611 0.006281
v 0.021570 0.019557 0.006275
v 0.021570 0.019504 0.006272
v 0.021570 0.019450 0.006270
v 0.021570 0.019396 0.006272
v 0.021570 0.019343 0.006275
v 0.021570 0.019290 0.006281
v 0.021570 0.019237 0.006289
v 0.021570 0.019184 0.006300
v 0.021570 0.019132 0.006312
v 0.021570 0.019080 0.006327
v 0.021570 0.019030 0.006345
v 0.021570 0.018980 0.006364
v 0.021570 0.018930 0.006386
v 0.021570 0.018882 0.006409
v 0.021570 0.018835 0.006435
v 0.021570 0.018789 0.006463
v 0.021570 0.018745 0.006493
v 0.021570 0.018702 0.006525
v 0.021570 0.018660 0.006558
v 0.021570 0.018619 0.006594
v 0.021570 0.018581 0.006631
v 0.021570 0.018544 0.006669
v 0.021570 0.018508 0.006710
v 0.021570 0.018475 0.006752
v 0.021570 0.018443 0.006795
v 0.021570 0.018413 0.006839
v 0.021570 0.018385 0.006885
v 0.021570 0.018359 0.006932
v 0.021570 0.018336 0.006980
v 0.021570 0.018314 0.007029
v 0.021570 0.018295 0.007079
v 0.021570 0.018277 0.007130
v 0.021570 0.018262 0.007182
v 0.021570 0.018250 0.007234
v 0.021570 0.018239 0.007286
v 0.021570 0.018231 0.007340
v 0.021570 0.018225 0.007393
v 0.021570 0.018222 0.007446
v 0.021570 0.018221 0.007500
v 0.021570 0.018222 0.007554
v 0.021570 0.018225 0.007607
v 0.021570 0.018231 0.007660
v 0.021570 0.018239 0.007713
v 0.021570 0.018250 0.007766
v 0.021570 0.018262 0.007818
v 0.021570 0.018277 0.007870
v 0.021570 0.018295 0.007921
v 0.021570 0.018314 0.007971
v 0.021570 0.018336 0.008020
v 0.021570 0.018359 0.008068
v 0.021570 0.018385 0.008115
v 0.021570 0.018413 0.008161
v 0.021570 0.018443 0.008205
v 0.021570 0.018475 0.008248
v 0.021570 0.018508 0.008290
v 0.021570 0.018544 0.008331
v 0.021570 0.018581 0.008369
v 0.021570 0.018619 0.008406
v 0.021570 0.018660 0.008442
v 0.021570 0.018702 0.008475
v 0.021570 0.018745 0.008507
v 0.021570 0.018789 0.008537
v 0.021570 0.018835 0.008565
v 0.021570 0.018882 0.008591
v 0.021570 0.018930 0.008614
v 0.021570 0.018980 0.008636
v 0.021570 0.019030 0.008655
v 0.021570 0.019080 0.008673
v 0.021570 0.019132 0.008688
v 0.021570 0.019184 0.008700
v 0.021570 0.019237 0.008711
v 0.021570 0.019290 0.008719
v 0.021570 0.019343 0.008725
v 0.021570 0.019396 0.008728
v 0.021570 0.019450 0.007500
v 0.024300 0.009504 0.006272
v 0.024300 0.009557 0.006275
v 0.024300 0.009610 0.006281
v 0.024300 0.009664 0.006289
v 0.024300 0.009716 0.006300
v 0.024300 0.009768 0.006312
v 0.024300 0.009820 0.006327
v 0.024300 0.009871 0.006345
v 0.024300 0.009921 0.006364
v 0.024300 0.009970 0.006386
v 0.024300 0.010018 0.006409
v 0.024300 0.010065 0.006435
v 0.024300 0.010111 0.006463
v 0.024300 0.010155 0.006493
v 0.024300 0.010199 0.006525
v 0.024300 0.010240 0.006558
v 0.024300 0.010281 0.006594
v 0.024300 0.010319 0.006631
v 0.024300 0.010357 0.006669
v 0.024300 0.010392 0.006710
v 0.024300 0.010425 0.006752
v 0.024300 0.010457 0.006795
v 0.024300 0.010487 0.006839
v 0.024300 0.010515 0.006885
v 0.024300 0.010541 0.006932
v 0.024300 0.010564 0.006980
v 0.024300 0.010586 0.007029
v 0.024300 0.010605 0.007079
v 0.024300 0.010623 0.007130
v 0.024300 0.010638 0.007182
v 0.024300 0.010650 0.007234
v 0.024300 0.010661 0.007287
v 0.024300 0.010669 0.007340
v 0.024300 0.010675 0.007393
v 0.024300 0.010678 0.007446
v 0.024300 0.010680 0.007500
v 0.024300 0.010678 0.007554
v 0.024300 0.010675 0.007607
v 0.024300 0.010669 0.007660
v 0.024300 0.010661 0.007714
v 0.024300 0.010650 0.007766
v 0.024300 0.010638 0.007818
v 0.024300 0.010623 0.007870
v 0.024300 0.010605 0.007921
v 0.024300 0.010586 0.007971
v 0.024300 0.010564 0.008020
v 0.024300 0.010541 0.008068
v 0.024300 0.010515 0.008115
v 0.024300 0.010487 0.008161
v 0.024300 0.010457 0.008205
v 0.024300 0.010425 0.008248
v 0.024300 0.010392 0.008290
v 0.024300 0.010357 0.008331
v 0.024300 0.010319 0.008369
v 0.024300 0.010281 0.008406
v 0.024300 0.010240 0.008442
v 0.024300 0.010199 0.008475
v 0.024300 0.010155 0.008507
v 0.024300 0.010111 0.008537
v 0.024300 0.010065 0.008565
v 0.024300 0.010018 0.008591
v 0.024300 0.009970 0.008614
v 0.024300 0.009921 0.008636
v 0.024300 0.009871 0.008655
v 0.024300 0.009820 0.008673
v 0.024300 0.009768 0.008688
v 0.024300 0.009716 0.008700
v 0.024300 0.009664 0.008711
v 0.024300 0.009610 0.008719
v 0.024300 0.009557 0.008725
v 0.024300 0.009504 0.008728
v 0.024300 0.009450 0.008730
v 0.024300 0.009396 0.008728
v 0.024300 0.009343 0.008725
v 0.024300 0.009290 0.008719
v 0.024300 0.009237 0.008711
v 0.024300 0.009184 0.008700
v 0.024300 0.009132 0.008688
v 0.024300 0.009080 0.008673
v 0.024300 0.009029 0.008655
v 0.024300 0.008979 0.008636
v 0.024300 0.008930 0.008614
v 0.024300 0.008882 0.008591
v 0.024300 0.008835 0.008565
v 0.024300 0.008789 0.008537
v 0.024300 0.008745 0.008507
v 0.024300 0.008702 0.008475
v 0.024300 0.008660 0.008442
v 0.024300 0.008619 0.008406
v 0.024300 0.008581 0.008369
v 0.024300 0.008544 0.008331
v 0.024300 0.008508 0.008290
v 0.024300 0.008475 0.008248
v 0.024300 0.008443 0.008205
v 0.024300 0.008413 0.008161
v 0.024300 0.008385 0.008115
v 0.024300 0.008359 0.008068
v 0.024300 0.008336 0.008020
v 0.024300 0.008314 0.007971
v 0.024300 0.008295 0.007921
v 0.024300 0.008277 0.007870
v 0.024300 0.008262 0.007818
v 0.024300 0.008250 0.007766
v 0.024300 0.008239 0.007714
v 0.024300 0.008231 0.007660
v 0.024300 0.008225 0.007607
v 0.024300 0.008222 0.007554
v 0.024300 0.008221 0.007500
v 0.024300 0.008222 0.007446
v 0.024300 0.008225 0.007393
v 0.024300 0.008231 0.007340
v 0.024300 0.008239 0.007287
v 0.024300 0.008250 0.007234
v 0.024300 0.008262 0.007182
v 0.024300 0.008277 0.007130
v 0.024300 0.008295 0.007079
v 0.024300 0.008314 0.007029
v 0.024300 0.008336 0.006980
v 0.024300 0.008359 0.006932
v 0.024300 0.008385 0.006885
v 0.024300 0.008413 0.006839
v 0.024300 0.008443 0.006795
v 0.024300 0.008475 0.006752
v 0.024300 0.008508 0.006710
v 0.024300 0.008544 0.006669
v 0.024300 0.008581 0.006631
v 0.024300 0.008619 0.006594
v 0.024300 0.008660 0.006558
v 0.024300 0.008702 0.006525
v 0.024300 0.008745 0.006493
v 0.024300 0.008789 0.006463
v 0.024300 0.008835 0.006435
v 0.024300 0.008882 0.006409
v 0.024300 0.008930 0.006386
v 0.024300 0.008979 0.006364
v 0.024300 0.009029 0.006345
v 0.024300 0.009080 0.006327
v 0.024300 0.009132 0.006312
v 0.024300 0.009184 0.006300
v 0.024300 0.009237 0.006289
v 0.024300 0.009290 0.006281
v 0.024300 0.009343 0.006275
v 0.024300 0.009396 0.006272
v 0.024300 0.009450 0.006271
v 0.021570 0.009450 0.008730
v 0.021570 0.009504 0.008728
v 0.021570 0.009557 0.008725
v 0.021570 0.009610 0.008719
v 0.021570 0.009664 0.008711
v 0.021570 0.009716 0.008700
v 0.021570 0.009768 0.008688
v 0.021570 0.009820 0.008673
v 0.021570 0.009871 0.008655
v 0.021570 0.009921 0.008636
v 0.021570 0.009970 0.008614
v 0.021570 0.010018 0.008591
v 0.021570 0.010065 0.008565
v 0.021570 0.010111 0.008537
v 0.021570 0.010155 0.008507
v 0.021570 0.010199 0.008475
v 0.021570 0.010240 0.008442
v 0.021570 0.010281 0.008406
v 0.021570 0.010319 0.008369
v 0.021570 0.010357 0.008331
v 0.021570 0.010392 0.008290
v 0.021570 0.010425 0.008248
v 0.021570 0.010457 0.008205
v 0.021570 0.010487 0.008161
v 0.021570 0.010515 0.008115
v 0.021570 0.010541 0.008068
v 0.021570 0.010564 0.008020
v 0.021570 0.010586 0.007971
v 0.021570 0.010605 0.007921
v 0.021570 0.010623 0.007870
v 0.021570 0.010638 0.007818
v 0.021570 0.010650 0.007766
v 0.021570 0.010661 0.007714
v 0.021570 0.010669 0.007660
v 0.021570 0.010675 0.007607
v 0.021570 0.010678 0.007554
v 0.021570 0.010680 0.007500
v 0.021570 0.010678 0.007446
v 0.021570 0.010675 0.007393
v 0.021570 0.010669 0.007340
v 0.021570 0.010661 0.007287
v 0.021570 0.010650 0.007234
v 0.021570 0.010638 0.007182
v 0.021570 0.010623 0.007130
v 0.021570 0.010605 0.007079
v 0.021570 0.010586 0.007029
v 0.021570 0.010564 0.006980
v 0.021570 0.010541 0.006932
v 0.021570 0.010515 0.006885
v 0.021570 0.010487 0.006839
v 0.021570 0.010457 0.006795
v 0.021570 0.010425 0.006752
v 0.021570 0.010392 0.006710
v 0.021570 0.010357 0.006669
v 0.021570 0.010319 0.006631
v 0.021570 0.010281 0.006594
v 0.021570 0.010240 0.006558
v 0.021570 0.010199 0.006525
v 0.021570 0.010155 0.006493
v 0.021570 0.010111 0.006463
v 0.021570 0.010065 0.006435
v 0.021570 0.010018 0.006409
v 0.021570 0.009970 0.006386
v 0.021570 0.009921 0.006364
v 0.021570 0.009871 0.006345
v 0.021570 0.009820 0.006327
v 0.021570 0.009768 0.006312
v 0.021570 0.009716 0.006300
v 0.021570 0.009664 0.006289
v 0.021570 0.009610 0.006281
v 0.021570 0.009557 0.006275
v 0.021570 0.009504 0.006272
v 0.021570 0.009450 0.006271
v 0.021570 0.009396 0.006272
v 0.021570 0.009343 0.006275
v 0.021570 0.009290 0.006281
v 0.021570 0.009237 0.006289
v 0.021570 0.009184 0.006300
v 0.021570 0.009132 0.006312
v 0.021570 0.009080 0.006327
v 0.021570 0.009029 0.006345
v 0.021570 0.008979 0.006364
v 0.021570 0.008930 0.006386
v 0.021570 0.008882 0.006409
v 0.021570 0.008835 0.006435
v 0.021570 0.008789 0.006463
v 0.021570 0.008745 0.006493
v 0.021570 0.008702 0.006525
v 0.021570 0.008660 0.006558
v 0.021570 0.008619 0.006594
v 0.021570 0.008581 0.006631
v 0.021570 0.008544 0.006669
v 0.021570 0.008508 0.006710
v 0.021570 0.008475 0.006752
v 0.021570 0.008443 0.006795
v 0.021570 0.008413 0.006839
v 0.021570 0.008385 0.006885
v 0.021570 0.008359 0.006932
v 0.021570 0.008336 0.006980
v 0.021570 0.008314 0.007029
v 0.021570 0.008295 0.007079
v 0.021570 0.008277 0.007130
v 0.021570 0.008262 0.007182
v 0.021570 0.008250 0.007234
v 0.021570 0.008239 0.007287
v 0.021570 0.008231 0.007340
v 0.021570 0.008225 0.007393
v 0.021570 0.008222 0.007446
v 0.021570 0.008221 0.007500
v 0.021570 0.008222 0.007554
v 0.021570 0.008225 0.007607
v 0.021570 0.008231 0.007660
v 0.021570 0.008239 0.007714
v 0.021570 0.008250 0.007766
v 0.021570 0.008262 0.007818
v 0.021570 0.008277 0.007870
v 0.021570 0.008295 0.007921
v 0.021570 0.008314 0.007971
v 0.021570 0.008336 0.008020
v 0.021570 0.008359 0.008068
v 0.021570 0.008385 0.008115
v 0.021570 0.008413 0.008161
v 0.021570 0.008443 0.008205
v 0.021570 0.008475 0.008248
v 0.021570 0.008508 0.008290
v 0.021570 0.008544 0.008331
v 0.021570 0.008581 0.008369
v 0.021570 0.008619 0.008406
v 0.021570 0.008660 0.008442
v 0.021570 0.008702 0.008475
v 0.021570 0.008745 0.008507
v 0.021570 0.008789 0.008537
v 0.021570 0.008835 0.008565
v 0.021570 0.008882 0.008591
v 0.021570 0.008930 0.008614
v 0.021570 0.008979 0.008636
v 0.021570 0.009029 0.008655
v 0.021570 0.009080 0.008673
v 0.021570 0.009132 0.008688
v 0.021570 0.009184 0.008700
v 0.021570 0.009237 0.008711
v 0.021570 0.009290 0.008719
v 0.021570 0.009343 0.008725
v 0.021570 0.009396 0.008728
v 0.021570 0.009450 0.007500
v 0.016570 0.005000 -0.009000
v 0.016570 0.023900 -0.009000
v 0.016570 0.028900 -0.004500
v 0.016570 0.028900 -0.009000
v 0.016570 -0.000000 -0.004500
v 0.016570 -0.000000 -0.009000
v 0.017070 0.028900 -0.009500
v 0.017070 0.023900 -0.009500
v 0.017048 0.023900 -0.009500
v 0.017048 0.028900 -0.009500
v 0.017026 0.023900 -0.009498
v 0.017026 0.028900 -0.009498
v 0.017005 0.023900 -0.009496
v 0.017005 0.028900 -0.009496
v 0.016983 0.023900 -0.009492
v 0.016983 0.028900 -0.009492
v 0.016962 0.023900 -0.009488
v 0.016962 0.028900 -0.009488
v 0.016941 0.023900 -0.009483
v 0.016941 0.028900 -0.009483
v 0.016920 0.023900 -0.009477
v 0.016920 0.028900 -0.009477
v 0.016899 0.023900 -0.009470
v 0.016899 0.028900 -0.009470
v 0.016879 0.023900 -0.009462
v 0.016879 0.028900 -0.009462
v 0.016859 0.023900 -0.009453
v 0.016859 0.028900 -0.009453
v 0.016839 0.023900 -0.009444
v 0.016839 0.028900 -0.009444
v 0.016820 0.023900 -0.009433
v 0.016820 0.028900 -0.009433
v 0.016801 0.023900 -0.009422
v 0.016801 0.028900 -0.009422
v 0.016783 0.023900 -0.009410
v 0.016783 0.028900 -0.009410
v 0.016766 0.023900 -0.009397
v 0.016766 0.028900 -0.009397
v 0.016749 0.023900 -0.009383
v 0.016749 0.028900 -0.009383
v 0.016732 0.023900 -0.009369
v 0.016732 0.028900 -0.009369
v 0.016716 0.023900 -0.009354
v 0.016716 0.028900 -0.009354
v 0.016701 0.023900 -0.009338
v 0.016701 0.028900 -0.009338
v 0.016687 0.023900 -0.009321
v 0.016687 0.028900 -0.009321
v 0.016673 0.023900 -0.009304
v 0.016673 0.028900 -0.009304
v 0.016660 0.023900 -0.009287
v 0.016660 0.028900 -0.009287
v 0.016648 0.023900 -0.009269
v 0.016648 0.028900 -0.009269
v 0.016637 0.023900 -0.009250
v 0.016637 0.028900 -0.009250
v 0.016626 0.023900 -0.009231
v 0.016626 0.028900 -0.009231
v 0.016617 0.023900 -0.009211
v 0.016617 0.028900 -0.009211
v 0.016608 0.023900 -0.009191
v 0.016608 0.028900 -0.009191
v 0.016600 0.023900 -0.009171
v 0.016600 0.028900 -0.009171
v 0.016593 0.023900 -0.009150
v 0.016593 0.028900 -0.009150
v 0.016587 0.023900 -0.009129
v 0.016587 0.028900 -0.009129
v 0.016582 0.023900 -0.009108
v 0.016582 0.028900 -0.009108
v 0.016578 0.023900 -0.009087
v 0.016578 0.028900 -0.009087
v 0.016574 0.023900 -0.009065
v 0.016574 0.028900 -0.009065
v 0.016572 0.023900 -0.009044
v 0.016572 0.028900 -0.009044
v 0.016570 0.023900 -0.009022
v 0.016570 0.028900 -0.009022
v 0.017070 0.005000 -0.009500
v 0.017070 -0.000000 -0.009500
v 0.017048 -0.000000 -0.009500
v 0.017048 0.005000 -0.009500
v 0.017026 -0.000000 -0.009498
v 0.017026 0.005000 -0.009498
v 0.017005 -0.000000 -0.009496
v 0.017005 0.005000 -0.009496
v 0.016983 -0.000000 -0.009492
v 0.016983 0.005000 -0.009492
v 0.016962 -0.000000 -0.009488
v 0.016962 0.005000 -0.009488
v 0.016941 -0.000000 -0.009483
v 0.016941 0.005000 -0.009483
v 0.016920 -0.000000 -0.009477
v 0.016920 0.005000 -0.009477
v 0.016899 -0.000000 -0.009470
v 0.016899 0.005000 -0.009470
v 0.016879 -0.000000 -0.009462
v 0.016879 0.005000 -0.009462
v 0.016859 -0.000000 -0.009453
v 0.016859 0.005000 -0.009453
v 0.016839 -0.000000 -0.009444
v 0.016839 0.005000 -0.009444
v 0.016820 -0.000000 -0.009433
v 0.016820 0.005000 -0.009433
v 0.016801 -0.000000 -0.009422
v 0.016801 0.005000 -0.009422
v 0.016783 -0.000000 -0.009410
v 0.016783 0.005000 -0.009410
v 0.016766 -0.000000 -0.009397
v 0.016766 0.005000 -0.009397
v 0.016749 -0.000000 -0.009383
v 0.016749 0.005000 -0.009383
v 0.016732 -0.000000 -0.009369
v 0.016732 0.005000 -0.009369
v 0.016716 -0.000000 -0.009354
v 0.016716 0.005000 -0.009354
v 0.016701 -0.000000 -0.009338
v 0.016701 0.005000 -0.009338
v 0.016687 -0.000000 -0.009321
v 0.016687 0.005000 -0.009321
v 0.016673 -0.000000 -0.009304
v 0.016673 0.005000 -0.009304
v 0.016660 -0.000000 -0.009287
v 0.016660 0.005000 -0.009287
v 0.016648 -0.000000 -0.009269
v 0.016648 0.005000 -0.009269
v 0.016637 -0.000000 -0.009250
v 0.016637 0.005000 -0.009250
v 0.016626 -0.000000 -0.009231
v 0.016626 0.005000 -0.009231
v 0.016617 -0.000000 -0.009211
v 0.016617 0.005000 -0.009211
v 0.016608 -0.000000 -0.009191
v 0.016608 0.005000 -0.009191
v 0.016600 -0.000000 -0.009171
v 0.016600 0.005000 -0.009171
v 0.016593 -0.000000 -0.009150
v 0.016593 0.005000 -0.009150
v 0.016587 -0.000000 -0.009129
v 0.016587 0.005000 -0.009129
v 0.016582 -0.000000 -0.009108
v 0.016582 0.005000 -0.009108
v 0.016578 -0.000000 -0.009087
v 0.016578 0.005000 -0.009087
v 0.016574 -0.000000 -0.009065
v 0.016574 0.005000 -0.009065
v 0.016572 -0.000000 -0.009044
v 0.016572 0.005000 -0.009044
v 0.016570 -0.000000 -0.009022
v 0.016570 0.005000 -0.009022
v 0.023570 0.005000 -0.009500
v 0.023570 -0.000000 -0.009500
v 0.024070 0.005000 -0.009000
v 0.024070 -0.000000 -0.009000
v 0.024070 0.005000 0.009000
v 0.024070 0.000000 0.009000
v 0.023570 0.005000 0.009500
v 0.023570 0.000000 0.009500
v 0.016783 0.005000 0.009410
v 0.016801 0.005000 0.009422
v 0.016749 0.005000 0.009383
v 0.016766 0.005000 0.009397
v 0.016701 0.005000 0.009338
v 0.016716 0.005000 0.009354
v 0.016626 0.005000 0.009231
v 0.016637 0.005000 0.009250
v 0.016983 0.005000 0.009492
v 0.017005 0.005000 0.009496
v 0.016820 0.005000 0.009433
v 0.016839 0.005000 0.009444
v 0.016687 0.005000 0.009321
v 0.016617 0.005000 0.009211
v 0.017070 0.005000 0.009500
v 0.016962 0.005000 0.009488
v 0.016732 0.005000 0.009369
v 0.016660 0.005000 0.009287
v 0.016673 0.005000 0.009304
v 0.016648 0.005000 0.009269
v 0.017048 0.005000 0.009500
v 0.017026 0.005000 0.009498
v 0.016920 0.005000 0.009477
v 0.016941 0.005000 0.009483
v 0.016879 0.005000 0.009462
v 0.016899 0.005000 0.009470
v 0.016859 0.005000 0.009453
v 0.016593 0.005000 0.009150
v 0.016600 0.005000 0.009171
v 0.016574 0.005000 0.009065
v 0.016578 0.005000 0.009087
v 0.016608 0.005000 0.009191
v 0.016582 0.005000 0.009108
v 0.016587 0.005000 0.009129
v 0.016570 0.005000 0.009022
v 0.016572 0.005000 0.009044
v 0.016570 0.005000 0.009000
v 0.017070 0.000000 0.009500
v 0.016570 0.000000 0.009000
v 0.016570 0.000000 0.009022
v 0.016572 0.000000 0.009044
v 0.016574 0.000000 0.009065
v 0.016578 0.000000 0.009087
v 0.016582 0.000000 0.009108
v 0.016587 0.000000 0.009129
v 0.016593 0.000000 0.009150
v 0.016600 0.000000 0.009171
v 0.016608 0.000000 0.009191
v 0.016617 0.000000 0.009211
v 0.016626 0.000000 0.009231
v 0.016637 0.000000 0.009250
v 0.016648 0.000000 0.009269
v 0.016660 0.000000 0.009287
v 0.016673 0.000000 0.009304
v 0.016687 0.000000 0.009321
v 0.016701 0.000000 0.009338
v 0.016716 0.000000 0.009354
v 0.016732 0.000000 0.009369
v 0.016749 0.000000 0.009383
v 0.016766 0.000000 0.009397
v 0.016783 0.000000 0.009410
v 0.016801 0.000000 0.009422
v 0.016820 0.000000 0.009433
v 0.016839 0.000000 0.009444
v 0.016859 0.000000 0.009453
v 0.016879 0.000000 0.009462
v 0.016899 0.000000 0.009470
v 0.016920 0.000000 0.009477
v 0.016941 0.000000 0.009483
v 0.016962 0.000000 0.009488
v 0.016983 0.000000 0.009492
v 0.017005 0.000000 0.009496
v 0.017026 0.000000 0.009498
v 0.017048 0.000000 0.009500
v 0.018228 -0.000000 -0.004500
v 0.018228 0.028900 -0.004500
v 0.018229 -0.000000 -0.004468
v 0.018229 0.028900 -0.004468
v 0.018231 -0.000000 -0.004435
v 0.018231 0.028900 -0.004435
v 0.018234 -0.000000 -0.004403
v 0.018234 0.028900 -0.004403
v 0.018239 -0.000000 -0.004371
v 0.018239 0.028900 -0.004371
v 0.018245 -0.000000 -0.004340
v 0.018245 0.028900 -0.004340
v 0.018253 -0.000000 -0.004308
v 0.018253 0.028900 -0.004308
v 0.018262 -0.000000 -0.004277
v 0.018262 0.028900 -0.004277
v 0.018273 -0.000000 -0.004247
v 0.018272 0.028900 -0.004247
v 0.018284 -0.000000 -0.004217
v 0.018284 0.028900 -0.004217
v 0.018297 -0.000000 -0.004187
v 0.018297 0.028900 -0.004187
v 0.018312 -0.000000 -0.004158
v 0.018311 0.028900 -0.004158
v 0.018327 -0.000000 -0.004130
v 0.018327 0.028900 -0.004130
v 0.018344 -0.000000 -0.004102
v 0.018344 0.028900 -0.004102
v 0.018362 -0.000000 -0.004075
v 0.018362 0.028900 -0.004075
v 0.018381 -0.000000 -0.004049
v 0.018381 0.028900 -0.004049
v 0.018401 -0.000000 -0.004024
v 0.018401 0.028900 -0.004024
v 0.018422 -0.000000 -0.004000
v 0.018422 0.028900 -0.004000
v 0.018444 -0.000000 -0.003976
v 0.018444 0.028900 -0.003976
v 0.018468 -0.000000 -0.003954
v 0.018468 0.028900 -0.003954
v 0.018492 -0.000000 -0.003932
v 0.018492 0.028900 -0.003932
v 0.018517 -0.000000 -0.003912
v 0.018517 0.028900 -0.003912
v 0.018543 -0.000000 -0.003893
v 0.018543 0.028900 -0.003893
v 0.018570 -0.000000 -0.003875
v 0.018570 0.028900 -0.003875
v 0.018570 -0.000000 -0.003450
v 0.018570 0.028900 -0.003450
v 0.018570 -0.000000 -0.003441
v 0.018570 0.028900 -0.003441
v 0.018571 -0.000000 -0.003433
v 0.018571 0.028900 -0.003433
v 0.018572 -0.000000 -0.003424
v 0.018572 0.028900 -0.003424
v 0.018573 -0.000000 -0.003415
v 0.018573 0.028900 -0.003415
v 0.018575 -0.000000 -0.003407
v 0.018575 0.028900 -0.003407
v 0.018577 -0.000000 -0.003398
v 0.018577 0.028900 -0.003398
v 0.018579 -0.000000 -0.003390
v 0.018579 0.028900 -0.003390
v 0.018582 -0.000000 -0.003382
v 0.018582 0.028900 -0.003382
v 0.018585 -0.000000 -0.003373
v 0.018585 0.028900 -0.003373
v 0.018589 -0.000000 -0.003365
v 0.018589 0.028900 -0.003365
v 0.018593 -0.000000 -0.003358
v 0.018593 0.028900 -0.003358
v 0.018597 -0.000000 -0.003350
v 0.018597 0.028900 -0.003350
v 0.018601 -0.000000 -0.003343
v 0.018601 0.028900 -0.003343
v 0.018606 -0.000000 -0.003335
v 0.018606 0.028900 -0.003335
v 0.018611 -0.000000 -0.003328
v 0.018611 0.028900 -0.003328
v 0.018617 -0.000000 -0.003321
v 0.018617 0.028900 -0.003321
v 0.018623 -0.000000 -0.003315
v 0.018622 0.028900 -0.003315
v 0.018629 -0.000000 -0.003309
v 0.018629 0.028900 -0.003309
v 0.018635 -0.000000 -0.003303
v 0.018635 0.028900 -0.003303
v 0.018641 -0.000000 -0.003297
v 0.018641 0.028900 -0.003297
v 0.018648 -0.000000 -0.003291
v 0.018648 0.028900 -0.003291
v 0.018655 -0.000000 -0.003286
v 0.018655 0.028900 -0.003286
v 0.018662 -0.000000 -0.003281
v 0.018662 0.028900 -0.003281
v 0.018670 -0.000000 -0.003277
v 0.018670 0.028900 -0.003277
v 0.018678 -0.000000 -0.003273
v 0.018678 0.028900 -0.003273
v 0.018685 -0.000000 -0.003269
v 0.018685 0.028900 -0.003269
v 0.018693 -0.000000 -0.003265
v 0.018693 0.028900 -0.003265
v 0.018702 -0.000000 -0.003262
v 0.018702 0.028900 -0.003262
v 0.018710 -0.000000 -0.003259
v 0.018710 0.028900 -0.003259
v 0.018718 -0.000000 -0.003257
v 0.018718 0.028900 -0.003257
v 0.018727 -0.000000 -0.003255
v 0.018727 0.028900 -0.003255
v 0.018735 -0.000000 -0.003253
v 0.018735 0.028900 -0.003253
v 0.018744 -0.000000 -0.003252
v 0.018744 0.028900 -0.003252
v 0.018753 -0.000000 -0.003251
v 0.018753 0.028900 -0.003251
v 0.018761 -0.000000 -0.003250
v 0.018761 0.028900 -0.003250
v 0.018770 -0.000000 -0.003250
v 0.018770 0.028900 -0.003250
v 0.019170 -0.000000 -0.003250
v 0.019170 0.028900 -0.003250
v 0.019179 -0.000000 -0.003250
v 0.019179 0.028900 -0.003250
v 0.019187 -0.000000 -0.003251
v 0.019187 0.028900 -0.003251
v 0.019196 -0.000000 -0.003252
v 0.019196 0.028900 -0.003252
v 0.019205 -0.000000 -0.003253
v 0.019205 0.028900 -0.003253
v 0.019213 -0.000000 -0.003255
v 0.019213 0.028900 -0.003255
v 0.019222 -0.000000 -0.003257
v 0.019222 0.028900 -0.003257
v 0.019230 -0.000000 -0.003259
v 0.019230 0.028900 -0.003259
v 0.019238 -0.000000 -0.003262
v 0.019238 0.028900 -0.003262
v 0.019246 -0.000000 -0.003265
v 0.019246 0.028900 -0.003265
v 0.019255 -0.000000 -0.003269
v 0.019254 0.028900 -0.003269
v 0.019262 -0.000000 -0.003273
v 0.019262 0.028900 -0.003273
v 0.019270 -0.000000 -0.003277
v 0.019270 0.028900 -0.003277
v 0.019277 -0.000000 -0.003281
v 0.019277 0.028900 -0.003281
v 0.019285 -0.000000 -0.003286
v 0.019285 0.028900 -0.003286
v 0.019292 -0.000000 -0.003291
v 0.019292 0.028900 -0.003291
v 0.019299 -0.000000 -0.003297
v 0.019299 0.028900 -0.003297
v 0.019305 -0.000000 -0.003303
v 0.019305 0.028900 -0.003303
v 0.019311 -0.000000 -0.003309
v 0.019311 0.028900 -0.003309
v 0.019318 -0.000000 -0.003315
v 0.019317 0.028900 -0.003315
v 0.019323 -0.000000 -0.003321
v 0.019323 0.028900 -0.003321
v 0.019329 -0.000000 -0.003328
v 0.019329 0.028900 -0.003328
v 0.019334 -0.000000 -0.003335
v 0.019334 0.028900 -0.003335
v 0.019339 -0.000000 -0.003343
v 0.019339 0.028900 -0.003343
v 0.019343 -0.000000 -0.003350
v 0.019343 0.028900 -0.003350
v 0.019347 -0.000000 -0.003358
v 0.019347 0.028900 -0.003358
v 0.019351 -0.000000 -0.003365
v 0.019351 0.028900 -0.003365
v 0.019355 -0.000000 -0.003373
v 0.019355 0.028900 -0.003373
v 0.019358 -0.000000 -0.003382
v 0.019358 0.028900 -0.003382
v 0.019361 -0.000000 -0.003390
v 0.019361 0.028900 -0.003390
v 0.019363 -0.000000 -0.003398
v 0.019363 0.028900 -0.003398
v 0.019365 -0.000000 -0.003407
v 0.019365 0.028900 -0.003407
v 0.019367 -0.000000 -0.003415
v 0.019367 0.028900 -0.003415
v 0.019368 -0.000000 -0.003424
v 0.019368 0.028900 -0.003424
v 0.019369 -0.000000 -0.003433
v 0.019369 0.028900 -0.003433
v 0.019370 -0.000000 -0.003441
v 0.019370 0.028900 -0.003441
v 0.019370 -0.000000 -0.003450
v 0.019370 0.028900 -0.003450
v 0.019370 -0.000000 -0.003875
v 0.019370 0.028900 -0.003875
v 0.019397 -0.000000 -0.003893
v 0.019397 0.028900 -0.003893
v 0.019423 -0.000000 -0.003912
v 0.019423 0.028900 -0.003912
v 0.019448 -0.000000 -0.003932
v 0.019448 0.028900 -0.003932
v 0.019472 -0.000000 -0.003954
v 0.019472 0.028900 -0.003954
v 0.019496 -0.000000 -0.003976
v 0.019496 0.028900 -0.003976
v 0.019518 -0.000000 -0.004000
v 0.019518 0.028900 -0.004000
v 0.019539 -0.000000 -0.004024
v 0.019539 0.028900 -0.004024
v 0.019559 -0.000000 -0.004049
v 0.019559 0.028900 -0.004049
v 0.019578 -0.000000 -0.004075
v 0.019578 0.028900 -0.004075
v 0.019596 -0.000000 -0.004102
v 0.019596 0.028900 -0.004102
v 0.019613 -0.000000 -0.004130
v 0.019613 0.028900 -0.004130
v 0.019629 -0.000000 -0.004158
v 0.019628 0.028900 -0.004158
v 0.019643 -0.000000 -0.004187
v 0.019643 0.028900 -0.004187
v 0.019656 -0.000000 -0.004217
v 0.019656 0.028900 -0.004217
v 0.019668 -0.000000 -0.004247
v 0.019667 0.028900 -0.004247
v 0.019678 -0.000000 -0.004277
v 0.019678 0.028900 -0.004277
v 0.019687 -0.000000 -0.004308
v 0.019687 0.028900 -0.004308
v 0.019694 -0.000000 -0.004340
v 0.019694 0.028900 -0.004340
v 0.019701 -0.000000 -0.004371
v 0.019701 0.028900 -0.004371
v 0.019706 -0.000000 -0.004403
v 0.019706 0.028900 -0.004403
v 0.019709 -0.000000 -0.004435
v 0.019709 0.028900 -0.004435
v 0.019711 -0.000000 -0.004468
v 0.019711 0.028900 -0.004468
v 0.019712 -0.000000 -0.004500
v 0.019712 0.028900 -0.004500
v 0.020770 -0.000000 -0.004500
v 0.020770 0.028900 -0.004500
v 0.021070 0.028900 -0.004200
v 0.021070 -0.000000 -0.004200
v 0.021070 0.000000 0.004200
v 0.021070 0.028900 0.004200
v 0.020770 0.000000 0.004500
v 0.020770 0.028900 0.004500
v 0.019712 0.000000 0.004500
v 0.019712 0.028900 0.004500
v 0.019711 0.000000 0.004468
v 0.019711 0.028900 0.004468
v 0.019709 0.000000 0.004435
v 0.019709 0.028900 0.004435
v 0.019706 0.000000 0.004403
v 0.019706 0.028900 0.004403
v 0.019701 0.000000 0.004371
v 0.019701 0.028900 0.004371
v 0.019694 0.000000 0.004340
v 0.019694 0.028900 0.004340
v 0.019687 0.000000 0.004308
v 0.019687 0.028900 0.004308
v 0.019678 0.000000 0.004277
v 0.019678 0.028900 0.004277
v 0.019668 0.000000 0.004247
v 0.019667 0.028900 0.004247
v 0.019656 0.000000 0.004217
v 0.019656 0.028900 0.004217
v 0.019643 0.000000 0.004187
v 0.019643 0.028900 0.004187
v 0.019629 0.000000 0.004158
v 0.019628 0.028900 0.004158
v 0.019613 0.000000 0.004130
v 0.019613 0.028900 0.004130
v 0.019596 0.000000 0.004102
v 0.019596 0.028900 0.004102
v 0.019578 0.000000 0.004075
v 0.019578 0.028900 0.004075
v 0.019559 0.000000 0.004049
v 0.019559 0.028900 0.004049
v 0.019539 0.000000 0.004024
v 0.019539 0.028900 0.004024
v 0.019518 0.000000 0.004000
v 0.019518 0.028900 0.004000
v 0.019496 0.000000 0.003976
v 0.019496 0.028900 0.003976
v 0.019472 0.000000 0.003954
v 0.019472 0.028900 0.003954
v 0.019448 0.000000 0.003932
v 0.019448 0.028900 0.003932
v 0.019423 0.000000 0.003912
v 0.019423 0.028900 0.003912
v 0.019397 0.000000 0.003893
v 0.019397 0.028900 0.003893
v 0.019370 0.000000 0.003875
v 0.019370 0.028900 0.003875
v 0.019370 0.000000 0.003450
v 0.019370 0.028900 0.003450
v 0.019370 0.000000 0.003441
v 0.019370 0.028900 0.003441
v 0.019369 0.000000 0.003433
v 0.019369 0.028900 0.003433
v 0.019368 0.000000 0.003424
v 0.019368 0.028900 0.003424
v 0.019367 0.000000 0.003415
v 0.019367 0.028900 0.003415
v 0.019365 0.000000 0.003407
v 0.019365 0.028900 0.003407
v 0.019363 0.000000 0.003398
v 0.019363 0.028900 0.003398
v 0.019361 0.000000 0.003390
v 0.019361 0.028900 0.003390
v 0.019358 0.000000 0.003382
v 0.019358 0.028900 0.003382
v 0.019355 0.000000 0.003373
v 0.019355 0.028900 0.003373
v 0.019351 0.000000 0.003365
v 0.019351 0.028900 0.003365
v 0.019347 0.000000 0.003358
v 0.019347 0.028900 0.003358
v 0.019343 0.000000 0.003350
v 0.019343 0.028900 0.003350
v 0.019339 0.000000 0.003343
v 0.019339 0.028900 0.003343
v 0.019334 0.000000 0.003335
v 0.019334 0.028900 0.003335
v 0.019329 0.000000 0.003328
v 0.019329 0.028900 0.003328
v 0.019323 0.000000 0.003321
v 0.019323 0.028900 0.003321
v 0.019318 0.000000 0.003315
v 0.019317 0.028900 0.003315
v 0.019311 0.000000 0.003309
v 0.019311 0.028900 0.003309
v 0.019305 0.000000 0.003303
v 0.019305 0.028900 0.003303
v 0.019299 0.000000 0.003297
v 0.019299 0.028900 0.003297
v 0.019292 0.000000 0.003291
v 0.019292 0.028900 0.003291
v 0.019285 0.000000 0.003286
v 0.019285 0.028900 0.003286
v 0.019277 0.000000 0.003281
v 0.019277 0.028900 0.003281
v 0.019270 0.000000 0.003277
v 0.019270 0.028900 0.003277
v 0.019262 0.000000 0.003273
v 0.019262 0.028900 0.003273
v 0.019255 0.000000 0.003269
v 0.019254 0.028900 0.003269
v 0.019246 0.000000 0.003265
v 0.019246 0.028900 0.003265
v 0.019238 0.000000 0.003262
v 0.019238 0.028900 0.003262
v 0.019230 0.000000 0.003259
v 0.019230 0.028900 0.003259
v 0.019222 0.000000 0.003257
v 0.019222 0.028900 0.003257
v 0.019213 0.000000 0.003255
v 0.019213 0.028900 0.003255
v 0.019205 0.000000 0.003253
v 0.019205 0.028900 0.003253
v 0.019196 0.000000 0.003252
v 0.019196 0.028900 0.003252
v 0.019187 0.000000 0.003251
v 0.019187 0.028900 0.003251
v 0.019179 0.000000 0.003250
v 0.019179 0.028900 0.003250
v 0.019170 0.000000 0.003250
v 0.019170 0.028900 0.003250
v 0.018770 0.000000 0.003250
v 0.018770 0.028900 0.003250
v 0.018761 0.000000 0.003250
v 0.018761 0.028900 0.003250
v 0.018753 0.000000 0.003251
v 0.018753 0.028900 0.003251
v 0.018744 0.000000 0.003252
v 0.018744 0.028900 0.003252
v 0.018735 0.000000 0.003253
v 0.018735 0.028900 0.003253
v 0.018727 0.000000 0.003255
v 0.018727 0.028900 0.003255
v 0.018718 0.000000 0.003257
v 0.018718 0.028900 0.003257
v 0.018710 0.000000 0.003259
v 0.018710 0.028900 0.003259
v 0.018702 0.000000 0.003262
v 0.018702 0.028900 0.003262
v 0.018693 0.000000 0.003265
v 0.018693 0.028900 0.003265
v 0.018685 0.000000 0.003269
v 0.018685 0.028900 0.003269
v 0.018678 0.000000 0.003273
v 0.018678 0.028900 0.003273
v 0.018670 0.000000 0.003277
v 0.018670 0.028900 0.003277
v 0.018662 0.000000 0.003281
v 0.018662 0.028900 0.003281
v 0.018655 0.000000 0.003286
v 0.018655 0.028900 0.003286
v 0.018648 0.000000 0.003291
v 0.018648 0.028900 0.003291
v 0.018641 0.000000 0.003297
v 0.018641 0.028900 0.003297
v 0.018635 0.000000 0.003303
v 0.018635 0.028900 0.003303
v 0.018629 0.000000 0.003309
v 0.018629 0.028900 0.003309
v 0.018623 0.000000 0.003315
v 0.018622 0.028900 0.003315
v 0.018617 0.000000 0.003321
v 0.018617 0.028900 0.003321
v 0.018611 0.000000 0.003328
v 0.018611 0.028900 0.003328
v 0.018606 0.000000 0.003335
v 0.018606 0.028900 0.003335
v 0.018601 0.000000 0.003343
v 0.018601 0.028900 0.003343
v 0.018597 0.000000 0.003350
v 0.018597 0.028900 0.003350
v 0.018593 0.000000 0.003358
v 0.018593 0.028900 0.003358
v 0.018589 0.000000 0.003365
v 0.018589 0.028900 0.003365
v 0.018585 0.000000 0.003373
v 0.018585 0.028900 0.003373
v 0.018582 0.000000 0.003382
v 0.018582 0.028900 0.003382
v 0.018579 0.000000 0.003390
v 0.018579 0.028900 0.003390
v 0.018577 0.000000 0.003398
v 0.018577 0.028900 0.003398
v 0.018575 0.000000 0.003407
v 0.018575 0.028900 0.003407
v 0.018573 0.000000 0.003415
v 0.018573 0.028900 0.003415
v 0.018572 0.000000 0.003424
v 0.018572 0.028900 0.003424
v 0.018571 0.000000 0.003433
v 0.018571 0.028900 0.003433
v 0.018570 0.000000 0.003441
v 0.018570 0.028900 0.003441
v 0.018570 0.000000 0.003450
v 0.018570 0.028900 0.003450
v 0.018570 0.000000 0.003875
v 0.018570 0.028900 0.003875
v 0.018543 0.000000 0.003893
v 0.018543 0.028900 0.003893
v 0.018517 0.000000 0.003912
v 0.018517 0.028900 0.003912
v 0.018492 0.000000 0.003932
v 0.018492 0.028900 0.003932
v 0.018468 0.000000 0.003954
v 0.018468 0.028900 0.003954
v 0.018444 0.000000 0.003976
v 0.018444 0.028900 0.003976
v 0.018422 0.000000 0.004000
v 0.018422 0.028900 0.004000
v 0.018401 0.000000 0.004024
v 0.018401 0.028900 0.004024
v 0.018381 0.000000 0.004049
v 0.018381 0.028900 0.004049
v 0.018362 0.000000 0.004075
v 0.018362 0.028900 0.004075
v 0.018344 0.000000 0.004102
v 0.018344 0.028900 0.004102
v 0.018327 0.000000 0.004130
v 0.018327 0.028900 0.004130
v 0.018312 0.000000 0.004158
v 0.018311 0.028900 0.004158
v 0.018297 0.000000 0.004187
v 0.018297 0.028900 0.004187
v 0.018284 0.000000 0.004217
v 0.018284 0.028900 0.004217
v 0.018273 0.000000 0.004247
v 0.018272 0.028900 0.004247
v 0.018262 0.000000 0.004277
v 0.018262 0.028900 0.004277
v 0.018253 0.000000 0.004308
v 0.018253 0.028900 0.004308
v 0.018245 0.000000 0.004340
v 0.018245 0.028900 0.004340
v 0.018239 0.000000 0.004371
v 0.018239 0.028900 0.004371
v 0.018234 0.000000 0.004403
v 0.018234 0.028900 0.004403
v 0.018231 0.000000 0.004435
v 0.018231 0.028900 0.004435
v 0.018229 0.000000 0.004468
v 0.018229 0.028900 0.004468
v 0.018228 0.000000 0.004500
v 0.018228 0.028900 0.004500
v 0.016570 0.000000 0.004500
v 0.016570 0.028900 0.004500
v 0.022679 0.000000 0.000694
v 0.022770 0.000000 0.000700
v 0.022800 0.000000 0.000699
v 0.022648 0.000000 0.000689
v 0.022589 0.000000 0.000676
v 0.022619 0.000000 0.000683
v 0.022831 0.000000 0.000697
v 0.022861 0.000000 0.000694
v 0.022709 0.000000 0.000697
v 0.022739 0.000000 0.000699
v 0.022892 0.000000 0.000689
v 0.022559 0.000000 0.000668
v 0.022474 0.000000 0.000634
v 0.022502 0.000000 0.000647
v 0.023220 0.000000 0.000536
v 0.023243 0.000000 0.000516
v 0.023038 0.000000 0.000647
v 0.023066 0.000000 0.000634
v 0.022981 0.000000 0.000668
v 0.023009 0.000000 0.000658
v 0.022922 0.000000 0.000683
v 0.022531 0.000000 0.000658
v 0.022369 0.000000 0.000573
v 0.022394 0.000000 0.000590
v 0.023428 0.000000 0.000239
v 0.023438 0.000000 0.000211
v 0.023376 0.000000 0.000350
v 0.023391 0.000000 0.000323
v 0.023325 0.000000 0.000426
v 0.023343 0.000000 0.000402
v 0.023286 0.000000 0.000473
v 0.023306 0.000000 0.000450
v 0.023265 0.000000 0.000495
v 0.023093 0.000000 0.000621
v 0.022951 0.000000 0.000676
v 0.022420 0.000000 0.000606
v 0.022447 0.000000 0.000621
v 0.022344 0.000000 0.000555
v 0.022297 0.000000 0.000516
v 0.022320 0.000000 0.000536
v 0.022123 0.000000 0.000268
v 0.022136 0.000000 0.000296
v 0.022094 0.000000 0.000181
v 0.022102 0.000000 0.000211
v 0.023417 0.000000 0.000268
v 0.023446 0.000000 0.000181
v 0.023404 0.000000 0.000296
v 0.023360 0.000000 0.000376
v 0.023120 0.000000 0.000606
v 0.022149 0.000000 0.000323
v 0.022164 0.000000 0.000350
v 0.022112 0.000000 0.000239
v 0.022076 0.000000 0.000091
v 0.022081 0.000000 0.000122
v 0.022071 0.000000 0.000031
v 0.022073 0.000000 0.000061
v 0.022070 0.000000 0.000000
v 0.022076 0.000000 -0.000091
v 0.022073 0.000000 -0.000061
v 0.022502 0.000000 -0.000647
v 0.022474 0.000000 -0.000634
v 0.023220 0.000000 -0.000536
v 0.023196 0.000000 -0.000555
v 0.023360 0.000000 -0.000376
v 0.023343 0.000000 -0.000401
v 0.023446 0.000000 -0.000181
v 0.023438 0.000000 -0.000210
v 0.023467 0.000000 0.000061
v 0.023469 0.000000 0.000031
v 0.023453 0.000000 0.000152
v 0.023459 0.000000 0.000122
v 0.023146 0.000000 0.000590
v 0.023171 0.000000 0.000573
v 0.022180 0.000000 0.000376
v 0.022087 0.000000 0.000152
v 0.022071 0.000000 -0.000031
v 0.022447 0.000000 -0.000621
v 0.022420 0.000000 -0.000606
v 0.022531 0.000000 -0.000658
v 0.022619 0.000000 -0.000683
v 0.022589 0.000000 -0.000676
v 0.022831 0.000000 -0.000697
v 0.022922 0.000000 -0.000683
v 0.022892 0.000000 -0.000689
v 0.022981 0.000000 -0.000668
v 0.022951 0.000000 -0.000676
v 0.023171 0.000000 -0.000573
v 0.023286 0.000000 -0.000473
v 0.023265 0.000000 -0.000495
v 0.023325 0.000000 -0.000426
v 0.023306 0.000000 -0.000450
v 0.023376 0.000000 -0.000350
v 0.023428 0.000000 -0.000239
v 0.023417 0.000000 -0.000268
v 0.023469 0.000000 -0.000031
v 0.023467 0.000000 -0.000061
v 0.023464 0.000000 0.000091
v 0.023196 0.000000 0.000555
v 0.022215 0.000000 0.000426
v 0.022234 0.000000 0.000450
v 0.022197 0.000000 0.000402
v 0.022094 0.000000 -0.000181
v 0.022087 0.000000 -0.000152
v 0.022123 0.000000 -0.000268
v 0.022112 0.000000 -0.000239
v 0.022180 0.000000 -0.000376
v 0.022164 0.000000 -0.000350
v 0.022215 0.000000 -0.000426
v 0.022197 0.000000 -0.000401
v 0.022369 0.000000 -0.000573
v 0.022344 0.000000 -0.000555
v 0.022559 0.000000 -0.000668
v 0.022739 0.000000 -0.000699
v 0.022709 0.000000 -0.000697
v 0.022861 0.000000 -0.000694
v 0.023038 0.000000 -0.000647
v 0.023009 0.000000 -0.000658
v 0.023146 0.000000 -0.000590
v 0.023243 0.000000 -0.000516
v 0.023404 0.000000 -0.000296
v 0.023391 0.000000 -0.000323
v 0.023459 0.000000 -0.000122
v 0.023453 0.000000 -0.000152
v 0.023470 0.000000 0.000000
v 0.023464 0.000000 -0.000091
v 0.022254 0.000000 0.000473
v 0.022275 0.000000 0.000495
v 0.022081 0.000000 -0.000122
v 0.022102 0.000000 -0.000210
v 0.022149 0.000000 -0.000323
v 0.022136 0.000000 -0.000296
v 0.022254 0.000000 -0.000473
v 0.022234 0.000000 -0.000450
v 0.022320 0.000000 -0.000536
v 0.022297 0.000000 -0.000516
v 0.022394 0.000000 -0.000590
v 0.022679 0.000000 -0.000694
v 0.022648 0.000000 -0.000689
v 0.022770 0.000000 -0.000700
v 0.022800 0.000000 -0.000699
v 0.023093 0.000000 -0.000621
v 0.023066 0.000000 -0.000634
v 0.023120 0.000000 -0.000606
v 0.022275 0.000000 -0.000495
v 0.016570 0.023900 0.009000
v 0.016570 0.028900 0.009000
v 0.016570 0.023900 0.009022
v 0.016570 0.028900 0.009022
v 0.016572 0.023900 0.009044
v 0.016572 0.028900 0.009044
v 0.016574 0.023900 0.009065
v 0.016574 0.028900 0.009065
v 0.016578 0.023900 0.009087
v 0.016578 0.028900 0.009087
v 0.016582 0.023900 0.009108
v 0.016582 0.028900 0.009108
v 0.016587 0.023900 0.009129
v 0.016587 0.028900 0.009129
v 0.016593 0.023900 0.009150
v 0.016593 0.028900 0.009150
v 0.016600 0.023900 0.009171
v 0.016600 0.028900 0.009171
v 0.016608 0.023900 0.009191
v 0.016608 0.028900 0.009191
v 0.016617 0.023900 0.009211
v 0.016617 0.028900 0.009211
v 0.016626 0.023900 0.009231
v 0.016626 0.028900 0.009231
v 0.016637 0.023900 0.009250
v 0.016637 0.028900 0.009250
v 0.016648 0.023900 0.009269
v 0.016648 0.028900 0.009269
v 0.016660 0.023900 0.009287
v 0.016660 0.028900 0.009287
v 0.016673 0.023900 0.009304
v 0.016673 0.028900 0.009304
v 0.016687 0.023900 0.009321
v 0.016687 0.028900 0.009321
v 0.016701 0.023900 0.009338
v 0.016701 0.028900 0.009338
v 0.016716 0.023900 0.009354
v 0.016716 0.028900 0.009354
v 0.016732 0.023900 0.009369
v 0.016732 0.028900 0.009369
v 0.016749 0.023900 0.009383
v 0.016749 0.028900 0.009383
v 0.016766 0.023900 0.009397
v 0.016766 0.028900 0.009397
v 0.016783 0.023900 0.009410
v 0.016783 0.028900 0.009410
v 0.016801 0.023900 0.009422
v 0.016801 0.028900 0.009422
v 0.016820 0.023900 0.009433
v 0.016820 0.028900 0.009433
v 0.016839 0.023900 0.009443
v 0.016839 0.028900 0.009443
v 0.016859 0.023900 0.009453
v 0.016859 0.028900 0.009453
v 0.016879 0.023900 0.009462
v 0.016879 0.028900 0.009462
v 0.016899 0.023900 0.009470
v 0.016899 0.028900 0.009470
v 0.016920 0.023900 0.009477
v 0.016920 0.028900 0.009477
v 0.016941 0.023900 0.009483
v 0.016941 0.028900 0.009483
v 0.016962 0.023900 0.009488
v 0.016962 0.028900 0.009488
v 0.016983 0.023900 0.009492
v 0.016983 0.028900 0.009492
v 0.017005 0.023900 0.009496
v 0.017005 0.028900 0.009496
v 0.017026 0.023900 0.009498
v 0.017026 0.028900 0.009498
v 0.017048 0.023900 0.009500
v 0.017048 0.028900 0.009500
v 0.017070 0.023900 0.009500
v 0.017070 0.028900 0.009500
v 0.023570 0.023900 0.009500
v 0.023570 0.028900 0.009500
v 0.024070 0.023900 0.009000
v 0.024070 0.028900 0.009000
v 0.023570 0.023900 -0.009500
v 0.024070 0.023900 -0.009000
v 0.024070 0.028900 -0.009000
v 0.023570 0.028900 -0.009500
v 0.022861 0.028900 -0.000694
v 0.022892 0.028900 -0.000689
v 0.022648 0.028900 0.000689
v 0.022618 0.028900 0.000683
v 0.022921 0.028900 -0.000683
v 0.022770 0.028900 -0.000700
v 0.022800 0.028900 -0.000699
v 0.022679 0.028900 -0.000694
v 0.022709 0.028900 -0.000697
v 0.022447 0.028900 -0.000621
v 0.022474 0.028900 -0.000634
v 0.022094 0.028900 -0.000181
v 0.022102 0.028900 -0.000211
v 0.022076 0.028900 0.000091
v 0.022073 0.028900 0.000061
v 0.022589 0.028900 0.000676
v 0.022709 0.028900 0.000697
v 0.022679 0.028900 0.000694
v 0.022980 0.028900 -0.000668
v 0.023009 0.028900 -0.000658
v 0.022951 0.028900 -0.000676
v 0.022831 0.028900 -0.000697
v 0.022739 0.028900 -0.000699
v 0.022559 0.028900 -0.000668
v 0.022589 0.028900 -0.000676
v 0.022502 0.028900 -0.000647
v 0.022394 0.028900 -0.000590
v 0.022420 0.028900 -0.000606
v 0.022123 0.028900 -0.000268
v 0.022136 0.028900 -0.000296
v 0.022112 0.028900 -0.000239
v 0.022076 0.028900 -0.000091
v 0.022081 0.028900 -0.000122
v 0.022071 0.028900 -0.000031
v 0.022073 0.028900 -0.000061
v 0.022071 0.028900 0.000031
v 0.022531 0.028900 0.000658
v 0.022502 0.028900 0.000647
v 0.022770 0.028900 0.000700
v 0.022739 0.028900 0.000699
v 0.023093 0.028900 0.000621
v 0.023066 0.028900 0.000634
v 0.023146 0.028900 -0.000590
v 0.023171 0.028900 -0.000573
v 0.022531 0.028900 -0.000658
v 0.022320 0.028900 -0.000536
v 0.022344 0.028900 -0.000555
v 0.022087 0.028900 -0.000152
v 0.022070 0.028900 -0.000000
v 0.022197 0.028900 0.000401
v 0.022180 0.028900 0.000376
v 0.022420 0.028900 0.000606
v 0.022394 0.028900 0.000590
v 0.022559 0.028900 0.000668
v 0.022921 0.028900 0.000683
v 0.022892 0.028900 0.000689
v 0.022980 0.028900 0.000668
v 0.022951 0.028900 0.000676
v 0.023038 0.028900 0.000647
v 0.023286 0.028900 0.000473
v 0.023265 0.028900 0.000495
v 0.023325 0.028900 -0.000426
v 0.023343 0.028900 -0.000402
v 0.023196 0.028900 -0.000555
v 0.023220 0.028900 -0.000536
v 0.023093 0.028900 -0.000621
v 0.023120 0.028900 -0.000606
v 0.022618 0.028900 -0.000683
v 0.022648 0.028900 -0.000689
v 0.022368 0.028900 -0.000573
v 0.022180 0.028900 -0.000376
v 0.022197 0.028900 -0.000402
v 0.022149 0.028900 -0.000323
v 0.022164 0.028900 -0.000350
v 0.022094 0.028900 0.000181
v 0.022087 0.028900 0.000151
v 0.022123 0.028900 0.000268
v 0.022112 0.028900 0.000239
v 0.022164 0.028900 0.000350
v 0.022149 0.028900 0.000323
v 0.022215 0.028900 0.000426
v 0.022254 0.028900 0.000473
v 0.022234 0.028900 0.000450
v 0.022344 0.028900 0.000555
v 0.022320 0.028900 0.000536
v 0.022368 0.028900 0.000573
v 0.022474 0.028900 0.000634
v 0.022447 0.028900 0.000621
v 0.022831 0.028900 0.000697
v 0.022861 0.028900 0.000694
v 0.023009 0.028900 0.000658
v 0.023243 0.028900 0.000516
v 0.023220 0.028900 0.000536
v 0.023325 0.028900 0.000426
v 0.023306 0.028900 0.000450
v 0.023360 0.028900 0.000376
v 0.023343 0.028900 0.000401
v 0.023404 0.028900 0.000296
v 0.023391 0.028900 0.000323
v 0.023469 0.028900 0.000031
v 0.023467 0.028900 0.000061
v 0.023467 0.028900 -0.000061
v 0.023469 0.028900 -0.000031
v 0.023446 0.028900 -0.000181
v 0.023453 0.028900 -0.000152
v 0.023428 0.028900 -0.000239
v 0.023438 0.028900 -0.000211
v 0.023376 0.028900 -0.000350
v 0.023391 0.028900 -0.000323
v 0.023360 0.028900 -0.000376
v 0.023286 0.028900 -0.000473
v 0.023306 0.028900 -0.000450
v 0.023243 0.028900 -0.000516
v 0.023038 0.028900 -0.000647
v 0.023066 0.028900 -0.000634
v 0.022275 0.028900 -0.000495
v 0.022297 0.028900 -0.000516
v 0.022215 0.028900 -0.000426
v 0.022234 0.028900 -0.000450
v 0.022081 0.028900 0.000122
v 0.022102 0.028900 0.000210
v 0.022136 0.028900 0.000296
v 0.022297 0.028900 0.000516
v 0.022275 0.028900 0.000495
v 0.023146 0.028900 0.000590
v 0.023120 0.028900 0.000606
v 0.023376 0.028900 0.000350
v 0.023417 0.028900 0.000268
v 0.023464 0.028900 0.000091
v 0.023459 0.028900 0.000122
v 0.023470 0.028900 -0.000000
v 0.023464 0.028900 -0.000091
v 0.023459 0.028900 -0.000122
v 0.023417 0.028900 -0.000268
v 0.023404 0.028900 -0.000296
v 0.023265 0.028900 -0.000495
v 0.022254 0.028900 -0.000473
v 0.022800 0.028900 0.000699
v 0.023196 0.028900 0.000555
v 0.023428 0.028900 0.000239
v 0.023446 0.028900 0.000181
v 0.023438 0.028900 0.000210
v 0.023453 0.028900 0.000151
v 0.023171 0.028900 0.000573
v 0.022770 0.025100 -0.000700
v 0.022800 0.025100 -0.000699
v 0.022831 0.025100 -0.000697
v 0.022861 0.025100 -0.000694
v 0.022892 0.025100 -0.000689
v 0.022921 0.025100 -0.000683
v 0.022951 0.025100 -0.000676
v 0.022980 0.025100 -0.000668
v 0.023009 0.025100 -0.000658
v 0.023038 0.025100 -0.000647
v 0.023066 0.025100 -0.000634
v 0.023093 0.025100 -0.000621
v 0.023120 0.025100 -0.000606
v 0.023146 0.025100 -0.000590
v 0.023171 0.025100 -0.000573
v 0.023196 0.025100 -0.000555
v 0.023220 0.025100 -0.000536
v 0.023243 0.025100 -0.000516
v 0.023265 0.025100 -0.000495
v 0.023286 0.025100 -0.000473
v 0.023306 0.025100 -0.000450
v 0.023325 0.025100 -0.000426
v 0.023343 0.025100 -0.000402
v 0.023360 0.025100 -0.000376
v 0.023376 0.025100 -0.000350
v 0.023391 0.025100 -0.000323
v 0.023404 0.025100 -0.000296
v 0.023417 0.025100 -0.000268
v 0.023428 0.025100 -0.000239
v 0.023438 0.025100 -0.000211
v 0.023446 0.025100 -0.000181
v 0.023453 0.025100 -0.000152
v 0.023459 0.025100 -0.000122
v 0.023464 0.025100 -0.000091
v 0.023467 0.025100 -0.000061
v 0.023469 0.025100 -0.000031
v 0.023470 0.025100 -0.000000
v 0.023469 0.025100 0.000031
v 0.023467 0.025100 0.000061
v 0.023464 0.025100 0.000091
v 0.023459 0.025100 0.000122
v 0.023453 0.025100 0.000151
v 0.023446 0.025100 0.000181
v 0.023438 0.025100 0.000210
v 0.023428 0.025100 0.000239
v 0.023417 0.025100 0.000268
v 0.023404 0.025100 0.000296
v 0.023391 0.025100 0.000323
v 0.023376 0.025100 0.000350
v 0.023360 0.025100 0.000376
v 0.023343 0.025100 0.000401
v 0.023325 0.025100 0.000426
v 0.023306 0.025100 0.000450
v 0.023286 0.025100 0.000473
v 0.023265 0.025100 0.000495
v 0.023243 0.025100 0.000516
v 0.023220 0.025100 0.000536
v 0.023196 0.025100 0.000555
v 0.023171 0.025100 0.000573
v 0.023146 0.025100 0.000590
v 0.023120 0.025100 0.000606
v 0.023093 0.025100 0.000621
v 0.023066 0.025100 0.000634
v 0.023038 0.025100 0.000647
v 0.023009 0.025100 0.000658
v 0.022980 0.025100 0.000668
v 0.022951 0.025100 0.000676
v 0.022921 0.025100 0.000683
v 0.022892 0.025100 0.000689
v 0.022861 0.025100 0.000694
v 0.022831 0.025100 0.000697
v 0.022800 0.025100 0.000699
v 0.022770 0.025100 0.000700
v 0.022739 0.025100 0.000699
v 0.022709 0.025100 0.000697
v 0.022679 0.025100 0.000694
v 0.022648 0.025100 0.000689
v 0.022618 0.025100 0.000683
v 0.022589 0.025100 0.000676
v 0.022559 0.025100 0.000668
v 0.022531 0.025100 0.000658
v 0.022502 0.025100 0.000647
v 0.022474 0.025100 0.000634
v 0.022447 0.025100 0.000621
v 0.022420 0.025100 0.000606
v 0.022394 0.025100 0.000590
v 0.022368 0.025100 0.000573
v 0.022344 0.025100 0.000555
v 0.022320 0.025100 0.000536
v 0.022297 0.025100 0.000516
v 0.022275 0.025100 0.000495
v 0.022254 0.025100 0.000473
v 0.022234 0.025100 0.000450
v 0.022215 0.025100 0.000426
v 0.022197 0.025100 0.000401
v 0.022180 0.025100 0.000376
v 0.022164 0.025100 0.000350
v 0.022149 0.025100 0.000323
v 0.022136 0.025100 0.000296
v 0.022123 0.025100 0.000268
v 0.022112 0.025100 0.000239
v 0.022102 0.025100 0.000210
v 0.022094 0.025100 0.000181
v 0.022087 0.025100 0.000151
v 0.022081 0.025100 0.000122
v 0.022076 0.025100 0.000091
v 0.022073 0.025100 0.000061
v 0.022071 0.025100 0.000031
v 0.022070 0.025100 -0.000000
v 0.022071 0.025100 -0.000031
v 0.022073 0.025100 -0.000061
v 0.022076 0.025100 -0.000091
v 0.022081 0.025100 -0.000122
v 0.022087 0.025100 -0.000152
v 0.022094 0.025100 -0.000181
v 0.022102 0.025100 -0.000211
v 0.022112 0.025100 -0.000239
v 0.022123 0.025100 -0.000268
v 0.022136 0.025100 -0.000296
v 0.022149 0.025100 -0.000323
v 0.022164 0.025100 -0.000350
v 0.022180 0.025100 -0.000376
v 0.022197 0.025100 -0.000402
v 0.022215 0.025100 -0.000426
v 0.022234 0.025100 -0.000450
v 0.022254 0.025100 -0.000473
v 0.022275 0.025100 -0.000495
v 0.022297 0.025100 -0.000516
v 0.022320 0.025100 -0.000536
v 0.022344 0.025100 -0.000555
v 0.022368 0.025100 -0.000573
v 0.022394 0.025100 -0.000590
v 0.022420 0.025100 -0.000606
v 0.022447 0.025100 -0.000621
v 0.022474 0.025100 -0.000634
v 0.022502 0.025100 -0.000647
v 0.022531 0.025100 -0.000658
v 0.022559 0.025100 -0.000668
v 0.022589 0.025100 -0.000676
v 0.022618 0.025100 -0.000683
v 0.022648 0.025100 -0.000689
v 0.022679 0.025100 -0.000694
v 0.022709 0.025100 -0.000697
v 0.022739 0.025100 -0.000699
v 0.022770 0.025100 -0.000000
v 0.022800 0.003800 -0.000699
v 0.022770 0.003800 -0.000700
v 0.022831 0.003800 -0.000697
v 0.022861 0.003800 -0.000694
v 0.022892 0.003800 -0.000689
v 0.022922 0.003800 -0.000683
v 0.022951 0.003800 -0.000676
v 0.022981 0.003800 -0.000668
v 0.023009 0.003800 -0.000658
v 0.023038 0.003800 -0.000647
v 0.023066 0.003800 -0.000634
v 0.023093 0.003800 -0.000621
v 0.023120 0.003800 -0.000606
v 0.023146 0.003800 -0.000590
v 0.023171 0.003800 -0.000573
v 0.023196 0.003800 -0.000555
v 0.023220 0.003800 -0.000536
v 0.023243 0.003800 -0.000516
v 0.023265 0.003800 -0.000495
v 0.023286 0.003800 -0.000473
v 0.023306 0.003800 -0.000450
v 0.023325 0.003800 -0.000426
v 0.023343 0.003800 -0.000401
v 0.023360 0.003800 -0.000376
v 0.023376 0.003800 -0.000350
v 0.023391 0.003800 -0.000323
v 0.023404 0.003800 -0.000296
v 0.023417 0.003800 -0.000268
v 0.023428 0.003800 -0.000239
v 0.023438 0.003800 -0.000210
v 0.023446 0.003800 -0.000181
v 0.023453 0.003800 -0.000152
v 0.023459 0.003800 -0.000122
v 0.023464 0.003800 -0.000091
v 0.023467 0.003800 -0.000061
v 0.023469 0.003800 -0.000031
v 0.023470 0.003800 0.000000
v 0.023469 0.003800 0.000031
v 0.023467 0.003800 0.000061
v 0.023464 0.003800 0.000091
v 0.023459 0.003800 0.000122
v 0.023453 0.003800 0.000152
v 0.023446 0.003800 0.000181
v 0.023438 0.003800 0.000210
v 0.023428 0.003800 0.000239
v 0.023417 0.003800 0.000268
v 0.023404 0.003800 0.000296
v 0.023391 0.003800 0.000323
v 0.023376 0.003800 0.000350
v 0.023360 0.003800 0.000376
v 0.023343 0.003800 0.000402
v 0.023325 0.003800 0.000426
v 0.023306 0.003800 0.000450
v 0.023286 0.003800 0.000473
v 0.023265 0.003800 0.000495
v 0.023243 0.003800 0.000516
v 0.023220 0.003800 0.000536
v 0.023196 0.003800 0.000555
v 0.023171 0.003800 0.000573
v 0.023146 0.003800 0.000590
v 0.023120 0.003800 0.000606
v 0.023093 0.003800 0.000621
v 0.023066 0.003800 0.000634
v 0.023038 0.003800 0.000647
v 0.023009 0.003800 0.000658
v 0.022981 0.003800 0.000668
v 0.022951 0.003800 0.000676
v 0.022922 0.003800 0.000683
v 0.022892 0.003800 0.000689
v 0.022861 0.003800 0.000694
v 0.022831 0.003800 0.000697
v 0.022800 0.003800 0.000699
v 0.022770 0.003800 0.000700
v 0.022739 0.003800 0.000699
v 0.022709 0.003800 0.000697
v 0.022679 0.003800 0.000694
v 0.022648 0.003800 0.000689
v 0.022619 0.003800 0.000683
v 0.022589 0.003800 0.000676
v 0.022559 0.003800 0.000668
v 0.022531 0.003800 0.000658
v 0.022502 0.003800 0.000647
v 0.022474 0.003800 0.000634
v 0.022447 0.003800 0.000621
v 0.022420 0.003800 0.000606
v 0.022394 0.003800 0.000590
v 0.022369 0.003800 0.000573
v 0.022344 0.003800 0.000555
v 0.022320 0.003800 0.000536
v 0.022297 0.003800 0.000516
v 0.022275 0.003800 0.000495
v 0.022254 0.003800 0.000473
v 0.022234 0.003800 0.000450
v 0.022215 0.003800 0.000426
v 0.022197 0.003800 0.000402
v 0.022180 0.003800 0.000376
v 0.022164 0.003800 0.000350
v 0.022149 0.003800 0.000323
v 0.022136 0.003800 0.000296
v 0.022123 0.003800 0.000268
v 0.022112 0.003800 0.000239
v 0.022102 0.003800 0.000210
v 0.022094 0.003800 0.000181
v 0.022087 0.003800 0.000152
v 0.022081 0.003800 0.000122
v 0.022076 0.003800 0.000091
v 0.022073 0.003800 0.000061
v 0.022071 0.003800 0.000031
v 0.022070 0.003800 0.000000
v 0.022071 0.003800 -0.000031
v 0.022073 0.003800 -0.000061
v 0.022076 0.003800 -0.000091
v 0.022081 0.003800 -0.000122
v 0.022087 0.003800 -0.000152
v 0.022094 0.003800 -0.000181
v 0.022102 0.003800 -0.000210
v 0.022112 0.003800 -0.000239
v 0.022123 0.003800 -0.000268
v 0.022136 0.003800 -0.000296
v 0.022149 0.003800 -0.000323
v 0.022164 0.003800 -0.000350
v 0.022180 0.003800 -0.000376
v 0.022197 0.003800 -0.000401
v 0.022215 0.003800 -0.000426
v 0.022234 0.003800 -0.000450
v 0.022254 0.003800 -0.000473
v 0.022275 0.003800 -0.000495
v 0.022297 0.003800 -0.000516
v 0.022320 0.003800 -0.000536
v 0.022344 0.003800 -0.000555
v 0.022369 0.003800 -0.000573
v 0.022394 0.003800 -0.000590
v 0.022420 0.003800 -0.000606
v 0.022447 0.003800 -0.000621
v 0.022474 0.003800 -0.000634
v 0.022502 0.003800 -0.000647
v 0.022531 0.003800 -0.000658
v 0.022559 0.003800 -0.000668
v 0.022589 0.003800 -0.000676
v 0.022619 0.003800 -0.000683
v 0.022648 0.003800 -0.000689
v 0.022679 0.003800 -0.000694
v 0.022709 0.003800 -0.000697
v 0.022739 0.003800 -0.000699
v 0.022770 0.003800 0.000000
v 0.011570 0.008527 -0.017570
v 0.011570 0.008525 -0.017500
v 0.014570 0.008525 -0.017500
v 0.011570 0.008532 -0.017639
v 0.014570 0.008527 -0.017570
v 0.011570 0.008539 -0.017709
v 0.014570 0.008532 -0.017639
v 0.011570 0.008550 -0.017778
v 0.014570 0.008539 -0.017709
v 0.011570 0.008563 -0.017846
v 0.014570 0.008550 -0.017778
v 0.011570 0.008580 -0.017914
v 0.014570 0.008563 -0.017846
v 0.011570 0.008599 -0.017981
v 0.014570 0.008580 -0.017914
v 0.011570 0.008622 -0.018047
v 0.014570 0.008599 -0.017981
v 0.011570 0.008647 -0.018112
v 0.014570 0.008622 -0.018047
v 0.011570 0.008675 -0.018176
v 0.014570 0.008647 -0.018112
v 0.011570 0.008706 -0.018239
v 0.014570 0.008675 -0.018176
v 0.011570 0.008740 -0.018300
v 0.014570 0.008706 -0.018239
v 0.011570 0.008776 -0.018360
v 0.014570 0.008740 -0.018300
v 0.011570 0.008815 -0.018418
v 0.014570 0.008776 -0.018360
v 0.011570 0.008856 -0.018474
v 0.014570 0.008815 -0.018418
v 0.011570 0.008900 -0.018528
v 0.014570 0.008856 -0.018474
v 0.011570 0.008946 -0.018581
v 0.014570 0.008900 -0.018528
v 0.011570 0.008994 -0.018631
v 0.014570 0.008946 -0.018581
v 0.011570 0.009044 -0.018680
v 0.014570 0.008994 -0.018631
v 0.011570 0.009097 -0.018726
v 0.014570 0.009044 -0.018680
v 0.011570 0.009151 -0.018769
v 0.014570 0.009097 -0.018726
v 0.011570 0.009208 -0.018811
v 0.014570 0.009151 -0.018769
v 0.011570 0.009266 -0.018849
v 0.014570 0.009208 -0.018811
v 0.011570 0.009325 -0.018886
v 0.014570 0.009266 -0.018849
v 0.011570 0.009387 -0.018919
v 0.014570 0.009325 -0.018886
v 0.011570 0.009449 -0.018950
v 0.014570 0.009387 -0.018919
v 0.011570 0.009513 -0.018978
v 0.014570 0.009449 -0.018950
v 0.011570 0.009578 -0.019004
v 0.014570 0.009513 -0.018978
v 0.011570 0.009644 -0.019026
v 0.014570 0.009578 -0.019004
v 0.011570 0.009711 -0.019045
v 0.014570 0.009644 -0.019026
v 0.011570 0.009779 -0.019062
v 0.014570 0.009711 -0.019045
v 0.011570 0.009848 -0.019076
v 0.014570 0.009779 -0.019062
v 0.011570 0.009917 -0.019086
v 0.014570 0.009848 -0.019076
v 0.011570 0.009986 -0.019094
v 0.014570 0.009917 -0.019086
v 0.011570 0.010056 -0.019098
v 0.014570 0.009986 -0.019094
v 0.011570 0.010125 -0.019100
v 0.014570 0.010056 -0.019098
v 0.011570 0.010195 -0.019098
v 0.014570 0.010125 -0.019100
v 0.011570 0.010265 -0.019094
v 0.014570 0.010195 -0.019098
v 0.011570 0.010334 -0.019086
v 0.014570 0.010265 -0.019094
v 0.011570 0.010403 -0.019076
v 0.014570 0.010334 -0.019086
v 0.011570 0.010472 -0.019062
v 0.014570 0.010403 -0.019076
v 0.011570 0.010540 -0.019045
v 0.014570 0.010472 -0.019062
v 0.011570 0.010607 -0.019026
v 0.014570 0.010540 -0.019045
v 0.011570 0.010673 -0.019004
v 0.014570 0.010607 -0.019026
v 0.011570 0.010738 -0.018978
v 0.014570 0.010673 -0.019004
v 0.011570 0.010802 -0.018950
v 0.014570 0.010738 -0.018978
v 0.011570 0.010864 -0.018919
v 0.014570 0.010802 -0.018950
v 0.011570 0.010925 -0.018886
v 0.014570 0.010864 -0.018919
v 0.011570 0.010985 -0.018849
v 0.014570 0.010925 -0.018886
v 0.011570 0.011043 -0.018811
v 0.014570 0.010985 -0.018849
v 0.011570 0.011099 -0.018769
v 0.014570 0.011043 -0.018811
v 0.011570 0.011154 -0.018726
v 0.014570 0.011099 -0.018769
v 0.011570 0.011206 -0.018680
v 0.014570 0.011154 -0.018726
v 0.011570 0.011257 -0.018631
v 0.014570 0.011206 -0.018680
v 0.011570 0.011305 -0.018581
v 0.014570 0.011257 -0.018631
v 0.011570 0.011351 -0.018528
v 0.014570 0.011305 -0.018581
v 0.011570 0.011395 -0.018474
v 0.014570 0.011351 -0.018528
v 0.011570 0.011436 -0.018418
v 0.014570 0.011395 -0.018474
v 0.011570 0.011475 -0.018360
v 0.014570 0.011436 -0.018418
v 0.011570 0.011511 -0.018300
v 0.014570 0.011475 -0.018360
v 0.011570 0.011545 -0.018239
v 0.014570 0.011511 -0.018300
v 0.011570 0.011575 -0.018176
v 0.014570 0.011545 -0.018239
v 0.011570 0.011604 -0.018112
v 0.014570 0.011575 -0.018176
v 0.011570 0.011629 -0.018047
v 0.014570 0.011604 -0.018112
v 0.011570 0.011651 -0.017981
v 0.014570 0.011629 -0.018047
v 0.011570 0.011671 -0.017914
v 0.014570 0.011651 -0.017981
v 0.011570 0.011687 -0.017846
v 0.014570 0.011671 -0.017914
v 0.011570 0.011701 -0.017778
v 0.014570 0.011687 -0.017846
v 0.011570 0.011712 -0.017709
v 0.014570 0.011701 -0.017778
v 0.011570 0.011719 -0.017639
v 0.014570 0.011712 -0.017709
v 0.011570 0.011724 -0.017570
v 0.014570 0.011719 -0.017639
v 0.011570 0.011725 -0.017500
v 0.014570 0.011724 -0.017570
v 0.011570 0.011724 -0.017430
v 0.014570 0.011725 -0.017500
v 0.011570 0.011719 -0.017361
v 0.014570 0.011724 -0.017430
v 0.011570 0.011712 -0.017291
v 0.014570 0.011719 -0.017361
v 0.011570 0.011701 -0.017222
v 0.014570 0.011712 -0.017291
v 0.011570 0.011687 -0.017154
v 0.014570 0.011701 -0.017222
v 0.011570 0.011671 -0.017086
v 0.014570 0.011687 -0.017154
v 0.011570 0.011651 -0.017019
v 0.014570 0.011671 -0.017086
v 0.011570 0.011629 -0.016953
v 0.014570 0.011651 -0.017019
v 0.011570 0.011604 -0.016888
v 0.014570 0.011629 -0.016953
v 0.011570 0.011575 -0.016824
v 0.014570 0.011604 -0.016888
v 0.011570 0.011545 -0.016761
v 0.014570 0.011575 -0.016824
v 0.011570 0.011511 -0.016700
v 0.014570 0.011545 -0.016761
v 0.011570 0.011475 -0.016640
v 0.014570 0.011511 -0.016700
v 0.011570 0.011436 -0.016582
v 0.014570 0.011475 -0.016640
v 0.011570 0.011395 -0.016526
v 0.014570 0.011436 -0.016582
v 0.011570 0.011351 -0.016472
v 0.014570 0.011395 -0.016526
v 0.011570 0.011305 -0.016419
v 0.014570 0.011351 -0.016472
v 0.011570 0.011257 -0.016369
v 0.014570 0.011305 -0.016419
v 0.011570 0.011206 -0.016320
v 0.014570 0.011257 -0.016369
v 0.011570 0.011154 -0.016274
v 0.014570 0.011206 -0.016320
v 0.011570 0.011099 -0.016231
v 0.014570 0.011154 -0.016274
v 0.011570 0.011043 -0.016189
v 0.014570 0.011099 -0.016231
v 0.011570 0.010985 -0.016151
v 0.014570 0.011043 -0.016189
v 0.011570 0.010925 -0.016114
v 0.014570 0.010985 -0.016151
v 0.011570 0.010864 -0.016081
v 0.014570 0.010925 -0.016114
v 0.011570 0.010802 -0.016050
v 0.014570 0.010864 -0.016081
v 0.011570 0.010738 -0.016022
v 0.014570 0.010802 -0.016050
v 0.011570 0.010673 -0.015997
v 0.014570 0.010738 -0.016022
v 0.011570 0.010607 -0.015974
v 0.014570 0.010673 -0.015997
v 0.011570 0.010540 -0.015955
v 0.014570 0.010607 -0.015974
v 0.011570 0.010472 -0.015938
v 0.014570 0.010540 -0.015955
v 0.011570 0.010403 -0.015924
v 0.014570 0.010472 -0.015938
v 0.011570 0.010334 -0.015914
v 0.014570 0.010403 -0.015924
v 0.011570 0.010265 -0.015906
v 0.014570 0.010334 -0.015914
v 0.011570 0.010195 -0.015902
v 0.014570 0.010265 -0.015906
v 0.011570 0.010125 -0.015900
v 0.014570 0.010195 -0.015902
v 0.011570 0.010056 -0.015902
v 0.014570 0.010125 -0.015900
v 0.011570 0.009986 -0.015906
v 0.014570 0.010056 -0.015902
v 0.011570 0.009917 -0.015914
v 0.014570 0.009986 -0.015906
v 0.011570 0.009848 -0.015924
v 0.014570 0.009917 -0.015914
v 0.011570 0.009779 -0.015938
v 0.014570 0.009848 -0.015924
v 0.011570 0.009711 -0.015955
v 0.014570 0.009779 -0.015938
v 0.011570 0.009644 -0.015974
v 0.014570 0.009711 -0.015955
v 0.011570 0.009578 -0.015997
v 0.014570 0.009644 -0.015974
v 0.011570 0.009513 -0.016022
v 0.014570 0.009578 -0.015997
v 0.011570 0.009449 -0.016050
v 0.014570 0.009513 -0.016022
v 0.011570 0.009387 -0.016081
v 0.014570 0.009449 -0.016050
v 0.011570 0.009325 -0.016114
v 0.014570 0.009387 -0.016081
v 0.011570 0.009266 -0.016151
v 0.014570 0.009325 -0.016114
v 0.011570 0.009208 -0.016189
v 0.014570 0.009266 -0.016151
v 0.011570 0.009151 -0.016231
v 0.014570 0.009208 -0.016189
v 0.011570 0.009097 -0.016274
v 0.014570 0.009151 -0.016231
v 0.011570 0.009044 -0.016320
v 0.014570 0.009097 -0.016274
v 0.011570 0.008994 -0.016369
v 0.014570 0.009044 -0.016320
v 0.011570 0.008946 -0.016419
v 0.014570 0.008994 -0.016369
v 0.011570 0.008900 -0.016472
v 0.014570 0.008946 -0.016419
v 0.011570 0.008856 -0.016526
v 0.014570 0.008900 -0.016472
v 0.011570 0.008815 -0.016582
v 0.014570 0.008856 -0.016526
v 0.011570 0.008776 -0.016640
v 0.014570 0.008815 -0.016582
v 0.011570 0.008740 -0.016700
v 0.014570 0.008776 -0.016640
v 0.011570 0.008706 -0.016761
v 0.014570 0.008740 -0.016700
v 0.011570 0.008675 -0.016824
v 0.014570 0.008706 -0.016761
v 0.011570 0.008647 -0.016888
v 0.014570 0.008675 -0.016824
v 0.011570 0.008622 -0.016953
v 0.014570 0.008647 -0.016888
v 0.011570 0.008599 -0.017019
v 0.014570 0.008622 -0.016953
v 0.011570 0.008580 -0.017086
v 0.014570 0.008599 -0.017019
v 0.011570 0.008563 -0.017154
v 0.014570 0.008580 -0.017086
v 0.011570 0.008550 -0.017222
v 0.014570 0.008563 -0.017154
v 0.011570 0.008539 -0.017291
v 0.014570 0.008550 -0.017222
v 0.011570 0.008532 -0.017361
v 0.014570 0.008539 -0.017291
v 0.011570 0.008527 -0.017430
v 0.014570 0.008532 -0.017361
v 0.014570 0.008527 -0.017430
v 0.011570 0.020580 -0.017914
v 0.011570 0.005838 -0.022738
v 0.011570 0.020539 -0.017709
v 0.011570 0.020550 -0.017778
v 0.011570 0.020563 -0.017846
v 0.011570 0.004733 -0.010208
v 0.011570 0.004824 -0.010148
v 0.011570 0.006727 -0.008938
v 0.011570 0.006835 -0.008921
v 0.011570 0.006409 -0.009016
v 0.011570 0.006514 -0.008985
v 0.011570 0.004912 -0.010083
v 0.011570 0.004640 -0.010265
v 0.011570 0.003931 -0.010541
v 0.011570 0.004037 -0.010515
v 0.011570 0.006943 -0.008909
v 0.011570 0.006306 -0.009051
v 0.011570 0.003716 -0.010579
v 0.011570 0.003824 -0.010562
v 0.011570 0.004544 -0.010318
v 0.011570 0.004245 -0.010449
v 0.011570 0.004347 -0.010410
v 0.011570 0.004142 -0.010484
v 0.011570 0.005079 -0.009943
v 0.011570 0.028875 -0.023653
v 0.011570 0.021917 -0.019086
v 0.011570 0.021986 -0.019094
v 0.011570 0.010018 -0.023653
v 0.011570 0.021848 -0.019076
v 0.011570 0.007052 -0.008902
v 0.011570 0.006620 -0.008959
v 0.011570 0.006104 -0.009134
v 0.011570 0.006204 -0.009090
v 0.011570 0.005818 -0.009291
v 0.011570 0.005911 -0.009235
v 0.011570 0.003499 -0.010598
v 0.011570 0.003608 -0.010591
v 0.011570 0.004446 -0.010366
v 0.011570 0.028875 -0.008900
v 0.011570 0.022056 -0.019098
v 0.011570 0.021578 -0.019004
v 0.011570 0.021644 -0.019026
v 0.011570 0.006007 -0.009182
v 0.011570 0.005727 -0.009352
v 0.011570 0.005554 -0.009485
v 0.011570 0.005639 -0.009417
v 0.011570 0.022125 -0.019100
v 0.011570 0.022195 -0.019098
v 0.011570 0.021711 -0.019045
v 0.011570 0.021779 -0.019062
v 0.011570 0.001836 -0.010600
v 0.011570 0.020527 -0.017430
v 0.011570 0.020525 -0.017500
v 0.011570 0.020539 -0.017291
v 0.011570 0.020531 -0.017361
v 0.011570 0.020563 -0.017154
v 0.011570 0.020550 -0.017222
v 0.011570 0.004997 -0.010015
v 0.011570 0.021986 -0.015906
v 0.011570 0.021917 -0.015914
v 0.011570 -0.057935 -0.016900
v 0.011570 -0.018271 -0.010600
v 0.011570 -0.017742 -0.010600
v 0.011570 -0.022768 -0.010600
v 0.011570 -0.020784 -0.010600
v 0.011570 -0.025282 -0.010600
v 0.011570 -0.023297 -0.010600
v 0.011570 0.023724 -0.017430
v 0.011570 0.023719 -0.017361
v 0.011570 0.023719 -0.017639
v 0.011570 0.023724 -0.017570
v 0.011570 0.022403 -0.019076
v 0.011570 0.022472 -0.019062
v 0.011570 0.022265 -0.019094
v 0.011570 0.022334 -0.019086
v 0.011570 0.020856 -0.018474
v 0.011570 0.020900 -0.018528
v 0.011570 0.020647 -0.018112
v 0.011570 0.020675 -0.018176
v 0.011570 0.009156 -0.023616
v 0.011570 0.020527 -0.017570
v 0.011570 0.020531 -0.017639
v 0.011570 0.020580 -0.017086
v 0.011570 0.005393 -0.009632
v 0.011570 0.005472 -0.009557
v 0.011570 0.003390 -0.010600
v 0.011570 0.007161 -0.008900
v 0.011570 0.022056 -0.015902
v 0.011570 0.021848 -0.015924
v 0.011570 0.020856 -0.016526
v 0.011570 0.020815 -0.016582
v 0.011570 0.020946 -0.016419
v 0.011570 0.020900 -0.016472
v 0.011570 0.021097 -0.016274
v 0.011570 0.021044 -0.016320
v 0.011570 0.021387 -0.016081
v 0.011570 0.021325 -0.016114
v 0.011570 0.021578 -0.015997
v 0.011570 0.021513 -0.016022
v 0.011570 0.021711 -0.015955
v 0.011570 0.021644 -0.015974
v 0.011570 -0.020255 -0.010600
v 0.011570 -0.028324 -0.010600
v 0.011570 -0.027795 -0.010600
v 0.011570 -0.033350 -0.010600
v 0.011570 -0.032822 -0.010600
v 0.011570 0.023475 -0.016640
v 0.011570 0.023436 -0.016582
v 0.011570 0.023725 -0.017500
v 0.011570 0.023712 -0.017709
v 0.011570 0.023099 -0.018769
v 0.011570 0.023154 -0.018726
v 0.011570 0.022738 -0.018978
v 0.011570 0.022802 -0.018950
v 0.011570 0.022540 -0.019045
v 0.011570 0.022607 -0.019026
v 0.011570 0.021387 -0.018919
v 0.011570 0.021449 -0.018950
v 0.011570 0.020815 -0.018418
v 0.011570 0.008728 -0.023569
v 0.011570 0.020622 -0.018047
v 0.011570 0.007459 -0.023320
v 0.011570 0.007045 -0.023201
v 0.011570 0.007878 -0.023421
v 0.011570 0.020599 -0.017981
v 0.011570 0.006636 -0.023064
v 0.011570 0.021779 -0.015938
v 0.011570 0.020776 -0.016640
v 0.011570 0.020994 -0.016369
v 0.011570 0.021266 -0.016151
v 0.011570 0.021208 -0.016189
v 0.011570 0.021449 -0.016050
v 0.011570 -0.025810 -0.010600
v 0.011570 -0.035335 -0.010600
v 0.011570 -0.037848 -0.010600
v 0.011570 -0.035863 -0.010600
v 0.011570 -0.040361 -0.010600
v 0.011570 -0.038377 -0.010600
v 0.011570 0.023257 -0.016369
v 0.011570 0.023206 -0.016320
v 0.011570 0.023395 -0.016526
v 0.011570 0.023687 -0.017846
v 0.011570 0.023701 -0.017778
v 0.011570 0.023651 -0.017981
v 0.011570 0.023671 -0.017914
v 0.011570 0.023545 -0.018239
v 0.011570 0.023575 -0.018176
v 0.011570 0.023475 -0.018360
v 0.011570 0.023511 -0.018300
v 0.011570 0.023305 -0.018581
v 0.011570 0.023351 -0.018528
v 0.011570 0.023043 -0.018811
v 0.011570 0.022925 -0.018886
v 0.011570 0.022985 -0.018849
v 0.011570 0.022864 -0.018919
v 0.011570 0.022673 -0.019004
v 0.011570 0.021513 -0.018978
v 0.011570 0.021266 -0.018849
v 0.011570 0.021325 -0.018886
v 0.011570 0.021151 -0.018769
v 0.011570 0.021208 -0.018811
v 0.011570 0.020946 -0.018581
v 0.011570 0.020994 -0.018631
v 0.011570 0.020776 -0.018360
v 0.011570 0.020706 -0.018239
v 0.011570 0.020740 -0.018300
v 0.011570 0.008301 -0.023504
v 0.011570 0.006234 -0.022909
v 0.011570 0.005158 -0.009868
v 0.011570 0.022125 -0.015900
v 0.011570 0.021151 -0.016231
v 0.011570 -0.015757 -0.010600
v 0.011570 -0.017087 -0.008800
v 0.011570 -0.040890 -0.010600
v 0.011570 0.023305 -0.016419
v 0.011570 0.023351 -0.016472
v 0.011570 0.023629 -0.018047
v 0.011570 0.023257 -0.018631
v 0.011570 0.021044 -0.018680
v 0.011570 0.009587 -0.023644
v 0.011570 -0.027140 -0.008800
v 0.011570 -0.026466 -0.008800
v 0.011570 -0.030308 -0.010600
v 0.011570 -0.029653 -0.008800
v 0.011570 -0.030837 -0.010600
v 0.011570 -0.032166 -0.008800
v 0.011570 -0.042875 -0.010600
v 0.011570 -0.042219 -0.008800
v 0.011570 -0.041545 -0.008800
v 0.011570 -0.043400 -0.010600
v 0.011570 0.023545 -0.016761
v 0.011570 0.023511 -0.016700
v 0.011570 0.023604 -0.016888
v 0.011570 0.023575 -0.016824
v 0.011570 0.023651 -0.017019
v 0.011570 0.023629 -0.016953
v 0.011570 0.023712 -0.017291
v 0.011570 0.023604 -0.018112
v 0.011570 0.023395 -0.018474
v 0.011570 0.023436 -0.018418
v 0.011570 0.023206 -0.018680
v 0.011570 0.021097 -0.018726
v 0.011570 0.020647 -0.016888
v 0.011570 0.020622 -0.016953
v 0.011570 0.020599 -0.017019
v 0.011570 0.020740 -0.016700
v 0.011570 0.020706 -0.016761
v 0.011570 -0.007689 -0.010600
v 0.011570 -0.005197 -0.016909
v 0.011570 -0.005628 -0.016900
v 0.011570 -0.016412 -0.008800
v 0.011570 0.022540 -0.015955
v 0.011570 0.022472 -0.015938
v 0.011570 0.022673 -0.015997
v 0.011570 0.022607 -0.015974
v 0.011570 0.022864 -0.016081
v 0.011570 0.022802 -0.016050
v 0.011570 0.023701 -0.017222
v 0.011570 0.023687 -0.017154
v 0.011570 -0.010202 -0.010600
v 0.011570 -0.008217 -0.010600
v 0.011570 -0.004338 -0.016983
v 0.011570 -0.004767 -0.016937
v 0.011570 -0.003489 -0.017131
v 0.011570 -0.003912 -0.017048
v 0.011570 -0.028979 -0.008800
v 0.011570 0.022265 -0.015906
v 0.011570 0.022195 -0.015902
v 0.011570 0.022403 -0.015924
v 0.011570 0.022334 -0.015914
v 0.011570 0.022738 -0.016022
v 0.011570 0.022985 -0.016151
v 0.011570 0.022925 -0.016114
v 0.011570 0.023154 -0.016274
v 0.011570 0.023099 -0.016231
v 0.011570 0.023671 -0.017086
v 0.011570 0.020675 -0.016824
v 0.011570 -0.002662 -0.010600
v 0.011570 0.005450 -0.022549
v 0.011570 -0.005175 -0.010600
v 0.011570 -0.002655 -0.017352
v 0.011570 -0.003070 -0.017233
v 0.011570 -0.001449 -0.017815
v 0.011570 -0.001844 -0.017643
v 0.011570 -0.000312 -0.018430
v 0.011570 -0.000682 -0.018209
v 0.011570 -0.022113 -0.008800
v 0.011570 -0.021439 -0.008800
v 0.011570 -0.031492 -0.008800
v 0.011570 0.023043 -0.016189
v 0.011570 0.004701 -0.022123
v 0.011570 0.004341 -0.021885
v 0.011570 0.005071 -0.022344
v 0.011570 -0.005704 -0.010600
v 0.011570 -0.002247 -0.017489
v 0.011570 -0.001061 -0.018004
v 0.011570 0.000398 -0.018920
v 0.011570 0.000048 -0.018667
v 0.011570 -0.009547 -0.008800
v 0.011570 -0.008873 -0.008800
v 0.011570 -0.013244 -0.010600
v 0.011570 -0.015229 -0.010600
v 0.011570 -0.014573 -0.008800
v 0.011570 -0.039706 -0.008800
v 0.011570 -0.039032 -0.008800
v 0.011570 -0.000149 -0.010600
v 0.011570 0.000506 -0.008800
v 0.011570 0.003991 -0.021633
v 0.011570 -0.010731 -0.010600
v 0.011570 -0.012715 -0.010600
v 0.011570 -0.012060 -0.008800
v 0.011570 -0.011386 -0.008800
v 0.011570 0.001181 -0.008800
v 0.011570 -0.000678 -0.010600
v 0.011570 -0.007034 -0.008800
v 0.011570 -0.024627 -0.008800
v 0.011570 -0.023952 -0.008800
v 0.011570 -0.003191 -0.010600
v 0.011570 -0.004520 -0.008800
v 0.011570 -0.003846 -0.008800
v 0.011570 -0.006359 -0.008800
v 0.011570 -0.034680 -0.008800
v 0.011570 -0.034005 -0.008800
v 0.011570 -0.013899 -0.008800
v 0.011570 -0.050405 -0.010600
v 0.011570 -0.049749 -0.008800
v 0.011570 -0.049075 -0.008800
v 0.011570 -0.050930 -0.010600
v 0.011570 -0.052915 -0.010600
v 0.011570 -0.052259 -0.008800
v 0.011570 -0.051585 -0.008800
v 0.011570 -0.053440 -0.010600
v 0.011570 -0.002007 -0.008800
v 0.011570 -0.001333 -0.008800
v 0.011570 -0.037193 -0.008800
v 0.011570 -0.036519 -0.008800
v 0.011570 -0.047895 -0.010600
v 0.011570 -0.047239 -0.008800
v 0.011570 -0.046565 -0.008800
v 0.011570 -0.048420 -0.010600
v 0.011570 -0.019600 -0.008800
v 0.011570 -0.018926 -0.008800
v 0.011570 -0.045385 -0.010600
v 0.011570 -0.044729 -0.008800
v 0.011570 -0.044055 -0.008800
v 0.011570 -0.045910 -0.010600
v 0.011570 -0.055425 -0.010600
v 0.011570 -0.054769 -0.008800
v 0.011570 -0.054095 -0.008800
v 0.011570 -0.055950 -0.010600
v 0.011570 -0.057935 -0.010600
v 0.011570 -0.057279 -0.008800
v 0.011570 -0.056605 -0.008800
v 0.014570 0.003390 -0.010600
v 0.014570 0.020580 -0.017086
v 0.014570 0.020563 -0.017154
v 0.014570 0.028875 -0.008900
v 0.014570 0.022265 -0.015906
v 0.014570 0.022334 -0.015914
v 0.014570 0.022125 -0.015900
v 0.014570 0.022195 -0.015902
v 0.014570 0.005838 -0.022738
v 0.014570 0.021986 -0.015906
v 0.014570 0.022056 -0.015902
v 0.014570 0.007161 -0.008900
v 0.014570 0.021848 -0.015924
v 0.014570 0.020622 -0.016953
v 0.014570 0.005911 -0.009235
v 0.014570 0.005818 -0.009291
v 0.014570 0.006306 -0.009051
v 0.014570 0.006204 -0.009090
v 0.014570 0.006620 -0.008959
v 0.014570 0.006514 -0.008985
v 0.014570 0.001836 -0.010600
v 0.014570 0.021917 -0.015914
v 0.014570 0.021644 -0.015974
v 0.014570 0.021711 -0.015955
v 0.014570 0.006007 -0.009182
v 0.014570 0.006409 -0.009016
v 0.014570 0.006727 -0.008938
v 0.014570 0.020647 -0.016888
v 0.014570 0.008301 -0.023504
v 0.014570 0.008728 -0.023569
v 0.014570 0.009156 -0.023616
v 0.014570 0.023305 -0.016419
v 0.014570 0.023351 -0.016472
v 0.014570 0.021779 -0.015938
v 0.014570 0.020815 -0.016582
v 0.014570 0.020856 -0.016526
v 0.014570 0.003716 -0.010579
v 0.014570 0.003608 -0.010591
v 0.014570 0.003931 -0.010541
v 0.014570 0.003824 -0.010562
v 0.014570 0.006104 -0.009134
v 0.014570 0.006943 -0.008909
v 0.014570 0.006835 -0.008921
v 0.014570 0.007052 -0.008902
v 0.014570 0.020599 -0.017019
v 0.014570 0.007878 -0.023421
v 0.014570 0.020900 -0.018528
v 0.014570 0.020856 -0.018474
v 0.014570 0.023257 -0.016369
v 0.014570 0.023154 -0.016274
v 0.014570 0.023206 -0.016320
v 0.014570 0.023043 -0.016189
v 0.014570 0.023099 -0.016231
v 0.014570 0.022403 -0.015924
v 0.014570 0.022472 -0.015938
v 0.014570 0.021325 -0.016114
v 0.014570 0.021387 -0.016081
v 0.014570 0.021208 -0.016189
v 0.014570 0.021266 -0.016151
v 0.014570 0.021097 -0.016274
v 0.014570 0.021151 -0.016231
v 0.014570 0.020946 -0.016419
v 0.014570 0.020994 -0.016369
v 0.014570 0.020900 -0.016472
v 0.014570 0.004142 -0.010484
v 0.014570 0.004037 -0.010515
v 0.014570 0.004347 -0.010410
v 0.014570 0.004245 -0.010449
v 0.014570 0.004544 -0.010318
v 0.014570 0.004446 -0.010366
v 0.014570 0.005554 -0.009485
v 0.014570 0.005472 -0.009557
v 0.014570 0.005727 -0.009352
v 0.014570 0.005639 -0.009417
v 0.014570 0.020531 -0.017361
v 0.014570 0.020539 -0.017291
v 0.014570 0.007045 -0.023201
v 0.014570 0.007459 -0.023320
v 0.014570 0.009587 -0.023644
v 0.014570 0.010018 -0.023653
v 0.014570 0.020815 -0.018418
v 0.014570 0.021044 -0.018680
v 0.014570 0.020994 -0.018631
v 0.014570 0.021151 -0.018769
v 0.014570 0.021097 -0.018726
v 0.014570 0.022985 -0.016151
v 0.014570 0.022540 -0.015955
v 0.014570 0.022607 -0.015974
v 0.014570 0.021449 -0.016050
v 0.014570 0.021513 -0.016022
v 0.014570 0.020550 -0.017222
v 0.014570 0.006234 -0.022909
v 0.014570 0.006636 -0.023064
v 0.014570 0.020946 -0.018581
v 0.014570 0.021208 -0.018811
v 0.014570 -0.057935 -0.016900
v 0.014570 -0.030837 -0.010600
v 0.014570 -0.032822 -0.010600
v 0.014570 0.028875 -0.023653
v 0.014570 0.022802 -0.018950
v 0.014570 0.022738 -0.018978
v 0.014570 0.022925 -0.018886
v 0.014570 0.022864 -0.018919
v 0.014570 0.023545 -0.016761
v 0.014570 0.023575 -0.016824
v 0.014570 0.023475 -0.016640
v 0.014570 0.023511 -0.016700
v 0.014570 0.022864 -0.016081
v 0.014570 0.022925 -0.016114
v 0.014570 0.022673 -0.015997
v 0.014570 0.022738 -0.016022
v 0.014570 0.021578 -0.015997
v 0.014570 0.021044 -0.016320
v 0.014570 0.004824 -0.010148
v 0.014570 0.004733 -0.010208
v 0.014570 0.020776 -0.018360
v 0.014570 0.020740 -0.018300
v 0.014570 -0.037848 -0.010600
v 0.014570 -0.038377 -0.010600
v 0.014570 -0.035335 -0.010600
v 0.014570 -0.035863 -0.010600
v 0.014570 -0.033350 -0.010600
v 0.014570 -0.022768 -0.010600
v 0.014570 -0.023297 -0.010600
v 0.014570 0.022265 -0.019094
v 0.014570 0.022195 -0.019098
v 0.014570 0.022403 -0.019076
v 0.014570 0.022334 -0.019086
v 0.014570 0.023395 -0.016526
v 0.014570 0.023436 -0.016582
v 0.014570 0.022802 -0.016050
v 0.014570 0.003499 -0.010598
v 0.014570 0.004640 -0.010265
v 0.014570 0.004997 -0.010015
v 0.014570 0.004912 -0.010083
v 0.014570 0.020675 -0.016824
v 0.014570 0.005393 -0.009632
v 0.014570 0.020527 -0.017570
v 0.014570 0.020525 -0.017500
v 0.014570 0.021387 -0.018919
v 0.014570 0.021325 -0.018886
v 0.014570 0.021848 -0.019076
v 0.014570 0.021779 -0.019062
v 0.014570 0.021986 -0.019094
v 0.014570 0.021917 -0.019086
v 0.014570 0.022125 -0.019100
v 0.014570 0.022056 -0.019098
v 0.014570 0.020706 -0.018239
v 0.014570 -0.040361 -0.010600
v 0.014570 -0.025282 -0.010600
v 0.014570 -0.020255 -0.010600
v 0.014570 -0.020784 -0.010600
v 0.014570 -0.015757 -0.010600
v 0.014570 -0.017742 -0.010600
v 0.014570 0.022540 -0.019045
v 0.014570 0.022472 -0.019062
v 0.014570 0.022673 -0.019004
v 0.014570 0.022607 -0.019026
v 0.014570 0.022985 -0.018849
v 0.014570 0.020740 -0.016700
v 0.014570 0.020776 -0.016640
v 0.014570 0.005079 -0.009943
v 0.014570 0.020706 -0.016761
v 0.014570 0.005158 -0.009868
v 0.014570 0.020527 -0.017430
v 0.014570 0.020675 -0.018176
v 0.014570 0.021266 -0.018849
v 0.014570 0.021644 -0.019026
v 0.014570 0.021578 -0.019004
v 0.014570 0.021711 -0.019045
v 0.014570 -0.040890 -0.010600
v 0.014570 -0.042875 -0.010600
v 0.014570 -0.041545 -0.008800
v 0.014570 -0.031492 -0.008800
v 0.014570 -0.032166 -0.008800
v 0.014570 -0.028324 -0.010600
v 0.014570 -0.030308 -0.010600
v 0.014570 -0.028979 -0.008800
v 0.014570 -0.029653 -0.008800
v 0.014570 -0.025810 -0.010600
v 0.014570 -0.027795 -0.010600
v 0.014570 -0.026466 -0.008800
v 0.014570 -0.018271 -0.010600
v 0.014570 0.023099 -0.018769
v 0.014570 0.023043 -0.018811
v 0.014570 0.023206 -0.018680
v 0.014570 0.023154 -0.018726
v 0.014570 0.020539 -0.017709
v 0.014570 0.020531 -0.017639
v 0.014570 0.020647 -0.018112
v 0.014570 -0.042219 -0.008800
v 0.014570 -0.027140 -0.008800
v 0.014570 -0.016412 -0.008800
v 0.014570 -0.017087 -0.008800
v 0.014570 0.023724 -0.017570
v 0.014570 0.023719 -0.017639
v 0.014570 0.023719 -0.017361
v 0.014570 0.023724 -0.017430
v 0.014570 0.023712 -0.017291
v 0.014570 0.023671 -0.017086
v 0.014570 0.023687 -0.017154
v 0.014570 0.023604 -0.016888
v 0.014570 0.023629 -0.016953
v 0.014570 0.020550 -0.017778
v 0.014570 0.020599 -0.017981
v 0.014570 0.020580 -0.017914
v 0.014570 0.020622 -0.018047
v 0.014570 0.021513 -0.018978
v 0.014570 0.021449 -0.018950
v 0.014570 -0.023952 -0.008800
v 0.014570 -0.007689 -0.010600
v 0.014570 -0.008217 -0.010600
v 0.014570 -0.005628 -0.016900
v 0.014570 -0.005175 -0.010600
v 0.014570 -0.005704 -0.010600
v 0.014570 -0.003070 -0.017233
v 0.014570 -0.002662 -0.010600
v 0.014570 0.005071 -0.022344
v 0.014570 0.005450 -0.022549
v 0.014570 0.023305 -0.018581
v 0.014570 0.023257 -0.018631
v 0.014570 0.023575 -0.018176
v 0.014570 0.023545 -0.018239
v 0.014570 0.023712 -0.017709
v 0.014570 0.023701 -0.017778
v 0.014570 0.023725 -0.017500
v 0.014570 0.023651 -0.017019
v 0.014570 0.020563 -0.017846
v 0.014570 -0.024627 -0.008800
v 0.014570 -0.003912 -0.017048
v 0.014570 -0.003489 -0.017131
v 0.014570 -0.005197 -0.016909
v 0.014570 -0.004767 -0.016937
v 0.014570 -0.001844 -0.017643
v 0.014570 -0.001449 -0.017815
v 0.014570 -0.002655 -0.017352
v 0.014570 0.004701 -0.022123
v 0.014570 0.003991 -0.021633
v 0.014570 0.004341 -0.021885
v 0.014570 0.023395 -0.018474
v 0.014570 0.023351 -0.018528
v 0.014570 0.023475 -0.018360
v 0.014570 0.023436 -0.018418
v 0.014570 0.023511 -0.018300
v 0.014570 0.023671 -0.017914
v 0.014570 0.023651 -0.017981
v 0.014570 0.023687 -0.017846
v 0.014570 0.023701 -0.017222
v 0.014570 -0.021439 -0.008800
v 0.014570 -0.004338 -0.016983
v 0.014570 -0.010202 -0.010600
v 0.014570 -0.000312 -0.018430
v 0.014570 0.000048 -0.018667
v 0.014570 -0.001061 -0.018004
v 0.014570 -0.000682 -0.018209
v 0.014570 -0.002247 -0.017489
v 0.014570 -0.003191 -0.010600
v 0.014570 0.000398 -0.018920
v 0.014570 0.023629 -0.018047
v 0.014570 0.023604 -0.018112
v 0.014570 -0.022113 -0.008800
v 0.014570 -0.039032 -0.008800
v 0.014570 -0.013244 -0.010600
v 0.014570 -0.015229 -0.010600
v 0.014570 -0.013899 -0.008800
v 0.014570 -0.014573 -0.008800
v 0.014570 -0.008873 -0.008800
v 0.014570 0.001181 -0.008800
v 0.014570 0.000506 -0.008800
v 0.014570 -0.039706 -0.008800
v 0.014570 -0.010731 -0.010600
v 0.014570 -0.012715 -0.010600
v 0.014570 -0.011386 -0.008800
v 0.014570 -0.006359 -0.008800
v 0.014570 -0.007034 -0.008800
v 0.014570 -0.003846 -0.008800
v 0.014570 -0.004520 -0.008800
v 0.014570 -0.000149 -0.010600
v 0.014570 -0.000678 -0.010600
v 0.014570 -0.050930 -0.010600
v 0.014570 -0.052915 -0.010600
v 0.014570 -0.051585 -0.008800
v 0.014570 -0.048420 -0.010600
v 0.014570 -0.050405 -0.010600
v 0.014570 -0.049075 -0.008800
v 0.014570 -0.034005 -0.008800
v 0.014570 -0.012060 -0.008800
v 0.014570 -0.009547 -0.008800
v 0.014570 -0.052259 -0.008800
v 0.014570 -0.049749 -0.008800
v 0.014570 -0.045910 -0.010600
v 0.014570 -0.047895 -0.010600
v 0.014570 -0.046565 -0.008800
v 0.014570 -0.034680 -0.008800
v 0.014570 -0.036519 -0.008800
v 0.014570 -0.001333 -0.008800
v 0.014570 -0.047239 -0.008800
v 0.014570 -0.043400 -0.010600
v 0.014570 -0.045385 -0.010600
v 0.014570 -0.044055 -0.008800
v 0.014570 -0.037193 -0.008800
v 0.014570 -0.018926 -0.008800
v 0.014570 -0.055950 -0.010600
v 0.014570 -0.056605 -0.008800
v 0.014570 -0.057279 -0.008800
v 0.014570 -0.053440 -0.010600
v 0.014570 -0.055425 -0.010600
v 0.014570 -0.054095 -0.008800
v 0.014570 -0.044729 -0.008800
v 0.014570 -0.019600 -0.008800
v 0.014570 -0.002007 -0.008800
v 0.014570 -0.057935 -0.010600
v 0.014570 -0.054769 -0.008800
v 0.053074 0.006698 -0.012900
v 0.053000 0.006700 -0.012900
v 0.053000 0.006700 -0.015800
v 0.053148 0.006694 -0.012900
v 0.053074 0.006698 -0.015800
v 0.053222 0.006685 -0.012900
v 0.053148 0.006694 -0.015800
v 0.053295 0.006674 -0.012900
v 0.053222 0.006685 -0.015800
v 0.053368 0.006660 -0.012900
v 0.053295 0.006674 -0.015800
v 0.053440 0.006642 -0.012900
v 0.053368 0.006660 -0.015800
v 0.053511 0.006621 -0.012900
v 0.053440 0.006642 -0.015800
v 0.053581 0.006597 -0.012900
v 0.053511 0.006621 -0.015800
v 0.053651 0.006571 -0.012900
v 0.053581 0.006597 -0.015800
v 0.053718 0.006541 -0.012900
v 0.053651 0.006571 -0.015800
v 0.053785 0.006508 -0.012900
v 0.053718 0.006541 -0.015800
v 0.053850 0.006472 -0.012900
v 0.053785 0.006508 -0.015800
v 0.053913 0.006434 -0.012900
v 0.053850 0.006472 -0.015800
v 0.053975 0.006393 -0.012900
v 0.053913 0.006434 -0.015800
v 0.054035 0.006349 -0.012900
v 0.053975 0.006393 -0.015800
v 0.054093 0.006302 -0.012900
v 0.054035 0.006349 -0.015800
v 0.054148 0.006253 -0.012900
v 0.054093 0.006302 -0.015800
v 0.054202 0.006202 -0.012900
v 0.054148 0.006253 -0.015800
v 0.054253 0.006148 -0.012900
v 0.054202 0.006202 -0.015800
v 0.054302 0.006093 -0.012900
v 0.054253 0.006148 -0.015800
v 0.054349 0.006035 -0.012900
v 0.054302 0.006093 -0.015800
v 0.054393 0.005975 -0.012900
v 0.054349 0.006035 -0.015800
v 0.054434 0.005913 -0.012900
v 0.054393 0.005975 -0.015800
v 0.054472 0.005850 -0.012900
v 0.054434 0.005913 -0.015800
v 0.054508 0.005785 -0.012900
v 0.054472 0.005850 -0.015800
v 0.054541 0.005718 -0.012900
v 0.054508 0.005785 -0.015800
v 0.054571 0.005651 -0.012900
v 0.054541 0.005718 -0.015800
v 0.054598 0.005581 -0.012900
v 0.054571 0.005651 -0.015800
v 0.054621 0.005511 -0.012900
v 0.054598 0.005581 -0.015800
v 0.054642 0.005440 -0.012900
v 0.054621 0.005511 -0.015800
v 0.054660 0.005368 -0.012900
v 0.054642 0.005440 -0.015800
v 0.054674 0.005295 -0.012900
v 0.054660 0.005368 -0.015800
v 0.054685 0.005222 -0.012900
v 0.054674 0.005295 -0.015800
v 0.054694 0.005148 -0.012900
v 0.054685 0.005222 -0.015800
v 0.054698 0.005074 -0.012900
v 0.054694 0.005148 -0.015800
v 0.054700 0.005000 -0.012900
v 0.054698 0.005074 -0.015800
v 0.054698 0.004926 -0.012900
v 0.054700 0.005000 -0.015800
v 0.054694 0.004852 -0.012900
v 0.054698 0.004926 -0.015800
v 0.054685 0.004778 -0.012900
v 0.054694 0.004852 -0.015800
v 0.054674 0.004705 -0.012900
v 0.054685 0.004778 -0.015800
v 0.054660 0.004632 -0.012900
v 0.054674 0.004705 -0.015800
v 0.054642 0.004560 -0.012900
v 0.054660 0.004632 -0.015800
v 0.054621 0.004489 -0.012900
v 0.054642 0.004560 -0.015800
v 0.054598 0.004419 -0.012900
v 0.054621 0.004489 -0.015800
v 0.054571 0.004349 -0.012900
v 0.054598 0.004419 -0.015800
v 0.054541 0.004282 -0.012900
v 0.054571 0.004349 -0.015800
v 0.054508 0.004215 -0.012900
v 0.054541 0.004282 -0.015800
v 0.054472 0.004150 -0.012900
v 0.054508 0.004215 -0.015800
v 0.054434 0.004087 -0.012900
v 0.054472 0.004150 -0.015800
v 0.054393 0.004025 -0.012900
v 0.054434 0.004087 -0.015800
v 0.054349 0.003965 -0.012900
v 0.054393 0.004025 -0.015800
v 0.054302 0.003907 -0.012900
v 0.054349 0.003965 -0.015800
v 0.054253 0.003851 -0.012900
v 0.054302 0.003907 -0.015800
v 0.054202 0.003798 -0.012900
v 0.054253 0.003851 -0.015800
v 0.054148 0.003747 -0.012900
v 0.054202 0.003798 -0.015800
v 0.054093 0.003698 -0.012900
v 0.054148 0.003747 -0.015800
v 0.054035 0.003651 -0.012900
v 0.054093 0.003698 -0.015800
v 0.053975 0.003607 -0.012900
v 0.054035 0.003651 -0.015800
v 0.053913 0.003566 -0.012900
v 0.053975 0.003607 -0.015800
v 0.053850 0.003528 -0.012900
v 0.053913 0.003566 -0.015800
v 0.053785 0.003492 -0.012900
v 0.053850 0.003528 -0.015800
v 0.053718 0.003459 -0.012900
v 0.053785 0.003492 -0.015800
v 0.053651 0.003429 -0.012900
v 0.053718 0.003459 -0.015800
v 0.053581 0.003403 -0.012900
v 0.053651 0.003429 -0.015800
v 0.053511 0.003379 -0.012900
v 0.053581 0.003403 -0.015800
v 0.053440 0.003358 -0.012900
v 0.053511 0.003379 -0.015800
v 0.053368 0.003340 -0.012900
v 0.053440 0.003358 -0.015800
v 0.053295 0.003326 -0.012900
v 0.053368 0.003340 -0.015800
v 0.053222 0.003315 -0.012900
v 0.053295 0.003326 -0.015800
v 0.053148 0.003306 -0.012900
v 0.053222 0.003315 -0.015800
v 0.053074 0.003302 -0.012900
v 0.053148 0.003306 -0.015800
v 0.053000 0.003300 -0.012900
v 0.053074 0.003302 -0.015800
v 0.052926 0.003302 -0.012900
v 0.053000 0.003300 -0.015800
v 0.052852 0.003306 -0.012900
v 0.052926 0.003302 -0.015800
v 0.052778 0.003315 -0.012900
v 0.052852 0.003306 -0.015800
v 0.052705 0.003326 -0.012900
v 0.052778 0.003315 -0.015800
v 0.052632 0.003340 -0.012900
v 0.052705 0.003326 -0.015800
v 0.052560 0.003358 -0.012900
v 0.052632 0.003340 -0.015800
v 0.052489 0.003379 -0.012900
v 0.052560 0.003358 -0.015800
v 0.052419 0.003403 -0.012900
v 0.052489 0.003379 -0.015800
v 0.052349 0.003429 -0.012900
v 0.052419 0.003403 -0.015800
v 0.052281 0.003459 -0.012900
v 0.052349 0.003429 -0.015800
v 0.052215 0.003492 -0.012900
v 0.052281 0.003459 -0.015800
v 0.052150 0.003528 -0.012900
v 0.052215 0.003492 -0.015800
v 0.052087 0.003566 -0.012900
v 0.052150 0.003528 -0.015800
v 0.052025 0.003607 -0.012900
v 0.052087 0.003566 -0.015800
v 0.051965 0.003651 -0.012900
v 0.052025 0.003607 -0.015800
v 0.051907 0.003698 -0.012900
v 0.051965 0.003651 -0.015800
v 0.051851 0.003747 -0.012900
v 0.051907 0.003698 -0.015800
v 0.051798 0.003798 -0.012900
v 0.051851 0.003747 -0.015800
v 0.051747 0.003851 -0.012900
v 0.051798 0.003798 -0.015800
v 0.051698 0.003907 -0.012900
v 0.051747 0.003851 -0.015800
v 0.051651 0.003965 -0.012900
v 0.051698 0.003907 -0.015800
v 0.051607 0.004025 -0.012900
v 0.051651 0.003965 -0.015800
v 0.051566 0.004087 -0.012900
v 0.051607 0.004025 -0.015800
v 0.051528 0.004150 -0.012900
v 0.051566 0.004087 -0.015800
v 0.051492 0.004215 -0.012900
v 0.051528 0.004150 -0.015800
v 0.051459 0.004282 -0.012900
v 0.051492 0.004215 -0.015800
v 0.051429 0.004349 -0.012900
v 0.051459 0.004282 -0.015800
v 0.051403 0.004419 -0.012900
v 0.051429 0.004349 -0.015800
v 0.051379 0.004489 -0.012900
v 0.051403 0.004419 -0.015800
v 0.051358 0.004560 -0.012900
v 0.051379 0.004489 -0.015800
v 0.051340 0.004632 -0.012900
v 0.051358 0.004560 -0.015800
v 0.051326 0.004705 -0.012900
v 0.051340 0.004632 -0.015800
v 0.051314 0.004778 -0.012900
v 0.051326 0.004705 -0.015800
v 0.051307 0.004852 -0.012900
v 0.051314 0.004778 -0.015800
v 0.051302 0.004926 -0.012900
v 0.051307 0.004852 -0.015800
v 0.051300 0.005000 -0.012900
v 0.051302 0.004926 -0.015800
v 0.051302 0.005074 -0.012900
v 0.051300 0.005000 -0.015800
v 0.051307 0.005148 -0.012900
v 0.051302 0.005074 -0.015800
v 0.051314 0.005222 -0.012900
v 0.051307 0.005148 -0.015800
v 0.051326 0.005295 -0.012900
v 0.051314 0.005222 -0.015800
v 0.051340 0.005368 -0.012900
v 0.051326 0.005295 -0.015800
v 0.051358 0.005440 -0.012900
v 0.051340 0.005368 -0.015800
v 0.051379 0.005511 -0.012900
v 0.051358 0.005440 -0.015800
v 0.051403 0.005581 -0.012900
v 0.051379 0.005511 -0.015800
v 0.051429 0.005651 -0.012900
v 0.051403 0.005581 -0.015800
v 0.051459 0.005718 -0.012900
v 0.051429 0.005651 -0.015800
v 0.051492 0.005785 -0.012900
v 0.051459 0.005718 -0.015800
v 0.051528 0.005850 -0.012900
v 0.051492 0.005785 -0.015800
v 0.051566 0.005913 -0.012900
v 0.051528 0.005850 -0.015800
v 0.051607 0.005975 -0.012900
v 0.051566 0.005913 -0.015800
v 0.051651 0.006035 -0.012900
v 0.051607 0.005975 -0.015800
v 0.051698 0.006093 -0.012900
v 0.051651 0.006035 -0.015800
v 0.051747 0.006148 -0.012900
v 0.051698 0.006093 -0.015800
v 0.051798 0.006202 -0.012900
v 0.051747 0.006148 -0.015800
v 0.051851 0.006253 -0.012900
v 0.051798 0.006202 -0.015800
v 0.051907 0.006302 -0.012900
v 0.051851 0.006253 -0.015800
v 0.051965 0.006349 -0.012900
v 0.051907 0.006302 -0.015800
v 0.052025 0.006393 -0.012900
v 0.051965 0.006349 -0.015800
v 0.052087 0.006434 -0.012900
v 0.052025 0.006393 -0.015800
v 0.052150 0.006472 -0.012900
v 0.052087 0.006434 -0.015800
v 0.052215 0.006508 -0.012900
v 0.052150 0.006472 -0.015800
v 0.052281 0.006541 -0.012900
v 0.052215 0.006508 -0.015800
v 0.052349 0.006571 -0.012900
v 0.052281 0.006541 -0.015800
v 0.052419 0.006597 -0.012900
v 0.052349 0.006571 -0.015800
v 0.052489 0.006621 -0.012900
v 0.052419 0.006597 -0.015800
v 0.052560 0.006642 -0.012900
v 0.052489 0.006621 -0.015800
v 0.052632 0.006660 -0.012900
v 0.052560 0.006642 -0.015800
v 0.052705 0.006674 -0.012900
v 0.052632 0.006660 -0.015800
v 0.052778 0.006685 -0.012900
v 0.052705 0.006674 -0.015800
v 0.052852 0.006694 -0.012900
v 0.052778 0.006685 -0.015800
v 0.052926 0.006698 -0.012900
v 0.052852 0.006694 -0.015800
v 0.052926 0.006698 -0.015800
v 0.052023 0.008100 -0.015800
v 0.052159 0.008139 -0.015800
v 0.051888 0.008054 -0.015800
v 0.050422 0.006978 -0.015800
v 0.050510 0.007089 -0.015800
v 0.050604 0.007196 -0.015800
v 0.050702 0.007298 -0.015800
v 0.051499 0.007883 -0.015800
v 0.051626 0.007945 -0.015800
v 0.051756 0.008003 -0.015800
v 0.052297 0.008173 -0.015800
v 0.052436 0.008201 -0.015800
v 0.052576 0.008222 -0.015800
v 0.052717 0.008238 -0.015800
v 0.055196 0.007396 -0.015800
v 0.055298 0.007298 -0.015800
v 0.050338 0.006864 -0.015800
v 0.050804 0.007396 -0.015800
v 0.051136 0.007662 -0.015800
v 0.051254 0.007741 -0.015800
v 0.054112 0.008054 -0.015800
v 0.054244 0.008003 -0.015800
v 0.054979 0.007578 -0.015800
v 0.055089 0.007490 -0.015800
v 0.055396 0.007196 -0.015800
v 0.050185 0.006625 -0.015800
v 0.050259 0.006746 -0.015800
v 0.051375 0.007815 -0.015800
v 0.052858 0.008247 -0.015800
v 0.053000 0.008250 -0.015800
v 0.053142 0.008247 -0.015800
v 0.053283 0.008238 -0.015800
v 0.053977 0.008100 -0.015800
v 0.054625 0.007815 -0.015800
v 0.054746 0.007741 -0.015800
v 0.054864 0.007662 -0.015800
v 0.055490 0.007089 -0.015800
v 0.055089 0.002510 -0.015800
v 0.054979 0.002422 -0.015800
v 0.051375 0.002185 -0.015800
v 0.051254 0.002259 -0.015800
v 0.051022 0.002422 -0.015800
v 0.050911 0.002510 -0.015800
v 0.050804 0.002604 -0.015800
v 0.050911 0.007490 -0.015800
v 0.051022 0.007578 -0.015800
v 0.054373 0.007945 -0.015800
v 0.054501 0.007883 -0.015800
v 0.055578 0.006978 -0.015800
v 0.055662 0.006864 -0.015800
v 0.054864 0.002338 -0.015800
v 0.054625 0.002185 -0.015800
v 0.054501 0.002117 -0.015800
v 0.054373 0.002054 -0.015800
v 0.051888 0.001946 -0.015800
v 0.051756 0.001997 -0.015800
v 0.051499 0.002117 -0.015800
v 0.049997 0.006244 -0.015800
v 0.050055 0.006374 -0.015800
v 0.050117 0.006501 -0.015800
v 0.053424 0.008222 -0.015800
v 0.053564 0.008201 -0.015800
v 0.053703 0.008173 -0.015800
v 0.053841 0.008139 -0.015800
v 0.054746 0.002259 -0.015800
v 0.052297 0.001827 -0.015800
v 0.052159 0.001861 -0.015800
v 0.052023 0.001900 -0.015800
v 0.051626 0.002054 -0.015800
v 0.051136 0.002338 -0.015800
v 0.056003 0.003756 -0.015800
v 0.055946 0.003626 -0.015800
v 0.055741 0.003254 -0.015800
v 0.055662 0.003136 -0.015800
v 0.055490 0.002911 -0.015800
v 0.055396 0.002804 -0.015800
v 0.055298 0.002702 -0.015800
v 0.055196 0.002604 -0.015800
v 0.054112 0.001946 -0.015800
v 0.053977 0.001900 -0.015800
v 0.053000 0.001750 -0.015800
v 0.052858 0.001753 -0.015800
v 0.050604 0.002804 -0.015800
v 0.050510 0.002911 -0.015800
v 0.050422 0.003022 -0.015800
v 0.050338 0.003136 -0.015800
v 0.049861 0.005841 -0.015800
v 0.049900 0.005977 -0.015800
v 0.055741 0.006746 -0.015800
v 0.055815 0.006625 -0.015800
v 0.055946 0.006374 -0.015800
v 0.056003 0.006244 -0.015800
v 0.056238 0.005283 -0.015800
v 0.056247 0.005142 -0.015800
v 0.056250 0.005000 -0.015800
v 0.056247 0.004858 -0.015800
v 0.055883 0.003499 -0.015800
v 0.055815 0.003375 -0.015800
v 0.055578 0.003022 -0.015800
v 0.054244 0.001997 -0.015800
v 0.052717 0.001762 -0.015800
v 0.050702 0.002702 -0.015800
v 0.050259 0.003254 -0.015800
v 0.050185 0.003375 -0.015800
v 0.050117 0.003499 -0.015800
v 0.049762 0.005283 -0.015800
v 0.049778 0.005424 -0.015800
v 0.049946 0.006112 -0.015800
v 0.055883 0.006501 -0.015800
v 0.056054 0.006112 -0.015800
v 0.056201 0.005564 -0.015800
v 0.056222 0.005424 -0.015800
v 0.056238 0.004717 -0.015800
v 0.056222 0.004576 -0.015800
v 0.053841 0.001861 -0.015800
v 0.053703 0.001827 -0.015800
v 0.053564 0.001799 -0.015800
v 0.053424 0.001778 -0.015800
v 0.053283 0.001762 -0.015800
v 0.053142 0.001753 -0.015800
v 0.050055 0.003626 -0.015800
v 0.049997 0.003756 -0.015800
v 0.049750 0.005000 -0.015800
v 0.049753 0.005142 -0.015800
v 0.049799 0.005564 -0.015800
v 0.049827 0.005703 -0.015800
v 0.056173 0.005703 -0.015800
v 0.052576 0.001778 -0.015800
v 0.052436 0.001799 -0.015800
v 0.049946 0.003888 -0.015800
v 0.049861 0.004159 -0.015800
v 0.049827 0.004297 -0.015800
v 0.056201 0.004436 -0.015800
v 0.056173 0.004297 -0.015800
v 0.056139 0.004159 -0.015800
v 0.056100 0.004023 -0.015800
v 0.049900 0.004023 -0.015800
v 0.049762 0.004717 -0.015800
v 0.049753 0.004858 -0.015800
v 0.056100 0.005977 -0.015800
v 0.056139 0.005841 -0.015800
v 0.056054 0.003888 -0.015800
v 0.049799 0.004436 -0.015800
v 0.049778 0.004576 -0.015800
v 0.053000 0.008250 -0.018800
v 0.053142 0.008247 -0.018800
v 0.053283 0.008238 -0.018800
v 0.053424 0.008222 -0.018800
v 0.053564 0.008201 -0.018800
v 0.053703 0.008173 -0.018800
v 0.053841 0.008139 -0.018800
v 0.053977 0.008100 -0.018800
v 0.054112 0.008054 -0.018800
v 0.054244 0.008003 -0.018800
v 0.054373 0.007945 -0.018800
v 0.054501 0.007883 -0.018800
v 0.054625 0.007815 -0.018800
v 0.054746 0.007741 -0.018800
v 0.054864 0.007662 -0.018800
v 0.054979 0.007578 -0.018800
v 0.055089 0.007490 -0.018800
v 0.055196 0.007396 -0.018800
v 0.055298 0.007298 -0.018800
v 0.055396 0.007196 -0.018800
v 0.055490 0.007089 -0.018800
v 0.055578 0.006978 -0.018800
v 0.055662 0.006864 -0.018800
v 0.055741 0.006746 -0.018800
v 0.055815 0.006625 -0.018800
v 0.055883 0.006501 -0.018800
v 0.055946 0.006374 -0.018800
v 0.056003 0.006244 -0.018800
v 0.056054 0.006112 -0.018800
v 0.056100 0.005977 -0.018800
v 0.056139 0.005841 -0.018800
v 0.056173 0.005703 -0.018800
v 0.056201 0.005564 -0.018800
v 0.056222 0.005424 -0.018800
v 0.056238 0.005283 -0.018800
v 0.056247 0.005142 -0.018800
v 0.056250 0.005000 -0.018800
v 0.056247 0.004858 -0.018800
v 0.056238 0.004717 -0.018800
v 0.056222 0.004576 -0.018800
v 0.056201 0.004436 -0.018800
v 0.056173 0.004297 -0.018800
v 0.056139 0.004159 -0.018800
v 0.056100 0.004023 -0.018800
v 0.056054 0.003888 -0.018800
v 0.056003 0.003756 -0.018800
v 0.055946 0.003626 -0.018800
v 0.055883 0.003499 -0.018800
v 0.055815 0.003375 -0.018800
v 0.055741 0.003254 -0.018800
v 0.055662 0.003136 -0.018800
v 0.055578 0.003022 -0.018800
v 0.055490 0.002911 -0.018800
v 0.055396 0.002804 -0.018800
v 0.055298 0.002702 -0.018800
v 0.055196 0.002604 -0.018800
v 0.055089 0.002510 -0.018800
v 0.054979 0.002422 -0.018800
v 0.054864 0.002338 -0.018800
v 0.054746 0.002259 -0.018800
v 0.054625 0.002185 -0.018800
v 0.054501 0.002117 -0.018800
v 0.054373 0.002054 -0.018800
v 0.054244 0.001997 -0.018800
v 0.054112 0.001946 -0.018800
v 0.053977 0.001900 -0.018800
v 0.053841 0.001861 -0.018800
v 0.053703 0.001827 -0.018800
v 0.053564 0.001799 -0.018800
v 0.053424 0.001778 -0.018800
v 0.053283 0.001762 -0.018800
v 0.053142 0.001753 -0.018800
v 0.053000 0.001750 -0.018800
v 0.052858 0.001753 -0.018800
v 0.052717 0.001762 -0.018800
v 0.052576 0.001778 -0.018800
v 0.052436 0.001799 -0.018800
v 0.052297 0.001827 -0.018800
v 0.052159 0.001861 -0.018800
v 0.052023 0.001900 -0.018800
v 0.051888 0.001946 -0.018800
v 0.051756 0.001997 -0.018800
v 0.051626 0.002054 -0.018800
v 0.051499 0.002117 -0.018800
v 0.051375 0.002185 -0.018800
v 0.051254 0.002259 -0.018800
v 0.051136 0.002338 -0.018800
v 0.051022 0.002422 -0.018800
v 0.050911 0.002510 -0.018800
v 0.050804 0.002604 -0.018800
v 0.050702 0.002702 -0.018800
v 0.050604 0.002804 -0.018800
v 0.050510 0.002911 -0.018800
v 0.050422 0.003022 -0.018800
v 0.050338 0.003136 -0.018800
v 0.050259 0.003254 -0.018800
v 0.050185 0.003375 -0.018800
v 0.050117 0.003499 -0.018800
v 0.050055 0.003626 -0.018800
v 0.049997 0.003756 -0.018800
v 0.049946 0.003888 -0.018800
v 0.049900 0.004023 -0.018800
v 0.049861 0.004159 -0.018800
v 0.049827 0.004297 -0.018800
v 0.049799 0.004436 -0.018800
v 0.049778 0.004576 -0.018800
v 0.049762 0.004717 -0.018800
v 0.049753 0.004858 -0.018800
v 0.049750 0.005000 -0.018800
v 0.049753 0.005142 -0.018800
v 0.049762 0.005283 -0.018800
v 0.049778 0.005424 -0.018800
v 0.049799 0.005564 -0.018800
v 0.049827 0.005703 -0.018800
v 0.049861 0.005841 -0.018800
v 0.049900 0.005977 -0.018800
v 0.049946 0.006112 -0.018800
v 0.049997 0.006244 -0.018800
v 0.050055 0.006374 -0.018800
v 0.050117 0.006501 -0.018800
v 0.050185 0.006625 -0.018800
v 0.050259 0.006746 -0.018800
v 0.050338 0.006864 -0.018800
v 0.050422 0.006978 -0.018800
v 0.050510 0.007089 -0.018800
v 0.050604 0.007196 -0.018800
v 0.050702 0.007298 -0.018800
v 0.050804 0.007396 -0.018800
v 0.050911 0.007490 -0.018800
v 0.051022 0.007578 -0.018800
v 0.051136 0.007662 -0.018800
v 0.051254 0.007741 -0.018800
v 0.051375 0.007815 -0.018800
v 0.051499 0.007883 -0.018800
v 0.051626 0.007945 -0.018800
v 0.051756 0.008003 -0.018800
v 0.051888 0.008054 -0.018800
v 0.052023 0.008100 -0.018800
v 0.052159 0.008139 -0.018800
v 0.052297 0.008173 -0.018800
v 0.052436 0.008201 -0.018800
v 0.052576 0.008222 -0.018800
v 0.052717 0.008238 -0.018800
v 0.052858 0.008247 -0.018800
v 0.053583 0.033297 -0.012900
v 0.053658 0.033293 -0.012900
v 0.047400 0.040000 -0.012900
v 0.087036 0.034359 -0.012900
v 0.087047 0.034433 -0.012900
v 0.053510 0.033306 -0.012900
v 0.055374 0.034551 -0.012900
v 0.088647 0.032439 -0.012900
v 0.088573 0.032444 -0.012900
v 0.055391 0.034623 -0.012900
v 0.087124 0.034719 -0.012900
v 0.087151 0.034788 -0.012900
v 0.087079 0.034577 -0.012900
v 0.087100 0.034649 -0.012900
v 0.087062 0.034505 -0.012900
v 0.054027 0.033317 -0.012900
v 0.053806 0.033293 -0.012900
v 0.053732 0.033291 -0.012900
v 0.053954 0.033306 -0.012900
v 0.088721 0.032437 -0.012900
v 0.055165 0.034078 -0.012900
v 0.055124 0.034016 -0.012900
v 0.055272 0.034273 -0.012900
v 0.055240 0.034206 -0.012900
v 0.055353 0.034480 -0.012900
v 0.087181 0.034856 -0.012900
v 0.087213 0.034922 -0.012900
v 0.053081 0.033420 -0.012900
v 0.053013 0.033450 -0.012900
v 0.053220 0.033370 -0.012900
v 0.053150 0.033394 -0.012900
v 0.053436 0.033317 -0.012900
v 0.053364 0.033331 -0.012900
v 0.053880 0.033297 -0.012900
v 0.054517 0.033483 -0.012900
v 0.054450 0.033450 -0.012900
v 0.052947 0.033483 -0.012900
v 0.047400 -0.000000 -0.012900
v 0.054934 0.033789 -0.012900
v 0.054880 0.033738 -0.012900
v 0.055080 0.033956 -0.012900
v 0.055034 0.033898 -0.012900
v 0.055204 0.034141 -0.012900
v 0.055302 0.034340 -0.012900
v 0.055329 0.034410 -0.012900
v 0.087249 0.034987 -0.012900
v 0.087023 0.034212 -0.012900
v 0.087028 0.034286 -0.012900
v 0.052033 0.035065 -0.012900
v 0.052038 0.035139 -0.012900
v 0.053292 0.033349 -0.012900
v 0.054243 0.033370 -0.012900
v 0.054172 0.033349 -0.012900
v 0.054382 0.033420 -0.012900
v 0.054313 0.033394 -0.012900
v 0.054824 0.033689 -0.012900
v 0.054985 0.033843 -0.012900
v 0.055430 0.034917 -0.012900
v 0.055425 0.034843 -0.012900
v 0.057428 0.000090 -0.012900
v 0.057757 0.000176 -0.012900
v 0.087021 0.034137 -0.012900
v 0.087036 0.033915 -0.012900
v 0.087028 0.033989 -0.012900
v 0.052058 0.035286 -0.012900
v 0.052072 0.035359 -0.012900
v 0.052046 0.035213 -0.012900
v 0.052191 0.034273 -0.012900
v 0.052161 0.034340 -0.012900
v 0.054100 0.033331 -0.012900
v 0.054767 0.033642 -0.012900
v 0.055417 0.034769 -0.012900
v 0.055406 0.034696 -0.012900
v 0.055432 0.034991 -0.012900
v 0.057092 0.000033 -0.012900
v 0.057593 0.000130 -0.012900
v 0.057919 0.000230 -0.012900
v 0.092318 0.027799 -0.012900
v 0.087419 0.035230 -0.012900
v 0.087468 0.035286 -0.012900
v 0.087288 0.035051 -0.012900
v 0.087023 0.034063 -0.012900
v 0.087062 0.033769 -0.012900
v 0.087047 0.033842 -0.012900
v 0.087181 0.033419 -0.012900
v 0.087151 0.033487 -0.012900
v 0.087629 0.032835 -0.012900
v 0.087573 0.032884 -0.012900
v 0.053954 0.036676 -0.012900
v 0.088003 0.032597 -0.012900
v 0.087936 0.032629 -0.012900
v 0.052260 0.035841 -0.012900
v 0.052298 0.035904 -0.012900
v 0.052134 0.035572 -0.012900
v 0.052161 0.035642 -0.012900
v 0.052033 0.034917 -0.012900
v 0.052032 0.034991 -0.012900
v 0.052224 0.034206 -0.012900
v 0.052134 0.034410 -0.012900
v 0.052298 0.034078 -0.012900
v 0.052260 0.034141 -0.012900
v 0.052429 0.033898 -0.012900
v 0.052383 0.033956 -0.012900
v 0.054645 0.033557 -0.012900
v 0.054582 0.033519 -0.012900
v 0.054707 0.033598 -0.012900
v 0.056753 0.000004 -0.012900
v 0.057261 0.000058 -0.012900
v 0.058078 0.000290 -0.012900
v 0.058388 0.000430 -0.012900
v 0.058685 0.000597 -0.012900
v 0.092447 0.027909 -0.012900
v 0.093800 0.036000 -0.012900
v 0.090396 0.034433 -0.012900
v 0.090407 0.034359 -0.012900
v 0.090262 0.034856 -0.012900
v 0.090292 0.034788 -0.012900
v 0.093796 0.036174 -0.012900
v 0.087519 0.035339 -0.012900
v 0.087573 0.035391 -0.012900
v 0.087079 0.033697 -0.012900
v 0.087124 0.033556 -0.012900
v 0.087100 0.033626 -0.012900
v 0.087288 0.033224 -0.012900
v 0.087249 0.033287 -0.012900
v 0.087373 0.033102 -0.012900
v 0.087329 0.033162 -0.012900
v 0.087519 0.032935 -0.012900
v 0.087468 0.032989 -0.012900
v 0.087686 0.032789 -0.012900
v 0.087871 0.032665 -0.012900
v 0.053806 0.036689 -0.012900
v 0.053880 0.036685 -0.012900
v 0.052947 0.036499 -0.012900
v 0.053013 0.036532 -0.012900
v 0.052429 0.036084 -0.012900
v 0.052478 0.036140 -0.012900
v 0.052224 0.035776 -0.012900
v 0.052191 0.035709 -0.012900
v 0.052046 0.034769 -0.012900
v 0.052038 0.034843 -0.012900
v 0.052339 0.034016 -0.012900
v 0.056923 0.000014 -0.012900
v 0.058538 0.000510 -0.012900
v 0.058828 0.000689 -0.012900
v 0.059101 0.000892 -0.012900
v 0.092692 0.028144 -0.012900
v 0.092806 0.028269 -0.012900
v 0.092572 0.028024 -0.012900
v 0.090381 0.034505 -0.012900
v 0.090343 0.034649 -0.012900
v 0.090363 0.034577 -0.012900
v 0.090319 0.034719 -0.012900
v 0.093785 0.036349 -0.012900
v 0.089923 0.035339 -0.012900
v 0.089975 0.035286 -0.012900
v 0.093174 0.038149 -0.012900
v 0.091949 0.039374 -0.012900
v 0.089571 0.035610 -0.012900
v 0.089635 0.035571 -0.012900
v 0.091647 0.039548 -0.012900
v 0.091490 0.039625 -0.012900
v 0.089506 0.035645 -0.012900
v 0.089800 0.040000 -0.012900
v 0.088071 0.035708 -0.012900
v 0.088140 0.035735 -0.012900
v 0.087936 0.035645 -0.012900
v 0.088003 0.035678 -0.012900
v 0.087746 0.035530 -0.012900
v 0.087808 0.035571 -0.012900
v 0.087373 0.035172 -0.012900
v 0.087213 0.033352 -0.012900
v 0.087419 0.033045 -0.012900
v 0.053658 0.036689 -0.012900
v 0.053732 0.036691 -0.012900
v 0.052882 0.036463 -0.012900
v 0.052583 0.036244 -0.012900
v 0.052639 0.036293 -0.012900
v 0.052530 0.036193 -0.012900
v 0.052339 0.035966 -0.012900
v 0.052383 0.036026 -0.012900
v 0.052072 0.034623 -0.012900
v 0.052058 0.034696 -0.012900
v 0.052110 0.034480 -0.012900
v 0.052478 0.033843 -0.012900
v 0.056583 -0.000000 -0.012900
v 0.058234 0.000357 -0.012900
v 0.058966 0.000788 -0.012900
v 0.054382 0.036562 -0.012900
v 0.054450 0.036532 -0.012900
v 0.093800 0.030907 -0.012900
v 0.090415 0.033989 -0.012900
v 0.090415 0.034286 -0.012900
v 0.093766 0.036522 -0.012900
v 0.090229 0.034922 -0.012900
v 0.090024 0.035230 -0.012900
v 0.093264 0.038000 -0.012900
v 0.093077 0.038294 -0.012900
v 0.089696 0.035530 -0.012900
v 0.089756 0.035486 -0.012900
v 0.092502 0.038949 -0.012900
v 0.092094 0.039277 -0.012900
v 0.091800 0.039464 -0.012900
v 0.089161 0.035779 -0.012900
v 0.090149 0.039985 -0.012900
v 0.089975 0.039996 -0.012900
v 0.088210 0.035759 -0.012900
v 0.088281 0.035779 -0.012900
v 0.087871 0.035610 -0.012900
v 0.087629 0.035440 -0.012900
v 0.087686 0.035486 -0.012900
v 0.087329 0.035112 -0.012900
v 0.087808 0.032704 -0.012900
v 0.087746 0.032745 -0.012900
v 0.053510 0.036676 -0.012900
v 0.053583 0.036685 -0.012900
v 0.053081 0.036562 -0.012900
v 0.052090 0.035431 -0.012900
v 0.052110 0.035502 -0.012900
v 0.052090 0.034551 -0.012900
v 0.052639 0.033689 -0.012900
v 0.052583 0.033738 -0.012900
v 0.052882 0.033519 -0.012900
v 0.052818 0.033557 -0.012900
v 0.055374 0.035431 -0.012900
v 0.055391 0.035359 -0.012900
v 0.088426 0.032463 -0.012900
v 0.055034 0.036084 -0.012900
v 0.055080 0.036026 -0.012900
v 0.054517 0.036499 -0.012900
v 0.054582 0.036463 -0.012900
v 0.092915 0.028398 -0.012900
v 0.093019 0.028533 -0.012900
v 0.089756 0.032789 -0.012900
v 0.089696 0.032745 -0.012900
v 0.089814 0.032835 -0.012900
v 0.093294 0.028960 -0.012900
v 0.093373 0.029110 -0.012900
v 0.089870 0.032884 -0.012900
v 0.093446 0.029263 -0.012900
v 0.093513 0.029419 -0.012900
v 0.090024 0.033045 -0.012900
v 0.093710 0.030066 -0.012900
v 0.093743 0.030233 -0.012900
v 0.090407 0.033915 -0.012900
v 0.093739 0.036695 -0.012900
v 0.090194 0.034987 -0.012900
v 0.090114 0.035112 -0.012900
v 0.090155 0.035051 -0.012900
v 0.093615 0.037203 -0.012900
v 0.092973 0.038435 -0.012900
v 0.089870 0.035391 -0.012900
v 0.089814 0.035440 -0.012900
v 0.092864 0.038571 -0.012900
v 0.092628 0.038828 -0.012900
v 0.092371 0.039064 -0.012900
v 0.092235 0.039173 -0.012900
v 0.089232 0.035759 -0.012900
v 0.090495 0.039939 -0.012900
v 0.090322 0.039966 -0.012900
v 0.089089 0.035797 -0.012900
v 0.088795 0.035836 -0.012900
v 0.088869 0.035831 -0.012900
v 0.088647 0.035836 -0.012900
v 0.088721 0.035837 -0.012900
v 0.088353 0.035797 -0.012900
v 0.088426 0.035812 -0.012900
v 0.053220 0.036612 -0.012900
v 0.053292 0.036633 -0.012900
v 0.053150 0.036589 -0.012900
v 0.052697 0.036340 -0.012900
v 0.052757 0.036384 -0.012900
v 0.052530 0.033789 -0.012900
v 0.052757 0.033598 -0.012900
v 0.052697 0.033642 -0.012900
v 0.055417 0.035213 -0.012900
v 0.055425 0.035139 -0.012900
v 0.055406 0.035286 -0.012900
v 0.055165 0.035904 -0.012900
v 0.055204 0.035841 -0.012900
v 0.055124 0.035966 -0.012900
v 0.054824 0.036293 -0.012900
v 0.054880 0.036244 -0.012900
v 0.054313 0.036589 -0.012900
v 0.093116 0.028671 -0.012900
v 0.093208 0.028814 -0.012900
v 0.089923 0.032935 -0.012900
v 0.093572 0.029577 -0.012900
v 0.093625 0.029738 -0.012900
v 0.089975 0.032989 -0.012900
v 0.093671 0.029901 -0.012900
v 0.090070 0.033102 -0.012900
v 0.093768 0.030400 -0.012900
v 0.093786 0.030569 -0.012900
v 0.090114 0.033162 -0.012900
v 0.093796 0.030738 -0.012900
v 0.090396 0.033842 -0.012900
v 0.093705 0.036866 -0.012900
v 0.093559 0.037368 -0.012900
v 0.090070 0.035172 -0.012900
v 0.093496 0.037531 -0.012900
v 0.092749 0.038702 -0.012900
v 0.089440 0.035678 -0.012900
v 0.091168 0.039759 -0.012900
v 0.091003 0.039815 -0.012900
v 0.088943 0.035823 -0.012900
v 0.089016 0.035812 -0.012900
v 0.088499 0.035823 -0.012900
v 0.088573 0.035831 -0.012900
v 0.052818 0.036425 -0.012900
v 0.055430 0.035065 -0.012900
v 0.055353 0.035502 -0.012900
v 0.088499 0.032452 -0.012900
v 0.055240 0.035776 -0.012900
v 0.055272 0.035709 -0.012900
v 0.054985 0.036140 -0.012900
v 0.054767 0.036340 -0.012900
v 0.054934 0.036193 -0.012900
v 0.054243 0.036612 -0.012900
v 0.090262 0.033419 -0.012900
v 0.090229 0.033352 -0.012900
v 0.090420 0.034063 -0.012900
v 0.093664 0.037035 -0.012900
v 0.093425 0.037690 -0.012900
v 0.091331 0.039695 -0.012900
v 0.089303 0.035735 -0.012900
v 0.090666 0.039905 -0.012900
v 0.053364 0.036651 -0.012900
v 0.053436 0.036665 -0.012900
v 0.055329 0.035572 -0.012900
v 0.054645 0.036425 -0.012900
v 0.054100 0.036651 -0.012900
v 0.054172 0.036633 -0.012900
v 0.090155 0.033224 -0.012900
v 0.090194 0.033287 -0.012900
v 0.090319 0.033556 -0.012900
v 0.090292 0.033487 -0.012900
v 0.090381 0.033769 -0.012900
v 0.090363 0.033697 -0.012900
v 0.090421 0.034137 -0.012900
v 0.089232 0.032516 -0.012900
v 0.089161 0.032495 -0.012900
v 0.089440 0.032597 -0.012900
v 0.089372 0.032567 -0.012900
v 0.089635 0.032704 -0.012900
v 0.090420 0.034212 -0.012900
v 0.089372 0.035708 -0.012900
v 0.090835 0.039864 -0.012900
v 0.088140 0.032540 -0.012900
v 0.088071 0.032567 -0.012900
v 0.088353 0.032478 -0.012900
v 0.088281 0.032495 -0.012900
v 0.055302 0.035642 -0.012900
v 0.090343 0.033626 -0.012900
v 0.088943 0.032452 -0.012900
v 0.088869 0.032444 -0.012900
v 0.089089 0.032478 -0.012900
v 0.089016 0.032463 -0.012900
v 0.089303 0.032540 -0.012900
v 0.093348 0.037847 -0.012900
v 0.088210 0.032516 -0.012900
v 0.054707 0.036384 -0.012900
v 0.054027 0.036665 -0.012900
v 0.088795 0.032439 -0.012900
v 0.089571 0.032665 -0.012900
v 0.089506 0.032629 -0.012900
v 0.059101 0.000892 -0.018800
v 0.058966 0.000788 -0.018800
v 0.058828 0.000689 -0.018800
v 0.058685 0.000597 -0.018800
v 0.058538 0.000510 -0.018800
v 0.058388 0.000430 -0.018800
v 0.058234 0.000357 -0.018800
v 0.058078 0.000290 -0.018800
v 0.057919 0.000230 -0.018800
v 0.057757 0.000176 -0.018800
v 0.057593 0.000130 -0.018800
v 0.057428 0.000090 -0.018800
v 0.057261 0.000058 -0.018800
v 0.057092 0.000033 -0.018800
v 0.056923 0.000014 -0.018800
v 0.056753 0.000004 -0.018800
v 0.056583 -0.000000 -0.018800
v 0.089800 0.040000 -0.018800
v 0.089975 0.039996 -0.018800
v 0.090149 0.039985 -0.018800
v 0.090322 0.039966 -0.018800
v 0.090495 0.039939 -0.018800
v 0.090666 0.039905 -0.018800
v 0.090835 0.039864 -0.018800
v 0.091003 0.039815 -0.018800
v 0.091168 0.039759 -0.018800
v 0.091331 0.039695 -0.018800
v 0.091490 0.039625 -0.018800
v 0.091647 0.039548 -0.018800
v 0.091800 0.039464 -0.018800
v 0.091949 0.039374 -0.018800
v 0.092094 0.039277 -0.018800
v 0.092235 0.039173 -0.018800
v 0.092371 0.039064 -0.018800
v 0.092502 0.038949 -0.018800
v 0.092628 0.038828 -0.018800
v 0.092749 0.038702 -0.018800
v 0.092864 0.038571 -0.018800
v 0.092973 0.038435 -0.018800
v 0.093077 0.038294 -0.018800
v 0.093174 0.038149 -0.018800
v 0.093264 0.038000 -0.018800
v 0.093348 0.037847 -0.018800
v 0.093425 0.037690 -0.018800
v 0.093496 0.037531 -0.018800
v 0.093559 0.037368 -0.018800
v 0.093615 0.037203 -0.018800
v 0.093664 0.037035 -0.018800
v 0.093705 0.036866 -0.018800
v 0.093739 0.036695 -0.018800
v 0.093766 0.036522 -0.018800
v 0.093785 0.036349 -0.018800
v 0.093796 0.036174 -0.018800
v 0.093800 0.036000 -0.018800
v 0.092318 0.027799 -0.018800
v 0.092447 0.027909 -0.018800
v 0.092572 0.028024 -0.018800
v 0.092692 0.028144 -0.018800
v 0.092806 0.028269 -0.018800
v 0.092915 0.028398 -0.018800
v 0.093019 0.028533 -0.018800
v 0.093116 0.028671 -0.018800
v 0.093208 0.028814 -0.018800
v 0.093294 0.028960 -0.018800
v 0.093373 0.029110 -0.018800
v 0.093446 0.029263 -0.018800
v 0.093513 0.029419 -0.018800
v 0.093572 0.029577 -0.018800
v 0.093625 0.029738 -0.018800
v 0.093671 0.029901 -0.018800
v 0.093710 0.030066 -0.018800
v 0.093743 0.030233 -0.018800
v 0.093768 0.030400 -0.018800
v 0.093786 0.030569 -0.018800
v 0.093796 0.030738 -0.018800
v 0.093800 0.030907 -0.018800
v 0.053732 0.036691 -0.015800
v 0.053806 0.036689 -0.015800
v 0.053880 0.036685 -0.015800
v 0.053954 0.036676 -0.015800
v 0.054027 0.036665 -0.015800
v 0.054100 0.036651 -0.015800
v 0.054172 0.036633 -0.015800
v 0.054243 0.036612 -0.015800
v 0.054313 0.036589 -0.015800
v 0.054382 0.036562 -0.015800
v 0.054450 0.036532 -0.015800
v 0.054517 0.036499 -0.015800
v 0.054582 0.036463 -0.015800
v 0.054645 0.036425 -0.015800
v 0.054707 0.036384 -0.015800
v 0.054767 0.036340 -0.015800
v 0.054824 0.036293 -0.015800
v 0.054880 0.036244 -0.015800
v 0.054934 0.036193 -0.015800
v 0.054985 0.036140 -0.015800
v 0.055034 0.036084 -0.015800
v 0.055080 0.036026 -0.015800
v 0.055124 0.035966 -0.015800
v 0.055165 0.035904 -0.015800
v 0.055204 0.035841 -0.015800
v 0.055240 0.035776 -0.015800
v 0.055272 0.035709 -0.015800
v 0.055302 0.035642 -0.015800
v 0.055329 0.035572 -0.015800
v 0.055353 0.035502 -0.015800
v 0.055374 0.035431 -0.015800
v 0.055391 0.035359 -0.015800
v 0.055406 0.035286 -0.015800
v 0.055417 0.035213 -0.015800
v 0.055425 0.035139 -0.015800
v 0.055430 0.035065 -0.015800
v 0.055432 0.034991 -0.015800
v 0.055430 0.034917 -0.015800
v 0.055425 0.034843 -0.015800
v 0.055417 0.034769 -0.015800
v 0.055406 0.034696 -0.015800
v 0.055391 0.034623 -0.015800
v 0.055374 0.034551 -0.015800
v 0.055353 0.034480 -0.015800
v 0.055329 0.034410 -0.015800
v 0.055302 0.034340 -0.015800
v 0.055272 0.034273 -0.015800
v 0.055240 0.034206 -0.015800
v 0.055204 0.034141 -0.015800
v 0.055165 0.034078 -0.015800
v 0.055124 0.034016 -0.015800
v 0.055080 0.033956 -0.015800
v 0.055034 0.033898 -0.015800
v 0.054985 0.033843 -0.015800
v 0.054934 0.033789 -0.015800
v 0.054880 0.033738 -0.015800
v 0.054824 0.033689 -0.015800
v 0.054767 0.033642 -0.015800
v 0.054707 0.033598 -0.015800
v 0.054645 0.033557 -0.015800
v 0.054582 0.033519 -0.015800
v 0.054517 0.033483 -0.015800
v 0.054450 0.033450 -0.015800
v 0.054382 0.033420 -0.015800
v 0.054313 0.033394 -0.015800
v 0.054243 0.033370 -0.015800
v 0.054172 0.033349 -0.015800
v 0.054100 0.033331 -0.015800
v 0.054027 0.033317 -0.015800
v 0.053954 0.033306 -0.015800
v 0.053880 0.033297 -0.015800
v 0.053806 0.033293 -0.015800
v 0.053732 0.033291 -0.015800
v 0.053658 0.033293 -0.015800
v 0.053583 0.033297 -0.015800
v 0.053510 0.033306 -0.015800
v 0.053436 0.033317 -0.015800
v 0.053364 0.033331 -0.015800
v 0.053292 0.033349 -0.015800
v 0.053220 0.033370 -0.015800
v 0.053150 0.033394 -0.015800
v 0.053081 0.033420 -0.015800
v 0.053013 0.033450 -0.015800
v 0.052947 0.033483 -0.015800
v 0.052882 0.033519 -0.015800
v 0.052818 0.033557 -0.015800
v 0.052757 0.033598 -0.015800
v 0.052697 0.033642 -0.015800
v 0.052639 0.033689 -0.015800
v 0.052583 0.033738 -0.015800
v 0.052530 0.033789 -0.015800
v 0.052478 0.033843 -0.015800
v 0.052429 0.033898 -0.015800
v 0.052383 0.033956 -0.015800
v 0.052339 0.034016 -0.015800
v 0.052298 0.034078 -0.015800
v 0.052260 0.034141 -0.015800
v 0.052224 0.034206 -0.015800
v 0.052191 0.034273 -0.015800
v 0.052161 0.034340 -0.015800
v 0.052134 0.034410 -0.015800
v 0.052110 0.034480 -0.015800
v 0.052090 0.034551 -0.015800
v 0.052072 0.034623 -0.015800
v 0.052058 0.034696 -0.015800
v 0.052046 0.034769 -0.015800
v 0.052038 0.034843 -0.015800
v 0.052033 0.034917 -0.015800
v 0.052032 0.034991 -0.015800
v 0.052033 0.035065 -0.015800
v 0.052038 0.035139 -0.015800
v 0.052046 0.035213 -0.015800
v 0.052058 0.035286 -0.015800
v 0.052072 0.035359 -0.015800
v 0.052090 0.035431 -0.015800
v 0.052110 0.035502 -0.015800
v 0.052134 0.035572 -0.015800
v 0.052161 0.035642 -0.015800
v 0.052191 0.035709 -0.015800
v 0.052224 0.035776 -0.015800
v 0.052260 0.035841 -0.015800
v 0.052298 0.035904 -0.015800
v 0.052339 0.035966 -0.015800
v 0.052383 0.036026 -0.015800
v 0.052429 0.036084 -0.015800
v 0.052478 0.036140 -0.015800
v 0.052530 0.036193 -0.015800
v 0.052583 0.036244 -0.015800
v 0.052639 0.036293 -0.015800
v 0.052697 0.036340 -0.015800
v 0.052757 0.036384 -0.015800
v 0.052818 0.036425 -0.015800
v 0.052882 0.036463 -0.015800
v 0.052947 0.036499 -0.015800
v 0.053013 0.036532 -0.015800
v 0.053081 0.036562 -0.015800
v 0.053150 0.036589 -0.015800
v 0.053220 0.036612 -0.015800
v 0.053292 0.036633 -0.015800
v 0.053364 0.036651 -0.015800
v 0.053436 0.036665 -0.015800
v 0.053510 0.036676 -0.015800
v 0.053583 0.036685 -0.015800
v 0.053658 0.036689 -0.015800
v 0.053732 0.031741 -0.015800
v 0.053590 0.031744 -0.015800
v 0.053448 0.031753 -0.015800
v 0.053307 0.031769 -0.015800
v 0.055478 0.037732 -0.015800
v 0.055596 0.037653 -0.015800
v 0.056982 0.034991 -0.015800
v 0.056979 0.034849 -0.015800
v 0.056969 0.034708 -0.015800
v 0.056954 0.034567 -0.015800
v 0.055478 0.032250 -0.015800
v 0.055357 0.032176 -0.015800
v 0.055105 0.032046 -0.015800
v 0.054975 0.031988 -0.015800
v 0.054709 0.031891 -0.015800
v 0.054573 0.031852 -0.015800
v 0.054015 0.031753 -0.015800
v 0.053874 0.031744 -0.015800
v 0.053732 0.038241 -0.015800
v 0.053874 0.038238 -0.015800
v 0.054015 0.038229 -0.015800
v 0.054156 0.038213 -0.015800
v 0.055357 0.037806 -0.015800
v 0.056473 0.036737 -0.015800
v 0.056546 0.036616 -0.015800
v 0.056677 0.036365 -0.015800
v 0.056734 0.036235 -0.015800
v 0.056786 0.036103 -0.015800
v 0.056969 0.035274 -0.015800
v 0.056979 0.035133 -0.015800
v 0.055596 0.032329 -0.015800
v 0.055232 0.032108 -0.015800
v 0.054435 0.031818 -0.015800
v 0.053167 0.031790 -0.015800
v 0.053028 0.031818 -0.015800
v 0.053448 0.038229 -0.015800
v 0.053590 0.038238 -0.015800
v 0.055105 0.037937 -0.015800
v 0.055232 0.037874 -0.015800
v 0.055710 0.037569 -0.015800
v 0.055821 0.037481 -0.015800
v 0.056614 0.036492 -0.015800
v 0.056932 0.034427 -0.015800
v 0.056905 0.034288 -0.015800
v 0.054843 0.031937 -0.015800
v 0.054296 0.031790 -0.015800
v 0.054156 0.031769 -0.015800
v 0.051868 0.032329 -0.015800
v 0.051753 0.032413 -0.015800
v 0.050632 0.034014 -0.015800
v 0.050592 0.034150 -0.015800
v 0.050592 0.035832 -0.015800
v 0.050632 0.035968 -0.015800
v 0.050678 0.036103 -0.015800
v 0.053167 0.038192 -0.015800
v 0.053307 0.038213 -0.015800
v 0.054296 0.038192 -0.015800
v 0.054435 0.038164 -0.015800
v 0.054975 0.037994 -0.015800
v 0.056310 0.036969 -0.015800
v 0.056394 0.036855 -0.015800
v 0.056831 0.035968 -0.015800
v 0.056871 0.035832 -0.015800
v 0.056932 0.035555 -0.015800
v 0.056954 0.035415 -0.015800
v 0.056871 0.034150 -0.015800
v 0.056831 0.034014 -0.015800
v 0.056734 0.033747 -0.015800
v 0.056677 0.033618 -0.015800
v 0.056614 0.033490 -0.015800
v 0.056546 0.033366 -0.015800
v 0.056128 0.032795 -0.015800
v 0.056030 0.032693 -0.015800
v 0.055927 0.032595 -0.015800
v 0.055821 0.032501 -0.015800
v 0.052890 0.031852 -0.015800
v 0.052754 0.031891 -0.015800
v 0.052620 0.031937 -0.015800
v 0.051985 0.032250 -0.015800
v 0.050559 0.034288 -0.015800
v 0.050494 0.035274 -0.015800
v 0.050510 0.035415 -0.015800
v 0.050786 0.036365 -0.015800
v 0.050849 0.036492 -0.015800
v 0.053028 0.038164 -0.015800
v 0.055927 0.037387 -0.015800
v 0.056030 0.037289 -0.015800
v 0.056128 0.037187 -0.015800
v 0.056221 0.037080 -0.015800
v 0.056905 0.035694 -0.015800
v 0.056786 0.033879 -0.015800
v 0.056221 0.032902 -0.015800
v 0.055710 0.032413 -0.015800
v 0.052488 0.031988 -0.015800
v 0.052358 0.032046 -0.015800
v 0.052231 0.032108 -0.015800
v 0.052107 0.032176 -0.015800
v 0.050991 0.033245 -0.015800
v 0.050917 0.033366 -0.015800
v 0.050786 0.033618 -0.015800
v 0.050729 0.033747 -0.015800
v 0.050678 0.033879 -0.015800
v 0.050482 0.034991 -0.015800
v 0.050485 0.035133 -0.015800
v 0.050531 0.035555 -0.015800
v 0.050559 0.035694 -0.015800
v 0.050729 0.036235 -0.015800
v 0.050917 0.036616 -0.015800
v 0.052754 0.038091 -0.015800
v 0.052890 0.038130 -0.015800
v 0.054573 0.038130 -0.015800
v 0.054709 0.038091 -0.015800
v 0.051643 0.032501 -0.015800
v 0.050849 0.033490 -0.015800
v 0.050494 0.034708 -0.015800
v 0.050485 0.034849 -0.015800
v 0.050991 0.036737 -0.015800
v 0.051070 0.036855 -0.015800
v 0.051242 0.037080 -0.015800
v 0.051336 0.037187 -0.015800
v 0.051434 0.037289 -0.015800
v 0.051536 0.037387 -0.015800
v 0.054843 0.038045 -0.015800
v 0.051536 0.032595 -0.015800
v 0.051434 0.032693 -0.015800
v 0.051336 0.032795 -0.015800
v 0.051242 0.032902 -0.015800
v 0.051153 0.033013 -0.015800
v 0.051070 0.033127 -0.015800
v 0.050531 0.034427 -0.015800
v 0.050510 0.034567 -0.015800
v 0.051153 0.036969 -0.015800
v 0.051643 0.037481 -0.015800
v 0.051753 0.037569 -0.015800
v 0.051985 0.037732 -0.015800
v 0.052107 0.037806 -0.015800
v 0.052231 0.037874 -0.015800
v 0.052358 0.037937 -0.015800
v 0.052488 0.037994 -0.015800
v 0.052620 0.038045 -0.015800
v 0.056394 0.033127 -0.015800
v 0.056310 0.033013 -0.015800
v 0.051868 0.037653 -0.015800
v 0.056473 0.033245 -0.015800
v 0.053732 0.038241 -0.018800
v 0.053874 0.038238 -0.018800
v 0.054015 0.038229 -0.018800
v 0.054156 0.038213 -0.018800
v 0.054296 0.038192 -0.018800
v 0.054435 0.038164 -0.018800
v 0.054573 0.038130 -0.018800
v 0.054709 0.038091 -0.018800
v 0.054843 0.038045 -0.018800
v 0.054975 0.037994 -0.018800
v 0.055105 0.037937 -0.018800
v 0.055232 0.037874 -0.018800
v 0.055357 0.037806 -0.018800
v 0.055478 0.037732 -0.018800
v 0.055596 0.037653 -0.018800
v 0.055710 0.037569 -0.018800
v 0.055821 0.037481 -0.018800
v 0.055927 0.037387 -0.018800
v 0.056030 0.037289 -0.018800
v 0.056128 0.037187 -0.018800
v 0.056221 0.037080 -0.018800
v 0.056310 0.036969 -0.018800
v 0.056394 0.036855 -0.018800
v 0.056473 0.036737 -0.018800
v 0.056546 0.036616 -0.018800
v 0.056614 0.036492 -0.018800
v 0.056677 0.036365 -0.018800
v 0.056734 0.036235 -0.018800
v 0.056786 0.036103 -0.018800
v 0.056831 0.035968 -0.018800
v 0.056871 0.035832 -0.018800
v 0.056905 0.035694 -0.018800
v 0.056932 0.035555 -0.018800
v 0.056954 0.035415 -0.018800
v 0.056969 0.035274 -0.018800
v 0.056979 0.035133 -0.018800
v 0.056982 0.034991 -0.018800
v 0.056979 0.034849 -0.018800
v 0.056969 0.034708 -0.018800
v 0.056954 0.034567 -0.018800
v 0.056932 0.034427 -0.018800
v 0.056905 0.034288 -0.018800
v 0.056871 0.034150 -0.018800
v 0.056831 0.034014 -0.018800
v 0.056786 0.033879 -0.018800
v 0.056734 0.033747 -0.018800
v 0.056677 0.033618 -0.018800
v 0.056614 0.033490 -0.018800
v 0.056546 0.033366 -0.018800
v 0.056473 0.033245 -0.018800
v 0.056394 0.033127 -0.018800
v 0.056310 0.033013 -0.018800
v 0.056221 0.032902 -0.018800
v 0.056128 0.032795 -0.018800
v 0.056030 0.032693 -0.018800
v 0.055927 0.032595 -0.018800
v 0.055821 0.032501 -0.018800
v 0.055710 0.032413 -0.018800
v 0.055596 0.032329 -0.018800
v 0.055478 0.032250 -0.018800
v 0.055357 0.032176 -0.018800
v 0.055232 0.032108 -0.018800
v 0.055105 0.032046 -0.018800
v 0.054975 0.031988 -0.018800
v 0.054843 0.031937 -0.018800
v 0.054709 0.031891 -0.018800
v 0.054573 0.031852 -0.018800
v 0.054435 0.031818 -0.018800
v 0.054296 0.031790 -0.018800
v 0.054156 0.031769 -0.018800
v 0.054015 0.031753 -0.018800
v 0.053874 0.031744 -0.018800
v 0.053732 0.031741 -0.018800
v 0.053590 0.031744 -0.018800
v 0.053448 0.031753 -0.018800
v 0.053307 0.031769 -0.018800
v 0.053167 0.031790 -0.018800
v 0.053028 0.031818 -0.018800
v 0.052890 0.031852 -0.018800
v 0.052754 0.031891 -0.018800
v 0.052620 0.031937 -0.018800
v 0.052488 0.031988 -0.018800
v 0.052358 0.032046 -0.018800
v 0.052231 0.032108 -0.018800
v 0.052107 0.032176 -0.018800
v 0.051985 0.032250 -0.018800
v 0.051868 0.032329 -0.018800
v 0.051753 0.032413 -0.018800
v 0.051643 0.032501 -0.018800
v 0.051536 0.032595 -0.018800
v 0.051434 0.032693 -0.018800
v 0.051336 0.032795 -0.018800
v 0.051242 0.032902 -0.018800
v 0.051153 0.033013 -0.018800
v 0.051070 0.033127 -0.018800
v 0.050991 0.033245 -0.018800
v 0.050917 0.033366 -0.018800
v 0.050849 0.033490 -0.018800
v 0.050786 0.033618 -0.018800
v 0.050729 0.033747 -0.018800
v 0.050678 0.033879 -0.018800
v 0.050632 0.034014 -0.018800
v 0.050592 0.034150 -0.018800
v 0.050559 0.034288 -0.018800
v 0.050531 0.034427 -0.018800
v 0.050510 0.034567 -0.018800
v 0.050494 0.034708 -0.018800
v 0.050485 0.034849 -0.018800
v 0.050482 0.034991 -0.018800
v 0.050485 0.035133 -0.018800
v 0.050494 0.035274 -0.018800
v 0.050510 0.035415 -0.018800
v 0.050531 0.035555 -0.018800
v 0.050559 0.035694 -0.018800
v 0.050592 0.035832 -0.018800
v 0.050632 0.035968 -0.018800
v 0.050678 0.036103 -0.018800
v 0.050729 0.036235 -0.018800
v 0.050786 0.036365 -0.018800
v 0.050849 0.036492 -0.018800
v 0.050917 0.036616 -0.018800
v 0.050991 0.036737 -0.018800
v 0.051070 0.036855 -0.018800
v 0.051153 0.036969 -0.018800
v 0.051242 0.037080 -0.018800
v 0.051336 0.037187 -0.018800
v 0.051434 0.037289 -0.018800
v 0.051536 0.037387 -0.018800
v 0.051643 0.037481 -0.018800
v 0.051753 0.037569 -0.018800
v 0.051868 0.037653 -0.018800
v 0.051985 0.037732 -0.018800
v 0.052107 0.037806 -0.018800
v 0.052231 0.037874 -0.018800
v 0.052358 0.037937 -0.018800
v 0.052488 0.037994 -0.018800
v 0.052620 0.038045 -0.018800
v 0.052754 0.038091 -0.018800
v 0.052890 0.038130 -0.018800
v 0.053028 0.038164 -0.018800
v 0.053167 0.038192 -0.018800
v 0.053307 0.038213 -0.018800
v 0.053448 0.038229 -0.018800
v 0.053590 0.038238 -0.018800
v 0.088721 0.035837 -0.015800
v 0.088795 0.035836 -0.015800
v 0.088869 0.035831 -0.015800
v 0.088943 0.035823 -0.015800
v 0.089016 0.035812 -0.015800
v 0.089089 0.035797 -0.015800
v 0.089161 0.035779 -0.015800
v 0.089232 0.035759 -0.015800
v 0.089303 0.035735 -0.015800
v 0.089372 0.035708 -0.015800
v 0.089440 0.035678 -0.015800
v 0.089506 0.035645 -0.015800
v 0.089571 0.035610 -0.015800
v 0.089635 0.035571 -0.015800
v 0.089696 0.035530 -0.015800
v 0.089756 0.035486 -0.015800
v 0.089814 0.035440 -0.015800
v 0.089870 0.035391 -0.015800
v 0.089923 0.035339 -0.015800
v 0.089975 0.035286 -0.015800
v 0.090024 0.035230 -0.015800
v 0.090070 0.035172 -0.015800
v 0.090114 0.035112 -0.015800
v 0.090155 0.035051 -0.015800
v 0.090194 0.034987 -0.015800
v 0.090229 0.034922 -0.015800
v 0.090262 0.034856 -0.015800
v 0.090292 0.034788 -0.015800
v 0.090319 0.034719 -0.015800
v 0.090343 0.034649 -0.015800
v 0.090363 0.034577 -0.015800
v 0.090381 0.034505 -0.015800
v 0.090396 0.034433 -0.015800
v 0.090407 0.034359 -0.015800
v 0.090415 0.034286 -0.015800
v 0.090420 0.034212 -0.015800
v 0.090421 0.034137 -0.015800
v 0.090420 0.034063 -0.015800
v 0.090415 0.033989 -0.015800
v 0.090407 0.033915 -0.015800
v 0.090396 0.033842 -0.015800
v 0.090381 0.033769 -0.015800
v 0.090363 0.033697 -0.015800
v 0.090343 0.033626 -0.015800
v 0.090319 0.033556 -0.015800
v 0.090292 0.033487 -0.015800
v 0.090262 0.033419 -0.015800
v 0.090229 0.033352 -0.015800
v 0.090194 0.033287 -0.015800
v 0.090155 0.033224 -0.015800
v 0.090114 0.033162 -0.015800
v 0.090070 0.033102 -0.015800
v 0.090024 0.033045 -0.015800
v 0.089975 0.032989 -0.015800
v 0.089923 0.032935 -0.015800
v 0.089870 0.032884 -0.015800
v 0.089814 0.032835 -0.015800
v 0.089756 0.032789 -0.015800
v 0.089696 0.032745 -0.015800
v 0.089635 0.032704 -0.015800
v 0.089571 0.032665 -0.015800
v 0.089506 0.032629 -0.015800
v 0.089440 0.032597 -0.015800
v 0.089372 0.032567 -0.015800
v 0.089303 0.032540 -0.015800
v 0.089232 0.032516 -0.015800
v 0.089161 0.032495 -0.015800
v 0.089089 0.032478 -0.015800
v 0.089016 0.032463 -0.015800
v 0.088943 0.032452 -0.015800
v 0.088869 0.032444 -0.015800
v 0.088795 0.032439 -0.015800
v 0.088721 0.032437 -0.015800
v 0.088647 0.032439 -0.015800
v 0.088573 0.032444 -0.015800
v 0.088499 0.032452 -0.015800
v 0.088426 0.032463 -0.015800
v 0.088353 0.032478 -0.015800
v 0.088281 0.032495 -0.015800
v 0.088210 0.032516 -0.015800
v 0.088140 0.032540 -0.015800
v 0.088071 0.032567 -0.015800
v 0.088003 0.032597 -0.015800
v 0.087936 0.032629 -0.015800
v 0.087871 0.032665 -0.015800
v 0.087808 0.032704 -0.015800
v 0.087746 0.032745 -0.015800
v 0.087686 0.032789 -0.015800
v 0.087629 0.032835 -0.015800
v 0.087573 0.032884 -0.015800
v 0.087519 0.032935 -0.015800
v 0.087468 0.032989 -0.015800
v 0.087419 0.033045 -0.015800
v 0.087373 0.033102 -0.015800
v 0.087329 0.033162 -0.015800
v 0.087288 0.033224 -0.015800
v 0.087249 0.033287 -0.015800
v 0.087213 0.033352 -0.015800
v 0.087181 0.033419 -0.015800
v 0.087151 0.033487 -0.015800
v 0.087124 0.033556 -0.015800
v 0.087100 0.033626 -0.015800
v 0.087079 0.033697 -0.015800
v 0.087062 0.033769 -0.015800
v 0.087047 0.033842 -0.015800
v 0.087036 0.033915 -0.015800
v 0.087028 0.033989 -0.015800
v 0.087023 0.034063 -0.015800
v 0.087021 0.034137 -0.015800
v 0.087023 0.034212 -0.015800
v 0.087028 0.034286 -0.015800
v 0.087036 0.034359 -0.015800
v 0.087047 0.034433 -0.015800
v 0.087062 0.034505 -0.015800
v 0.087079 0.034577 -0.015800
v 0.087100 0.034649 -0.015800
v 0.087124 0.034719 -0.015800
v 0.087151 0.034788 -0.015800
v 0.087181 0.034856 -0.015800
v 0.087213 0.034922 -0.015800
v 0.087249 0.034987 -0.015800
v 0.087288 0.035051 -0.015800
v 0.087329 0.035112 -0.015800
v 0.087373 0.035172 -0.015800
v 0.087419 0.035230 -0.015800
v 0.087468 0.035286 -0.015800
v 0.087519 0.035339 -0.015800
v 0.087573 0.035391 -0.015800
v 0.087629 0.035440 -0.015800
v 0.087686 0.035486 -0.015800
v 0.087746 0.035530 -0.015800
v 0.087808 0.035571 -0.015800
v 0.087871 0.035610 -0.015800
v 0.087936 0.035645 -0.015800
v 0.088003 0.035678 -0.015800
v 0.088071 0.035708 -0.015800
v 0.088140 0.035735 -0.015800
v 0.088210 0.035759 -0.015800
v 0.088281 0.035779 -0.015800
v 0.088353 0.035797 -0.015800
v 0.088426 0.035812 -0.015800
v 0.088499 0.035823 -0.015800
v 0.088573 0.035831 -0.015800
v 0.088647 0.035836 -0.015800
v 0.090467 0.036878 -0.015800
v 0.090585 0.036800 -0.015800
v 0.089833 0.037191 -0.015800
v 0.089965 0.037140 -0.015800
v 0.090095 0.037083 -0.015800
v 0.090346 0.036952 -0.015800
v 0.088438 0.037375 -0.015800
v 0.088579 0.037384 -0.015800
v 0.088721 0.037387 -0.015800
v 0.088863 0.037384 -0.015800
v 0.089005 0.037375 -0.015800
v 0.089145 0.037360 -0.015800
v 0.089286 0.037338 -0.015800
v 0.089425 0.037310 -0.015800
v 0.089562 0.037277 -0.015800
v 0.089699 0.037237 -0.015800
v 0.090222 0.037020 -0.015800
v 0.090700 0.036716 -0.015800
v 0.090810 0.036627 -0.015800
v 0.091944 0.033713 -0.015800
v 0.091922 0.033573 -0.015800
v 0.090467 0.031396 -0.015800
v 0.090346 0.031323 -0.015800
v 0.089965 0.031135 -0.015800
v 0.089833 0.031083 -0.015800
v 0.086526 0.036534 -0.015800
v 0.086632 0.036627 -0.015800
v 0.086743 0.036716 -0.015800
v 0.086857 0.036800 -0.015800
v 0.087221 0.037020 -0.015800
v 0.087348 0.037083 -0.015800
v 0.088157 0.037338 -0.015800
v 0.088297 0.037360 -0.015800
v 0.090917 0.036534 -0.015800
v 0.091019 0.036435 -0.015800
v 0.091944 0.034562 -0.015800
v 0.091959 0.034421 -0.015800
v 0.091894 0.033434 -0.015800
v 0.090222 0.031255 -0.015800
v 0.089699 0.031038 -0.015800
v 0.089562 0.030998 -0.015800
v 0.089425 0.030964 -0.015800
v 0.089005 0.030900 -0.015800
v 0.088863 0.030890 -0.015800
v 0.088721 0.030887 -0.015800
v 0.088579 0.030890 -0.015800
v 0.086232 0.036226 -0.015800
v 0.086325 0.036333 -0.015800
v 0.086975 0.036878 -0.015800
v 0.087096 0.036952 -0.015800
v 0.087478 0.037140 -0.015800
v 0.087744 0.037237 -0.015800
v 0.087880 0.037277 -0.015800
v 0.088018 0.037310 -0.015800
v 0.091117 0.036333 -0.015800
v 0.091211 0.036226 -0.015800
v 0.091384 0.036001 -0.015800
v 0.091462 0.035884 -0.015800
v 0.091922 0.034702 -0.015800
v 0.091959 0.033854 -0.015800
v 0.091861 0.033296 -0.015800
v 0.091821 0.033160 -0.015800
v 0.090917 0.031741 -0.015800
v 0.090810 0.031648 -0.015800
v 0.090700 0.031559 -0.015800
v 0.090585 0.031475 -0.015800
v 0.090095 0.031192 -0.015800
v 0.088438 0.030900 -0.015800
v 0.088297 0.030915 -0.015800
v 0.086423 0.036435 -0.015800
v 0.087610 0.037191 -0.015800
v 0.091300 0.036116 -0.015800
v 0.091536 0.035762 -0.015800
v 0.091604 0.035638 -0.015800
v 0.091667 0.035511 -0.015800
v 0.091861 0.034979 -0.015800
v 0.091894 0.034841 -0.015800
v 0.091968 0.034279 -0.015800
v 0.091971 0.034137 -0.015800
v 0.091968 0.033996 -0.015800
v 0.091211 0.032048 -0.015800
v 0.091117 0.031942 -0.015800
v 0.089286 0.030937 -0.015800
v 0.089145 0.030915 -0.015800
v 0.086857 0.031475 -0.015800
v 0.086743 0.031559 -0.015800
v 0.086526 0.031741 -0.015800
v 0.086423 0.031839 -0.015800
v 0.085499 0.033713 -0.015800
v 0.085484 0.033854 -0.015800
v 0.085499 0.034562 -0.015800
v 0.085521 0.034702 -0.015800
v 0.091724 0.035381 -0.015800
v 0.091775 0.035249 -0.015800
v 0.091384 0.032273 -0.015800
v 0.091300 0.032159 -0.015800
v 0.091019 0.031839 -0.015800
v 0.088157 0.030937 -0.015800
v 0.088018 0.030964 -0.015800
v 0.087610 0.031083 -0.015800
v 0.087478 0.031135 -0.015800
v 0.087348 0.031192 -0.015800
v 0.086975 0.031396 -0.015800
v 0.086632 0.031648 -0.015800
v 0.086232 0.032048 -0.015800
v 0.086143 0.032159 -0.015800
v 0.085521 0.033573 -0.015800
v 0.085548 0.034841 -0.015800
v 0.091821 0.035115 -0.015800
v 0.091724 0.032894 -0.015800
v 0.091667 0.032764 -0.015800
v 0.091604 0.032637 -0.015800
v 0.091536 0.032512 -0.015800
v 0.091462 0.032391 -0.015800
v 0.087880 0.030998 -0.015800
v 0.087744 0.031038 -0.015800
v 0.086325 0.031942 -0.015800
v 0.085582 0.033296 -0.015800
v 0.085548 0.033434 -0.015800
v 0.085474 0.033996 -0.015800
v 0.085484 0.034421 -0.015800
v 0.085582 0.034979 -0.015800
v 0.085622 0.035115 -0.015800
v 0.091775 0.033026 -0.015800
v 0.087221 0.031255 -0.015800
v 0.087096 0.031323 -0.015800
v 0.086059 0.032273 -0.015800
v 0.085980 0.032391 -0.015800
v 0.085719 0.032894 -0.015800
v 0.085667 0.033026 -0.015800
v 0.085719 0.035381 -0.015800
v 0.085776 0.035511 -0.015800
v 0.086059 0.036001 -0.015800
v 0.086143 0.036116 -0.015800
v 0.085907 0.032512 -0.015800
v 0.085838 0.032637 -0.015800
v 0.085776 0.032764 -0.015800
v 0.085622 0.033160 -0.015800
v 0.085471 0.034137 -0.015800
v 0.085474 0.034279 -0.015800
v 0.085667 0.035249 -0.015800
v 0.085838 0.035638 -0.015800
v 0.085907 0.035762 -0.015800
v 0.085980 0.035884 -0.015800
v 0.088721 0.037387 -0.018800
v 0.088863 0.037384 -0.018800
v 0.089005 0.037375 -0.018800
v 0.089145 0.037360 -0.018800
v 0.089286 0.037338 -0.018800
v 0.089425 0.037310 -0.018800
v 0.089562 0.037277 -0.018800
v 0.089699 0.037237 -0.018800
v 0.089833 0.037191 -0.018800
v 0.089965 0.037140 -0.018800
v 0.090095 0.037083 -0.018800
v 0.090222 0.037020 -0.018800
v 0.090346 0.036952 -0.018800
v 0.090467 0.036878 -0.018800
v 0.090585 0.036800 -0.018800
v 0.090700 0.036716 -0.018800
v 0.090810 0.036627 -0.018800
v 0.090917 0.036534 -0.018800
v 0.091019 0.036435 -0.018800
v 0.091117 0.036333 -0.018800
v 0.091211 0.036226 -0.018800
v 0.091300 0.036116 -0.018800
v 0.091384 0.036001 -0.018800
v 0.091462 0.035884 -0.018800
v 0.091536 0.035762 -0.018800
v 0.091604 0.035638 -0.018800
v 0.091667 0.035511 -0.018800
v 0.091724 0.035381 -0.018800
v 0.091775 0.035249 -0.018800
v 0.091821 0.035115 -0.018800
v 0.091861 0.034979 -0.018800
v 0.091894 0.034841 -0.018800
v 0.091922 0.034702 -0.018800
v 0.091944 0.034562 -0.018800
v 0.091959 0.034421 -0.018800
v 0.091968 0.034279 -0.018800
v 0.091971 0.034137 -0.018800
v 0.091968 0.033996 -0.018800
v 0.091959 0.033854 -0.018800
v 0.091944 0.033713 -0.018800
v 0.091922 0.033573 -0.018800
v 0.091894 0.033434 -0.018800
v 0.091861 0.033296 -0.018800
v 0.091821 0.033160 -0.018800
v 0.091775 0.033026 -0.018800
v 0.091724 0.032894 -0.018800
v 0.091667 0.032764 -0.018800
v 0.091604 0.032637 -0.018800
v 0.091536 0.032512 -0.018800
v 0.091462 0.032391 -0.018800
v 0.091384 0.032273 -0.018800
v 0.091300 0.032159 -0.018800
v 0.091211 0.032048 -0.018800
v 0.091117 0.031942 -0.018800
v 0.091019 0.031839 -0.018800
v 0.090917 0.031741 -0.018800
v 0.090810 0.031648 -0.018800
v 0.090700 0.031559 -0.018800
v 0.090585 0.031475 -0.018800
v 0.090467 0.031396 -0.018800
v 0.090346 0.031323 -0.018800
v 0.090222 0.031255 -0.018800
v 0.090095 0.031192 -0.018800
v 0.089965 0.031135 -0.018800
v 0.089833 0.031083 -0.018800
v 0.089699 0.031038 -0.018800
v 0.089562 0.030998 -0.018800
v 0.089425 0.030964 -0.018800
v 0.089286 0.030937 -0.018800
v 0.089145 0.030915 -0.018800
v 0.089005 0.030900 -0.018800
v 0.088863 0.030890 -0.018800
v 0.088721 0.030887 -0.018800
v 0.088579 0.030890 -0.018800
v 0.088438 0.030900 -0.018800
v 0.088297 0.030915 -0.018800
v 0.088157 0.030937 -0.018800
v 0.088018 0.030964 -0.018800
v 0.087880 0.030998 -0.018800
v 0.087744 0.031038 -0.018800
v 0.087610 0.031083 -0.018800
v 0.087478 0.031135 -0.018800
v 0.087348 0.031192 -0.018800
v 0.087221 0.031255 -0.018800
v 0.087096 0.031323 -0.018800
v 0.086975 0.031396 -0.018800
v 0.086857 0.031475 -0.018800
v 0.086743 0.031559 -0.018800
v 0.086632 0.031648 -0.018800
v 0.086526 0.031741 -0.018800
v 0.086423 0.031839 -0.018800
v 0.086325 0.031942 -0.018800
v 0.086232 0.032048 -0.018800
v 0.086143 0.032159 -0.018800
v 0.086059 0.032273 -0.018800
v 0.085980 0.032391 -0.018800
v 0.085907 0.032512 -0.018800
v 0.085838 0.032637 -0.018800
v 0.085776 0.032764 -0.018800
v 0.085719 0.032894 -0.018800
v 0.085667 0.033026 -0.018800
v 0.085622 0.033160 -0.018800
v 0.085582 0.033296 -0.018800
v 0.085548 0.033434 -0.018800
v 0.085521 0.033573 -0.018800
v 0.085499 0.033713 -0.018800
v 0.085484 0.033854 -0.018800
v 0.085474 0.033996 -0.018800
v 0.085471 0.034137 -0.018800
v 0.085474 0.034279 -0.018800
v 0.085484 0.034421 -0.018800
v 0.085499 0.034562 -0.018800
v 0.085521 0.034702 -0.018800
v 0.085548 0.034841 -0.018800
v 0.085582 0.034979 -0.018800
v 0.085622 0.035115 -0.018800
v 0.085667 0.035249 -0.018800
v 0.085719 0.035381 -0.018800
v 0.085776 0.035511 -0.018800
v 0.085838 0.035638 -0.018800
v 0.085907 0.035762 -0.018800
v 0.085980 0.035884 -0.018800
v 0.086059 0.036001 -0.018800
v 0.086143 0.036116 -0.018800
v 0.086232 0.036226 -0.018800
v 0.086325 0.036333 -0.018800
v 0.086423 0.036435 -0.018800
v 0.086526 0.036534 -0.018800
v 0.086632 0.036627 -0.018800
v 0.086743 0.036716 -0.018800
v 0.086857 0.036800 -0.018800
v 0.086975 0.036878 -0.018800
v 0.087096 0.036952 -0.018800
v 0.087221 0.037020 -0.018800
v 0.087348 0.037083 -0.018800
v 0.087478 0.037140 -0.018800
v 0.087610 0.037191 -0.018800
v 0.087744 0.037237 -0.018800
v 0.087880 0.037277 -0.018800
v 0.088018 0.037310 -0.018800
v 0.088157 0.037338 -0.018800
v 0.088297 0.037360 -0.018800
v 0.088438 0.037375 -0.018800
v 0.088579 0.037384 -0.018800
v 0.044000 0.040000 -0.018800
v 0.044000 0.040000 0.019200
v 0.047400 0.040000 0.013300
v 0.089800 0.040000 0.019200
v 0.089800 0.040000 0.013300
v 0.044000 0.028900 -0.018800
v 0.044000 0.028900 0.019200
v 0.089975 0.039996 0.019200
v 0.089975 0.039996 0.013300
v 0.090149 0.039985 0.019200
v 0.090149 0.039985 0.013300
v 0.090322 0.039966 0.019200
v 0.090322 0.039966 0.013300
v 0.090495 0.039939 0.019200
v 0.090495 0.039939 0.013300
v 0.090666 0.039905 0.019200
v 0.090666 0.039905 0.013300
v 0.090835 0.039864 0.019200
v 0.090835 0.039864 0.013300
v 0.091003 0.039815 0.019200
v 0.091003 0.039815 0.013300
v 0.091168 0.039759 0.019200
v 0.091168 0.039759 0.013300
v 0.091331 0.039696 0.019200
v 0.091331 0.039696 0.013300
v 0.091490 0.039625 0.019200
v 0.091490 0.039625 0.013300
v 0.091647 0.039548 0.019200
v 0.091647 0.039548 0.013300
v 0.091800 0.039464 0.019200
v 0.091800 0.039464 0.013300
v 0.091949 0.039374 0.019200
v 0.091949 0.039374 0.013300
v 0.092094 0.039277 0.019200
v 0.092094 0.039277 0.013300
v 0.092235 0.039173 0.019200
v 0.092235 0.039173 0.013300
v 0.092371 0.039064 0.019200
v 0.092371 0.039064 0.013300
v 0.092502 0.038949 0.019200
v 0.092502 0.038949 0.013300
v 0.092628 0.038828 0.019200
v 0.092628 0.038828 0.013300
v 0.092749 0.038702 0.019200
v 0.092749 0.038702 0.013300
v 0.092864 0.038571 0.019200
v 0.092864 0.038571 0.013300
v 0.092973 0.038435 0.019200
v 0.092973 0.038435 0.013300
v 0.093077 0.038294 0.019200
v 0.093077 0.038294 0.013300
v 0.093174 0.038149 0.019200
v 0.093174 0.038149 0.013300
v 0.093264 0.038000 0.019200
v 0.093264 0.038000 0.013300
v 0.093348 0.037847 0.019200
v 0.093348 0.037847 0.013300
v 0.093425 0.037691 0.019200
v 0.093425 0.037691 0.013300
v 0.093496 0.037531 0.019200
v 0.093496 0.037531 0.013300
v 0.093559 0.037368 0.019200
v 0.093559 0.037368 0.013300
v 0.093615 0.037203 0.019200
v 0.093615 0.037203 0.013300
v 0.093664 0.037035 0.019200
v 0.093664 0.037035 0.013300
v 0.093705 0.036866 0.019200
v 0.093705 0.036866 0.013300
v 0.093739 0.036695 0.019200
v 0.093739 0.036695 0.013300
v 0.093766 0.036522 0.019200
v 0.093766 0.036522 0.013300
v 0.093785 0.036349 0.019200
v 0.093785 0.036349 0.013300
v 0.093796 0.036175 0.019200
v 0.093796 0.036175 0.013300
v 0.093800 0.036000 0.019200
v 0.093800 0.036000 0.013300
v 0.093800 0.030908 0.019200
v 0.093800 0.030908 0.013300
v 0.092318 0.027799 0.019200
v 0.092318 0.027799 0.013300
v 0.092447 0.027909 0.013300
v 0.092447 0.027909 0.019200
v 0.092572 0.028024 0.013300
v 0.092572 0.028024 0.019200
v 0.092692 0.028144 0.013300
v 0.092692 0.028144 0.019200
v 0.092806 0.028269 0.013300
v 0.092806 0.028269 0.019200
v 0.092915 0.028398 0.013300
v 0.092915 0.028398 0.019200
v 0.093019 0.028533 0.013300
v 0.093019 0.028533 0.019200
v 0.093116 0.028671 0.013300
v 0.093116 0.028671 0.019200
v 0.093208 0.028814 0.013300
v 0.093208 0.028814 0.019200
v 0.093294 0.028960 0.013300
v 0.093294 0.028960 0.019200
v 0.093373 0.029110 0.013300
v 0.093373 0.029110 0.019200
v 0.093446 0.029263 0.013300
v 0.093446 0.029263 0.019200
v 0.093513 0.029419 0.013300
v 0.093513 0.029419 0.019200
v 0.093572 0.029577 0.013300
v 0.093572 0.029577 0.019200
v 0.093625 0.029738 0.013300
v 0.093625 0.029738 0.019200
v 0.093671 0.029901 0.013300
v 0.093671 0.029901 0.019200
v 0.093710 0.030066 0.013300
v 0.093710 0.030066 0.019200
v 0.093743 0.030233 0.013300
v 0.093743 0.030233 0.019200
v 0.093768 0.030400 0.013300
v 0.093768 0.030400 0.019200
v 0.093786 0.030569 0.013300
v 0.093786 0.030569 0.019200
v 0.093796 0.030738 0.013300
v 0.093796 0.030738 0.019200
v 0.059101 0.000892 0.019200
v 0.059101 0.000892 0.013300
v 0.058966 0.000788 0.019200
v 0.058966 0.000788 0.013300
v 0.058828 0.000689 0.019200
v 0.058828 0.000689 0.013300
v 0.058685 0.000597 0.019200
v 0.058685 0.000597 0.013300
v 0.058538 0.000510 0.019200
v 0.058538 0.000510 0.013300
v 0.058388 0.000430 0.019200
v 0.058388 0.000430 0.013300
v 0.058234 0.000357 0.019200
v 0.058234 0.000357 0.013300
v 0.058078 0.000290 0.019200
v 0.058078 0.000290 0.013300
v 0.057919 0.000230 0.019200
v 0.057919 0.000230 0.013300
v 0.057757 0.000176 0.019200
v 0.057757 0.000176 0.013300
v 0.057593 0.000130 0.019200
v 0.057593 0.000130 0.013300
v 0.057428 0.000090 0.019200
v 0.057428 0.000090 0.013300
v 0.057261 0.000058 0.019200
v 0.057261 0.000058 0.013300
v 0.057092 0.000033 0.019200
v 0.057092 0.000033 0.013300
v 0.056923 0.000014 0.019200
v 0.056923 0.000014 0.013300
v 0.056753 0.000004 0.019200
v 0.056753 0.000004 0.013300
v 0.056583 0.000000 0.019200
v 0.056583 0.000000 0.013300
v 0.029570 -0.000000 -0.018800
v 0.029570 0.028900 -0.018800
v 0.029570 0.006125 -0.018800
v 0.029570 0.026125 -0.018800
v 0.029570 0.006125 -0.023653
v 0.029570 -0.000000 -0.023653
v 0.029570 0.026125 -0.023653
v 0.029570 0.028900 -0.023653
v 0.029570 0.026125 -0.013653
v 0.029570 0.006125 -0.013653
v 0.021570 0.006125 -0.013653
v 0.021570 0.006125 -0.023653
v 0.021570 0.026125 -0.013653
v 0.021570 0.026125 -0.023653
v 0.014570 0.028900 -0.023653
v 0.014570 -0.000000 -0.023653
v 0.087373 0.035172 0.013300
v 0.055391 0.034623 0.013300
v 0.055406 0.034696 0.013300
v 0.090262 0.034856 0.013300
v 0.090415 0.034286 0.013300
v 0.090407 0.034359 0.013300
v 0.055204 0.035841 0.013300
v 0.055165 0.035905 0.013300
v 0.055430 0.035065 0.013300
v 0.055425 0.035139 0.013300
v 0.055417 0.034769 0.013300
v 0.055425 0.034843 0.013300
v 0.055302 0.034341 0.013300
v 0.055329 0.034410 0.013300
v 0.055165 0.034078 0.013300
v 0.055204 0.034141 0.013300
v 0.054645 0.033557 0.013300
v 0.087047 0.034433 0.013300
v 0.087036 0.034359 0.013300
v 0.087100 0.034649 0.013300
v 0.087079 0.034577 0.013300
v 0.090292 0.034788 0.013300
v 0.090381 0.034505 0.013300
v 0.090363 0.034577 0.013300
v 0.090396 0.034433 0.013300
v 0.055124 0.035966 0.013300
v 0.055080 0.036026 0.013300
v 0.055240 0.035776 0.013300
v 0.055406 0.035286 0.013300
v 0.055391 0.035359 0.013300
v 0.055417 0.035213 0.013300
v 0.055430 0.034917 0.013300
v 0.055432 0.034991 0.013300
v 0.055353 0.034480 0.013300
v 0.055374 0.034551 0.013300
v 0.055240 0.034206 0.013300
v 0.055272 0.034273 0.013300
v 0.055080 0.033956 0.013300
v 0.055124 0.034016 0.013300
v 0.054934 0.033789 0.013300
v 0.054985 0.033843 0.013300
v 0.054824 0.033689 0.013300
v 0.054880 0.033738 0.013300
v 0.087028 0.034286 0.013300
v 0.087023 0.034212 0.013300
v 0.087062 0.034505 0.013300
v 0.087181 0.034856 0.013300
v 0.087151 0.034788 0.013300
v 0.090229 0.034922 0.013300
v 0.090319 0.034719 0.013300
v 0.090343 0.034649 0.013300
v 0.090420 0.034212 0.013300
v 0.054302 0.006093 0.013300
v 0.087288 0.033224 0.013300
v 0.087329 0.033162 0.013300
v 0.054934 0.036193 0.013300
v 0.054880 0.036244 0.013300
v 0.055034 0.036084 0.013300
v 0.054985 0.036140 0.013300
v 0.055034 0.033898 0.013300
v 0.087124 0.034719 0.013300
v 0.087288 0.035051 0.013300
v 0.087249 0.034987 0.013300
v 0.089440 0.035678 0.013300
v 0.089372 0.035708 0.013300
v 0.090194 0.034987 0.013300
v 0.090407 0.033916 0.013300
v 0.090415 0.033989 0.013300
v 0.054253 0.006149 0.013300
v 0.054349 0.006035 0.013300
v 0.087373 0.033103 0.013300
v 0.054767 0.036340 0.013300
v 0.054707 0.036384 0.013300
v 0.054824 0.036293 0.013300
v 0.055329 0.035573 0.013300
v 0.055302 0.035642 0.013300
v 0.055374 0.035431 0.013300
v 0.055353 0.035502 0.013300
v 0.087213 0.034922 0.013300
v 0.087329 0.035113 0.013300
v 0.054707 0.033599 0.013300
v 0.089506 0.035645 0.013300
v 0.089571 0.035610 0.013300
v 0.089635 0.035571 0.013300
v 0.090396 0.033842 0.013300
v 0.087181 0.033419 0.013300
v 0.054202 0.006202 0.013300
v 0.054148 0.006253 0.013300
v 0.087213 0.033352 0.013300
v 0.054674 0.004705 0.013300
v 0.054685 0.004778 0.013300
v 0.054382 0.036562 0.013300
v 0.054313 0.036589 0.013300
v 0.054582 0.036463 0.013300
v 0.054517 0.036499 0.013300
v 0.054645 0.036425 0.013300
v 0.055272 0.035710 0.013300
v 0.054767 0.033642 0.013300
v 0.089161 0.035780 0.013300
v 0.089089 0.035797 0.013300
v 0.089303 0.035735 0.013300
v 0.089232 0.035759 0.013300
v 0.089696 0.035530 0.013300
v 0.090114 0.035113 0.013300
v 0.090420 0.034063 0.013300
v 0.090421 0.034137 0.013300
v 0.090381 0.033770 0.013300
v 0.090114 0.033162 0.013300
v 0.090155 0.033224 0.013300
v 0.090070 0.033103 0.013300
v 0.087419 0.033045 0.013300
v 0.087468 0.032989 0.013300
v 0.054093 0.006302 0.013300
v 0.054035 0.006349 0.013300
v 0.087249 0.033287 0.013300
v 0.087686 0.032789 0.013300
v 0.054508 0.005785 0.013300
v 0.054472 0.005850 0.013300
v 0.054694 0.005148 0.013300
v 0.054685 0.005222 0.013300
v 0.054660 0.004632 0.013300
v 0.054243 0.036612 0.013300
v 0.054172 0.036633 0.013300
v 0.054450 0.036532 0.013300
v 0.089756 0.035486 0.013300
v 0.090070 0.035172 0.013300
v 0.090194 0.033287 0.013300
v 0.090229 0.033352 0.013300
v 0.090024 0.033045 0.013300
v 0.089923 0.032935 0.013300
v 0.089975 0.032989 0.013300
v 0.089870 0.032884 0.013300
v 0.089814 0.032835 0.013300
v 0.089756 0.032789 0.013300
v 0.088795 0.032439 0.013300
v 0.088869 0.032444 0.013300
v 0.088499 0.032452 0.013300
v 0.088573 0.032444 0.013300
v 0.087573 0.032884 0.013300
v 0.087629 0.032835 0.013300
v 0.087519 0.032935 0.013300
v 0.054434 0.005913 0.013300
v 0.054393 0.005975 0.013300
v 0.054571 0.005651 0.013300
v 0.054541 0.005718 0.013300
v 0.054674 0.005295 0.013300
v 0.054660 0.005368 0.013300
v 0.054698 0.004926 0.013300
v 0.054700 0.005000 0.013300
v 0.054694 0.004852 0.013300
v 0.054393 0.004025 0.013300
v 0.054349 0.003965 0.013300
v 0.047400 0.000000 0.013300
v 0.051403 0.004419 0.013300
v 0.051429 0.004349 0.013300
v 0.053081 0.036562 0.013300
v 0.053013 0.036532 0.013300
v 0.054100 0.036651 0.013300
v 0.087021 0.034137 0.013300
v 0.089016 0.035812 0.013300
v 0.089814 0.035440 0.013300
v 0.090155 0.035051 0.013300
v 0.090343 0.033626 0.013300
v 0.090363 0.033697 0.013300
v 0.089696 0.032745 0.013300
v 0.089635 0.032704 0.013300
v 0.089303 0.032540 0.013300
v 0.089372 0.032567 0.013300
v 0.089089 0.032478 0.013300
v 0.089161 0.032495 0.013300
v 0.088721 0.032437 0.013300
v 0.088647 0.032439 0.013300
v 0.088426 0.032463 0.013300
v 0.088003 0.032597 0.013300
v 0.088071 0.032567 0.013300
v 0.054598 0.005581 0.013300
v 0.054698 0.005074 0.013300
v 0.054642 0.004560 0.013300
v 0.054598 0.004419 0.013300
v 0.054621 0.004489 0.013300
v 0.054434 0.004087 0.013300
v 0.054302 0.003907 0.013300
v 0.054253 0.003852 0.013300
v 0.054202 0.003798 0.013300
v 0.053718 0.006541 0.013300
v 0.087028 0.033989 0.013300
v 0.087036 0.033916 0.013300
v 0.054148 0.003747 0.013300
v 0.054093 0.003698 0.013300
v 0.051798 0.003798 0.013300
v 0.051851 0.003747 0.013300
v 0.051459 0.004282 0.013300
v 0.051492 0.004215 0.013300
v 0.051379 0.004489 0.013300
v 0.052046 0.035213 0.013300
v 0.052038 0.035139 0.013300
v 0.053150 0.036589 0.013300
v 0.087519 0.035340 0.013300
v 0.087468 0.035286 0.013300
v 0.054382 0.033421 0.013300
v 0.054450 0.033450 0.013300
v 0.087871 0.035610 0.013300
v 0.088071 0.035708 0.013300
v 0.088003 0.035678 0.013300
v 0.088210 0.035759 0.013300
v 0.088140 0.035735 0.013300
v 0.089923 0.035340 0.013300
v 0.090262 0.033419 0.013300
v 0.090292 0.033487 0.013300
v 0.089571 0.032665 0.013300
v 0.089232 0.032516 0.013300
v 0.089016 0.032463 0.013300
v 0.088943 0.032452 0.013300
v 0.088140 0.032540 0.013300
v 0.088210 0.032516 0.013300
v 0.053850 0.006472 0.013300
v 0.053785 0.006508 0.013300
v 0.053975 0.006393 0.013300
v 0.053913 0.006434 0.013300
v 0.054642 0.005440 0.013300
v 0.054621 0.005511 0.013300
v 0.054508 0.004215 0.013300
v 0.054541 0.004282 0.013300
v 0.087023 0.034063 0.013300
v 0.087047 0.033842 0.013300
v 0.053651 0.003429 0.013300
v 0.053718 0.003459 0.013300
v 0.052926 0.003302 0.013300
v 0.053000 0.003300 0.013300
v 0.052778 0.003315 0.013300
v 0.052852 0.003306 0.013300
v 0.051907 0.003698 0.013300
v 0.051651 0.003965 0.013300
v 0.051698 0.003907 0.013300
v 0.051340 0.004632 0.013300
v 0.051358 0.004560 0.013300
v 0.051566 0.005913 0.013300
v 0.051528 0.005850 0.013300
v 0.051965 0.006349 0.013300
v 0.051907 0.006302 0.013300
v 0.053000 0.006700 0.013300
v 0.053658 0.033293 0.013300
v 0.053732 0.033291 0.013300
v 0.052926 0.006698 0.013300
v 0.053436 0.033317 0.013300
v 0.053510 0.033306 0.013300
v 0.052281 0.006541 0.013300
v 0.052260 0.034141 0.013300
v 0.052298 0.034078 0.013300
v 0.052110 0.034480 0.013300
v 0.052134 0.034410 0.013300
v 0.052058 0.035286 0.013300
v 0.052090 0.035431 0.013300
v 0.052072 0.035359 0.013300
v 0.053220 0.036612 0.013300
v 0.053364 0.036651 0.013300
v 0.053292 0.036633 0.013300
v 0.053806 0.036690 0.013300
v 0.053732 0.036691 0.013300
v 0.053954 0.036677 0.013300
v 0.053880 0.036685 0.013300
v 0.054027 0.036665 0.013300
v 0.087573 0.035391 0.013300
v 0.087419 0.035230 0.013300
v 0.054313 0.033394 0.013300
v 0.054517 0.033483 0.013300
v 0.054100 0.033331 0.013300
v 0.054172 0.033349 0.013300
v 0.087686 0.035486 0.013300
v 0.087629 0.035440 0.013300
v 0.087808 0.035571 0.013300
v 0.088353 0.035797 0.013300
v 0.088281 0.035780 0.013300
v 0.088647 0.035836 0.013300
v 0.088573 0.035831 0.013300
v 0.088795 0.035836 0.013300
v 0.088721 0.035837 0.013300
v 0.089870 0.035391 0.013300
v 0.090024 0.035230 0.013300
v 0.090319 0.033556 0.013300
v 0.088281 0.032495 0.013300
v 0.088353 0.032478 0.013300
v 0.054571 0.004349 0.013300
v 0.054472 0.004150 0.013300
v 0.054035 0.003651 0.013300
v 0.053785 0.003492 0.013300
v 0.053850 0.003528 0.013300
v 0.053581 0.003403 0.013300
v 0.053148 0.003306 0.013300
v 0.053222 0.003315 0.013300
v 0.052705 0.003326 0.013300
v 0.052419 0.003403 0.013300
v 0.052489 0.003379 0.013300
v 0.052087 0.003566 0.013300
v 0.052150 0.003528 0.013300
v 0.051965 0.003651 0.013300
v 0.051747 0.003852 0.013300
v 0.051566 0.004087 0.013300
v 0.051607 0.004025 0.013300
v 0.051314 0.004778 0.013300
v 0.051326 0.004705 0.013300
v 0.051459 0.005718 0.013300
v 0.051429 0.005651 0.013300
v 0.051492 0.005785 0.013300
v 0.052025 0.006393 0.013300
v 0.051851 0.006253 0.013300
v 0.053806 0.033293 0.013300
v 0.053583 0.033298 0.013300
v 0.052429 0.033898 0.013300
v 0.052478 0.033843 0.013300
v 0.052224 0.034206 0.013300
v 0.052339 0.034016 0.013300
v 0.052161 0.034341 0.013300
v 0.052072 0.034623 0.013300
v 0.052090 0.034551 0.013300
v 0.052033 0.034917 0.013300
v 0.052038 0.034843 0.013300
v 0.052191 0.035710 0.013300
v 0.052161 0.035642 0.013300
v 0.052530 0.036193 0.013300
v 0.052478 0.036140 0.013300
v 0.052947 0.036499 0.013300
v 0.052882 0.036463 0.013300
v 0.053658 0.036690 0.013300
v 0.053583 0.036685 0.013300
v 0.054243 0.033370 0.013300
v 0.054027 0.033317 0.013300
v 0.053880 0.033298 0.013300
v 0.087746 0.035530 0.013300
v 0.087936 0.035645 0.013300
v 0.088499 0.035823 0.013300
v 0.088426 0.035812 0.013300
v 0.088943 0.035823 0.013300
v 0.088869 0.035831 0.013300
v 0.089975 0.035286 0.013300
v 0.089440 0.032597 0.013300
v 0.089506 0.032630 0.013300
v 0.087124 0.033556 0.013300
v 0.087151 0.033487 0.013300
v 0.087062 0.033770 0.013300
v 0.087079 0.033697 0.013300
v 0.053975 0.003607 0.013300
v 0.053913 0.003566 0.013300
v 0.053511 0.003379 0.013300
v 0.053368 0.003340 0.013300
v 0.053440 0.003358 0.013300
v 0.053295 0.003326 0.013300
v 0.053074 0.003302 0.013300
v 0.052632 0.003340 0.013300
v 0.052560 0.003358 0.013300
v 0.052215 0.003492 0.013300
v 0.052281 0.003459 0.013300
v 0.052025 0.003607 0.013300
v 0.051528 0.004150 0.013300
v 0.051302 0.004926 0.013300
v 0.051307 0.004852 0.013300
v 0.051379 0.005511 0.013300
v 0.051358 0.005440 0.013300
v 0.051403 0.005581 0.013300
v 0.051698 0.006093 0.013300
v 0.051651 0.006035 0.013300
v 0.051798 0.006202 0.013300
v 0.051747 0.006149 0.013300
v 0.052215 0.006508 0.013300
v 0.052852 0.006694 0.013300
v 0.052705 0.006674 0.013300
v 0.053220 0.033370 0.013300
v 0.053292 0.033349 0.013300
v 0.053081 0.033421 0.013300
v 0.053150 0.033394 0.013300
v 0.052947 0.033483 0.013300
v 0.053013 0.033450 0.013300
v 0.052530 0.033789 0.013300
v 0.052583 0.033738 0.013300
v 0.052383 0.033956 0.013300
v 0.052191 0.034273 0.013300
v 0.052046 0.034769 0.013300
v 0.052058 0.034696 0.013300
v 0.052032 0.034991 0.013300
v 0.052033 0.035065 0.013300
v 0.052134 0.035573 0.013300
v 0.052110 0.035502 0.013300
v 0.052224 0.035776 0.013300
v 0.052583 0.036244 0.013300
v 0.053510 0.036677 0.013300
v 0.053436 0.036665 0.013300
v 0.053954 0.033306 0.013300
v 0.087746 0.032745 0.013300
v 0.087100 0.033626 0.013300
v 0.052349 0.003429 0.013300
v 0.051300 0.005000 0.013300
v 0.051340 0.005368 0.013300
v 0.051607 0.005975 0.013300
v 0.052150 0.006472 0.013300
v 0.052087 0.006434 0.013300
v 0.052489 0.006621 0.013300
v 0.052419 0.006597 0.013300
v 0.052632 0.006660 0.013300
v 0.052778 0.006685 0.013300
v 0.053364 0.033331 0.013300
v 0.052639 0.033689 0.013300
v 0.052697 0.033642 0.013300
v 0.052260 0.035841 0.013300
v 0.052429 0.036084 0.013300
v 0.052383 0.036026 0.013300
v 0.052639 0.036293 0.013300
v 0.052757 0.036384 0.013300
v 0.052697 0.036340 0.013300
v 0.054582 0.033519 0.013300
v 0.053295 0.006674 0.013300
v 0.053222 0.006685 0.013300
v 0.053440 0.006642 0.013300
v 0.053368 0.006660 0.013300
v 0.053651 0.006571 0.013300
v 0.087871 0.032665 0.013300
v 0.087936 0.032630 0.013300
v 0.087808 0.032704 0.013300
v 0.051326 0.005295 0.013300
v 0.052349 0.006571 0.013300
v 0.052560 0.006642 0.013300
v 0.052818 0.033557 0.013300
v 0.052882 0.033519 0.013300
v 0.052757 0.033599 0.013300
v 0.052339 0.035966 0.013300
v 0.052298 0.035905 0.013300
v 0.052818 0.036425 0.013300
v 0.053148 0.006694 0.013300
v 0.053074 0.006698 0.013300
v 0.053581 0.006597 0.013300
v 0.053511 0.006621 0.013300
v 0.051314 0.005222 0.013300
v 0.051307 0.005148 0.013300
v 0.051302 0.005074 0.013300
v 0.053074 0.006698 0.016700
v 0.053000 0.006700 0.016700
v 0.053148 0.006694 0.016700
v 0.053222 0.006685 0.016700
v 0.053295 0.006674 0.016700
v 0.053368 0.006660 0.016700
v 0.053440 0.006642 0.016700
v 0.053511 0.006621 0.016700
v 0.053581 0.006597 0.016700
v 0.053651 0.006571 0.016700
v 0.053718 0.006541 0.016700
v 0.053785 0.006508 0.016700
v 0.053850 0.006472 0.016700
v 0.053913 0.006434 0.016700
v 0.053975 0.006393 0.016700
v 0.054035 0.006349 0.016700
v 0.054093 0.006302 0.016700
v 0.054148 0.006253 0.016700
v 0.054202 0.006202 0.016700
v 0.054253 0.006149 0.016700
v 0.054302 0.006093 0.016700
v 0.054349 0.006035 0.016700
v 0.054393 0.005975 0.016700
v 0.054434 0.005913 0.016700
v 0.054472 0.005850 0.016700
v 0.054508 0.005785 0.016700
v 0.054541 0.005718 0.016700
v 0.054571 0.005651 0.016700
v 0.054598 0.005581 0.016700
v 0.054621 0.005511 0.016700
v 0.054642 0.005440 0.016700
v 0.054660 0.005368 0.016700
v 0.054674 0.005295 0.016700
v 0.054685 0.005222 0.016700
v 0.054694 0.005148 0.016700
v 0.054698 0.005074 0.016700
v 0.054700 0.005000 0.016700
v 0.054698 0.004926 0.016700
v 0.054694 0.004852 0.016700
v 0.054685 0.004778 0.016700
v 0.054674 0.004705 0.016700
v 0.054660 0.004632 0.016700
v 0.054642 0.004560 0.016700
v 0.054621 0.004489 0.016700
v 0.054598 0.004419 0.016700
v 0.054571 0.004349 0.016700
v 0.054541 0.004282 0.016700
v 0.054508 0.004215 0.016700
v 0.054472 0.004150 0.016700
v 0.054434 0.004087 0.016700
v 0.054393 0.004025 0.016700
v 0.054349 0.003965 0.016700
v 0.054302 0.003907 0.016700
v 0.054253 0.003852 0.016700
v 0.054202 0.003798 0.016700
v 0.054148 0.003747 0.016700
v 0.054093 0.003698 0.016700
v 0.054035 0.003651 0.016700
v 0.053975 0.003607 0.016700
v 0.053913 0.003566 0.016700
v 0.053850 0.003528 0.016700
v 0.053785 0.003492 0.016700
v 0.053718 0.003459 0.016700
v 0.053651 0.003429 0.016700
v 0.053581 0.003403 0.016700
v 0.053511 0.003379 0.016700
v 0.053440 0.003358 0.016700
v 0.053368 0.003340 0.016700
v 0.053295 0.003326 0.016700
v 0.053222 0.003315 0.016700
v 0.053148 0.003306 0.016700
v 0.053074 0.003302 0.016700
v 0.053000 0.003300 0.016700
v 0.052926 0.003302 0.016700
v 0.052852 0.003306 0.016700
v 0.052778 0.003315 0.016700
v 0.052705 0.003326 0.016700
v 0.052632 0.003340 0.016700
v 0.052560 0.003358 0.016700
v 0.052489 0.003379 0.016700
v 0.052419 0.003403 0.016700
v 0.052349 0.003429 0.016700
v 0.052281 0.003459 0.016700
v 0.052215 0.003492 0.016700
v 0.052150 0.003528 0.016700
v 0.052087 0.003566 0.016700
v 0.052025 0.003607 0.016700
v 0.051965 0.003651 0.016700
v 0.051907 0.003698 0.016700
v 0.051851 0.003747 0.016700
v 0.051798 0.003798 0.016700
v 0.051747 0.003852 0.016700
v 0.051698 0.003907 0.016700
v 0.051651 0.003965 0.016700
v 0.051607 0.004025 0.016700
v 0.051566 0.004087 0.016700
v 0.051528 0.004150 0.016700
v 0.051492 0.004215 0.016700
v 0.051459 0.004282 0.016700
v 0.051429 0.004349 0.016700
v 0.051403 0.004419 0.016700
v 0.051379 0.004489 0.016700
v 0.051358 0.004560 0.016700
v 0.051340 0.004632 0.016700
v 0.051326 0.004705 0.016700
v 0.051314 0.004778 0.016700
v 0.051307 0.004852 0.016700
v 0.051302 0.004926 0.016700
v 0.051300 0.005000 0.016700
v 0.051302 0.005074 0.016700
v 0.051307 0.005148 0.016700
v 0.051314 0.005222 0.016700
v 0.051326 0.005295 0.016700
v 0.051340 0.005368 0.016700
v 0.051358 0.005440 0.016700
v 0.051379 0.005511 0.016700
v 0.051403 0.005581 0.016700
v 0.051429 0.005651 0.016700
v 0.051459 0.005718 0.016700
v 0.051492 0.005785 0.016700
v 0.051528 0.005850 0.016700
v 0.051566 0.005913 0.016700
v 0.051607 0.005975 0.016700
v 0.051651 0.006035 0.016700
v 0.051698 0.006093 0.016700
v 0.051747 0.006149 0.016700
v 0.051798 0.006202 0.016700
v 0.051851 0.006253 0.016700
v 0.051907 0.006302 0.016700
v 0.051965 0.006349 0.016700
v 0.052025 0.006393 0.016700
v 0.052087 0.006434 0.016700
v 0.052150 0.006472 0.016700
v 0.052215 0.006508 0.016700
v 0.052281 0.006541 0.016700
v 0.052349 0.006571 0.016700
v 0.052419 0.006597 0.016700
v 0.052489 0.006621 0.016700
v 0.052560 0.006642 0.016700
v 0.052632 0.006660 0.016700
v 0.052705 0.006674 0.016700
v 0.052778 0.006685 0.016700
v 0.052852 0.006694 0.016700
v 0.052926 0.006698 0.016700
v 0.053806 0.036690 0.016700
v 0.053732 0.036691 0.016700
v 0.053880 0.036685 0.016700
v 0.053954 0.036677 0.016700
v 0.054027 0.036665 0.016700
v 0.054100 0.036651 0.016700
v 0.054172 0.036633 0.016700
v 0.054243 0.036612 0.016700
v 0.054313 0.036589 0.016700
v 0.054382 0.036562 0.016700
v 0.054450 0.036532 0.016700
v 0.054517 0.036499 0.016700
v 0.054582 0.036463 0.016700
v 0.054645 0.036425 0.016700
v 0.054707 0.036384 0.016700
v 0.054767 0.036340 0.016700
v 0.054824 0.036293 0.016700
v 0.054880 0.036244 0.016700
v 0.054934 0.036193 0.016700
v 0.054985 0.036140 0.016700
v 0.055034 0.036084 0.016700
v 0.055080 0.036026 0.016700
v 0.055124 0.035966 0.016700
v 0.055165 0.035905 0.016700
v 0.055204 0.035841 0.016700
v 0.055240 0.035776 0.016700
v 0.055272 0.035710 0.016700
v 0.055302 0.035642 0.016700
v 0.055329 0.035573 0.016700
v 0.055353 0.035502 0.016700
v 0.055374 0.035431 0.016700
v 0.055391 0.035359 0.016700
v 0.055406 0.035286 0.016700
v 0.055417 0.035213 0.016700
v 0.055425 0.035139 0.016700
v 0.055430 0.035065 0.016700
v 0.055432 0.034991 0.016700
v 0.055430 0.034917 0.016700
v 0.055425 0.034843 0.016700
v 0.055417 0.034769 0.016700
v 0.055406 0.034696 0.016700
v 0.055391 0.034623 0.016700
v 0.055374 0.034551 0.016700
v 0.055353 0.034480 0.016700
v 0.055329 0.034410 0.016700
v 0.055302 0.034341 0.016700
v 0.055272 0.034273 0.016700
v 0.055240 0.034206 0.016700
v 0.055204 0.034141 0.016700
v 0.055165 0.034078 0.016700
v 0.055124 0.034016 0.016700
v 0.055080 0.033956 0.016700
v 0.055034 0.033898 0.016700
v 0.054985 0.033843 0.016700
v 0.054934 0.033789 0.016700
v 0.054880 0.033738 0.016700
v 0.054824 0.033689 0.016700
v 0.054767 0.033642 0.016700
v 0.054707 0.033599 0.016700
v 0.054645 0.033557 0.016700
v 0.054582 0.033519 0.016700
v 0.054517 0.033483 0.016700
v 0.054450 0.033450 0.016700
v 0.054382 0.033421 0.016700
v 0.054313 0.033394 0.016700
v 0.054243 0.033370 0.016700
v 0.054172 0.033349 0.016700
v 0.054100 0.033331 0.016700
v 0.054027 0.033317 0.016700
v 0.053954 0.033306 0.016700
v 0.053880 0.033298 0.016700
v 0.053806 0.033293 0.016700
v 0.053732 0.033291 0.016700
v 0.053658 0.033293 0.016700
v 0.053583 0.033298 0.016700
v 0.053510 0.033306 0.016700
v 0.053436 0.033317 0.016700
v 0.053364 0.033331 0.016700
v 0.053292 0.033349 0.016700
v 0.053220 0.033370 0.016700
v 0.053150 0.033394 0.016700
v 0.053081 0.033421 0.016700
v 0.053013 0.033450 0.016700
v 0.052947 0.033483 0.016700
v 0.052882 0.033519 0.016700
v 0.052818 0.033557 0.016700
v 0.052757 0.033599 0.016700
v 0.052697 0.033642 0.016700
v 0.052639 0.033689 0.016700
v 0.052583 0.033738 0.016700
v 0.052530 0.033789 0.016700
v 0.052478 0.033843 0.016700
v 0.052429 0.033898 0.016700
v 0.052383 0.033956 0.016700
v 0.052339 0.034016 0.016700
v 0.052298 0.034078 0.016700
v 0.052260 0.034141 0.016700
v 0.052224 0.034206 0.016700
v 0.052191 0.034273 0.016700
v 0.052161 0.034341 0.016700
v 0.052134 0.034410 0.016700
v 0.052110 0.034480 0.016700
v 0.052090 0.034551 0.016700
v 0.052072 0.034623 0.016700
v 0.052058 0.034696 0.016700
v 0.052046 0.034769 0.016700
v 0.052038 0.034843 0.016700
v 0.052033 0.034917 0.016700
v 0.052032 0.034991 0.016700
v 0.052033 0.035065 0.016700
v 0.052038 0.035139 0.016700
v 0.052046 0.035213 0.016700
v 0.052058 0.035286 0.016700
v 0.052072 0.035359 0.016700
v 0.052090 0.035431 0.016700
v 0.052110 0.035502 0.016700
v 0.052134 0.035573 0.016700
v 0.052161 0.035642 0.016700
v 0.052191 0.035710 0.016700
v 0.052224 0.035776 0.016700
v 0.052260 0.035841 0.016700
v 0.052298 0.035905 0.016700
v 0.052339 0.035966 0.016700
v 0.052383 0.036026 0.016700
v 0.052429 0.036084 0.016700
v 0.052478 0.036140 0.016700
v 0.052530 0.036193 0.016700
v 0.052583 0.036244 0.016700
v 0.052639 0.036293 0.016700
v 0.052697 0.036340 0.016700
v 0.052757 0.036384 0.016700
v 0.052818 0.036425 0.016700
v 0.052882 0.036463 0.016700
v 0.052947 0.036499 0.016700
v 0.053013 0.036532 0.016700
v 0.053081 0.036562 0.016700
v 0.053150 0.036589 0.016700
v 0.053220 0.036612 0.016700
v 0.053292 0.036633 0.016700
v 0.053364 0.036651 0.016700
v 0.053436 0.036665 0.016700
v 0.053510 0.036677 0.016700
v 0.053583 0.036685 0.016700
v 0.053658 0.036690 0.016700
v 0.088795 0.035836 0.016700
v 0.088721 0.035837 0.016700
v 0.088869 0.035831 0.016700
v 0.088943 0.035823 0.016700
v 0.089016 0.035812 0.016700
v 0.089089 0.035797 0.016700
v 0.089161 0.035780 0.016700
v 0.089232 0.035759 0.016700
v 0.089303 0.035735 0.016700
v 0.089372 0.035708 0.016700
v 0.089440 0.035678 0.016700
v 0.089506 0.035645 0.016700
v 0.089571 0.035610 0.016700
v 0.089635 0.035571 0.016700
v 0.089696 0.035530 0.016700
v 0.089756 0.035486 0.016700
v 0.089814 0.035440 0.016700
v 0.089870 0.035391 0.016700
v 0.089923 0.035340 0.016700
v 0.089975 0.035286 0.016700
v 0.090024 0.035230 0.016700
v 0.090070 0.035172 0.016700
v 0.090114 0.035113 0.016700
v 0.090155 0.035051 0.016700
v 0.090194 0.034987 0.016700
v 0.090229 0.034922 0.016700
v 0.090262 0.034856 0.016700
v 0.090292 0.034788 0.016700
v 0.090319 0.034719 0.016700
v 0.090343 0.034649 0.016700
v 0.090363 0.034577 0.016700
v 0.090381 0.034505 0.016700
v 0.090396 0.034433 0.016700
v 0.090407 0.034359 0.016700
v 0.090415 0.034286 0.016700
v 0.090420 0.034212 0.016700
v 0.090421 0.034137 0.016700
v 0.090420 0.034063 0.016700
v 0.090415 0.033989 0.016700
v 0.090407 0.033916 0.016700
v 0.090396 0.033842 0.016700
v 0.090381 0.033770 0.016700
v 0.090363 0.033697 0.016700
v 0.090343 0.033626 0.016700
v 0.090319 0.033556 0.016700
v 0.090292 0.033487 0.016700
v 0.090262 0.033419 0.016700
v 0.090229 0.033352 0.016700
v 0.090194 0.033287 0.016700
v 0.090155 0.033224 0.016700
v 0.090114 0.033162 0.016700
v 0.090070 0.033103 0.016700
v 0.090024 0.033045 0.016700
v 0.089975 0.032989 0.016700
v 0.089923 0.032935 0.016700
v 0.089870 0.032884 0.016700
v 0.089814 0.032835 0.016700
v 0.089756 0.032789 0.016700
v 0.089696 0.032745 0.016700
v 0.089635 0.032704 0.016700
v 0.089571 0.032665 0.016700
v 0.089506 0.032630 0.016700
v 0.089440 0.032597 0.016700
v 0.089372 0.032567 0.016700
v 0.089303 0.032540 0.016700
v 0.089232 0.032516 0.016700
v 0.089161 0.032495 0.016700
v 0.089089 0.032478 0.016700
v 0.089016 0.032463 0.016700
v 0.088943 0.032452 0.016700
v 0.088869 0.032444 0.016700
v 0.088795 0.032439 0.016700
v 0.088721 0.032437 0.016700
v 0.088647 0.032439 0.016700
v 0.088573 0.032444 0.016700
v 0.088499 0.032452 0.016700
v 0.088426 0.032463 0.016700
v 0.088353 0.032478 0.016700
v 0.088281 0.032495 0.016700
v 0.088210 0.032516 0.016700
v 0.088140 0.032540 0.016700
v 0.088071 0.032567 0.016700
v 0.088003 0.032597 0.016700
v 0.087936 0.032630 0.016700
v 0.087871 0.032665 0.016700
v 0.087808 0.032704 0.016700
v 0.087746 0.032745 0.016700
v 0.087686 0.032789 0.016700
v 0.087629 0.032835 0.016700
v 0.087573 0.032884 0.016700
v 0.087519 0.032935 0.016700
v 0.087468 0.032989 0.016700
v 0.087419 0.033045 0.016700
v 0.087373 0.033103 0.016700
v 0.087329 0.033162 0.016700
v 0.087288 0.033224 0.016700
v 0.087249 0.033287 0.016700
v 0.087213 0.033352 0.016700
v 0.087181 0.033419 0.016700
v 0.087151 0.033487 0.016700
v 0.087124 0.033556 0.016700
v 0.087100 0.033626 0.016700
v 0.087079 0.033697 0.016700
v 0.087062 0.033770 0.016700
v 0.087047 0.033842 0.016700
v 0.087036 0.033916 0.016700
v 0.087028 0.033989 0.016700
v 0.087023 0.034063 0.016700
v 0.087021 0.034137 0.016700
v 0.087023 0.034212 0.016700
v 0.087028 0.034286 0.016700
v 0.087036 0.034359 0.016700
v 0.087047 0.034433 0.016700
v 0.087062 0.034505 0.016700
v 0.087079 0.034577 0.016700
v 0.087100 0.034649 0.016700
v 0.087124 0.034719 0.016700
v 0.087151 0.034788 0.016700
v 0.087181 0.034856 0.016700
v 0.087213 0.034922 0.016700
v 0.087249 0.034987 0.016700
v 0.087288 0.035051 0.016700
v 0.087329 0.035113 0.016700
v 0.087373 0.035172 0.016700
v 0.087419 0.035230 0.016700
v 0.087468 0.035286 0.016700
v 0.087519 0.035340 0.016700
v 0.087573 0.035391 0.016700
v 0.087629 0.035440 0.016700
v 0.087686 0.035486 0.016700
v 0.087746 0.035530 0.016700
v 0.087808 0.035571 0.016700
v 0.087871 0.035610 0.016700
v 0.087936 0.035645 0.016700
v 0.088003 0.035678 0.016700
v 0.088071 0.035708 0.016700
v 0.088140 0.035735 0.016700
v 0.088210 0.035759 0.016700
v 0.088281 0.035780 0.016700
v 0.088353 0.035797 0.016700
v 0.088426 0.035812 0.016700
v 0.088499 0.035823 0.016700
v 0.088573 0.035831 0.016700
v 0.088647 0.035836 0.016700
v 0.014570 0.011774 -0.017428
v 0.014570 0.020477 -0.017428
v 0.014570 0.020475 -0.017500
v 0.014570 0.020477 -0.017572
v 0.014570 0.011774 -0.017572
v 0.014570 0.011775 -0.017500
v 0.014570 0.011769 -0.017644
v 0.014570 0.011769 -0.017356
v 0.014570 0.011761 -0.017285
v 0.014570 0.011750 -0.017787
v 0.014570 0.011761 -0.017715
v 0.014570 0.011676 -0.018064
v 0.014570 0.020482 -0.017644
v 0.014570 0.020490 -0.017715
v 0.014570 0.011699 -0.017996
v 0.014570 0.011719 -0.017927
v 0.014570 0.011750 -0.017213
v 0.014570 0.011736 -0.017143
v 0.014570 0.020500 -0.017787
v 0.014570 0.011736 -0.017857
v 0.014570 0.020482 -0.017356
v 0.014570 0.011719 -0.017073
v 0.014570 0.020500 -0.017213
v 0.014570 0.011589 -0.016738
v 0.014570 0.011554 -0.016675
v 0.014570 0.011699 -0.017004
v 0.014570 0.011676 -0.016936
v 0.014570 0.020490 -0.017285
v 0.014570 0.011389 -0.016439
v 0.014570 0.011342 -0.016385
v 0.014570 0.011517 -0.016613
v 0.014570 0.011650 -0.016869
v 0.014570 0.011621 -0.016803
v 0.014570 0.011434 -0.016496
v 0.014570 0.011477 -0.016554
v 0.014570 0.028900 -0.010300
v 0.014570 0.023736 -0.017143
v 0.014570 0.023719 -0.017073
v 0.014570 0.020861 -0.018561
v 0.014570 0.020909 -0.018615
v 0.014570 0.020515 -0.017857
v 0.014570 0.020532 -0.017927
v 0.014570 -0.000000 -0.010300
v 0.014570 0.008477 -0.017428
v 0.014570 0.023676 -0.016936
v 0.014570 0.023650 -0.016869
v 0.014570 0.023699 -0.017004
v 0.014570 0.020816 -0.018504
v 0.014570 0.020734 -0.018387
v 0.014570 0.020774 -0.018446
v 0.014570 0.020662 -0.018262
v 0.014570 0.020696 -0.018325
v 0.014570 0.011186 -0.016236
v 0.014570 0.011130 -0.016191
v 0.014570 0.011292 -0.016333
v 0.014570 0.011240 -0.016284
v 0.014570 0.020552 -0.017996
v 0.014570 0.011072 -0.016148
v 0.014570 0.020552 -0.017004
v 0.014570 0.020532 -0.017073
v 0.014570 0.008475 -0.017500
v 0.014570 0.008477 -0.017572
v 0.014570 0.008482 -0.017356
v 0.014570 0.023769 -0.017356
v 0.014570 0.023761 -0.017285
v 0.014570 0.020630 -0.018197
v 0.014570 0.020575 -0.016936
v 0.014570 0.008482 -0.017644
v 0.014570 0.008490 -0.017715
v 0.014570 0.023750 -0.017213
v 0.014570 0.023774 -0.017428
v 0.014570 0.023775 -0.017500
v 0.014570 0.023750 -0.017787
v 0.014570 0.023761 -0.017715
v 0.014570 0.020575 -0.018064
v 0.014570 0.020601 -0.018131
v 0.014570 0.020515 -0.017143
v 0.014570 0.008501 -0.017787
v 0.014570 0.008515 -0.017857
v 0.014570 0.023774 -0.017572
v 0.014570 0.023736 -0.017857
v 0.014570 0.008501 -0.017213
v 0.014570 0.008490 -0.017285
v 0.014570 0.008532 -0.017073
v 0.014570 0.008515 -0.017143
v 0.014570 0.023589 -0.016738
v 0.014570 0.023554 -0.016675
v 0.014570 0.023769 -0.017644
v 0.014570 0.023699 -0.017996
v 0.014570 0.023719 -0.017927
v 0.014570 0.023517 -0.018387
v 0.014570 0.023554 -0.018325
v 0.014570 0.023130 -0.018809
v 0.014570 0.023186 -0.018764
v 0.014570 0.010412 -0.015875
v 0.014570 0.010341 -0.015864
v 0.014570 0.020630 -0.016803
v 0.014570 0.020601 -0.016869
v 0.014570 0.021121 -0.018809
v 0.014570 0.011342 -0.018615
v 0.014570 0.011389 -0.018561
v 0.014570 0.008532 -0.017927
v 0.014570 0.008552 -0.017996
v 0.014570 0.008552 -0.017004
v 0.014570 0.008601 -0.016869
v 0.014570 0.008575 -0.016936
v 0.014570 0.008774 -0.016554
v 0.014570 0.008734 -0.016613
v 0.014570 0.008959 -0.016333
v 0.014570 0.008909 -0.016385
v 0.014570 0.023389 -0.016439
v 0.014570 0.023342 -0.016385
v 0.014570 0.023517 -0.016613
v 0.014570 0.023676 -0.018064
v 0.014570 0.023477 -0.018446
v 0.014570 0.023342 -0.018615
v 0.014570 0.023389 -0.018561
v 0.014570 0.023072 -0.018852
v 0.014570 0.010483 -0.015889
v 0.014570 0.010269 -0.015856
v 0.014570 0.010950 -0.016071
v 0.014570 0.010887 -0.016036
v 0.014570 0.020959 -0.018667
v 0.014570 0.011621 -0.018197
v 0.014570 0.011650 -0.018131
v 0.014570 0.011517 -0.018387
v 0.014570 0.011554 -0.018325
v 0.014570 0.011292 -0.018667
v 0.014570 0.008696 -0.016675
v 0.014570 0.009011 -0.016284
v 0.014570 0.009121 -0.016191
v 0.014570 0.009065 -0.016236
v 0.014570 0.009300 -0.016071
v 0.014570 0.009239 -0.016108
v 0.014570 0.009494 -0.015976
v 0.014570 0.009428 -0.016005
v 0.014570 0.022412 -0.015875
v 0.014570 0.022341 -0.015864
v 0.014570 0.022622 -0.015926
v 0.014570 0.022552 -0.015906
v 0.014570 0.022823 -0.016005
v 0.014570 0.022757 -0.015976
v 0.014570 0.023240 -0.016284
v 0.014570 0.023186 -0.016236
v 0.014570 0.023292 -0.016333
v 0.014570 0.023621 -0.016803
v 0.014570 0.023621 -0.018197
v 0.014570 0.023650 -0.018131
v 0.014570 0.023589 -0.018262
v 0.014570 0.023434 -0.018504
v 0.014570 0.023012 -0.018892
v 0.014570 0.022887 -0.018964
v 0.014570 0.022950 -0.018929
v 0.014570 0.022757 -0.019024
v 0.014570 0.022823 -0.018995
v 0.014570 0.022622 -0.019074
v 0.014570 0.022690 -0.019051
v 0.014570 0.022483 -0.019111
v 0.014570 0.022552 -0.019094
v 0.014570 0.010622 -0.015926
v 0.014570 0.010552 -0.015906
v 0.014570 0.010690 -0.015950
v 0.014570 0.010823 -0.016005
v 0.014570 0.021011 -0.018717
v 0.014570 0.021065 -0.018764
v 0.014570 0.011589 -0.018262
v 0.014570 0.011434 -0.018504
v 0.014570 0.011477 -0.018446
v 0.014570 0.011240 -0.018717
v 0.014570 0.008662 -0.016738
v 0.014570 0.008630 -0.016803
v 0.014570 0.008816 -0.016496
v 0.014570 0.009179 -0.016148
v 0.014570 0.009364 -0.016036
v 0.014570 0.009982 -0.015856
v 0.014570 0.009910 -0.015864
v 0.014570 0.022483 -0.015889
v 0.014570 0.022690 -0.015950
v 0.014570 0.022887 -0.016036
v 0.014570 0.023477 -0.016554
v 0.014570 0.023434 -0.016496
v 0.014570 0.023292 -0.018667
v 0.014570 0.023240 -0.018717
v 0.014570 0.022341 -0.019136
v 0.014570 0.022412 -0.019125
v 0.014570 0.022197 -0.019148
v 0.014570 0.022269 -0.019144
v 0.014570 0.010197 -0.015852
v 0.014570 0.010757 -0.015976
v 0.014570 0.011012 -0.016108
v 0.014570 0.011130 -0.018809
v 0.014570 0.011186 -0.018764
v 0.014570 0.020734 -0.016613
v 0.014570 0.020696 -0.016675
v 0.014570 0.020861 -0.016439
v 0.014570 0.020816 -0.016496
v 0.014570 0.020959 -0.016333
v 0.014570 0.020909 -0.016385
v 0.014570 0.021065 -0.016236
v 0.014570 0.021011 -0.016284
v 0.014570 0.010757 -0.019024
v 0.014570 0.010823 -0.018995
v 0.014570 0.010483 -0.019111
v 0.014570 0.010552 -0.019094
v 0.014570 0.009494 -0.019024
v 0.014570 0.009561 -0.019051
v 0.014570 0.009364 -0.018964
v 0.014570 0.009428 -0.018995
v 0.014570 0.008861 -0.016439
v 0.014570 0.009561 -0.015950
v 0.014570 0.009768 -0.015889
v 0.014570 0.009698 -0.015906
v 0.014570 0.009839 -0.015875
v 0.014570 0.010125 -0.015850
v 0.014570 0.010053 -0.015852
v 0.014570 0.022269 -0.015856
v 0.014570 0.023012 -0.016108
v 0.014570 0.022950 -0.016071
v 0.014570 0.023130 -0.016191
v 0.014570 0.023072 -0.016148
v 0.014570 0.020662 -0.016738
v 0.014570 0.020774 -0.016554
v 0.014570 0.021179 -0.016148
v 0.014570 0.021121 -0.016191
v 0.014570 0.021300 -0.016071
v 0.014570 0.021239 -0.016108
v 0.014570 0.021561 -0.015950
v 0.014570 0.021494 -0.015976
v 0.014570 0.021982 -0.015856
v 0.014570 0.021910 -0.015864
v 0.014570 0.010887 -0.018964
v 0.014570 0.010950 -0.018929
v 0.014570 0.010622 -0.019074
v 0.014570 0.010690 -0.019051
v 0.014570 0.010197 -0.019148
v 0.014570 0.010269 -0.019144
v 0.014570 0.009910 -0.019136
v 0.014570 0.009982 -0.019144
v 0.014570 0.009768 -0.019111
v 0.014570 0.009839 -0.019125
v 0.014570 0.009629 -0.019074
v 0.014570 0.009698 -0.019094
v 0.014570 0.009629 -0.015926
v 0.014570 0.022197 -0.015852
v 0.014570 0.022053 -0.019148
v 0.014570 0.022125 -0.019150
v 0.014570 0.021910 -0.019136
v 0.014570 0.021982 -0.019144
v 0.014570 0.021768 -0.019111
v 0.014570 0.021839 -0.019125
v 0.014570 0.011012 -0.018892
v 0.014570 0.021629 -0.019074
v 0.014570 0.021494 -0.019024
v 0.014570 0.021561 -0.019051
v 0.014570 0.021364 -0.018964
v 0.014570 0.021428 -0.018995
v 0.014570 0.021364 -0.016036
v 0.014570 0.021428 -0.016005
v 0.014570 0.021839 -0.015875
v 0.014570 0.021768 -0.015889
v 0.014570 0.022053 -0.015852
v 0.014570 0.010341 -0.019136
v 0.014570 0.010412 -0.019125
v 0.014570 0.008662 -0.018262
v 0.014570 0.008696 -0.018325
v 0.014570 0.021698 -0.019094
v 0.014570 0.021239 -0.018892
v 0.014570 0.021300 -0.018929
v 0.014570 0.021179 -0.018852
v 0.014570 0.011072 -0.018852
v 0.014570 0.021698 -0.015906
v 0.014570 0.021629 -0.015926
v 0.014570 0.010053 -0.019148
v 0.014570 0.010125 -0.019150
v 0.014570 0.009011 -0.018717
v 0.014570 0.009065 -0.018764
v 0.014570 0.008816 -0.018504
v 0.014570 0.008861 -0.018561
v 0.014570 0.008734 -0.018387
v 0.014570 0.008774 -0.018446
v 0.014570 0.008630 -0.018197
v 0.014570 0.008575 -0.018064
v 0.014570 0.008601 -0.018131
v 0.014570 0.022125 -0.015850
v 0.014570 0.009239 -0.018892
v 0.014570 0.009300 -0.018929
v 0.014570 0.009121 -0.018809
v 0.014570 0.009179 -0.018852
v 0.014570 0.008959 -0.018667
v 0.014570 0.008909 -0.018615
v 0.024570 -0.000000 -0.010300
v 0.024570 0.028900 -0.010300
v 0.019070 0.010125 -0.015850
v 0.019070 0.010053 -0.015852
v 0.019070 0.009982 -0.015856
v 0.019070 0.009910 -0.015864
v 0.019070 0.009839 -0.015875
v 0.019070 0.009768 -0.015889
v 0.019070 0.009698 -0.015906
v 0.019070 0.009629 -0.015926
v 0.019070 0.009561 -0.015950
v 0.019070 0.009494 -0.015976
v 0.019070 0.009428 -0.016005
v 0.019070 0.009364 -0.016036
v 0.019070 0.009300 -0.016071
v 0.019070 0.009239 -0.016108
v 0.019070 0.009179 -0.016148
v 0.019070 0.009121 -0.016191
v 0.019070 0.009065 -0.016236
v 0.019070 0.009011 -0.016284
v 0.019070 0.008959 -0.016333
v 0.019070 0.008909 -0.016385
v 0.019070 0.008861 -0.016439
v 0.019070 0.008816 -0.016496
v 0.019070 0.008774 -0.016554
v 0.019070 0.008734 -0.016613
v 0.019070 0.008696 -0.016675
v 0.019070 0.008662 -0.016738
v 0.019070 0.008630 -0.016803
v 0.019070 0.008601 -0.016869
v 0.019070 0.008575 -0.016936
v 0.019070 0.008552 -0.017004
v 0.019070 0.008532 -0.017073
v 0.019070 0.008515 -0.017143
v 0.019070 0.008501 -0.017213
v 0.019070 0.008490 -0.017285
v 0.019070 0.008482 -0.017356
v 0.019070 0.008477 -0.017428
v 0.019070 0.008475 -0.017500
v 0.019070 0.008477 -0.017572
v 0.019070 0.008482 -0.017644
v 0.019070 0.008490 -0.017715
v 0.019070 0.008501 -0.017787
v 0.019070 0.008515 -0.017857
v 0.019070 0.008532 -0.017927
v 0.019070 0.008552 -0.017996
v 0.019070 0.008575 -0.018064
v 0.019070 0.008601 -0.018131
v 0.019070 0.008630 -0.018197
v 0.019070 0.008662 -0.018262
v 0.019070 0.008696 -0.018325
v 0.019070 0.008734 -0.018387
v 0.019070 0.008774 -0.018446
v 0.019070 0.008816 -0.018504
v 0.019070 0.008861 -0.018561
v 0.019070 0.008909 -0.018615
v 0.019070 0.008959 -0.018667
v 0.019070 0.009011 -0.018717
v 0.019070 0.009065 -0.018764
v 0.019070 0.009121 -0.018809
v 0.019070 0.009179 -0.018852
v 0.019070 0.009239 -0.018892
v 0.019070 0.009300 -0.018929
v 0.019070 0.009364 -0.018964
v 0.019070 0.009428 -0.018995
v 0.019070 0.009494 -0.019024
v 0.019070 0.009561 -0.019051
v 0.019070 0.009629 -0.019074
v 0.019070 0.009698 -0.019094
v 0.019070 0.009768 -0.019111
v 0.019070 0.009839 -0.019125
v 0.019070 0.009910 -0.019136
v 0.019070 0.009982 -0.019144
v 0.019070 0.010053 -0.019148
v 0.019070 0.010125 -0.019150
v 0.019070 0.010197 -0.019148
v 0.019070 0.010269 -0.019144
v 0.019070 0.010341 -0.019136
v 0.019070 0.010412 -0.019125
v 0.019070 0.010483 -0.019111
v 0.019070 0.010552 -0.019094
v 0.019070 0.010622 -0.019074
v 0.019070 0.010690 -0.019051
v 0.019070 0.010757 -0.019024
v 0.019070 0.010823 -0.018995
v 0.019070 0.010887 -0.018964
v 0.019070 0.010950 -0.018929
v 0.019070 0.011012 -0.018892
v 0.019070 0.011072 -0.018852
v 0.019070 0.011130 -0.018809
v 0.019070 0.011186 -0.018764
v 0.019070 0.011240 -0.018717
v 0.019070 0.011292 -0.018667
v 0.019070 0.011342 -0.018615
v 0.019070 0.011389 -0.018561
v 0.019070 0.011434 -0.018504
v 0.019070 0.011477 -0.018446
v 0.019070 0.011517 -0.018387
v 0.019070 0.011554 -0.018325
v 0.019070 0.011589 -0.018262
v 0.019070 0.011621 -0.018197
v 0.019070 0.011650 -0.018131
v 0.019070 0.011676 -0.018064
v 0.019070 0.011699 -0.017996
v 0.019070 0.011719 -0.017927
v 0.019070 0.011736 -0.017857
v 0.019070 0.011750 -0.017787
v 0.019070 0.011761 -0.017715
v 0.019070 0.011769 -0.017644
v 0.019070 0.011774 -0.017572
v 0.019070 0.011775 -0.017500
v 0.019070 0.011774 -0.017428
v 0.019070 0.011769 -0.017356
v 0.019070 0.011761 -0.017285
v 0.019070 0.011750 -0.017213
v 0.019070 0.011736 -0.017143
v 0.019070 0.011719 -0.017073
v 0.019070 0.011699 -0.017004
v 0.019070 0.011676 -0.016936
v 0.019070 0.011650 -0.016869
v 0.019070 0.011621 -0.016803
v 0.019070 0.011589 -0.016738
v 0.019070 0.011554 -0.016675
v 0.019070 0.011517 -0.016613
v 0.019070 0.011477 -0.016554
v 0.019070 0.011434 -0.016496
v 0.019070 0.011389 -0.016439
v 0.019070 0.011342 -0.016385
v 0.019070 0.011292 -0.016333
v 0.019070 0.011240 -0.016284
v 0.019070 0.011186 -0.016236
v 0.019070 0.011130 -0.016191
v 0.019070 0.011072 -0.016148
v 0.019070 0.011012 -0.016108
v 0.019070 0.010950 -0.016071
v 0.019070 0.010887 -0.016036
v 0.019070 0.010823 -0.016005
v 0.019070 0.010757 -0.015976
v 0.019070 0.010690 -0.015950
v 0.019070 0.010622 -0.015926
v 0.019070 0.010552 -0.015906
v 0.019070 0.010483 -0.015889
v 0.019070 0.010412 -0.015875
v 0.019070 0.010341 -0.015864
v 0.019070 0.010269 -0.015856
v 0.019070 0.010197 -0.015852
v 0.019070 0.022125 -0.015850
v 0.019070 0.022053 -0.015852
v 0.019070 0.021982 -0.015856
v 0.019070 0.021910 -0.015864
v 0.019070 0.021839 -0.015875
v 0.019070 0.021768 -0.015889
v 0.019070 0.021698 -0.015906
v 0.019070 0.021629 -0.015926
v 0.019070 0.021561 -0.015950
v 0.019070 0.021494 -0.015976
v 0.019070 0.021428 -0.016005
v 0.019070 0.021364 -0.016036
v 0.019070 0.021300 -0.016071
v 0.019070 0.021239 -0.016108
v 0.019070 0.021179 -0.016148
v 0.019070 0.021121 -0.016191
v 0.019070 0.021065 -0.016236
v 0.019070 0.021011 -0.016284
v 0.019070 0.020959 -0.016333
v 0.019070 0.020909 -0.016385
v 0.019070 0.020861 -0.016439
v 0.019070 0.020816 -0.016496
v 0.019070 0.020774 -0.016554
v 0.019070 0.020734 -0.016613
v 0.019070 0.020696 -0.016675
v 0.019070 0.020662 -0.016738
v 0.019070 0.020630 -0.016803
v 0.019070 0.020601 -0.016869
v 0.019070 0.020575 -0.016936
v 0.019070 0.020552 -0.017004
v 0.019070 0.020532 -0.017073
v 0.019070 0.020515 -0.017143
v 0.019070 0.020500 -0.017213
v 0.019070 0.020490 -0.017285
v 0.019070 0.020482 -0.017356
v 0.019070 0.020477 -0.017428
v 0.019070 0.020475 -0.017500
v 0.019070 0.020477 -0.017572
v 0.019070 0.020482 -0.017644
v 0.019070 0.020490 -0.017715
v 0.019070 0.020500 -0.017787
v 0.019070 0.020515 -0.017857
v 0.019070 0.020532 -0.017927
v 0.019070 0.020552 -0.017996
v 0.019070 0.020575 -0.018064
v 0.019070 0.020601 -0.018131
v 0.019070 0.020630 -0.018197
v 0.019070 0.020662 -0.018262
v 0.019070 0.020696 -0.018325
v 0.019070 0.020734 -0.018387
v 0.019070 0.020774 -0.018446
v 0.019070 0.020816 -0.018504
v 0.019070 0.020861 -0.018561
v 0.019070 0.020909 -0.018615
v 0.019070 0.020959 -0.018667
v 0.019070 0.021011 -0.018717
v 0.019070 0.021065 -0.018764
v 0.019070 0.021121 -0.018809
v 0.019070 0.021179 -0.018852
v 0.019070 0.021239 -0.018892
v 0.019070 0.021300 -0.018929
v 0.019070 0.021364 -0.018964
v 0.019070 0.021428 -0.018995
v 0.019070 0.021494 -0.019024
v 0.019070 0.021561 -0.019051
v 0.019070 0.021629 -0.019074
v 0.019070 0.021698 -0.019094
v 0.019070 0.021768 -0.019111
v 0.019070 0.021839 -0.019125
v 0.019070 0.021910 -0.019136
v 0.019070 0.021982 -0.019144
v 0.019070 0.022053 -0.019148
v 0.019070 0.022125 -0.019150
v 0.019070 0.022197 -0.019148
v 0.019070 0.022269 -0.019144
v 0.019070 0.022341 -0.019136
v 0.019070 0.022412 -0.019125
v 0.019070 0.022483 -0.019111
v 0.019070 0.022552 -0.019094
v 0.019070 0.022622 -0.019074
v 0.019070 0.022690 -0.019051
v 0.019070 0.022757 -0.019024
v 0.019070 0.022823 -0.018995
v 0.019070 0.022887 -0.018964
v 0.019070 0.022950 -0.018929
v 0.019070 0.023012 -0.018892
v 0.019070 0.023072 -0.018852
v 0.019070 0.023130 -0.018809
v 0.019070 0.023186 -0.018764
v 0.019070 0.023240 -0.018717
v 0.019070 0.023292 -0.018667
v 0.019070 0.023342 -0.018615
v 0.019070 0.023389 -0.018561
v 0.019070 0.023434 -0.018504
v 0.019070 0.023477 -0.018446
v 0.019070 0.023517 -0.018387
v 0.019070 0.023554 -0.018325
v 0.019070 0.023589 -0.018262
v 0.019070 0.023621 -0.018197
v 0.019070 0.023650 -0.018131
v 0.019070 0.023676 -0.018064
v 0.019070 0.023699 -0.017996
v 0.019070 0.023719 -0.017927
v 0.019070 0.023736 -0.017857
v 0.019070 0.023750 -0.017787
v 0.019070 0.023761 -0.017715
v 0.019070 0.023769 -0.017644
v 0.019070 0.023774 -0.017572
v 0.019070 0.023775 -0.017500
v 0.019070 0.023774 -0.017428
v 0.019070 0.023769 -0.017356
v 0.019070 0.023761 -0.017285
v 0.019070 0.023750 -0.017213
v 0.019070 0.023736 -0.017143
v 0.019070 0.023719 -0.017073
v 0.019070 0.023699 -0.017004
v 0.019070 0.023676 -0.016936
v 0.019070 0.023650 -0.016869
v 0.019070 0.023621 -0.016803
v 0.019070 0.023589 -0.016738
v 0.019070 0.023554 -0.016675
v 0.019070 0.023517 -0.016613
v 0.019070 0.023477 -0.016554
v 0.019070 0.023434 -0.016496
v 0.019070 0.023389 -0.016439
v 0.019070 0.023342 -0.016385
v 0.019070 0.023292 -0.016333
v 0.019070 0.023240 -0.016284
v 0.019070 0.023186 -0.016236
v 0.019070 0.023130 -0.016191
v 0.019070 0.023072 -0.016148
v 0.019070 0.023012 -0.016108
v 0.019070 0.022950 -0.016071
v 0.019070 0.022887 -0.016036
v 0.019070 0.022823 -0.016005
v 0.019070 0.022757 -0.015976
v 0.019070 0.022690 -0.015950
v 0.019070 0.022622 -0.015926
v 0.019070 0.022552 -0.015906
v 0.019070 0.022483 -0.015889
v 0.019070 0.022412 -0.015875
v 0.019070 0.022341 -0.015864
v 0.019070 0.022269 -0.015856
v 0.019070 0.022197 -0.015852
v 0.047400 0.011196 0.004759
v 0.047400 0.017586 -0.004838
v 0.047400 0.017704 -0.004759
v 0.047400 0.016872 -0.005522
v 0.047400 0.009026 0.004278
v 0.047400 0.008886 0.004299
v 0.047400 0.009308 0.004253
v 0.047400 0.009167 0.004262
v 0.047400 0.009733 0.004262
v 0.047400 0.009592 0.004253
v 0.047400 0.011539 0.005010
v 0.047400 0.019026 -0.004278
v 0.047400 0.019167 -0.004262
v 0.047400 0.011314 0.004838
v 0.047400 0.008609 0.004361
v 0.047400 0.008473 0.004400
v 0.047400 0.009450 0.004250
v 0.047400 0.018886 -0.004299
v 0.047400 0.017471 -0.004922
v 0.047400 0.008076 0.004555
v 0.047400 0.009167 -0.004262
v 0.047400 0.009308 -0.004253
v 0.047400 0.012191 0.005754
v 0.047400 0.020823 -0.004555
v 0.047400 0.018747 0.004327
v 0.047400 0.019874 0.004278
v 0.047400 0.019733 0.004262
v 0.047400 0.008747 0.004327
v 0.047400 0.010014 0.004299
v 0.047400 0.009874 0.004278
v 0.047400 0.010291 0.004361
v 0.047400 0.010153 0.004327
v 0.047400 0.018747 -0.004327
v 0.047400 0.018473 -0.004400
v 0.047400 0.018609 -0.004361
v 0.047400 0.017825 -0.004685
v 0.047400 0.009026 -0.004278
v 0.047400 0.012112 0.005636
v 0.047400 0.018886 0.004299
v 0.047400 0.019592 0.004253
v 0.047400 0.018206 -0.004497
v 0.047400 0.018338 -0.004446
v 0.047400 0.017949 -0.004617
v 0.047400 0.018076 -0.004555
v 0.047400 0.010951 0.004617
v 0.047400 0.010824 0.004555
v 0.047400 0.011429 0.004922
v 0.047400 0.016709 -0.005754
v 0.047400 0.010153 -0.004327
v 0.047400 0.008886 -0.004299
v 0.047400 0.012265 0.005875
v 0.047400 0.019308 0.004253
v 0.047400 0.019167 0.004262
v 0.047400 0.019450 0.004250
v 0.047400 0.011075 0.004685
v 0.047400 0.010694 0.004497
v 0.047400 0.017254 -0.005104
v 0.047400 0.017361 -0.005010
v 0.047400 0.016960 -0.005411
v 0.047400 0.016788 -0.005636
v 0.047400 0.010014 -0.004299
v 0.047400 0.009450 -0.004250
v 0.047400 0.009592 -0.004253
v 0.047400 0.008747 -0.004327
v 0.047400 0.008473 -0.004400
v 0.047400 0.008609 -0.004361
v 0.047400 0.011846 0.005304
v 0.047400 0.019874 -0.004278
v 0.047400 0.020014 -0.004299
v 0.047400 0.011646 0.005104
v 0.047400 0.019308 -0.004253
v 0.047400 0.019026 0.004278
v 0.047400 0.010291 -0.010639
v 0.047400 0.010153 -0.010673
v 0.047400 0.010427 0.004400
v 0.047400 0.010562 0.004446
v 0.047400 0.017152 -0.005202
v 0.047400 0.017054 -0.005304
v 0.047400 0.016635 -0.005875
v 0.047400 0.009733 -0.004262
v 0.047400 0.009874 -0.004278
v 0.047400 0.008338 -0.004446
v 0.047400 0.019733 -0.004262
v 0.047400 0.019450 -0.004250
v 0.047400 0.019592 -0.004253
v 0.047400 0.011748 0.005202
v 0.047400 0.020153 0.004327
v 0.047400 0.020014 0.004299
v 0.047400 0.020427 0.004400
v 0.047400 0.020291 0.004361
v 0.047400 0.008609 -0.010639
v 0.047400 0.008473 -0.010600
v 0.047400 0.010014 -0.010701
v 0.047400 0.011539 -0.009990
v 0.047400 0.019167 -0.010738
v 0.047400 0.019026 -0.010722
v 0.047400 0.008338 0.004446
v 0.047400 0.008206 0.004497
v 0.047400 0.020562 0.004446
v 0.047400 0.008747 -0.010673
v 0.047400 0.009026 -0.010722
v 0.047400 0.008886 -0.010701
v 0.047400 0.009450 -0.010750
v 0.047400 0.009308 -0.010747
v 0.047400 0.009874 -0.010722
v 0.047400 0.011646 -0.009896
v 0.047400 0.019450 -0.010750
v 0.047400 0.019308 -0.010747
v 0.047400 0.019733 -0.010738
v 0.047400 0.019592 -0.010747
v 0.047400 0.008076 -0.004554
v 0.047400 0.008206 -0.004497
v 0.047400 0.020427 -0.004400
v 0.047400 0.020562 -0.004446
v 0.047400 0.020153 -0.004327
v 0.047400 0.020291 -0.004361
v 0.047400 0.020824 0.004554
v 0.047400 0.020694 0.004497
v 0.047400 0.019592 0.010747
v 0.047400 0.019733 0.010738
v 0.047400 0.019026 0.010722
v 0.047400 0.019167 0.010738
v 0.047400 0.009167 -0.010738
v 0.047400 0.009733 -0.010738
v 0.047400 0.009592 -0.010747
v 0.047400 0.019874 -0.010722
v 0.047400 0.020153 -0.010673
v 0.047400 0.020014 -0.010701
v 0.047400 0.020694 -0.004497
v 0.047400 0.012028 0.005522
v 0.047400 0.011940 0.005411
v 0.047400 0.021075 0.004685
v 0.047400 0.020951 0.004617
v 0.047400 0.007254 -0.005104
v 0.047400 0.007361 -0.005010
v 0.047400 0.006872 -0.005522
v 0.047400 0.006960 -0.005411
v 0.047400 0.019450 0.010750
v 0.047400 0.019874 0.010722
v 0.047400 0.019308 0.010747
v 0.047400 0.018886 0.010701
v 0.047400 0.010694 -0.010503
v 0.047400 0.010562 -0.010554
v 0.047400 0.011075 -0.010315
v 0.047400 0.010951 -0.010383
v 0.047400 0.020291 -0.010639
v 0.047400 0.020562 -0.010554
v 0.047400 0.020427 -0.010600
v 0.047400 0.021196 0.004759
v 0.047400 0.012396 0.006126
v 0.047400 0.018609 0.004361
v 0.047400 0.018473 0.004400
v 0.047400 0.007825 -0.004685
v 0.047400 0.007949 -0.004617
v 0.047400 0.007472 -0.004922
v 0.047400 0.006788 -0.005636
v 0.047400 0.018747 0.010673
v 0.047400 0.009167 0.010738
v 0.047400 0.009308 0.010747
v 0.047400 0.010427 -0.010600
v 0.047400 0.010823 -0.010446
v 0.047400 0.011314 -0.010162
v 0.047400 0.011196 -0.010241
v 0.047400 0.011748 -0.009798
v 0.047400 0.020823 -0.010446
v 0.047400 0.020694 -0.010503
v 0.047400 0.021196 -0.004759
v 0.047400 0.021314 -0.004838
v 0.047400 0.012453 0.006256
v 0.047400 0.010291 -0.004361
v 0.047400 0.007704 -0.004759
v 0.047400 0.007152 -0.005202
v 0.047400 0.007054 -0.005304
v 0.047400 0.018473 0.010600
v 0.047400 0.018609 0.010639
v 0.047400 0.009026 0.010722
v 0.047400 0.008338 -0.010554
v 0.047400 0.008206 -0.010503
v 0.047400 0.011428 -0.010078
v 0.047400 0.011846 -0.009696
v 0.047400 0.018886 -0.010701
v 0.047400 0.022028 -0.005522
v 0.047400 0.022112 -0.005636
v 0.047400 0.021748 -0.005202
v 0.047400 0.021846 -0.005304
v 0.047400 0.021428 -0.004922
v 0.047400 0.021539 -0.005010
v 0.047400 0.021075 -0.004685
v 0.047400 0.020951 -0.004617
v 0.047400 0.012333 0.005999
v 0.047400 0.016504 -0.006126
v 0.047400 0.010427 -0.004400
v 0.047400 0.016567 -0.005999
v 0.047400 0.007586 -0.004838
v 0.047400 0.020014 0.010701
v 0.047400 0.017472 0.010078
v 0.047400 0.017586 0.010162
v 0.047400 0.017254 0.009896
v 0.047400 0.017361 0.009990
v 0.047400 0.008886 0.010701
v 0.047400 0.012028 -0.009478
v 0.047400 0.011940 -0.009589
v 0.047400 0.018747 -0.010673
v 0.047400 0.012395 -0.008874
v 0.047400 0.018609 -0.010639
v 0.047400 0.018473 -0.010600
v 0.047400 0.022191 -0.005754
v 0.047400 0.021940 -0.005411
v 0.047400 0.021646 -0.005104
v 0.047400 0.016447 -0.006256
v 0.047400 0.021075 0.010315
v 0.047400 0.021196 0.010241
v 0.047400 0.020427 0.010600
v 0.047400 0.020562 0.010554
v 0.047400 0.020153 0.010673
v 0.047400 0.020291 0.010639
v 0.047400 0.017825 0.010315
v 0.047400 0.017949 0.010383
v 0.047400 0.017704 0.010241
v 0.047400 0.017152 0.009798
v 0.047400 0.009450 0.010750
v 0.047400 0.008473 0.010600
v 0.047400 0.008609 0.010639
v 0.047400 0.007254 0.009896
v 0.047400 0.007361 0.009990
v 0.047400 0.007586 -0.010162
v 0.047400 0.007472 -0.010078
v 0.047400 0.007825 -0.010315
v 0.047400 0.007704 -0.010241
v 0.047400 0.008076 -0.010446
v 0.047400 0.007949 -0.010383
v 0.047400 0.012191 -0.009246
v 0.047400 0.012112 -0.009364
v 0.047400 0.012265 -0.009125
v 0.047400 0.012453 -0.008744
v 0.047400 0.006709 -0.005754
v 0.047400 0.007825 0.004685
v 0.047400 0.007704 0.004759
v 0.047400 0.007949 0.004617
v 0.047400 0.016396 -0.006388
v 0.047400 0.010823 -0.004554
v 0.047400 0.010951 -0.004617
v 0.047400 0.022028 0.009478
v 0.047400 0.022112 0.009364
v 0.047400 0.021748 0.009798
v 0.047400 0.021846 0.009696
v 0.047400 0.021429 0.010078
v 0.047400 0.021539 0.009990
v 0.047400 0.021314 0.010162
v 0.047400 0.020824 0.010445
v 0.047400 0.020951 0.010383
v 0.047400 0.020694 0.010503
v 0.047400 0.018077 0.010445
v 0.047400 0.018206 0.010503
v 0.047400 0.016872 0.009478
v 0.047400 0.016960 0.009589
v 0.047400 0.010014 0.010701
v 0.047400 0.010153 0.010673
v 0.047400 0.009733 0.010738
v 0.047400 0.009874 0.010722
v 0.047400 0.008747 0.010673
v 0.047400 0.008338 0.010554
v 0.047400 0.007472 0.010078
v 0.047400 0.006788 0.009364
v 0.047400 0.006872 0.009478
v 0.047400 0.006311 -0.008341
v 0.047400 0.006277 -0.008203
v 0.047400 0.006447 -0.008744
v 0.047400 0.006396 -0.008612
v 0.047400 0.007054 -0.009696
v 0.047400 0.006960 -0.009589
v 0.047400 0.007361 -0.009990
v 0.047400 0.012333 -0.009001
v 0.047400 0.022265 -0.005875
v 0.047400 0.022333 -0.005999
v 0.047400 0.012504 0.006388
v 0.047400 0.018338 0.004446
v 0.047400 0.016350 -0.006523
v 0.047400 0.010562 -0.004446
v 0.047400 0.010694 -0.004497
v 0.047400 0.022191 0.009246
v 0.047400 0.021940 0.009589
v 0.047400 0.021646 0.009896
v 0.047400 0.018338 0.010554
v 0.047400 0.017054 0.009696
v 0.047400 0.016505 0.008874
v 0.047400 0.010291 0.010639
v 0.047400 0.010427 0.010600
v 0.047400 0.016635 0.009125
v 0.047400 0.007152 0.009798
v 0.047400 0.006960 0.009589
v 0.047400 0.006350 -0.008477
v 0.047400 0.006504 -0.008874
v 0.047400 0.006709 -0.009246
v 0.047400 0.006635 -0.009125
v 0.047400 0.006872 -0.009478
v 0.047400 0.006788 -0.009364
v 0.047400 0.007152 -0.009798
v 0.047400 0.007254 -0.009896
v 0.047400 0.021196 -0.010241
v 0.047400 0.021075 -0.010315
v 0.047400 0.012550 0.006523
v 0.047400 0.018206 0.004497
v 0.047400 0.011075 -0.004685
v 0.047400 0.016249 -0.006936
v 0.047400 0.016277 -0.006797
v 0.047400 0.016212 -0.007217
v 0.047400 0.016228 -0.007076
v 0.047400 0.016447 0.008744
v 0.047400 0.009592 0.010747
v 0.047400 0.007825 0.010315
v 0.047400 0.007949 0.010383
v 0.047400 0.007586 0.010162
v 0.047400 0.007054 0.009696
v 0.047400 0.006212 -0.007783
v 0.047400 0.006203 -0.007642
v 0.047400 0.006249 -0.008064
v 0.047400 0.006228 -0.007924
v 0.047400 0.020951 -0.010383
v 0.047400 0.012504 -0.008612
v 0.047400 0.018338 -0.010554
v 0.047400 0.012623 -0.008203
v 0.047400 0.017825 -0.010315
v 0.047400 0.017704 -0.010241
v 0.047400 0.018206 -0.010503
v 0.047400 0.018076 -0.010446
v 0.047400 0.012697 -0.007642
v 0.047400 0.012688 -0.007783
v 0.047400 0.012697 -0.007358
v 0.047400 0.012700 -0.007500
v 0.047400 0.006396 -0.006388
v 0.047400 0.007472 0.004922
v 0.047400 0.007361 0.005010
v 0.047400 0.007586 0.004838
v 0.047400 0.006567 -0.005999
v 0.047400 0.006635 -0.005875
v 0.047400 0.012623 0.006797
v 0.047400 0.012589 0.006659
v 0.047400 0.016311 -0.006659
v 0.047400 0.016203 -0.007358
v 0.047400 0.017361 0.005010
v 0.047400 0.011539 0.009990
v 0.047400 0.011646 0.009896
v 0.047400 0.016709 0.009246
v 0.047400 0.016788 0.009364
v 0.047400 0.016567 0.009001
v 0.047400 0.007704 0.010241
v 0.047400 0.016396 0.008612
v 0.047400 0.010824 0.010445
v 0.047400 0.010951 0.010383
v 0.047400 0.006567 -0.009001
v 0.047400 0.012550 -0.008477
v 0.047400 0.012672 -0.007924
v 0.047400 0.012651 -0.008064
v 0.047400 0.017949 -0.010383
v 0.047400 0.012672 -0.007076
v 0.047400 0.012688 -0.007217
v 0.047400 0.021646 -0.009896
v 0.047400 0.021539 -0.009990
v 0.047400 0.022028 -0.009478
v 0.047400 0.021940 -0.009589
v 0.047400 0.017361 -0.009990
v 0.047400 0.011539 -0.005010
v 0.047400 0.011646 -0.005104
v 0.047400 0.006350 0.006523
v 0.047400 0.006311 0.006659
v 0.047400 0.006447 0.006256
v 0.047400 0.006396 0.006388
v 0.047400 0.006505 0.006126
v 0.047400 0.007054 0.005304
v 0.047400 0.006960 0.005411
v 0.047400 0.016200 -0.007500
v 0.047400 0.017825 0.004685
v 0.047400 0.017704 0.004759
v 0.047400 0.018077 0.004554
v 0.047400 0.012697 0.007358
v 0.047400 0.012688 0.007217
v 0.047400 0.012697 0.007642
v 0.047400 0.012700 0.007500
v 0.047400 0.012623 0.008203
v 0.047400 0.017586 0.004838
v 0.047400 0.017472 0.004922
v 0.047400 0.012112 0.009364
v 0.047400 0.012191 0.009246
v 0.047400 0.011940 0.009589
v 0.047400 0.012028 0.009478
v 0.047400 0.011748 0.009798
v 0.047400 0.011846 0.009696
v 0.047400 0.008076 0.010445
v 0.047400 0.008206 0.010503
v 0.047400 0.016350 0.008477
v 0.047400 0.010562 0.010554
v 0.047400 0.010694 0.010503
v 0.047400 0.012589 -0.008341
v 0.047400 0.017586 -0.010162
v 0.047400 0.021748 -0.009798
v 0.047400 0.021846 -0.009696
v 0.047400 0.022191 -0.009246
v 0.047400 0.022112 -0.009364
v 0.047400 0.012623 -0.006797
v 0.047400 0.017471 -0.010078
v 0.047400 0.012112 -0.005636
v 0.047400 0.012191 -0.005754
v 0.047400 0.011940 -0.005411
v 0.047400 0.012028 -0.005522
v 0.047400 0.011748 -0.005202
v 0.047400 0.011846 -0.005304
v 0.047400 0.011196 -0.004759
v 0.047400 0.016447 -0.008744
v 0.047400 0.011428 -0.004922
v 0.047400 0.006277 0.006797
v 0.047400 0.006709 0.005754
v 0.047400 0.006635 0.005875
v 0.047400 0.006872 0.005522
v 0.047400 0.006788 0.005636
v 0.047400 0.007152 0.005202
v 0.047400 0.007254 0.005104
v 0.047400 0.006447 -0.006256
v 0.047400 0.012672 0.007076
v 0.047400 0.012651 0.006936
v 0.047400 0.017949 0.004617
v 0.047400 0.012672 0.007924
v 0.047400 0.012688 0.007783
v 0.047400 0.012550 0.008477
v 0.047400 0.012589 0.008341
v 0.047400 0.012453 0.008744
v 0.047400 0.012504 0.008612
v 0.047400 0.012333 0.009001
v 0.047400 0.012396 0.008874
v 0.047400 0.012265 0.009125
v 0.047400 0.022688 0.007217
v 0.047400 0.022672 0.007076
v 0.047400 0.022651 0.008064
v 0.047400 0.022672 0.007924
v 0.047400 0.022265 0.009125
v 0.047400 0.022333 0.009001
v 0.047400 0.006709 0.009246
v 0.047400 0.011075 0.010315
v 0.047400 0.016277 0.008203
v 0.047400 0.016311 0.008341
v 0.047400 0.016212 0.007783
v 0.047400 0.016228 0.007924
v 0.047400 0.012651 -0.006936
v 0.047400 0.021428 -0.010078
v 0.047400 0.021314 -0.010162
v 0.047400 0.022265 -0.009125
v 0.047400 0.022395 -0.008874
v 0.047400 0.022333 -0.009001
v 0.047400 0.012550 -0.006523
v 0.047400 0.012589 -0.006659
v 0.047400 0.012453 -0.006256
v 0.047400 0.012504 -0.006388
v 0.047400 0.012333 -0.005999
v 0.047400 0.012395 -0.006126
v 0.047400 0.012265 -0.005875
v 0.047400 0.016203 -0.007642
v 0.047400 0.011314 -0.004838
v 0.047400 0.016249 -0.008064
v 0.047400 0.016228 -0.007924
v 0.047400 0.016311 -0.008341
v 0.047400 0.016277 -0.008203
v 0.047400 0.016567 -0.009001
v 0.047400 0.016504 -0.008874
v 0.047400 0.016872 -0.009478
v 0.047400 0.016788 -0.009364
v 0.047400 0.017152 -0.009798
v 0.047400 0.017054 -0.009696
v 0.047400 0.017254 -0.009896
v 0.047400 0.022688 -0.007783
v 0.047400 0.022672 -0.007924
v 0.047400 0.022651 -0.006936
v 0.047400 0.022672 -0.007076
v 0.047400 0.022550 -0.006523
v 0.047400 0.022589 -0.006659
v 0.047400 0.006212 0.007217
v 0.047400 0.006203 0.007358
v 0.047400 0.006249 0.006936
v 0.047400 0.006228 0.007076
v 0.047400 0.006504 -0.006126
v 0.047400 0.022395 -0.006126
v 0.047400 0.021646 0.005104
v 0.047400 0.021539 0.005010
v 0.047400 0.022550 0.006523
v 0.047400 0.022504 0.006388
v 0.047400 0.022623 0.006797
v 0.047400 0.022589 0.006659
v 0.047400 0.022697 0.007358
v 0.047400 0.022688 0.007783
v 0.047400 0.016249 0.008064
v 0.047400 0.016203 0.007642
v 0.047400 0.016212 -0.007783
v 0.047400 0.016350 -0.008477
v 0.047400 0.016396 -0.008612
v 0.047400 0.016635 -0.009125
v 0.047400 0.016709 -0.009246
v 0.047400 0.016960 -0.009589
v 0.047400 0.022697 -0.007642
v 0.047400 0.022688 -0.007217
v 0.047400 0.022623 -0.006797
v 0.047400 0.022453 -0.006256
v 0.047400 0.006567 0.005999
v 0.047400 0.012651 0.008064
v 0.047400 0.021429 0.004922
v 0.047400 0.021314 0.004838
v 0.047400 0.021748 0.005202
v 0.047400 0.022028 0.005522
v 0.047400 0.021940 0.005411
v 0.047400 0.022191 0.005754
v 0.047400 0.022112 0.005636
v 0.047400 0.022265 0.005875
v 0.047400 0.022453 0.006256
v 0.047400 0.022651 0.006936
v 0.047400 0.022700 0.007500
v 0.047400 0.022697 0.007642
v 0.047400 0.022550 0.008477
v 0.047400 0.022589 0.008341
v 0.047400 0.022453 0.008744
v 0.047400 0.022504 0.008612
v 0.047400 0.006567 0.009001
v 0.047400 0.006635 0.009125
v 0.047400 0.016200 0.007500
v 0.047400 0.022550 -0.008477
v 0.047400 0.022504 -0.008612
v 0.047400 0.022623 -0.008203
v 0.047400 0.022589 -0.008341
v 0.047400 0.022700 -0.007500
v 0.047400 0.022697 -0.007358
v 0.047400 0.022504 -0.006388
v 0.047400 0.021846 0.005304
v 0.047400 0.022396 0.006126
v 0.047400 0.022333 0.005999
v 0.047400 0.022623 0.008203
v 0.047400 0.022396 0.008874
v 0.047400 0.006396 0.008612
v 0.047400 0.006447 0.008744
v 0.047400 0.011196 0.010241
v 0.047400 0.016447 0.006256
v 0.047400 0.011429 0.010078
v 0.047400 0.022453 -0.008744
v 0.047400 0.022651 -0.008064
v 0.047400 0.006505 0.008874
v 0.047400 0.016203 0.007358
v 0.047400 0.011314 0.010162
v 0.047400 0.016249 0.006936
v 0.047400 0.016228 0.007076
v 0.047400 0.016350 0.006523
v 0.047400 0.016311 0.006659
v 0.047400 0.016567 0.005999
v 0.047400 0.016505 0.006126
v 0.047400 0.016872 0.005522
v 0.047400 0.016788 0.005636
v 0.047400 0.017152 0.005202
v 0.047400 0.017054 0.005304
v 0.047400 0.017254 0.005104
v 0.047400 0.016212 0.007217
v 0.047400 0.016277 0.006797
v 0.047400 0.016396 0.006388
v 0.047400 0.016635 0.005875
v 0.047400 0.016709 0.005754
v 0.047400 0.016960 0.005411
v 0.047400 0.006277 -0.006797
v 0.047400 0.006311 -0.006659
v 0.047400 0.006350 -0.006523
v 0.047400 0.006249 -0.006936
v 0.047400 0.006212 -0.007217
v 0.047400 0.006228 -0.007076
v 0.047400 0.006200 -0.007500
v 0.047400 0.006203 -0.007358
v 0.047400 0.006311 0.008341
v 0.047400 0.006350 0.008477
v 0.047400 0.006200 0.007500
v 0.047400 0.006277 0.008203
v 0.047400 0.006212 0.007783
v 0.047400 0.006228 0.007924
v 0.047400 0.006203 0.007642
v 0.047400 0.006249 0.008064
v 0.031570 0.022697 -0.007358
v 0.031570 0.022700 -0.007500
v 0.031570 0.022688 -0.007217
v 0.031570 0.022672 -0.007076
v 0.031570 0.022651 -0.006936
v 0.031570 0.022623 -0.006797
v 0.031570 0.022589 -0.006659
v 0.031570 0.022550 -0.006523
v 0.031570 0.022504 -0.006388
v 0.031570 0.022453 -0.006256
v 0.031570 0.022395 -0.006126
v 0.031570 0.022333 -0.005999
v 0.031570 0.022265 -0.005875
v 0.031570 0.022191 -0.005754
v 0.031570 0.022112 -0.005636
v 0.031570 0.022028 -0.005522
v 0.031570 0.021940 -0.005411
v 0.031570 0.021846 -0.005304
v 0.031570 0.021748 -0.005202
v 0.031570 0.021646 -0.005104
v 0.031570 0.021539 -0.005010
v 0.031570 0.021428 -0.004922
v 0.031570 0.021314 -0.004838
v 0.031570 0.021196 -0.004759
v 0.031570 0.021075 -0.004685
v 0.031570 0.020951 -0.004617
v 0.031570 0.020823 -0.004555
v 0.031570 0.020694 -0.004497
v 0.031570 0.020562 -0.004446
v 0.031570 0.020427 -0.004400
v 0.031570 0.020291 -0.004361
v 0.031570 0.020153 -0.004327
v 0.031570 0.020014 -0.004299
v 0.031570 0.019874 -0.004278
v 0.031570 0.019733 -0.004262
v 0.031570 0.019592 -0.004253
v 0.031570 0.019450 -0.004250
v 0.031570 0.019308 -0.004253
v 0.031570 0.019167 -0.004262
v 0.031570 0.019026 -0.004278
v 0.031570 0.018886 -0.004299
v 0.031570 0.018747 -0.004327
v 0.031570 0.018609 -0.004361
v 0.031570 0.018473 -0.004400
v 0.031570 0.018338 -0.004446
v 0.031570 0.018206 -0.004497
v 0.031570 0.018076 -0.004555
v 0.031570 0.017949 -0.004617
v 0.031570 0.017825 -0.004685
v 0.031570 0.017704 -0.004759
v 0.031570 0.017586 -0.004838
v 0.031570 0.017471 -0.004922
v 0.031570 0.017361 -0.005010
v 0.031570 0.017254 -0.005104
v 0.031570 0.017152 -0.005202
v 0.031570 0.017054 -0.005304
v 0.031570 0.016960 -0.005411
v 0.031570 0.016872 -0.005522
v 0.031570 0.016788 -0.005636
v 0.031570 0.016709 -0.005754
v 0.031570 0.016635 -0.005875
v 0.031570 0.016567 -0.005999
v 0.031570 0.016504 -0.006126
v 0.031570 0.016447 -0.006256
v 0.031570 0.016396 -0.006388
v 0.031570 0.016350 -0.006523
v 0.031570 0.016311 -0.006659
v 0.031570 0.016277 -0.006797
v 0.031570 0.016249 -0.006936
v 0.031570 0.016228 -0.007076
v 0.031570 0.016212 -0.007217
v 0.031570 0.016203 -0.007358
v 0.031570 0.016200 -0.007500
v 0.031570 0.016203 -0.007642
v 0.031570 0.016212 -0.007783
v 0.031570 0.016228 -0.007924
v 0.031570 0.016249 -0.008064
v 0.031570 0.016277 -0.008203
v 0.031570 0.016311 -0.008341
v 0.031570 0.016350 -0.008477
v 0.031570 0.016396 -0.008612
v 0.031570 0.016447 -0.008744
v 0.031570 0.016504 -0.008874
v 0.031570 0.016567 -0.009001
v 0.031570 0.016635 -0.009125
v 0.031570 0.016709 -0.009246
v 0.031570 0.016788 -0.009364
v 0.031570 0.016872 -0.009478
v 0.031570 0.016960 -0.009589
v 0.031570 0.017054 -0.009696
v 0.031570 0.017152 -0.009798
v 0.031570 0.017254 -0.009896
v 0.031570 0.017361 -0.009990
v 0.031570 0.017471 -0.010078
v 0.031570 0.017586 -0.010162
v 0.031570 0.017704 -0.010241
v 0.031570 0.017825 -0.010315
v 0.031570 0.017949 -0.010383
v 0.031570 0.018076 -0.010446
v 0.031570 0.018206 -0.010503
v 0.031570 0.018338 -0.010554
v 0.031570 0.018473 -0.010600
v 0.031570 0.018609 -0.010639
v 0.031570 0.018747 -0.010673
v 0.031570 0.018886 -0.010701
v 0.031570 0.019026 -0.010722
v 0.031570 0.019167 -0.010738
v 0.031570 0.019308 -0.010747
v 0.031570 0.019450 -0.010750
v 0.031570 0.019592 -0.010747
v 0.031570 0.019733 -0.010738
v 0.031570 0.019874 -0.010722
v 0.031570 0.020014 -0.010701
v 0.031570 0.020153 -0.010673
v 0.031570 0.020291 -0.010639
v 0.031570 0.020427 -0.010600
v 0.031570 0.020562 -0.010554
v 0.031570 0.020694 -0.010503
v 0.031570 0.020823 -0.010446
v 0.031570 0.020951 -0.010383
v 0.031570 0.021075 -0.010315
v 0.031570 0.021196 -0.010241
v 0.031570 0.021314 -0.010162
v 0.031570 0.021428 -0.010078
v 0.031570 0.021539 -0.009990
v 0.031570 0.021646 -0.009896
v 0.031570 0.021748 -0.009798
v 0.031570 0.021846 -0.009696
v 0.031570 0.021940 -0.009589
v 0.031570 0.022028 -0.009478
v 0.031570 0.022112 -0.009364
v 0.031570 0.022191 -0.009246
v 0.031570 0.022265 -0.009125
v 0.031570 0.022333 -0.009001
v 0.031570 0.022395 -0.008874
v 0.031570 0.022453 -0.008744
v 0.031570 0.022504 -0.008612
v 0.031570 0.022550 -0.008477
v 0.031570 0.022589 -0.008341
v 0.031570 0.022623 -0.008203
v 0.031570 0.022651 -0.008064
v 0.031570 0.022672 -0.007924
v 0.031570 0.022688 -0.007783
v 0.031570 0.022697 -0.007642
v 0.031570 0.019818 -0.005840
v 0.031570 0.019890 -0.005858
v 0.031570 0.019745 -0.005826
v 0.031570 0.019672 -0.005815
v 0.031570 0.019524 -0.005802
v 0.031570 0.019450 -0.005800
v 0.031570 0.019961 -0.005879
v 0.031570 0.019598 -0.005806
v 0.031570 0.020031 -0.005903
v 0.031570 0.020101 -0.005929
v 0.031570 0.019155 -0.009174
v 0.031570 0.019082 -0.009160
v 0.031570 0.019228 -0.009185
v 0.031570 0.019302 -0.009194
v 0.031570 0.019376 -0.009198
v 0.031570 0.019598 -0.009194
v 0.031570 0.019524 -0.009198
v 0.031570 0.019672 -0.009185
v 0.031570 0.019745 -0.009174
v 0.031570 0.019818 -0.009160
v 0.031570 0.020703 -0.008649
v 0.031570 0.020752 -0.008593
v 0.031570 0.020168 -0.005959
v 0.031570 0.020235 -0.005992
v 0.031570 0.019376 -0.005802
v 0.031570 0.019302 -0.005806
v 0.031570 0.019228 -0.005815
v 0.031570 0.019155 -0.005826
v 0.031570 0.019010 -0.009142
v 0.031570 0.018939 -0.009121
v 0.031570 0.020652 -0.008702
v 0.031570 0.020598 -0.008753
v 0.031570 0.020843 -0.006525
v 0.031570 0.020884 -0.006587
v 0.031570 0.020799 -0.006465
v 0.031570 0.019082 -0.005840
v 0.031570 0.019010 -0.005858
v 0.031570 0.018016 -0.006587
v 0.031570 0.018057 -0.006525
v 0.031570 0.017978 -0.006650
v 0.031570 0.017942 -0.006715
v 0.031570 0.017909 -0.006782
v 0.031570 0.019450 -0.009200
v 0.031570 0.019890 -0.009142
v 0.031570 0.019961 -0.009121
v 0.031570 0.020031 -0.009097
v 0.031570 0.020300 -0.008972
v 0.031570 0.020235 -0.009008
v 0.031570 0.020363 -0.008934
v 0.031570 0.020543 -0.008802
v 0.031570 0.020752 -0.006407
v 0.031570 0.020703 -0.006352
v 0.031570 0.020652 -0.006298
v 0.031570 0.020485 -0.006151
v 0.031570 0.020543 -0.006198
v 0.031570 0.020425 -0.006107
v 0.031570 0.018939 -0.005879
v 0.031570 0.018665 -0.005992
v 0.031570 0.018600 -0.006028
v 0.031570 0.018415 -0.008849
v 0.031570 0.018357 -0.008802
v 0.031570 0.018475 -0.008893
v 0.031570 0.018600 -0.008972
v 0.031570 0.018537 -0.008934
v 0.031570 0.018665 -0.009008
v 0.031570 0.018869 -0.009097
v 0.031570 0.018799 -0.009071
v 0.031570 0.020425 -0.008893
v 0.031570 0.020485 -0.008849
v 0.031570 0.020799 -0.008535
v 0.031570 0.020598 -0.006247
v 0.031570 0.020363 -0.006066
v 0.031570 0.020300 -0.006028
v 0.031570 0.018869 -0.005903
v 0.031570 0.018799 -0.005929
v 0.031570 0.018731 -0.005959
v 0.031570 0.018248 -0.006298
v 0.031570 0.018301 -0.006247
v 0.031570 0.018197 -0.006352
v 0.031570 0.018148 -0.006407
v 0.031570 0.018101 -0.006465
v 0.031570 0.018731 -0.009041
v 0.031570 0.020168 -0.009041
v 0.031570 0.018357 -0.006198
v 0.031570 0.018057 -0.008475
v 0.031570 0.018016 -0.008413
v 0.031570 0.018101 -0.008535
v 0.031570 0.020101 -0.009071
v 0.031570 0.021143 -0.007648
v 0.031570 0.021135 -0.007722
v 0.031570 0.021148 -0.007574
v 0.031570 0.021150 -0.007500
v 0.031570 0.021148 -0.007426
v 0.031570 0.020991 -0.006782
v 0.031570 0.021021 -0.006849
v 0.031570 0.020958 -0.006715
v 0.031570 0.020922 -0.006650
v 0.031570 0.018537 -0.006066
v 0.031570 0.018475 -0.006107
v 0.031570 0.018415 -0.006151
v 0.031570 0.017879 -0.006849
v 0.031570 0.017852 -0.006919
v 0.031570 0.017978 -0.008350
v 0.031570 0.017942 -0.008285
v 0.031570 0.018148 -0.008593
v 0.031570 0.018197 -0.008649
v 0.031570 0.018248 -0.008702
v 0.031570 0.018301 -0.008753
v 0.031570 0.020843 -0.008475
v 0.031570 0.020884 -0.008413
v 0.031570 0.021071 -0.008011
v 0.031570 0.021047 -0.008081
v 0.031570 0.021092 -0.007940
v 0.031570 0.021143 -0.007352
v 0.031570 0.021135 -0.007278
v 0.031570 0.020922 -0.008350
v 0.031570 0.020958 -0.008285
v 0.031570 0.020991 -0.008218
v 0.031570 0.021021 -0.008151
v 0.031570 0.021124 -0.007795
v 0.031570 0.021110 -0.007868
v 0.031570 0.021110 -0.007132
v 0.031570 0.021124 -0.007205
v 0.031570 0.021092 -0.007060
v 0.031570 0.021071 -0.006989
v 0.031570 0.021047 -0.006919
v 0.031570 0.017756 -0.007352
v 0.031570 0.017764 -0.007278
v 0.031570 0.017752 -0.007426
v 0.031570 0.017756 -0.007648
v 0.031570 0.017752 -0.007574
v 0.031570 0.017764 -0.007722
v 0.031570 0.017790 -0.007868
v 0.031570 0.017776 -0.007795
v 0.031570 0.017808 -0.007940
v 0.031570 0.017829 -0.008011
v 0.031570 0.017852 -0.008081
v 0.031570 0.017829 -0.006989
v 0.031570 0.017808 -0.007060
v 0.031570 0.017776 -0.007205
v 0.031570 0.017790 -0.007132
v 0.031570 0.017750 -0.007500
v 0.031570 0.017879 -0.008151
v 0.031570 0.017909 -0.008218
v 0.024570 0.021148 -0.007426
v 0.024570 0.021150 -0.007500
v 0.024570 0.021143 -0.007352
v 0.024570 0.021135 -0.007278
v 0.024570 0.021124 -0.007205
v 0.024570 0.021110 -0.007132
v 0.024570 0.021092 -0.007060
v 0.024570 0.021071 -0.006989
v 0.024570 0.021047 -0.006919
v 0.024570 0.021021 -0.006849
v 0.024570 0.020991 -0.006782
v 0.024570 0.020958 -0.006715
v 0.024570 0.020922 -0.006650
v 0.024570 0.020884 -0.006587
v 0.024570 0.020843 -0.006525
v 0.024570 0.020799 -0.006465
v 0.024570 0.020752 -0.006407
v 0.024570 0.020703 -0.006352
v 0.024570 0.020652 -0.006298
v 0.024570 0.020598 -0.006247
v 0.024570 0.020543 -0.006198
v 0.024570 0.020485 -0.006151
v 0.024570 0.020425 -0.006107
v 0.024570 0.020363 -0.006066
v 0.024570 0.020300 -0.006028
v 0.024570 0.020235 -0.005992
v 0.024570 0.020168 -0.005959
v 0.024570 0.020101 -0.005929
v 0.024570 0.020031 -0.005903
v 0.024570 0.019961 -0.005879
v 0.024570 0.019890 -0.005858
v 0.024570 0.019818 -0.005840
v 0.024570 0.019745 -0.005826
v 0.024570 0.019672 -0.005815
v 0.024570 0.019598 -0.005806
v 0.024570 0.019524 -0.005802
v 0.024570 0.019450 -0.005800
v 0.024570 0.019376 -0.005802
v 0.024570 0.019302 -0.005806
v 0.024570 0.019228 -0.005815
v 0.024570 0.019155 -0.005826
v 0.024570 0.019082 -0.005840
v 0.024570 0.019010 -0.005858
v 0.024570 0.018939 -0.005879
v 0.024570 0.018869 -0.005903
v 0.024570 0.018799 -0.005929
v 0.024570 0.018731 -0.005959
v 0.024570 0.018665 -0.005992
v 0.024570 0.018600 -0.006028
v 0.024570 0.018537 -0.006066
v 0.024570 0.018475 -0.006107
v 0.024570 0.018415 -0.006151
v 0.024570 0.018357 -0.006198
v 0.024570 0.018301 -0.006247
v 0.024570 0.018248 -0.006298
v 0.024570 0.018197 -0.006352
v 0.024570 0.018148 -0.006407
v 0.024570 0.018101 -0.006465
v 0.024570 0.018057 -0.006525
v 0.024570 0.018016 -0.006587
v 0.024570 0.017978 -0.006650
v 0.024570 0.017942 -0.006715
v 0.024570 0.017909 -0.006782
v 0.024570 0.017879 -0.006849
v 0.024570 0.017852 -0.006919
v 0.024570 0.017829 -0.006989
v 0.024570 0.017808 -0.007060
v 0.024570 0.017790 -0.007132
v 0.024570 0.017776 -0.007205
v 0.024570 0.017764 -0.007278
v 0.024570 0.017756 -0.007352
v 0.024570 0.017752 -0.007426
v 0.024570 0.017750 -0.007500
v 0.024570 0.017752 -0.007574
v 0.024570 0.017756 -0.007648
v 0.024570 0.017764 -0.007722
v 0.024570 0.017776 -0.007795
v 0.024570 0.017790 -0.007868
v 0.024570 0.017808 -0.007940
v 0.024570 0.017829 -0.008011
v 0.024570 0.017852 -0.008081
v 0.024570 0.017879 -0.008151
v 0.024570 0.017909 -0.008218
v 0.024570 0.017942 -0.008285
v 0.024570 0.017978 -0.008350
v 0.024570 0.018016 -0.008413
v 0.024570 0.018057 -0.008475
v 0.024570 0.018101 -0.008535
v 0.024570 0.018148 -0.008593
v 0.024570 0.018197 -0.008649
v 0.024570 0.018248 -0.008702
v 0.024570 0.018301 -0.008753
v 0.024570 0.018357 -0.008802
v 0.024570 0.018415 -0.008849
v 0.024570 0.018475 -0.008893
v 0.024570 0.018537 -0.008934
v 0.024570 0.018600 -0.008972
v 0.024570 0.018665 -0.009008
v 0.024570 0.018731 -0.009041
v 0.024570 0.018799 -0.009071
v 0.024570 0.018869 -0.009097
v 0.024570 0.018939 -0.009121
v 0.024570 0.019010 -0.009142
v 0.024570 0.019082 -0.009160
v 0.024570 0.019155 -0.009174
v 0.024570 0.019228 -0.009185
v 0.024570 0.019302 -0.009194
v 0.024570 0.019376 -0.009198
v 0.024570 0.019450 -0.009200
v 0.024570 0.019524 -0.009198
v 0.024570 0.019598 -0.009194
v 0.024570 0.019672 -0.009185
v 0.024570 0.019745 -0.009174
v 0.024570 0.019818 -0.009160
v 0.024570 0.019890 -0.009142
v 0.024570 0.019961 -0.009121
v 0.024570 0.020031 -0.009097
v 0.024570 0.020101 -0.009071
v 0.024570 0.020168 -0.009041
v 0.024570 0.020235 -0.009008
v 0.024570 0.020300 -0.008972
v 0.024570 0.020363 -0.008934
v 0.024570 0.020425 -0.008893
v 0.024570 0.020485 -0.008849
v 0.024570 0.020543 -0.008802
v 0.024570 0.020598 -0.008753
v 0.024570 0.020652 -0.008702
v 0.024570 0.020703 -0.008649
v 0.024570 0.020752 -0.008593
v 0.024570 0.020799 -0.008535
v 0.024570 0.020843 -0.008475
v 0.024570 0.020884 -0.008413
v 0.024570 0.020922 -0.008350
v 0.024570 0.020958 -0.008285
v 0.024570 0.020991 -0.008218
v 0.024570 0.021021 -0.008151
v 0.024570 0.021047 -0.008081
v 0.024570 0.021071 -0.008011
v 0.024570 0.021092 -0.007940
v 0.024570 0.021110 -0.007868
v 0.024570 0.021124 -0.007795
v 0.024570 0.021135 -0.007722
v 0.024570 0.021143 -0.007648
v 0.024570 0.021148 -0.007574
v 0.031570 0.012697 -0.007358
v 0.031570 0.012700 -0.007500
v 0.031570 0.012688 -0.007217
v 0.031570 0.012672 -0.007076
v 0.031570 0.012651 -0.006936
v 0.031570 0.012623 -0.006797
v 0.031570 0.012589 -0.006659
v 0.031570 0.012550 -0.006523
v 0.031570 0.012504 -0.006388
v 0.031570 0.012453 -0.006256
v 0.031570 0.012395 -0.006126
v 0.031570 0.012333 -0.005999
v 0.031570 0.012265 -0.005875
v 0.031570 0.012191 -0.005754
v 0.031570 0.012112 -0.005636
v 0.031570 0.012028 -0.005522
v 0.031570 0.011940 -0.005411
v 0.031570 0.011846 -0.005304
v 0.031570 0.011748 -0.005202
v 0.031570 0.011646 -0.005104
v 0.031570 0.011539 -0.005010
v 0.031570 0.011428 -0.004922
v 0.031570 0.011314 -0.004838
v 0.031570 0.011196 -0.004759
v 0.031570 0.011075 -0.004685
v 0.031570 0.010951 -0.004617
v 0.031570 0.010823 -0.004554
v 0.031570 0.010694 -0.004497
v 0.031570 0.010562 -0.004446
v 0.031570 0.010427 -0.004400
v 0.031570 0.010291 -0.004361
v 0.031570 0.010153 -0.004327
v 0.031570 0.010014 -0.004299
v 0.031570 0.009874 -0.004278
v 0.031570 0.009733 -0.004262
v 0.031570 0.009592 -0.004253
v 0.031570 0.009450 -0.004250
v 0.031570 0.009308 -0.004253
v 0.031570 0.009167 -0.004262
v 0.031570 0.009026 -0.004278
v 0.031570 0.008886 -0.004299
v 0.031570 0.008747 -0.004327
v 0.031570 0.008609 -0.004361
v 0.031570 0.008473 -0.004400
v 0.031570 0.008338 -0.004446
v 0.031570 0.008206 -0.004497
v 0.031570 0.008076 -0.004554
v 0.031570 0.007949 -0.004617
v 0.031570 0.007825 -0.004685
v 0.031570 0.007704 -0.004759
v 0.031570 0.007586 -0.004838
v 0.031570 0.007472 -0.004922
v 0.031570 0.007361 -0.005010
v 0.031570 0.007254 -0.005104
v 0.031570 0.007152 -0.005202
v 0.031570 0.007054 -0.005304
v 0.031570 0.006960 -0.005411
v 0.031570 0.006872 -0.005522
v 0.031570 0.006788 -0.005636
v 0.031570 0.006709 -0.005754
v 0.031570 0.006635 -0.005875
v 0.031570 0.006567 -0.005999
v 0.031570 0.006504 -0.006126
v 0.031570 0.006447 -0.006256
v 0.031570 0.006396 -0.006388
v 0.031570 0.006350 -0.006523
v 0.031570 0.006311 -0.006659
v 0.031570 0.006277 -0.006797
v 0.031570 0.006249 -0.006936
v 0.031570 0.006228 -0.007076
v 0.031570 0.006212 -0.007217
v 0.031570 0.006203 -0.007358
v 0.031570 0.006200 -0.007500
v 0.031570 0.006203 -0.007642
v 0.031570 0.006212 -0.007783
v 0.031570 0.006228 -0.007924
v 0.031570 0.006249 -0.008064
v 0.031570 0.006277 -0.008203
v 0.031570 0.006311 -0.008341
v 0.031570 0.006350 -0.008477
v 0.031570 0.006396 -0.008612
v 0.031570 0.006447 -0.008744
v 0.031570 0.006504 -0.008874
v 0.031570 0.006567 -0.009001
v 0.031570 0.006635 -0.009125
v 0.031570 0.006709 -0.009246
v 0.031570 0.006788 -0.009364
v 0.031570 0.006872 -0.009478
v 0.031570 0.006960 -0.009589
v 0.031570 0.007054 -0.009696
v 0.031570 0.007152 -0.009798
v 0.031570 0.007254 -0.009896
v 0.031570 0.007361 -0.009990
v 0.031570 0.007472 -0.010078
v 0.031570 0.007586 -0.010162
v 0.031570 0.007704 -0.010241
v 0.031570 0.007825 -0.010315
v 0.031570 0.007949 -0.010383
v 0.031570 0.008076 -0.010446
v 0.031570 0.008206 -0.010503
v 0.031570 0.008338 -0.010554
v 0.031570 0.008473 -0.010600
v 0.031570 0.008609 -0.010639
v 0.031570 0.008747 -0.010673
v 0.031570 0.008886 -0.010701
v 0.031570 0.009026 -0.010722
v 0.031570 0.009167 -0.010738
v 0.031570 0.009308 -0.010747
v 0.031570 0.009450 -0.010750
v 0.031570 0.009592 -0.010747
v 0.031570 0.009733 -0.010738
v 0.031570 0.009874 -0.010722
v 0.031570 0.010014 -0.010701
v 0.031570 0.010153 -0.010673
v 0.031570 0.010291 -0.010639
v 0.031570 0.010427 -0.010600
v 0.031570 0.010562 -0.010554
v 0.031570 0.010694 -0.010503
v 0.031570 0.010823 -0.010446
v 0.031570 0.010951 -0.010383
v 0.031570 0.011075 -0.010315
v 0.031570 0.011196 -0.010241
v 0.031570 0.011314 -0.010162
v 0.031570 0.011428 -0.010078
v 0.031570 0.011539 -0.009990
v 0.031570 0.011646 -0.009896
v 0.031570 0.011748 -0.009798
v 0.031570 0.011846 -0.009696
v 0.031570 0.011940 -0.009589
v 0.031570 0.012028 -0.009478
v 0.031570 0.012112 -0.009364
v 0.031570 0.012191 -0.009246
v 0.031570 0.012265 -0.009125
v 0.031570 0.012333 -0.009001
v 0.031570 0.012395 -0.008874
v 0.031570 0.012453 -0.008744
v 0.031570 0.012504 -0.008612
v 0.031570 0.012550 -0.008477
v 0.031570 0.012589 -0.008341
v 0.031570 0.012623 -0.008203
v 0.031570 0.012651 -0.008064
v 0.031570 0.012672 -0.007924
v 0.031570 0.012688 -0.007783
v 0.031570 0.012697 -0.007642
v 0.031570 0.011124 -0.007795
v 0.031570 0.011110 -0.007868
v 0.031570 0.011135 -0.007722
v 0.031570 0.011143 -0.007648
v 0.031570 0.011148 -0.007574
v 0.031570 0.009745 -0.005826
v 0.031570 0.009818 -0.005840
v 0.031570 0.009672 -0.005815
v 0.031570 0.009228 -0.005815
v 0.031570 0.009302 -0.005806
v 0.031570 0.009155 -0.005826
v 0.031570 0.008101 -0.008535
v 0.031570 0.008057 -0.008475
v 0.031570 0.008148 -0.008593
v 0.031570 0.008869 -0.009097
v 0.031570 0.008799 -0.009071
v 0.031570 0.008939 -0.009121
v 0.031570 0.010922 -0.008350
v 0.031570 0.010884 -0.008413
v 0.031570 0.010958 -0.008285
v 0.031570 0.010752 -0.006407
v 0.031570 0.010799 -0.006465
v 0.031570 0.010703 -0.006351
v 0.031570 0.010543 -0.006198
v 0.031570 0.010598 -0.006247
v 0.031570 0.010485 -0.006151
v 0.031570 0.010425 -0.006107
v 0.031570 0.010363 -0.006066
v 0.031570 0.010168 -0.005959
v 0.031570 0.010235 -0.005992
v 0.031570 0.010101 -0.005929
v 0.031570 0.009961 -0.005879
v 0.031570 0.010031 -0.005903
v 0.031570 0.009890 -0.005858
v 0.031570 0.009598 -0.005806
v 0.031570 0.009524 -0.005802
v 0.031570 0.009376 -0.005802
v 0.031570 0.009450 -0.005800
v 0.031570 0.009082 -0.005840
v 0.031570 0.008869 -0.005903
v 0.031570 0.008939 -0.005879
v 0.031570 0.008799 -0.005929
v 0.031570 0.008732 -0.005959
v 0.031570 0.008665 -0.005992
v 0.031570 0.008600 -0.006028
v 0.031570 0.008537 -0.006066
v 0.031570 0.008197 -0.008649
v 0.031570 0.008301 -0.008753
v 0.031570 0.008248 -0.008702
v 0.031570 0.008357 -0.008802
v 0.031570 0.008665 -0.009008
v 0.031570 0.008600 -0.008972
v 0.031570 0.008732 -0.009041
v 0.031570 0.010843 -0.008475
v 0.031570 0.010991 -0.008218
v 0.031570 0.011021 -0.008151
v 0.031570 0.011092 -0.007940
v 0.031570 0.010922 -0.006650
v 0.031570 0.010958 -0.006715
v 0.031570 0.010884 -0.006587
v 0.031570 0.010652 -0.006298
v 0.031570 0.010300 -0.006028
v 0.031570 0.008475 -0.006107
v 0.031570 0.008415 -0.008849
v 0.031570 0.008475 -0.008893
v 0.031570 0.008537 -0.008934
v 0.031570 0.009010 -0.009142
v 0.031570 0.009155 -0.009174
v 0.031570 0.009082 -0.009160
v 0.031570 0.009228 -0.009185
v 0.031570 0.009302 -0.009194
v 0.031570 0.009376 -0.009198
v 0.031570 0.009672 -0.009185
v 0.031570 0.009598 -0.009194
v 0.031570 0.009745 -0.009174
v 0.031570 0.010799 -0.008535
v 0.031570 0.010752 -0.008593
v 0.031570 0.011047 -0.008081
v 0.031570 0.011071 -0.008011
v 0.031570 0.011143 -0.007352
v 0.031570 0.011148 -0.007426
v 0.031570 0.011135 -0.007278
v 0.031570 0.011124 -0.007205
v 0.031570 0.011110 -0.007132
v 0.031570 0.010991 -0.006782
v 0.031570 0.010843 -0.006525
v 0.031570 0.009010 -0.005858
v 0.031570 0.008415 -0.006151
v 0.031570 0.008357 -0.006198
v 0.031570 0.008248 -0.006298
v 0.031570 0.008301 -0.006247
v 0.031570 0.008197 -0.006351
v 0.031570 0.009524 -0.009198
v 0.031570 0.009818 -0.009160
v 0.031570 0.009890 -0.009142
v 0.031570 0.009961 -0.009121
v 0.031570 0.010031 -0.009097
v 0.031570 0.011092 -0.007060
v 0.031570 0.011071 -0.006989
v 0.031570 0.011021 -0.006849
v 0.031570 0.008148 -0.006407
v 0.031570 0.007765 -0.007722
v 0.031570 0.007756 -0.007648
v 0.031570 0.007776 -0.007795
v 0.031570 0.007942 -0.008285
v 0.031570 0.007909 -0.008218
v 0.031570 0.007978 -0.008350
v 0.031570 0.010101 -0.009071
v 0.031570 0.010168 -0.009041
v 0.031570 0.010235 -0.009008
v 0.031570 0.010300 -0.008972
v 0.031570 0.010363 -0.008934
v 0.031570 0.010425 -0.008893
v 0.031570 0.010485 -0.008849
v 0.031570 0.010543 -0.008802
v 0.031570 0.010598 -0.008753
v 0.031570 0.011150 -0.007500
v 0.031570 0.011047 -0.006919
v 0.031570 0.008101 -0.006465
v 0.031570 0.008057 -0.006525
v 0.031570 0.007879 -0.006849
v 0.031570 0.007909 -0.006782
v 0.031570 0.007853 -0.006919
v 0.031570 0.007829 -0.006989
v 0.031570 0.007808 -0.007060
v 0.031570 0.007752 -0.007574
v 0.031570 0.007750 -0.007500
v 0.031570 0.007790 -0.007868
v 0.031570 0.007879 -0.008151
v 0.031570 0.008016 -0.008413
v 0.031570 0.009450 -0.009200
v 0.031570 0.007790 -0.007132
v 0.031570 0.007776 -0.007205
v 0.031570 0.007808 -0.007940
v 0.031570 0.007829 -0.008011
v 0.031570 0.007853 -0.008081
v 0.031570 0.010652 -0.008702
v 0.031570 0.010703 -0.008649
v 0.031570 0.007942 -0.006715
v 0.031570 0.007978 -0.006650
v 0.031570 0.007765 -0.007278
v 0.031570 0.007756 -0.007352
v 0.031570 0.007752 -0.007426
v 0.031570 0.008016 -0.006587
v 0.024570 0.011148 -0.007426
v 0.024570 0.011150 -0.007500
v 0.024570 0.011143 -0.007352
v 0.024570 0.011135 -0.007278
v 0.024570 0.011124 -0.007205
v 0.024570 0.011110 -0.007132
v 0.024570 0.011092 -0.007060
v 0.024570 0.011071 -0.006989
v 0.024570 0.011047 -0.006919
v 0.024570 0.011021 -0.006849
v 0.024570 0.010991 -0.006782
v 0.024570 0.010958 -0.006715
v 0.024570 0.010922 -0.006650
v 0.024570 0.010884 -0.006587
v 0.024570 0.010843 -0.006525
v 0.024570 0.010799 -0.006465
v 0.024570 0.010752 -0.006407
v 0.024570 0.010703 -0.006351
v 0.024570 0.010652 -0.006298
v 0.024570 0.010598 -0.006247
v 0.024570 0.010543 -0.006198
v 0.024570 0.010485 -0.006151
v 0.024570 0.010425 -0.006107
v 0.024570 0.010363 -0.006066
v 0.024570 0.010300 -0.006028
v 0.024570 0.010235 -0.005992
v 0.024570 0.010168 -0.005959
v 0.024570 0.010101 -0.005929
v 0.024570 0.010031 -0.005903
v 0.024570 0.009961 -0.005879
v 0.024570 0.009890 -0.005858
v 0.024570 0.009818 -0.005840
v 0.024570 0.009745 -0.005826
v 0.024570 0.009672 -0.005815
v 0.024570 0.009598 -0.005806
v 0.024570 0.009524 -0.005802
v 0.024570 0.009450 -0.005800
v 0.024570 0.009376 -0.005802
v 0.024570 0.009302 -0.005806
v 0.024570 0.009228 -0.005815
v 0.024570 0.009155 -0.005826
v 0.024570 0.009082 -0.005840
v 0.024570 0.009010 -0.005858
v 0.024570 0.008939 -0.005879
v 0.024570 0.008869 -0.005903
v 0.024570 0.008799 -0.005929
v 0.024570 0.008732 -0.005959
v 0.024570 0.008665 -0.005992
v 0.024570 0.008600 -0.006028
v 0.024570 0.008537 -0.006066
v 0.024570 0.008475 -0.006107
v 0.024570 0.008415 -0.006151
v 0.024570 0.008357 -0.006198
v 0.024570 0.008301 -0.006247
v 0.024570 0.008248 -0.006298
v 0.024570 0.008197 -0.006351
v 0.024570 0.008148 -0.006407
v 0.024570 0.008101 -0.006465
v 0.024570 0.008057 -0.006525
v 0.024570 0.008016 -0.006587
v 0.024570 0.007978 -0.006650
v 0.024570 0.007942 -0.006715
v 0.024570 0.007909 -0.006782
v 0.024570 0.007879 -0.006849
v 0.024570 0.007853 -0.006919
v 0.024570 0.007829 -0.006989
v 0.024570 0.007808 -0.007060
v 0.024570 0.007790 -0.007132
v 0.024570 0.007776 -0.007205
v 0.024570 0.007765 -0.007278
v 0.024570 0.007756 -0.007352
v 0.024570 0.007752 -0.007426
v 0.024570 0.007750 -0.007500
v 0.024570 0.007752 -0.007574
v 0.024570 0.007756 -0.007648
v 0.024570 0.007765 -0.007722
v 0.024570 0.007776 -0.007795
v 0.024570 0.007790 -0.007868
v 0.024570 0.007808 -0.007940
v 0.024570 0.007829 -0.008011
v 0.024570 0.007853 -0.008081
v 0.024570 0.007879 -0.008151
v 0.024570 0.007909 -0.008218
v 0.024570 0.007942 -0.008285
v 0.024570 0.007978 -0.008350
v 0.024570 0.008016 -0.008413
v 0.024570 0.008057 -0.008475
v 0.024570 0.008101 -0.008535
v 0.024570 0.008148 -0.008593
v 0.024570 0.008197 -0.008649
v 0.024570 0.008248 -0.008702
v 0.024570 0.008301 -0.008753
v 0.024570 0.008357 -0.008802
v 0.024570 0.008415 -0.008849
v 0.024570 0.008475 -0.008893
v 0.024570 0.008537 -0.008934
v 0.024570 0.008600 -0.008972
v 0.024570 0.008665 -0.009008
v 0.024570 0.008732 -0.009041
v 0.024570 0.008799 -0.009071
v 0.024570 0.008869 -0.009097
v 0.024570 0.008939 -0.009121
v 0.024570 0.009010 -0.009142
v 0.024570 0.009082 -0.009160
v 0.024570 0.009155 -0.009174
v 0.024570 0.009228 -0.009185
v 0.024570 0.009302 -0.009194
v 0.024570 0.009376 -0.009198
v 0.024570 0.009450 -0.009200
v 0.024570 0.009524 -0.009198
v 0.024570 0.009598 -0.009194
v 0.024570 0.009672 -0.009185
v 0.024570 0.009745 -0.009174
v 0.024570 0.009818 -0.009160
v 0.024570 0.009890 -0.009142
v 0.024570 0.009961 -0.009121
v 0.024570 0.010031 -0.009097
v 0.024570 0.010101 -0.009071
v 0.024570 0.010168 -0.009041
v 0.024570 0.010235 -0.009008
v 0.024570 0.010300 -0.008972
v 0.024570 0.010363 -0.008934
v 0.024570 0.010425 -0.008893
v 0.024570 0.010485 -0.008849
v 0.024570 0.010543 -0.008802
v 0.024570 0.010598 -0.008753
v 0.024570 0.010652 -0.008702
v 0.024570 0.010703 -0.008649
v 0.024570 0.010752 -0.008593
v 0.024570 0.010799 -0.008535
v 0.024570 0.010843 -0.008475
v 0.024570 0.010884 -0.008413
v 0.024570 0.010922 -0.008350
v 0.024570 0.010958 -0.008285
v 0.024570 0.010991 -0.008218
v 0.024570 0.011021 -0.008151
v 0.024570 0.011047 -0.008081
v 0.024570 0.011071 -0.008011
v 0.024570 0.011092 -0.007940
v 0.024570 0.011110 -0.007868
v 0.024570 0.011124 -0.007795
v 0.024570 0.011135 -0.007722
v 0.024570 0.011143 -0.007648
v 0.024570 0.011148 -0.007574
v 0.031570 0.012697 0.007642
v 0.031570 0.012700 0.007500
v 0.031570 0.012688 0.007783
v 0.031570 0.012672 0.007924
v 0.031570 0.012651 0.008064
v 0.031570 0.012623 0.008203
v 0.031570 0.012589 0.008341
v 0.031570 0.012550 0.008477
v 0.031570 0.012504 0.008612
v 0.031570 0.012453 0.008744
v 0.031570 0.012396 0.008874
v 0.031570 0.012333 0.009001
v 0.031570 0.012265 0.009125
v 0.031570 0.012191 0.009246
v 0.031570 0.012112 0.009364
v 0.031570 0.012028 0.009478
v 0.031570 0.011940 0.009589
v 0.031570 0.011846 0.009696
v 0.031570 0.011748 0.009798
v 0.031570 0.011646 0.009896
v 0.031570 0.011539 0.009990
v 0.031570 0.011429 0.010078
v 0.031570 0.011314 0.010162
v 0.031570 0.011196 0.010241
v 0.031570 0.011075 0.010315
v 0.031570 0.010951 0.010383
v 0.031570 0.010824 0.010445
v 0.031570 0.010694 0.010503
v 0.031570 0.010562 0.010554
v 0.031570 0.010427 0.010600
v 0.031570 0.010291 0.010639
v 0.031570 0.010153 0.010673
v 0.031570 0.010014 0.010701
v 0.031570 0.009874 0.010722
v 0.031570 0.009733 0.010738
v 0.031570 0.009592 0.010747
v 0.031570 0.009450 0.010750
v 0.031570 0.009308 0.010747
v 0.031570 0.009167 0.010738
v 0.031570 0.009026 0.010722
v 0.031570 0.008886 0.010701
v 0.031570 0.008747 0.010673
v 0.031570 0.008609 0.010639
v 0.031570 0.008473 0.010600
v 0.031570 0.008338 0.010554
v 0.031570 0.008206 0.010503
v 0.031570 0.008076 0.010445
v 0.031570 0.007949 0.010383
v 0.031570 0.007825 0.010315
v 0.031570 0.007704 0.010241
v 0.031570 0.007586 0.010162
v 0.031570 0.007472 0.010078
v 0.031570 0.007361 0.009990
v 0.031570 0.007254 0.009896
v 0.031570 0.007152 0.009798
v 0.031570 0.007054 0.009696
v 0.031570 0.006960 0.009589
v 0.031570 0.006872 0.009478
v 0.031570 0.006788 0.009364
v 0.031570 0.006709 0.009246
v 0.031570 0.006635 0.009125
v 0.031570 0.006567 0.009001
v 0.031570 0.006505 0.008874
v 0.031570 0.006447 0.008744
v 0.031570 0.006396 0.008612
v 0.031570 0.006350 0.008477
v 0.031570 0.006311 0.008341
v 0.031570 0.006277 0.008203
v 0.031570 0.006249 0.008064
v 0.031570 0.006228 0.007924
v 0.031570 0.006212 0.007783
v 0.031570 0.006203 0.007642
v 0.031570 0.006200 0.007500
v 0.031570 0.006203 0.007358
v 0.031570 0.006212 0.007217
v 0.031570 0.006228 0.007076
v 0.031570 0.006249 0.006936
v 0.031570 0.006277 0.006797
v 0.031570 0.006311 0.006659
v 0.031570 0.006350 0.006523
v 0.031570 0.006396 0.006388
v 0.031570 0.006447 0.006256
v 0.031570 0.006505 0.006126
v 0.031570 0.006567 0.005999
v 0.031570 0.006635 0.005875
v 0.031570 0.006709 0.005754
v 0.031570 0.006788 0.005636
v 0.031570 0.006872 0.005522
v 0.031570 0.006960 0.005411
v 0.031570 0.007054 0.005304
v 0.031570 0.007152 0.005202
v 0.031570 0.007254 0.005104
v 0.031570 0.007361 0.005010
v 0.031570 0.007472 0.004922
v 0.031570 0.007586 0.004838
v 0.031570 0.007704 0.004759
v 0.031570 0.007825 0.004685
v 0.031570 0.007949 0.004617
v 0.031570 0.008076 0.004555
v 0.031570 0.008206 0.004497
v 0.031570 0.008338 0.004446
v 0.031570 0.008473 0.004400
v 0.031570 0.008609 0.004361
v 0.031570 0.008747 0.004327
v 0.031570 0.008886 0.004299
v 0.031570 0.009026 0.004278
v 0.031570 0.009167 0.004262
v 0.031570 0.009308 0.004253
v 0.031570 0.009450 0.004250
v 0.031570 0.009592 0.004253
v 0.031570 0.009733 0.004262
v 0.031570 0.009874 0.004278
v 0.031570 0.010014 0.004299
v 0.031570 0.010153 0.004327
v 0.031570 0.010291 0.004361
v 0.031570 0.010427 0.004400
v 0.031570 0.010562 0.004446
v 0.031570 0.010694 0.004497
v 0.031570 0.010824 0.004555
v 0.031570 0.010951 0.004617
v 0.031570 0.011075 0.004685
v 0.031570 0.011196 0.004759
v 0.031570 0.011314 0.004838
v 0.031570 0.011429 0.004922
v 0.031570 0.011539 0.005010
v 0.031570 0.011646 0.005104
v 0.031570 0.011748 0.005202
v 0.031570 0.011846 0.005304
v 0.031570 0.011940 0.005411
v 0.031570 0.012028 0.005522
v 0.031570 0.012112 0.005636
v 0.031570 0.012191 0.005754
v 0.031570 0.012265 0.005875
v 0.031570 0.012333 0.005999
v 0.031570 0.012396 0.006126
v 0.031570 0.012453 0.006256
v 0.031570 0.012504 0.006388
v 0.031570 0.012550 0.006523
v 0.031570 0.012589 0.006659
v 0.031570 0.012623 0.006797
v 0.031570 0.012651 0.006936
v 0.031570 0.012672 0.007076
v 0.031570 0.012688 0.007217
v 0.031570 0.012697 0.007358
v 0.031570 0.008799 0.005929
v 0.031570 0.008732 0.005959
v 0.031570 0.008869 0.005903
v 0.031570 0.008939 0.005879
v 0.031570 0.009010 0.005858
v 0.031570 0.009082 0.005840
v 0.031570 0.009155 0.005826
v 0.031570 0.010543 0.006198
v 0.031570 0.010485 0.006151
v 0.031570 0.010599 0.006247
v 0.031570 0.009228 0.005815
v 0.031570 0.009302 0.005806
v 0.031570 0.010169 0.005959
v 0.031570 0.010101 0.005929
v 0.031570 0.010235 0.005992
v 0.031570 0.010652 0.006298
v 0.031570 0.009376 0.005802
v 0.031570 0.009450 0.005800
v 0.031570 0.009524 0.005802
v 0.031570 0.009598 0.005806
v 0.031570 0.009672 0.005815
v 0.031570 0.009745 0.005826
v 0.031570 0.010300 0.006028
v 0.031570 0.010425 0.006107
v 0.031570 0.010363 0.006066
v 0.031570 0.010703 0.006351
v 0.031570 0.010485 0.008849
v 0.031570 0.010543 0.008802
v 0.031570 0.010425 0.008893
v 0.031570 0.008869 0.009097
v 0.031570 0.008939 0.009121
v 0.031570 0.008799 0.009071
v 0.031570 0.008057 0.006525
v 0.031570 0.008016 0.006587
v 0.031570 0.008101 0.006465
v 0.031570 0.008148 0.006407
v 0.031570 0.008197 0.006351
v 0.031570 0.008302 0.006247
v 0.031570 0.008248 0.006298
v 0.031570 0.008357 0.006198
v 0.031570 0.008475 0.006107
v 0.031570 0.008415 0.006151
v 0.031570 0.008537 0.006066
v 0.031570 0.008665 0.005992
v 0.031570 0.008600 0.006028
v 0.031570 0.010031 0.005903
v 0.031570 0.009961 0.005879
v 0.031570 0.011021 0.006849
v 0.031570 0.011048 0.006919
v 0.031570 0.011071 0.006989
v 0.031570 0.011092 0.007060
v 0.031570 0.010752 0.008593
v 0.031570 0.010799 0.008535
v 0.031570 0.010703 0.008649
v 0.031570 0.010599 0.008753
v 0.031570 0.010235 0.009008
v 0.031570 0.010300 0.008972
v 0.031570 0.010169 0.009041
v 0.031570 0.008732 0.009041
v 0.031570 0.009818 0.005840
v 0.031570 0.009890 0.005858
v 0.031570 0.010958 0.006715
v 0.031570 0.010922 0.006650
v 0.031570 0.010991 0.006782
v 0.031570 0.010843 0.008475
v 0.031570 0.010363 0.008934
v 0.031570 0.010101 0.009071
v 0.031570 0.009302 0.009194
v 0.031570 0.009376 0.009198
v 0.031570 0.009228 0.009185
v 0.031570 0.009155 0.009174
v 0.031570 0.009082 0.009160
v 0.031570 0.009010 0.009142
v 0.031570 0.008665 0.009008
v 0.031570 0.008101 0.008535
v 0.031570 0.008148 0.008593
v 0.031570 0.008057 0.008475
v 0.031570 0.008016 0.008413
v 0.031570 0.007978 0.008350
v 0.031570 0.007765 0.007278
v 0.031570 0.007756 0.007352
v 0.031570 0.007776 0.007205
v 0.031570 0.007790 0.007132
v 0.031570 0.007808 0.007060
v 0.031570 0.010884 0.006587
v 0.031570 0.011110 0.007132
v 0.031570 0.011124 0.007205
v 0.031570 0.011136 0.007278
v 0.031570 0.011144 0.007352
v 0.031570 0.011148 0.007426
v 0.031570 0.011048 0.008081
v 0.031570 0.011071 0.008011
v 0.031570 0.011021 0.008151
v 0.031570 0.010884 0.008413
v 0.031570 0.010652 0.008702
v 0.031570 0.010031 0.009097
v 0.031570 0.009672 0.009185
v 0.031570 0.009745 0.009174
v 0.031570 0.009598 0.009194
v 0.031570 0.008357 0.008802
v 0.031570 0.008415 0.008849
v 0.031570 0.008302 0.008753
v 0.031570 0.007909 0.008218
v 0.031570 0.007942 0.008285
v 0.031570 0.007879 0.008151
v 0.031570 0.007752 0.007426
v 0.031570 0.007750 0.007500
v 0.031570 0.007942 0.006715
v 0.031570 0.007909 0.006782
v 0.031570 0.007978 0.006650
v 0.031570 0.010991 0.008218
v 0.031570 0.009961 0.009121
v 0.031570 0.009890 0.009142
v 0.031570 0.009818 0.009160
v 0.031570 0.009524 0.009198
v 0.031570 0.009450 0.009200
v 0.031570 0.008600 0.008972
v 0.031570 0.008537 0.008934
v 0.031570 0.008475 0.008893
v 0.031570 0.008197 0.008649
v 0.031570 0.007853 0.008081
v 0.031570 0.007829 0.008011
v 0.031570 0.007808 0.007940
v 0.031570 0.007790 0.007868
v 0.031570 0.007776 0.007795
v 0.031570 0.010752 0.006407
v 0.031570 0.010799 0.006465
v 0.031570 0.011150 0.007500
v 0.031570 0.011148 0.007574
v 0.031570 0.010958 0.008285
v 0.031570 0.010922 0.008350
v 0.031570 0.008248 0.008702
v 0.031570 0.007829 0.006989
v 0.031570 0.007853 0.006919
v 0.031570 0.007879 0.006849
v 0.031570 0.010843 0.006525
v 0.031570 0.011144 0.007648
v 0.031570 0.011136 0.007722
v 0.031570 0.011124 0.007795
v 0.031570 0.011110 0.007868
v 0.031570 0.011092 0.007940
v 0.031570 0.007765 0.007722
v 0.031570 0.007756 0.007648
v 0.031570 0.007752 0.007574
v 0.024570 0.011148 0.007574
v 0.024570 0.011150 0.007500
v 0.024570 0.011144 0.007648
v 0.024570 0.011136 0.007722
v 0.024570 0.011124 0.007795
v 0.024570 0.011110 0.007868
v 0.024570 0.011092 0.007940
v 0.024570 0.011071 0.008011
v 0.024570 0.011048 0.008081
v 0.024570 0.011021 0.008151
v 0.024570 0.010991 0.008218
v 0.024570 0.010958 0.008285
v 0.024570 0.010922 0.008350
v 0.024570 0.010884 0.008413
v 0.024570 0.010843 0.008475
v 0.024570 0.010799 0.008535
v 0.024570 0.010752 0.008593
v 0.024570 0.010703 0.008649
v 0.024570 0.010652 0.008702
v 0.024570 0.010599 0.008753
v 0.024570 0.010543 0.008802
v 0.024570 0.010485 0.008849
v 0.024570 0.010425 0.008893
v 0.024570 0.010363 0.008934
v 0.024570 0.010300 0.008972
v 0.024570 0.010235 0.009008
v 0.024570 0.010169 0.009041
v 0.024570 0.010101 0.009071
v 0.024570 0.010031 0.009097
v 0.024570 0.009961 0.009121
v 0.024570 0.009890 0.009142
v 0.024570 0.009818 0.009160
v 0.024570 0.009745 0.009174
v 0.024570 0.009672 0.009185
v 0.024570 0.009598 0.009194
v 0.024570 0.009524 0.009198
v 0.024570 0.009450 0.009200
v 0.024570 0.009376 0.009198
v 0.024570 0.009302 0.009194
v 0.024570 0.009228 0.009185
v 0.024570 0.009155 0.009174
v 0.024570 0.009082 0.009160
v 0.024570 0.009010 0.009142
v 0.024570 0.008939 0.009121
v 0.024570 0.008869 0.009097
v 0.024570 0.008799 0.009071
v 0.024570 0.008732 0.009041
v 0.024570 0.008665 0.009008
v 0.024570 0.008600 0.008972
v 0.024570 0.008537 0.008934
v 0.024570 0.008475 0.008893
v 0.024570 0.008415 0.008849
v 0.024570 0.008357 0.008802
v 0.024570 0.008302 0.008753
v 0.024570 0.008248 0.008702
v 0.024570 0.008197 0.008649
v 0.024570 0.008148 0.008593
v 0.024570 0.008101 0.008535
v 0.024570 0.008057 0.008475
v 0.024570 0.008016 0.008413
v 0.024570 0.007978 0.008350
v 0.024570 0.007942 0.008285
v 0.024570 0.007909 0.008218
v 0.024570 0.007879 0.008151
v 0.024570 0.007853 0.008081
v 0.024570 0.007829 0.008011
v 0.024570 0.007808 0.007940
v 0.024570 0.007790 0.007868
v 0.024570 0.007776 0.007795
v 0.024570 0.007765 0.007722
v 0.024570 0.007756 0.007648
v 0.024570 0.007752 0.007574
v 0.024570 0.007750 0.007500
v 0.024570 0.007752 0.007426
v 0.024570 0.007756 0.007352
v 0.024570 0.007765 0.007278
v 0.024570 0.007776 0.007205
v 0.024570 0.007790 0.007132
v 0.024570 0.007808 0.007060
v 0.024570 0.007829 0.006989
v 0.024570 0.007853 0.006919
v 0.024570 0.007879 0.006849
v 0.024570 0.007909 0.006782
v 0.024570 0.007942 0.006715
v 0.024570 0.007978 0.006650
v 0.024570 0.008016 0.006587
v 0.024570 0.008057 0.006525
v 0.024570 0.008101 0.006465
v 0.024570 0.008148 0.006407
v 0.024570 0.008197 0.006351
v 0.024570 0.008248 0.006298
v 0.024570 0.008302 0.006247
v 0.024570 0.008357 0.006198
v 0.024570 0.008415 0.006151
v 0.024570 0.008475 0.006107
v 0.024570 0.008537 0.006066
v 0.024570 0.008600 0.006028
v 0.024570 0.008665 0.005992
v 0.024570 0.008732 0.005959
v 0.024570 0.008799 0.005929
v 0.024570 0.008869 0.005903
v 0.024570 0.008939 0.005879
v 0.024570 0.009010 0.005858
v 0.024570 0.009082 0.005840
v 0.024570 0.009155 0.005826
v 0.024570 0.009228 0.005815
v 0.024570 0.009302 0.005806
v 0.024570 0.009376 0.005802
v 0.024570 0.009450 0.005800
v 0.024570 0.009524 0.005802
v 0.024570 0.009598 0.005806
v 0.024570 0.009672 0.005815
v 0.024570 0.009745 0.005826
v 0.024570 0.009818 0.005840
v 0.024570 0.009890 0.005858
v 0.024570 0.009961 0.005879
v 0.024570 0.010031 0.005903
v 0.024570 0.010101 0.005929
v 0.024570 0.010169 0.005959
v 0.024570 0.010235 0.005992
v 0.024570 0.010300 0.006028
v 0.024570 0.010363 0.006066
v 0.024570 0.010425 0.006107
v 0.024570 0.010485 0.006151
v 0.024570 0.010543 0.006198
v 0.024570 0.010599 0.006247
v 0.024570 0.010652 0.006298
v 0.024570 0.010703 0.006351
v 0.024570 0.010752 0.006407
v 0.024570 0.010799 0.006465
v 0.024570 0.010843 0.006525
v 0.024570 0.010884 0.006587
v 0.024570 0.010922 0.006650
v 0.024570 0.010958 0.006715
v 0.024570 0.010991 0.006782
v 0.024570 0.011021 0.006849
v 0.024570 0.011048 0.006919
v 0.024570 0.011071 0.006989
v 0.024570 0.011092 0.007060
v 0.024570 0.011110 0.007132
v 0.024570 0.011124 0.007205
v 0.024570 0.011136 0.007278
v 0.024570 0.011144 0.007352
v 0.024570 0.011148 0.007426
v 0.031570 0.022697 0.007642
v 0.031570 0.022700 0.007500
v 0.031570 0.022688 0.007783
v 0.031570 0.022672 0.007924
v 0.031570 0.022651 0.008064
v 0.031570 0.022623 0.008203
v 0.031570 0.022589 0.008341
v 0.031570 0.022550 0.008477
v 0.031570 0.022504 0.008612
v 0.031570 0.022453 0.008744
v 0.031570 0.022396 0.008874
v 0.031570 0.022333 0.009001
v 0.031570 0.022265 0.009125
v 0.031570 0.022191 0.009246
v 0.031570 0.022112 0.009364
v 0.031570 0.022028 0.009478
v 0.031570 0.021940 0.009589
v 0.031570 0.021846 0.009696
v 0.031570 0.021748 0.009798
v 0.031570 0.021646 0.009896
v 0.031570 0.021539 0.009990
v 0.031570 0.021429 0.010078
v 0.031570 0.021314 0.010162
v 0.031570 0.021196 0.010241
v 0.031570 0.021075 0.010315
v 0.031570 0.020951 0.010383
v 0.031570 0.020824 0.010445
v 0.031570 0.020694 0.010503
v 0.031570 0.020562 0.010554
v 0.031570 0.020427 0.010600
v 0.031570 0.020291 0.010639
v 0.031570 0.020153 0.010673
v 0.031570 0.020014 0.010701
v 0.031570 0.019874 0.010722
v 0.031570 0.019733 0.010738
v 0.031570 0.019592 0.010747
v 0.031570 0.019450 0.010750
v 0.031570 0.019308 0.010747
v 0.031570 0.019167 0.010738
v 0.031570 0.019026 0.010722
v 0.031570 0.018886 0.010701
v 0.031570 0.018747 0.010673
v 0.031570 0.018609 0.010639
v 0.031570 0.018473 0.010600
v 0.031570 0.018338 0.010554
v 0.031570 0.018206 0.010503
v 0.031570 0.018077 0.010445
v 0.031570 0.017949 0.010383
v 0.031570 0.017825 0.010315
v 0.031570 0.017704 0.010241
v 0.031570 0.017586 0.010162
v 0.031570 0.017472 0.010078
v 0.031570 0.017361 0.009990
v 0.031570 0.017254 0.009896
v 0.031570 0.017152 0.009798
v 0.031570 0.017054 0.009696
v 0.031570 0.016960 0.009589
v 0.031570 0.016872 0.009478
v 0.031570 0.016788 0.009364
v 0.031570 0.016709 0.009246
v 0.031570 0.016635 0.009125
v 0.031570 0.016567 0.009001
v 0.031570 0.016505 0.008874
v 0.031570 0.016447 0.008744
v 0.031570 0.016396 0.008612
v 0.031570 0.016350 0.008477
v 0.031570 0.016311 0.008341
v 0.031570 0.016277 0.008203
v 0.031570 0.016249 0.008064
v 0.031570 0.016228 0.007924
v 0.031570 0.016212 0.007783
v 0.031570 0.016203 0.007642
v 0.031570 0.016200 0.007500
v 0.031570 0.016203 0.007358
v 0.031570 0.016212 0.007217
v 0.031570 0.016228 0.007076
v 0.031570 0.016249 0.006936
v 0.031570 0.016277 0.006797
v 0.031570 0.016311 0.006659
v 0.031570 0.016350 0.006523
v 0.031570 0.016396 0.006388
v 0.031570 0.016447 0.006256
v 0.031570 0.016505 0.006126
v 0.031570 0.016567 0.005999
v 0.031570 0.016635 0.005875
v 0.031570 0.016709 0.005754
v 0.031570 0.016788 0.005636
v 0.031570 0.016872 0.005522
v 0.031570 0.016960 0.005411
v 0.031570 0.017054 0.005304
v 0.031570 0.017152 0.005202
v 0.031570 0.017254 0.005104
v 0.031570 0.017361 0.005010
v 0.031570 0.017472 0.004922
v 0.031570 0.017586 0.004838
v 0.031570 0.017704 0.004759
v 0.031570 0.017825 0.004685
v 0.031570 0.017949 0.004617
v 0.031570 0.018077 0.004554
v 0.031570 0.018206 0.004497
v 0.031570 0.018338 0.004446
v 0.031570 0.018473 0.004400
v 0.031570 0.018609 0.004361
v 0.031570 0.018747 0.004327
v 0.031570 0.018886 0.004299
v 0.031570 0.019026 0.004278
v 0.031570 0.019167 0.004262
v 0.031570 0.019308 0.004253
v 0.031570 0.019450 0.004250
v 0.031570 0.019592 0.004253
v 0.031570 0.019733 0.004262
v 0.031570 0.019874 0.004278
v 0.031570 0.020014 0.004299
v 0.031570 0.020153 0.004327
v 0.031570 0.020291 0.004361
v 0.031570 0.020427 0.004400
v 0.031570 0.020562 0.004446
v 0.031570 0.020694 0.004497
v 0.031570 0.020824 0.004554
v 0.031570 0.020951 0.004617
v 0.031570 0.021075 0.004685
v 0.031570 0.021196 0.004759
v 0.031570 0.021314 0.004838
v 0.031570 0.021429 0.004922
v 0.031570 0.021539 0.005010
v 0.031570 0.021646 0.005104
v 0.031570 0.021748 0.005202
v 0.031570 0.021846 0.005304
v 0.031570 0.021940 0.005411
v 0.031570 0.022028 0.005522
v 0.031570 0.022112 0.005636
v 0.031570 0.022191 0.005754
v 0.031570 0.022265 0.005875
v 0.031570 0.022333 0.005999
v 0.031570 0.022396 0.006126
v 0.031570 0.022453 0.006256
v 0.031570 0.022504 0.006388
v 0.031570 0.022550 0.006523
v 0.031570 0.022589 0.006659
v 0.031570 0.022623 0.006797
v 0.031570 0.022651 0.006936
v 0.031570 0.022672 0.007076
v 0.031570 0.022688 0.007217
v 0.031570 0.022697 0.007358
v 0.031570 0.019228 0.005815
v 0.031570 0.019155 0.005826
v 0.031570 0.019302 0.005806
v 0.031570 0.019376 0.005802
v 0.031570 0.019450 0.005800
v 0.031570 0.019598 0.005806
v 0.031570 0.019524 0.005802
v 0.031570 0.019672 0.005815
v 0.031570 0.019818 0.005840
v 0.031570 0.019745 0.005826
v 0.031570 0.019890 0.005858
v 0.031570 0.020703 0.006351
v 0.031570 0.020652 0.006298
v 0.031570 0.020752 0.006407
v 0.031570 0.018732 0.005959
v 0.031570 0.018799 0.005929
v 0.031570 0.018939 0.005879
v 0.031570 0.019010 0.005858
v 0.031570 0.019961 0.005879
v 0.031570 0.020031 0.005903
v 0.031570 0.020599 0.006247
v 0.031570 0.020543 0.006198
v 0.031570 0.020799 0.006465
v 0.031570 0.020884 0.006587
v 0.031570 0.020843 0.006525
v 0.031570 0.020922 0.006650
v 0.031570 0.018665 0.005992
v 0.031570 0.018600 0.006028
v 0.031570 0.018869 0.005903
v 0.031570 0.019082 0.005840
v 0.031570 0.020101 0.005929
v 0.031570 0.020169 0.005959
v 0.031570 0.020235 0.005992
v 0.031570 0.020300 0.006028
v 0.031570 0.020363 0.006066
v 0.031570 0.020425 0.006107
v 0.031570 0.020485 0.006151
v 0.031570 0.018475 0.006107
v 0.031570 0.018415 0.006151
v 0.031570 0.018537 0.006066
v 0.031570 0.018357 0.006198
v 0.031570 0.020958 0.006715
v 0.031570 0.018197 0.008648
v 0.031570 0.018148 0.008593
v 0.031570 0.018057 0.008475
v 0.031570 0.018101 0.008535
v 0.031570 0.018016 0.008413
v 0.031570 0.020799 0.008535
v 0.031570 0.020843 0.008475
v 0.031570 0.020752 0.008593
v 0.031570 0.020485 0.008849
v 0.031570 0.020543 0.008802
v 0.031570 0.020425 0.008893
v 0.031570 0.019818 0.009160
v 0.031570 0.019890 0.009142
v 0.031570 0.019745 0.009174
v 0.031570 0.019672 0.009185
v 0.031570 0.019598 0.009194
v 0.031570 0.019010 0.009142
v 0.031570 0.019082 0.009160
v 0.031570 0.018939 0.009121
v 0.031570 0.018799 0.009071
v 0.031570 0.018869 0.009097
v 0.031570 0.018732 0.009041
v 0.031570 0.018665 0.009008
v 0.031570 0.018600 0.008972
v 0.031570 0.018475 0.008893
v 0.031570 0.018537 0.008934
v 0.031570 0.018415 0.008849
v 0.031570 0.018302 0.008753
v 0.031570 0.018357 0.008802
v 0.031570 0.018248 0.008702
v 0.031570 0.017978 0.008350
v 0.031570 0.017942 0.008285
v 0.031570 0.017909 0.008218
v 0.031570 0.020991 0.006782
v 0.031570 0.021021 0.006849
v 0.031570 0.021071 0.006989
v 0.031570 0.021048 0.006919
v 0.031570 0.021092 0.007060
v 0.031570 0.021144 0.007352
v 0.031570 0.021136 0.007278
v 0.031570 0.021148 0.007426
v 0.031570 0.021150 0.007500
v 0.031570 0.021148 0.007574
v 0.031570 0.020884 0.008413
v 0.031570 0.020652 0.008702
v 0.031570 0.020703 0.008648
v 0.031570 0.020599 0.008753
v 0.031570 0.020169 0.009041
v 0.031570 0.020235 0.009008
v 0.031570 0.020101 0.009071
v 0.031570 0.020031 0.009097
v 0.031570 0.019961 0.009121
v 0.031570 0.019524 0.009198
v 0.031570 0.019450 0.009200
v 0.031570 0.019376 0.009198
v 0.031570 0.019302 0.009194
v 0.031570 0.019228 0.009185
v 0.031570 0.019155 0.009174
v 0.031570 0.018197 0.006351
v 0.031570 0.018148 0.006407
v 0.031570 0.018248 0.006298
v 0.031570 0.018302 0.006247
v 0.031570 0.021110 0.007132
v 0.031570 0.021124 0.007205
v 0.031570 0.021144 0.007648
v 0.031570 0.021136 0.007722
v 0.031570 0.020300 0.008972
v 0.031570 0.017879 0.008151
v 0.031570 0.017853 0.008081
v 0.031570 0.017829 0.006989
v 0.031570 0.017808 0.007060
v 0.031570 0.017853 0.006919
v 0.031570 0.017909 0.006782
v 0.031570 0.017879 0.006849
v 0.031570 0.017942 0.006715
v 0.031570 0.017978 0.006650
v 0.031570 0.018016 0.006587
v 0.031570 0.020363 0.008934
v 0.031570 0.017808 0.007940
v 0.031570 0.017829 0.008011
v 0.031570 0.017790 0.007868
v 0.031570 0.018101 0.006465
v 0.031570 0.021110 0.007868
v 0.031570 0.021124 0.007795
v 0.031570 0.021092 0.007940
v 0.031570 0.017757 0.007352
v 0.031570 0.017752 0.007426
v 0.031570 0.017765 0.007278
v 0.031570 0.017790 0.007132
v 0.031570 0.017776 0.007205
v 0.031570 0.018057 0.006525
v 0.031570 0.020991 0.008218
v 0.031570 0.021021 0.008151
v 0.031570 0.020958 0.008285
v 0.031570 0.020922 0.008350
v 0.031570 0.021071 0.008011
v 0.031570 0.021048 0.008081
v 0.031570 0.017757 0.007648
v 0.031570 0.017765 0.007722
v 0.031570 0.017752 0.007574
v 0.031570 0.017776 0.007795
v 0.031570 0.017750 0.007500
v 0.024570 0.021148 0.007574
v 0.024570 0.021150 0.007500
v 0.024570 0.021144 0.007648
v 0.024570 0.021136 0.007722
v 0.024570 0.021124 0.007795
v 0.024570 0.021110 0.007868
v 0.024570 0.021092 0.007940
v 0.024570 0.021071 0.008011
v 0.024570 0.021048 0.008081
v 0.024570 0.021021 0.008151
v 0.024570 0.020991 0.008218
v 0.024570 0.020958 0.008285
v 0.024570 0.020922 0.008350
v 0.024570 0.020884 0.008413
v 0.024570 0.020843 0.008475
v 0.024570 0.020799 0.008535
v 0.024570 0.020752 0.008593
v 0.024570 0.020703 0.008648
v 0.024570 0.020652 0.008702
v 0.024570 0.020599 0.008753
v 0.024570 0.020543 0.008802
v 0.024570 0.020485 0.008849
v 0.024570 0.020425 0.008893
v 0.024570 0.020363 0.008934
v 0.024570 0.020300 0.008972
v 0.024570 0.020235 0.009008
v 0.024570 0.020169 0.009041
v 0.024570 0.020101 0.009071
v 0.024570 0.020031 0.009097
v 0.024570 0.019961 0.009121
v 0.024570 0.019890 0.009142
v 0.024570 0.019818 0.009160
v 0.024570 0.019745 0.009174
v 0.024570 0.019672 0.009185
v 0.024570 0.019598 0.009194
v 0.024570 0.019524 0.009198
v 0.024570 0.019450 0.009200
v 0.024570 0.019376 0.009198
v 0.024570 0.019302 0.009194
v 0.024570 0.019228 0.009185
v 0.024570 0.019155 0.009174
v 0.024570 0.019082 0.009160
v 0.024570 0.019010 0.009142
v 0.024570 0.018939 0.009121
v 0.024570 0.018869 0.009097
v 0.024570 0.018799 0.009071
v 0.024570 0.018732 0.009041
v 0.024570 0.018665 0.009008
v 0.024570 0.018600 0.008972
v 0.024570 0.018537 0.008934
v 0.024570 0.018475 0.008893
v 0.024570 0.018415 0.008849
v 0.024570 0.018357 0.008802
v 0.024570 0.018302 0.008753
v 0.024570 0.018248 0.008702
v 0.024570 0.018197 0.008648
v 0.024570 0.018148 0.008593
v 0.024570 0.018101 0.008535
v 0.024570 0.018057 0.008475
v 0.024570 0.018016 0.008413
v 0.024570 0.017978 0.008350
v 0.024570 0.017942 0.008285
v 0.024570 0.017909 0.008218
v 0.024570 0.017879 0.008151
v 0.024570 0.017853 0.008081
v 0.024570 0.017829 0.008011
v 0.024570 0.017808 0.007940
v 0.024570 0.017790 0.007868
v 0.024570 0.017776 0.007795
v 0.024570 0.017765 0.007722
v 0.024570 0.017757 0.007648
v 0.024570 0.017752 0.007574
v 0.024570 0.017750 0.007500
v 0.024570 0.017752 0.007426
v 0.024570 0.017757 0.007352
v 0.024570 0.017765 0.007278
v 0.024570 0.017776 0.007205
v 0.024570 0.017790 0.007132
v 0.024570 0.017808 0.007060
v 0.024570 0.017829 0.006989
v 0.024570 0.017853 0.006919
v 0.024570 0.017879 0.006849
v 0.024570 0.017909 0.006782
v 0.024570 0.017942 0.006715
v 0.024570 0.017978 0.006650
v 0.024570 0.018016 0.006587
v 0.024570 0.018057 0.006525
v 0.024570 0.018101 0.006465
v 0.024570 0.018148 0.006407
v 0.024570 0.018197 0.006351
v 0.024570 0.018248 0.006298
v 0.024570 0.018302 0.006247
v 0.024570 0.018357 0.006198
v 0.024570 0.018415 0.006151
v 0.024570 0.018475 0.006107
v 0.024570 0.018537 0.006066
v 0.024570 0.018600 0.006028
v 0.024570 0.018665 0.005992
v 0.024570 0.018732 0.005959
v 0.024570 0.018799 0.005929
v 0.024570 0.018869 0.005903
v 0.024570 0.018939 0.005879
v 0.024570 0.019010 0.005858
v 0.024570 0.019082 0.005840
v 0.024570 0.019155 0.005826
v 0.024570 0.019228 0.005815
v 0.024570 0.019302 0.005806
v 0.024570 0.019376 0.005802
v 0.024570 0.019450 0.005800
v 0.024570 0.019524 0.005802
v 0.024570 0.019598 0.005806
v 0.024570 0.019672 0.005815
v 0.024570 0.019745 0.005826
v 0.024570 0.019818 0.005840
v 0.024570 0.019890 0.005858
v 0.024570 0.019961 0.005879
v 0.024570 0.020031 0.005903
v 0.024570 0.020101 0.005929
v 0.024570 0.020169 0.005959
v 0.024570 0.020235 0.005992
v 0.024570 0.020300 0.006028
v 0.024570 0.020363 0.006066
v 0.024570 0.020425 0.006107
v 0.024570 0.020485 0.006151
v 0.024570 0.020543 0.006198
v 0.024570 0.020599 0.006247
v 0.024570 0.020652 0.006298
v 0.024570 0.020703 0.006351
v 0.024570 0.020752 0.006407
v 0.024570 0.020799 0.006465
v 0.024570 0.020843 0.006525
v 0.024570 0.020884 0.006587
v 0.024570 0.020922 0.006650
v 0.024570 0.020958 0.006715
v 0.024570 0.020991 0.006782
v 0.024570 0.021021 0.006849
v 0.024570 0.021048 0.006919
v 0.024570 0.021071 0.006989
v 0.024570 0.021092 0.007060
v 0.024570 0.021110 0.007132
v 0.024570 0.021124 0.007205
v 0.024570 0.021136 0.007278
v 0.024570 0.021144 0.007352
v 0.024570 0.021148 0.007426
v 0.024570 0.000000 0.010300
v 0.024570 0.028900 0.010300
v 0.017570 0.000000 0.010300
v 0.017570 0.028900 0.010300
v 0.017570 0.028900 0.013300
v 0.017570 0.000000 0.013300
v 0.024570 0.000000 0.013300
v 0.024570 0.028900 0.013300
v 0.024570 0.000000 0.023653
v 0.024570 0.028900 0.023653
v 0.029570 0.000000 0.019200
v 0.029570 0.000000 0.023653
v 0.029570 0.028900 0.019200
v 0.029570 0.028900 0.023653
v 0.088721 0.030673 0.016700
v 0.091721 0.032405 0.016700
v 0.085721 0.035870 0.016700
v 0.085721 0.032405 0.016700
v 0.091721 0.035870 0.016700
v 0.088721 0.037602 0.016700
v 0.085721 0.032405 0.019200
v 0.088721 0.030673 0.019200
v 0.085721 0.035870 0.019200
v 0.088721 0.037602 0.019200
v 0.091721 0.035870 0.019200
v 0.091721 0.032405 0.019200
v 0.050732 0.033259 0.016700
v 0.056732 0.033259 0.016700
v 0.056732 0.036723 0.016700
v 0.050732 0.036723 0.016700
v 0.053732 0.038455 0.016700
v 0.053732 0.031527 0.016700
v 0.056732 0.036723 0.019200
v 0.053732 0.038455 0.019200
v 0.056732 0.033259 0.019200
v 0.053732 0.031527 0.019200
v 0.050732 0.033259 0.019200
v 0.050732 0.036723 0.019200
v 0.056000 0.003268 0.019200
v 0.053000 0.001536 0.019200
v 0.056000 0.006732 0.019200
v 0.053000 0.008464 0.019200
v 0.050000 0.006732 0.019200
v 0.050000 0.003268 0.019200
v 0.053000 0.008464 0.016700
v 0.050000 0.006732 0.016700
v 0.056000 0.006732 0.016700
v 0.053000 0.001536 0.016700
v 0.050000 0.003268 0.016700
v 0.056000 0.003268 0.016700
v 0.019070 0.022125 -0.014036
v 0.019070 0.025125 -0.019232
v 0.019070 0.025125 -0.015768
v 0.019070 0.019125 -0.019232
v 0.019070 0.019125 -0.015768
v 0.019070 0.022125 -0.020964
v 0.021570 0.022125 -0.020964
v 0.021570 0.025125 -0.019232
v 0.021570 0.025125 -0.015768
v 0.021570 0.022125 -0.014036
v 0.021570 0.019125 -0.015768
v 0.021570 0.019125 -0.019232
v 0.021570 0.010125 -0.014036
v 0.021570 0.007125 -0.019232
v 0.021570 0.013125 -0.015768
v 0.021570 0.010125 -0.020964
v 0.021570 0.013125 -0.019232
v 0.021570 0.007125 -0.015768
v 0.019070 0.013125 -0.015768
v 0.019070 0.013125 -0.019232
v 0.019070 0.007125 -0.015768
v 0.019070 0.007125 -0.019232
v 0.019070 0.010125 -0.014036
v 0.019070 0.010125 -0.020964
s 0
f 145 1 2
f 2 3 145
f 3 4 145
f 4 5 145
f 5 6 145
f 6 7 145
f 7 8 145
f 8 9 145
f 9 10 145
f 10 11 145
f 11 12 145
f 12 13 145
f 13 14 145
f 14 15 145
f 15 16 145
f 16 17 145
f 17 18 145
f 18 19 145
f 19 20 145
f 20 21 145
f 21 22 145
f 22 23 145
f 23 24 145
f 24 25 145
f 25 26 145
f 26 27 145
f 27 28 145
f 28 29 145
f 29 30 145
f 30 31 145
f 31 32 145
f 32 33 145
f 33 34 145
f 34 35 145
f 35 36 145
f 36 37 145
f 37 38 145
f 38 39 145
f 39 40 145
f 40 41 145
f 41 42 145
f 42 43 145
f 43 44 145
f 44 45 145
f 45 46 145
f 46 47 145
f 47 48 145
f 48 49 145
f 49 50 145
f 50 51 145
f 51 52 145
f 52 53 145
f 53 54 145
f 54 55 145
f 55 56 145
f 56 57 145
f 57 58 145
f 58 59 145
f 59 60 145
f 60 61 145
f 61 62 145
f 62 63 145
f 63 64 145
f 64 65 145
f 65 66 145
f 66 67 145
f 67 68 145
f 68 69 145
f 69 70 145
f 70 71 145
f 71 72 145
f 72 73 145
f 73 74 145
f 74 75 145
f 75 76 145
f 76 77 145
f 77 78 145
f 78 79 145
f 79 80 145
f 80 81 145
f 81 82 145
f 82 83 145
f 83 84 145
f 84 85 145
f 85 86 145
f 86 87 145
f 87 88 145
f 88 89 145
f 89 90 145
f 90 91 145
f 91 92 145
f 92 93 145
f 93 94 145
f 94 95 145
f 95 96 145
f 96 97 145
f 97 98 145
f 98 99 145
f 99 100 145
f 100 101 145
f 101 102 145
f 102 103 145
f 103 104 145
f 104 105 145
f 105 106 145
f 106 107 145
f 107 108 145
f 108 109 145
f 109 110 145
f 110 111 145
f 111 112 145
f 112 113 145
f 113 114 145
f 114 115 145
f 115 116 145
f 116 117 145
f 117 118 145
f 118 119 145
f 119 120 145
f 120 121 145
f 121 122 145
f 122 123 145
f 123 124 145
f 124 125 145
f 125 126 145
f 126 127 145
f 127 128 145
f 128 129 145
f 129 130 145
f 130 131 145
f 131 132 145
f 132 133 145
f 133 134 145
f 134 135 145
f 135 136 145
f 136 137 145
f 137 138 145
f 138 139 145
f 139 140 145
f 140 141 145
f 141 142 145
f 142 143 145
f 143 144 145
f 144 1 145
f 146 147 144
f 148 146 143
f 149 148 142
f 150 149 141
f 151 150 140
f 152 151 139
f 153 152 138
f 154 153 137
f 155 154 136
f 156 155 135
f 157 156 134
f 158 157 133
f 159 158 132
f 160 159 131
f 161 160 130
f 162 161 129
f 163 162 128
f 164 163 127
f 165 164 126
f 166 165 125
f 167 166 124
f 168 167 123
f 169 168 122
f 170 169 121
f 171 170 120
f 172 171 119
f 173 172 118
f 174 173 117
f 175 174 116
f 176 175 115
f 177 176 114
f 178 177 113
f 179 178 112
f 180 179 111
f 181 180 110
f 182 181 109
f 183 182 108
f 184 183 107
f 185 184 106
f 186 185 105
f 187 186 104
f 188 187 103
f 189 188 102
f 190 189 101
f 191 190 100
f 192 191 99
f 193 192 98
f 194 193 97
f 195 194 96
f 196 195 95
f 197 196 94
f 198 197 93
f 199 198 92
f 200 199 91
f 201 200 90
f 202 201 89
f 203 202 88
f 204 203 87
f 205 204 86
f 206 205 85
f 207 206 84
f 208 207 83
f 209 208 82
f 210 209 81
f 211 210 80
f 212 211 79
f 213 212 78
f 214 213 77
f 215 214 76
f 216 215 75
f 217 216 74
f 218 217 73
f 219 218 72
f 220 219 71
f 221 220 70
f 222 221 69
f 223 222 68
f 224 223 67
f 225 224 66
f 226 225 65
f 227 226 64
f 228 227 63
f 229 228 62
f 230 229 61
f 231 230 60
f 232 231 59
f 233 232 58
f 234 233 57
f 235 234 56
f 236 235 55
f 237 236 54
f 238 237 53
f 239 238 52
f 240 239 51
f 241 240 50
f 242 241 49
f 243 242 48
f 244 243 47
f 245 244 46
f 246 245 45
f 247 246 44
f 248 247 43
f 249 248 42
f 250 249 41
f 251 250 40
f 252 251 39
f 253 252 38
f 254 253 37
f 255 254 36
f 256 255 35
f 257 256 34
f 258 257 33
f 259 258 32
f 260 259 31
f 261 260 30
f 262 261 29
f 263 262 28
f 264 263 27
f 265 264 26
f 266 265 25
f 267 266 24
f 268 267 23
f 269 268 22
f 270 269 21
f 271 270 20
f 272 271 19
f 273 272 18
f 274 273 17
f 275 274 16
f 276 275 15
f 277 276 14
f 278 277 13
f 279 278 12
f 280 279 11
f 281 280 10
f 282 281 9
f 283 282 8
f 284 283 7
f 285 284 6
f 286 285 5
f 287 286 4
f 288 287 3
f 289 288 2
f 147 289 1
f 1 144 147
f 2 1 289
f 3 2 288
f 4 3 287
f 5 4 286
f 6 5 285
f 7 6 284
f 8 7 283
f 9 8 282
f 10 9 281
f 11 10 280
f 12 11 279
f 13 12 278
f 14 13 277
f 15 14 276
f 16 15 275
f 17 16 274
f 18 17 273
f 19 18 272
f 20 19 271
f 21 20 270
f 22 21 269
f 23 22 268
f 24 23 267
f 25 24 266
f 26 25 265
f 27 26 264
f 28 27 263
f 29 28 262
f 30 29 261
f 31 30 260
f 32 31 259
f 33 32 258
f 34 33 257
f 35 34 256
f 36 35 255
f 37 36 254
f 38 37 253
f 39 38 252
f 40 39 251
f 41 40 250
f 42 41 249
f 43 42 248
f 44 43 247
f 45 44 246
f 46 45 245
f 47 46 244
f 48 47 243
f 49 48 242
f 50 49 241
f 51 50 240
f 52 51 239
f 53 52 238
f 54 53 237
f 55 54 236
f 56 55 235
f 57 56 234
f 58 57 233
f 59 58 232
f 60 59 231
f 61 60 230
f 62 61 229
f 63 62 228
f 64 63 227
f 65 64 226
f 66 65 225
f 67 66 224
f 68 67 223
f 69 68 222
f 70 69 221
f 71 70 220
f 72 71 219
f 73 72 218
f 74 73 217
f 75 74 216
f 76 75 215
f 77 76 214
f 78 77 213
f 79 78 212
f 80 79 211
f 81 80 210
f 82 81 209
f 83 82 208
f 84 83 207
f 85 84 206
f 86 85 205
f 87 86 204
f 88 87 203
f 89 88 202
f 90 89 201
f 91 90 200
f 92 91 199
f 93 92 198
f 94 93 197
f 95 94 196
f 96 95 195
f 97 96 194
f 98 97 193
f 99 98 192
f 100 99 191
f 101 100 190
f 102 101 189
f 103 102 188
f 104 103 187
f 105 104 186
f 106 105 185
f 107 106 184
f 108 107 183
f 109 108 182
f 110 109 181
f 111 110 180
f 112 111 179
f 113 112 178
f 114 113 177
f 115 114 176
f 116 115 175
f 117 116 174
f 118 117 173
f 119 118 172
f 120 119 171
f 121 120 170
f 122 121 169
f 123 122 168
f 124 123 167
f 125 124 166
f 126 125 165
f 127 126 164
f 128 127 163
f 129 128 162
f 130 129 161
f 131 130 160
f 132 131 159
f 133 132 158
f 134 133 157
f 135 134 156
f 136 135 155
f 137 136 154
f 138 137 153
f 139 138 152
f 140 139 151
f 141 140 150
f 142 141 149
f 143 142 148
f 144 143 146
f 290 291 217
f 291 292 216
f 292 293 215
f 293 294 214
f 294 295 213
f 295 296 212
f 296 297 211
f 297 298 210
f 298 299 209
f 299 300 208
f 300 301 207
f 301 302 206
f 302 303 205
f 303 304 204
f 304 305 203
f 305 306 202
f 306 307 201
f 307 308 200
f 308 309 199
f 309 310 198
f 310 311 197
f 311 312 196
f 312 313 195
f 313 314 194
f 314 315 193
f 315 316 192
f 316 317 191
f 317 318 190
f 318 319 189
f 319 320 188
f 320 321 187
f 321 322 186
f 322 323 185
f 323 324 184
f 324 325 183
f 325 326 182
f 326 327 181
f 327 328 180
f 328 329 179
f 329 330 178
f 330 331 177
f 331 332 176
f 332 333 175
f 333 334 174
f 334 335 173
f 335 336 172
f 336 337 171
f 337 338 170
f 338 339 169
f 339 340 168
f 340 341 167
f 341 342 166
f 342 343 165
f 343 344 164
f 344 345 163
f 345 346 162
f 346 347 161
f 347 348 160
f 348 349 159
f 349 350 158
f 350 351 157
f 351 352 156
f 352 353 155
f 353 354 154
f 354 355 153
f 355 356 152
f 356 357 151
f 357 358 150
f 358 359 149
f 359 360 148
f 360 361 146
f 361 362 147
f 362 363 289
f 363 364 288
f 364 365 287
f 365 366 286
f 366 367 285
f 367 368 284
f 368 369 283
f 369 370 282
f 370 371 281
f 371 372 280
f 372 373 279
f 373 374 278
f 374 375 277
f 375 376 276
f 376 377 275
f 377 378 274
f 378 379 273
f 379 380 272
f 380 381 271
f 381 382 270
f 382 383 269
f 383 384 268
f 384 385 267
f 385 386 266
f 386 387 265
f 387 388 264
f 388 389 263
f 389 390 262
f 390 391 261
f 391 392 260
f 392 393 259
f 393 394 258
f 394 395 257
f 395 396 256
f 396 397 255
f 397 398 254
f 398 399 253
f 399 400 252
f 400 401 251
f 401 402 250
f 402 403 249
f 403 404 248
f 404 405 247
f 405 406 246
f 406 407 245
f 407 408 244
f 408 409 243
f 409 410 242
f 410 411 241
f 411 412 240
f 412 413 239
f 413 414 238
f 414 415 237
f 415 416 236
f 416 417 235
f 417 418 234
f 418 419 233
f 419 420 232
f 420 421 231
f 421 422 230
f 422 423 229
f 423 424 228
f 424 425 227
f 425 426 226
f 426 427 225
f 427 428 224
f 428 429 223
f 429 430 222
f 430 431 221
f 431 432 220
f 432 433 219
f 433 290 218
f 218 219 433
f 219 220 432
f 220 221 431
f 221 222 430
f 222 223 429
f 223 224 428
f 224 225 427
f 225 226 426
f 226 227 425
f 227 228 424
f 228 229 423
f 229 230 422
f 230 231 421
f 231 232 420
f 232 233 419
f 233 234 418
f 234 235 417
f 235 236 416
f 236 237 415
f 237 238 414
f 238 239 413
f 239 240 412
f 240 241 411
f 241 242 410
f 242 243 409
f 243 244 408
f 244 245 407
f 245 246 406
f 246 247 405
f 247 248 404
f 248 249 403
f 249 250 402
f 250 251 401
f 251 252 400
f 252 253 399
f 253 254 398
f 254 255 397
f 255 256 396
f 256 257 395
f 257 258 394
f 258 259 393
f 259 260 392
f 260 261 391
f 261 262 390
f 262 263 389
f 263 264 388
f 264 265 387
f 265 266 386
f 266 267 385
f 267 268 384
f 268 269 383
f 269 270 382
f 270 271 381
f 271 272 380
f 272 273 379
f 273 274 378
f 274 275 377
f 275 276 376
f 276 277 375
f 277 278 374
f 278 279 373
f 279 280 372
f 280 281 371
f 281 282 370
f 282 283 369
f 283 284 368
f 284 285 367
f 285 286 366
f 286 287 365
f 287 288 364
f 288 289 363
f 289 147 362
f 147 146 361
f 146 148 360
f 148 149 359
f 149 150 358
f 150 151 357
f 151 152 356
f 152 153 355
f 153 154 354
f 154 155 353
f 155 156 352
f 156 157 351
f 157 158 350
f 158 159 349
f 159 160 348
f 160 161 347
f 161 162 346
f 162 163 345
f 163 164 344
f 164 165 343
f 165 166 342
f 166 167 341
f 167 168 340
f 168 169 339
f 169 170 338
f 170 171 337
f 171 172 336
f 172 173 335
f 173 174 334
f 174 175 333
f 175 176 332
f 176 177 331
f 177 178 330
f 178 179 329
f 179 180 328
f 180 181 327
f 181 182 326
f 182 183 325
f 183 184 324
f 184 185 323
f 185 186 322
f 186 187 321
f 187 188 320
f 188 189 319
f 189 190 318
f 190 191 317
f 191 192 316
f 192 193 315
f 193 194 314
f 194 195 313
f 195 196 312
f 196 197 311
f 197 198 310
f 198 199 309
f 199 200 308
f 200 201 307
f 201 202 306
f 202 203 305
f 203 204 304
f 204 205 303
f 205 206 302
f 206 207 301
f 207 208 300
f 208 209 299
f 209 210 298
f 210 211 297
f 211 212 296
f 212 213 295
f 213 214 294
f 214 215 293
f 215 216 292
f 216 217 291
f 217 218 290
f 324 434 435
f 323 436 437
f 438 439 440
f 438 441 442
f 438 443 444
f 438 445 446
f 435 325 324
f 323 447 448
f 323 449 436
f 323 450 451
f 323 452 453
f 328 327 454
f 442 439 438
f 446 443 438
f 438 455 456
f 448 434 323
f 323 457 449
f 453 450 323
f 327 326 458
f 459 329 328
f 438 460 461
f 444 441 438
f 456 462 438
f 463 464 465
f 466 323 322
f 323 467 447
f 451 457 323
f 323 466 468
f 327 469 470
f 458 471 327
f 472 458 326
f 330 473 474
f 459 330 329
f 438 475 460
f 462 445 438
f 463 476 464
f 463 477 478
f 463 479 480
f 330 481 482
f 330 483 484
f 330 485 486
f 466 320 319
f 322 321 466
f 437 467 323
f 468 487 323
f 318 488 489
f 470 490 327
f 326 325 472
f 325 491 492
f 325 493 494
f 330 495 473
f 330 496 497
f 454 459 328
f 438 498 499
f 440 475 438
f 438 500 501
f 438 502 503
f 438 504 505
f 438 506 507
f 463 508 509
f 465 510 463
f 480 477 463
f 463 511 512
f 330 513 514
f 330 515 516
f 482 517 330
f 517 515 330
f 486 483 330
f 321 320 466
f 487 452 323
f 489 518 318
f 471 469 327
f 494 491 325
f 330 519 520
f 474 521 330
f 459 496 330
f 438 522 498
f 501 455 438
f 503 523 438
f 507 504 438
f 463 524 525
f 509 526 463
f 463 527 528
f 478 476 463
f 463 529 511
f 512 479 463
f 463 530 531
f 514 463 330
f 514 530 463
f 484 532 330
f 324 323 434
f 518 533 318
f 490 534 327
f 325 435 493
f 520 535 330
f 497 495 330
f 463 344 343
f 463 357 356
f 536 362 361
f 438 537 538
f 461 522 438
f 505 502 438
f 463 539 540
f 463 541 542
f 463 543 544
f 526 524 463
f 528 545 463
f 531 529 463
f 532 481 330
f 533 466 318
f 492 472 325
f 535 546 330
f 521 547 330
f 463 339 338
f 463 341 340
f 343 342 463
f 463 358 357
f 356 355 463
f 463 360 359
f 361 463 536
f 361 360 463
f 536 395 394
f 536 548 397
f 548 411 410
f 548 414 413
f 548 416 415
f 438 306 305
f 438 549 550
f 438 551 537
f 523 500 438
f 438 552 553
f 463 554 555
f 463 556 539
f 463 557 558
f 463 559 541
f 525 543 463
f 510 527 463
f 516 513 330
f 534 454 327
f 547 519 330
f 463 336 335
f 338 337 463
f 337 336 463
f 342 341 463
f 355 354 463
f 536 364 363
f 536 373 372
f 394 393 536
f 397 396 536
f 548 412 411
f 415 414 548
f 305 304 438
f 550 560 438
f 560 561 438
f 499 551 438
f 553 562 438
f 555 438 463
f 558 556 463
f 544 559 463
f 463 563 564
f 546 485 330
f 463 333 332
f 335 334 463
f 334 333 463
f 340 339 463
f 463 351 350
f 463 353 352
f 359 358 463
f 536 365 364
f 536 367 366
f 536 370 369
f 372 371 536
f 536 377 376
f 536 389 388
f 396 395 536
f 548 399 398
f 548 401 400
f 548 409 408
f 413 412 548
f 438 293 292
f 438 299 298
f 438 302 301
f 304 303 438
f 438 312 311
f 438 314 313
f 562 506 438
f 463 565 554
f 542 557 463
f 463 566 567
f 463 568 563
f 488 318 317
f 319 318 466
f 332 331 463
f 331 330 463
f 463 347 346
f 350 349 463
f 349 348 463
f 316 569 570
f 316 438 571
f 463 354 353
f 352 351 463
f 363 362 536
f 536 368 367
f 371 370 536
f 376 375 536
f 536 383 382
f 536 390 389
f 536 392 391
f 398 397 548
f 548 402 401
f 548 407 406
f 410 409 548
f 548 418 417
f 438 294 293
f 292 548 438
f 438 296 295
f 438 300 299
f 298 297 438
f 303 302 438
f 438 309 308
f 313 312 438
f 311 310 438
f 538 549 438
f 540 565 463
f 564 566 463
f 463 572 573
f 545 572 463
f 346 345 463
f 316 574 575
f 570 576 316
f 576 574 316
f 438 577 571
f 571 569 316
f 369 368 536
f 375 374 536
f 536 379 378
f 536 381 380
f 536 384 383
f 536 387 386
f 391 390 536
f 400 399 548
f 548 404 403
f 406 405 548
f 417 416 548
f 548 420 419
f 548 423 422
f 548 431 430
f 292 291 548
f 438 297 296
f 295 294 438
f 301 300 438
f 308 307 438
f 555 552 438
f 573 568 463
f 348 347 463
f 316 578 579
f 575 580 316
f 580 578 316
f 366 365 536
f 378 377 536
f 382 381 536
f 386 385 536
f 393 392 536
f 405 404 548
f 419 418 548
f 422 421 548
f 548 428 427
f 430 429 548
f 548 433 432
f 291 290 548
f 310 309 438
f 438 316 315
f 567 508 463
f 345 344 463
f 579 488 316
f 438 581 577
f 374 373 536
f 385 384 536
f 403 402 548
f 421 420 548
f 548 426 425
f 429 428 548
f 548 290 433
f 432 431 548
f 315 314 438
f 317 316 488
f 380 379 536
f 408 407 548
f 425 424 548
f 427 426 548
f 307 306 438
f 388 387 536
f 561 581 438
f 424 423 548
f 582 583 438
f 438 548 582
f 584 585 536
f 536 463 584
f 586 587 585
f 585 584 586
f 588 589 587
f 587 586 588
f 590 591 589
f 589 588 590
f 592 593 591
f 591 590 592
f 594 595 583
f 583 582 594
f 596 597 595
f 595 594 596
f 581 561 598
f 561 560 599
f 560 550 600
f 550 549 601
f 549 538 602
f 538 537 603
f 537 551 604
f 551 499 605
f 499 498 606
f 498 522 607
f 522 461 608
f 461 460 609
f 460 475 610
f 475 440 611
f 440 439 612
f 439 442 613
f 442 441 614
f 441 444 615
f 444 443 616
f 443 446 617
f 446 445 618
f 445 462 619
f 462 456 620
f 456 455 621
f 455 501 622
f 501 500 623
f 500 523 624
f 523 503 625
f 503 502 626
f 502 505 627
f 505 504 628
f 504 507 629
f 507 506 630
f 506 562 631
f 562 553 632
f 553 552 633
f 552 555 634
f 555 554 635
f 554 565 636
f 565 540 637
f 540 539 638
f 539 556 639
f 556 558 640
f 558 557 641
f 557 542 642
f 542 541 643
f 541 559 644
f 559 544 645
f 544 543 646
f 543 525 647
f 525 524 648
f 524 526 649
f 526 509 650
f 509 508 651
f 508 567 652
f 567 566 653
f 566 564 654
f 564 563 655
f 563 568 656
f 568 573 657
f 573 572 658
f 572 545 659
f 545 528 660
f 528 527 661
f 527 510 662
f 510 465 663
f 465 464 664
f 464 476 665
f 476 478 666
f 478 477 667
f 477 480 668
f 480 479 669
f 479 512 670
f 512 511 671
f 511 529 672
f 529 531 673
f 531 530 674
f 530 514 675
f 514 513 676
f 513 516 677
f 516 515 678
f 515 517 679
f 517 482 680
f 482 481 681
f 481 532 682
f 532 484 683
f 484 483 684
f 483 486 685
f 486 485 686
f 485 546 687
f 546 535 688
f 535 520 689
f 520 519 690
f 519 547 691
f 547 521 692
f 521 474 693
f 474 473 694
f 473 495 695
f 495 497 696
f 497 496 697
f 496 459 698
f 459 454 699
f 454 534 700
f 534 490 701
f 490 470 702
f 470 469 703
f 469 471 704
f 471 458 705
f 458 472 706
f 472 492 707
f 492 491 708
f 491 494 709
f 494 493 710
f 493 435 711
f 435 434 712
f 434 448 713
f 448 447 714
f 447 467 715
f 467 437 716
f 437 436 717
f 436 449 718
f 449 457 719
f 457 451 720
f 451 450 721
f 450 453 722
f 453 452 723
f 452 487 724
f 487 468 725
f 468 466 726
f 466 533 727
f 533 518 728
f 518 489 729
f 489 488 730
f 488 579 731
f 579 578 732
f 578 580 733
f 580 575 734
f 575 574 735
f 574 576 736
f 576 570 737
f 570 569 738
f 569 571 739
f 571 577 740
f 577 581 741
f 741 740 577
f 740 739 571
f 739 738 569
f 738 737 570
f 737 736 576
f 736 735 574
f 735 734 575
f 734 733 580
f 733 732 578
f 732 731 579
f 731 730 488
f 730 729 489
f 729 728 518
f 728 727 533
f 727 726 466
f 726 725 468
f 725 724 487
f 724 723 452
f 723 722 453
f 722 721 450
f 721 720 451
f 720 719 457
f 719 718 449
f 718 717 436
f 717 716 437
f 716 715 467
f 715 714 447
f 714 713 448
f 713 712 434
f 712 711 435
f 711 710 493
f 710 709 494
f 709 708 491
f 708 707 492
f 707 706 472
f 706 705 458
f 705 704 471
f 704 703 469
f 703 702 470
f 702 701 490
f 701 700 534
f 700 699 454
f 699 698 459
f 698 697 496
f 697 696 497
f 696 695 495
f 695 694 473
f 694 693 474
f 693 692 521
f 692 691 547
f 691 690 519
f 690 689 520
f 689 688 535
f 688 687 546
f 687 686 485
f 686 685 486
f 685 684 483
f 684 683 484
f 683 682 532
f 682 681 481
f 681 680 482
f 680 679 517
f 679 678 515
f 678 677 516
f 677 676 513
f 676 675 514
f 675 674 530
f 674 673 531
f 673 672 529
f 672 671 511
f 671 670 512
f 670 669 479
f 669 668 480
f 668 667 477
f 667 666 478
f 666 665 476
f 665 664 464
f 664 663 465
f 663 662 510
f 662 661 527
f 661 660 528
f 660 659 545
f 659 658 572
f 658 657 573
f 657 656 568
f 656 655 563
f 655 654 564
f 654 653 566
f 653 652 567
f 652 651 508
f 651 650 509
f 650 649 526
f 649 648 524
f 648 647 525
f 647 646 543
f 646 645 544
f 645 644 559
f 644 643 541
f 643 642 542
f 642 641 557
f 641 640 558
f 640 639 556
f 639 638 539
f 638 637 540
f 637 636 565
f 636 635 554
f 635 634 555
f 634 633 552
f 633 632 553
f 632 631 562
f 631 630 506
f 630 629 507
f 629 628 504
f 628 627 505
f 627 626 502
f 626 625 503
f 625 624 523
f 624 623 500
f 623 622 501
f 622 621 455
f 621 620 456
f 620 619 462
f 619 618 445
f 618 617 446
f 617 616 443
f 616 615 444
f 615 614 441
f 614 613 442
f 613 612 439
f 612 611 440
f 611 610 475
f 610 609 460
f 609 608 461
f 608 607 522
f 607 606 498
f 606 605 499
f 605 604 551
f 604 603 537
f 603 602 538
f 602 601 549
f 601 600 550
f 600 599 560
f 599 598 561
f 598 741 581
f 668 669 742
f 667 668 743
f 666 667 744
f 665 666 745
f 664 665 746
f 663 664 747
f 662 663 748
f 661 662 749
f 660 661 750
f 659 660 751
f 658 659 752
f 657 658 753
f 656 657 754
f 655 656 755
f 654 655 756
f 653 654 757
f 652 653 758
f 651 652 759
f 650 651 760
f 649 650 761
f 648 649 762
f 647 648 763
f 646 647 764
f 645 646 765
f 644 645 766
f 643 644 767
f 642 643 768
f 641 642 769
f 640 641 770
f 639 640 771
f 638 639 772
f 637 638 773
f 636 637 774
f 635 636 775
f 634 635 776
f 633 634 777
f 632 633 778
f 631 632 779
f 630 631 780
f 629 630 781
f 628 629 782
f 627 628 783
f 626 627 784
f 625 626 785
f 624 625 786
f 623 624 787
f 622 623 788
f 621 622 789
f 620 621 790
f 619 620 791
f 618 619 792
f 617 618 793
f 616 617 794
f 615 616 795
f 614 615 796
f 613 614 797
f 612 613 798
f 611 612 799
f 610 611 800
f 609 610 801
f 608 609 802
f 607 608 803
f 606 607 804
f 605 606 805
f 604 605 806
f 603 604 807
f 602 603 808
f 601 602 809
f 600 601 810
f 599 600 811
f 598 599 812
f 741 598 813
f 740 741 814
f 739 740 815
f 738 739 816
f 737 738 817
f 736 737 818
f 735 736 819
f 734 735 820
f 733 734 821
f 732 733 822
f 731 732 823
f 730 731 824
f 729 730 825
f 728 729 826
f 727 728 827
f 726 727 828
f 725 726 829
f 724 725 830
f 723 724 831
f 722 723 832
f 721 722 833
f 720 721 834
f 719 720 835
f 718 719 836
f 717 718 837
f 716 717 838
f 715 716 839
f 714 715 840
f 713 714 841
f 712 713 842
f 711 712 843
f 710 711 844
f 709 710 845
f 708 709 846
f 707 708 847
f 706 707 848
f 705 706 849
f 704 705 850
f 703 704 851
f 702 703 852
f 701 702 853
f 700 701 854
f 699 700 855
f 698 699 856
f 697 698 857
f 696 697 858
f 695 696 859
f 694 695 860
f 693 694 861
f 692 693 862
f 691 692 863
f 690 691 864
f 689 690 865
f 688 689 866
f 687 688 867
f 686 687 868
f 685 686 869
f 684 685 870
f 683 684 871
f 682 683 872
f 681 682 873
f 680 681 874
f 679 680 875
f 678 679 876
f 677 678 877
f 676 677 878
f 675 676 879
f 674 675 880
f 673 674 881
f 672 673 882
f 671 672 883
f 670 671 884
f 669 670 885
f 885 742 669
f 884 885 670
f 883 884 671
f 882 883 672
f 881 882 673
f 880 881 674
f 879 880 675
f 878 879 676
f 877 878 677
f 876 877 678
f 875 876 679
f 874 875 680
f 873 874 681
f 872 873 682
f 871 872 683
f 870 871 684
f 869 870 685
f 868 869 686
f 867 868 687
f 866 867 688
f 865 866 689
f 864 865 690
f 863 864 691
f 862 863 692
f 861 862 693
f 860 861 694
f 859 860 695
f 858 859 696
f 857 858 697
f 856 857 698
f 855 856 699
f 854 855 700
f 853 854 701
f 852 853 702
f 851 852 703
f 850 851 704
f 849 850 705
f 848 849 706
f 847 848 707
f 846 847 708
f 845 846 709
f 844 845 710
f 843 844 711
f 842 843 712
f 841 842 713
f 840 841 714
f 839 840 715
f 838 839 716
f 837 838 717
f 836 837 718
f 835 836 719
f 834 835 720
f 833 834 721
f 832 833 722
f 831 832 723
f 830 831 724
f 829 830 725
f 828 829 726
f 827 828 727
f 826 827 728
f 825 826 729
f 824 825 730
f 823 824 731
f 822 823 732
f 821 822 733
f 820 821 734
f 819 820 735
f 818 819 736
f 817 818 737
f 816 817 738
f 815 816 739
f 814 815 740
f 813 814 741
f 812 813 598
f 811 812 599
f 810 811 600
f 809 810 601
f 808 809 602
f 807 808 603
f 806 807 604
f 805 806 605
f 804 805 606
f 803 804 607
f 802 803 608
f 801 802 609
f 800 801 610
f 799 800 611
f 798 799 612
f 797 798 613
f 796 797 614
f 795 796 615
f 794 795 616
f 793 794 617
f 792 793 618
f 791 792 619
f 790 791 620
f 789 790 621
f 788 789 622
f 787 788 623
f 786 787 624
f 785 786 625
f 784 785 626
f 783 784 627
f 782 783 628
f 781 782 629
f 780 781 630
f 779 780 631
f 778 779 632
f 777 778 633
f 776 777 634
f 775 776 635
f 774 775 636
f 773 774 637
f 772 773 638
f 771 772 639
f 770 771 640
f 769 770 641
f 768 769 642
f 767 768 643
f 766 767 644
f 765 766 645
f 764 765 646
f 763 764 647
f 762 763 648
f 761 762 649
f 760 761 650
f 759 760 651
f 758 759 652
f 757 758 653
f 756 757 654
f 755 756 655
f 754 755 656
f 753 754 657
f 752 753 658
f 751 752 659
f 750 751 660
f 749 750 661
f 748 749 662
f 747 748 663
f 746 747 664
f 745 746 665
f 744 745 666
f 743 744 667
f 742 743 668
f 886 813 812
f 812 811 886
f 811 810 886
f 810 809 886
f 809 808 886
f 808 807 886
f 807 806 886
f 806 805 886
f 805 804 886
f 804 803 886
f 803 802 886
f 802 801 886
f 801 800 886
f 800 799 886
f 799 798 886
f 798 797 886
f 797 796 886
f 796 795 886
f 795 794 886
f 794 793 886
f 793 792 886
f 792 791 886
f 791 790 886
f 790 789 886
f 789 788 886
f 788 787 886
f 787 786 886
f 786 785 886
f 785 784 886
f 784 783 886
f 783 782 886
f 782 781 886
f 781 780 886
f 780 779 886
f 779 778 886
f 778 777 886
f 777 776 886
f 776 775 886
f 775 774 886
f 774 773 886
f 773 772 886
f 772 771 886
f 771 770 886
f 770 769 886
f 769 768 886
f 768 767 886
f 767 766 886
f 766 765 886
f 765 764 886
f 764 763 886
f 763 762 886
f 762 761 886
f 761 760 886
f 760 759 886
f 759 758 886
f 758 757 886
f 757 756 886
f 756 755 886
f 755 754 886
f 754 753 886
f 753 752 886
f 752 751 886
f 751 750 886
f 750 749 886
f 749 748 886
f 748 747 886
f 747 746 886
f 746 745 886
f 745 744 886
f 744 743 886
f 743 742 886
f 742 885 886
f 885 884 886
f 884 883 886
f 883 882 886
f 882 881 886
f 881 880 886
f 880 879 886
f 879 878 886
f 878 877 886
f 877 876 886
f 876 875 886
f 875 874 886
f 874 873 886
f 873 872 886
f 872 871 886
f 871 870 886
f 870 869 886
f 869 868 886
f 868 867 886
f 867 866 886
f 866 865 886
f 865 864 886
f 864 863 886
f 863 862 886
f 862 861 886
f 861 860 886
f 860 859 886
f 859 858 886
f 858 857 886
f 857 856 886
f 856 855 886
f 855 854 886
f 854 853 886
f 853 852 886
f 852 851 886
f 851 850 886
f 850 849 886
f 849 848 886
f 848 847 886
f 847 846 886
f 846 845 886
f 845 844 886
f 844 843 886
f 843 842 886
f 842 841 886
f 841 840 886
f 840 839 886
f 839 838 886
f 838 837 886
f 837 836 886
f 836 835 886
f 835 834 886
f 834 833 886
f 833 832 886
f 832 831 886
f 831 830 886
f 830 829 886
f 829 828 886
f 828 827 886
f 827 826 886
f 826 825 886
f 825 824 886
f 824 823 886
f 823 822 886
f 822 821 886
f 821 820 886
f 820 819 886
f 819 818 886
f 818 817 886
f 817 816 886
f 816 815 886
f 815 814 886
f 814 813 886
f 887 888 889
f 592 890 891
f 887 892 893
f 889 894 887
f 887 895 896
f 897 898 899
f 900 901 902
f 903 904 905
f 903 906 907
f 903 908 909
f 903 910 911
f 891 903 592
f 891 910 903
f 912 902 913
f 914 915 916
f 894 892 887
f 887 917 918
f 887 919 920
f 887 921 922
f 896 923 887
f 923 924 887
f 887 925 926
f 899 925 897
f 887 927 928
f 887 929 930
f 902 912 900
f 905 931 903
f 931 932 903
f 909 906 903
f 907 904 903
f 911 908 903
f 912 933 934
f 912 935 936
f 912 937 938
f 913 939 912
f 940 941 942
f 914 943 915
f 944 940 945
f 887 946 888
f 920 917 887
f 887 947 921
f 887 948 949
f 887 950 951
f 924 950 887
f 899 898 952
f 925 887 897
f 930 927 887
f 887 953 954
f 592 955 956
f 900 957 901
f 592 958 959
f 960 961 962
f 936 933 912
f 912 963 964
f 939 937 912
f 940 965 966
f 942 967 940
f 968 942 941
f 969 970 971
f 914 972 973
f 914 974 975
f 916 976 914
f 977 978 944
f 887 979 980
f 887 981 982
f 887 983 984
f 918 946 887
f 949 947 887
f 887 985 986
f 926 895 887
f 952 987 899
f 887 988 989
f 954 929 887
f 928 988 887
f 887 990 991
f 593 992 993
f 956 593 592
f 956 994 593
f 592 995 996
f 592 903 997
f 932 901 903
f 959 890 592
f 962 969 960
f 912 998 999
f 934 1000 912
f 938 963 912
f 966 1001 940
f 941 969 968
f 969 1002 970
f 914 1003 1004
f 973 1005 914
f 1005 1003 914
f 914 1006 1007
f 914 1008 974
f 976 1009 914
f 914 1010 1011
f 977 914 978
f 887 1012 979
f 887 1013 1014
f 887 1015 981
f 893 983 887
f 986 948 887
f 989 1016 887
f 1016 897 887
f 991 953 887
f 1017 1018 1019
f 1017 1020 1021
f 592 1022 1023
f 592 1024 1025
f 993 1026 593
f 1026 1027 593
f 994 992 593
f 592 1028 1029
f 997 995 592
f 999 961 912
f 964 935 912
f 967 965 940
f 969 1030 1002
f 914 1031 1032
f 914 1033 1034
f 914 1035 1036
f 1004 1037 914
f 1007 972 914
f 975 1038 914
f 1011 943 914
f 945 977 944
f 1014 1012 887
f 984 1015 887
f 951 985 887
f 887 1039 1040
f 1019 887 1017
f 1021 1041 1017
f 1017 1042 1043
f 1023 1044 592
f 592 1045 1024
f 592 1046 1047
f 592 1048 1049
f 592 1050 1051
f 1029 1052 592
f 1052 1053 592
f 592 1054 1055
f 957 903 901
f 1000 998 912
f 1001 1056 940
f 969 962 1030
f 1034 1031 914
f 1032 899 914
f 1037 1035 914
f 1038 1006 914
f 977 1010 914
f 899 1057 1058
f 982 1013 887
f 887 1059 1060
f 1019 1039 887
f 1017 1061 1062
f 1041 1063 1017
f 1017 1064 1042
f 1025 1022 592
f 592 1065 1066
f 592 1067 1068
f 592 1069 1070
f 592 1071 1072
f 592 1073 1074
f 1047 1075 592
f 1075 955 592
f 1051 1048 592
f 592 1076 1077
f 592 1053 1078
f 1055 1028 592
f 592 1079 1080
f 960 912 961
f 971 968 969
f 1036 1033 914
f 1009 1008 914
f 887 1081 1082
f 899 987 1057
f 922 919 887
f 887 1083 1084
f 887 1085 1086
f 1040 1059 887
f 1063 1061 1017
f 1017 1087 1088
f 1017 1089 1064
f 1017 1090 1091
f 1044 1092 592
f 1066 1093 592
f 1068 1094 592
f 592 1095 1096
f 1070 1097 592
f 1074 1071 592
f 1077 1050 592
f 1080 1098 592
f 1056 945 940
f 887 1099 1081
f 980 1099 887
f 1084 1100 887
f 1100 990 887
f 1086 1101 887
f 1101 1083 887
f 887 1102 1103
f 1062 1018 1017
f 1043 1087 1017
f 1017 1104 1105
f 1017 1106 1107
f 1091 1108 1017
f 1017 1109 1110
f 1017 1111 1112
f 1093 1045 592
f 1096 1067 592
f 592 1113 1114
f 1097 1115 592
f 1072 1116 592
f 592 1117 1118
f 592 887 1119
f 1049 1046 592
f 1098 1054 592
f 1058 914 899
f 1103 1120 887
f 1120 1085 887
f 1088 1020 1017
f 1105 1121 1017
f 1017 1122 1106
f 1017 1123 1124
f 1110 1090 1017
f 1112 1125 1017
f 593 1126 1127
f 1094 1065 592
f 1115 1113 592
f 592 1128 1073
f 592 1129 1130
f 1118 1131 592
f 887 1132 1119
f 1078 1076 592
f 1082 1132 887
f 1121 1089 1017
f 1017 1133 1134
f 1124 1122 1017
f 1017 1135 1136
f 1125 1109 1017
f 1017 1137 1138
f 593 1139 1140
f 593 1141 1142
f 593 1143 1144
f 593 1145 1126
f 593 1146 1147
f 593 1148 1149
f 1114 1095 592
f 1130 1128 592
f 1131 1150 592
f 1119 1151 592
f 996 1079 592
f 1060 1102 887
f 1107 1133 1017
f 1136 1152 1017
f 1138 1111 1017
f 1017 1140 1153
f 593 1154 1139
f 593 1155 1156
f 593 1157 1158
f 593 1159 1160
f 1144 1141 593
f 1127 1161 593
f 593 1162 1163
f 593 1164 1165
f 1149 1146 593
f 1116 1069 592
f 1151 1117 592
f 1152 1123 1017
f 1153 1137 1017
f 593 1166 1154
f 593 1167 1155
f 593 1168 1169
f 1158 1170 593
f 1142 1159 593
f 593 1171 1172
f 1163 1145 593
f 1147 1164 593
f 593 1173 1174
f 1150 1129 592
f 1134 1104 1017
f 1140 1017 593
f 1169 1167 593
f 593 1175 1176
f 1160 1157 593
f 1161 1171 593
f 1174 1148 593
f 1027 1173 593
f 1156 1166 593
f 1170 1175 593
f 1165 1162 593
f 1108 1135 1017
f 1172 1143 593
f 1176 1168 593
f 1092 958 592
f 1017 887 1177
f 1177 1178 1017
f 1178 1177 1179
f 1179 1180 1178
f 1180 1179 1181
f 1181 1182 1180
f 958 1092 1183
f 1092 1044 1184
f 1044 1023 1185
f 1023 1022 1186
f 1022 1025 1187
f 1025 1024 1188
f 1024 1045 1189
f 1045 1093 1190
f 1093 1066 1191
f 1066 1065 1192
f 1065 1094 1193
f 1094 1068 1194
f 1068 1067 1195
f 1067 1096 1196
f 1096 1095 1197
f 1095 1114 1198
f 1114 1113 1199
f 1113 1115 1200
f 1115 1097 1201
f 1097 1070 1202
f 1070 1069 1203
f 1069 1116 1204
f 1116 1072 1205
f 1072 1071 1206
f 1071 1074 1207
f 1074 1073 1208
f 1073 1128 1209
f 1128 1130 1210
f 1130 1129 1211
f 1129 1150 1212
f 1150 1131 1213
f 1131 1118 1214
f 1118 1117 1215
f 1117 1151 1216
f 1151 1119 1217
f 1119 1132 1218
f 1132 1082 1219
f 1082 1081 1220
f 1081 1099 1221
f 1099 980 1222
f 980 979 1223
f 979 1012 1224
f 1012 1014 1225
f 1014 1013 1226
f 1013 982 1227
f 982 981 1228
f 981 1015 1229
f 1015 984 1230
f 984 983 1231
f 983 893 1232
f 893 892 1233
f 892 894 1234
f 894 889 1235
f 889 888 1236
f 888 946 1237
f 946 918 1238
f 918 917 1239
f 917 920 1240
f 920 919 1241
f 919 922 1242
f 922 921 1243
f 921 947 1244
f 947 949 1245
f 949 948 1246
f 948 986 1247
f 986 985 1248
f 985 951 1249
f 951 950 1250
f 950 924 1251
f 924 923 1252
f 923 896 1253
f 896 895 1254
f 895 926 1255
f 926 925 1256
f 925 899 1257
f 899 1032 1258
f 1032 1031 1259
f 1031 1034 1260
f 1034 1033 1261
f 1033 1036 1262
f 1036 1035 1263
f 1035 1037 1264
f 1037 1004 1265
f 1004 1003 1266
f 1003 1005 1267
f 1005 973 1268
f 973 972 1269
f 972 1007 1270
f 1007 1006 1271
f 1006 1038 1272
f 1038 975 1273
f 975 974 1274
f 974 1008 1275
f 1008 1009 1276
f 1009 976 1277
f 976 916 1278
f 916 915 1279
f 915 943 1280
f 943 1011 1281
f 1011 1010 1282
f 1010 977 1283
f 977 945 1284
f 945 1056 1285
f 1056 1001 1286
f 1001 966 1287
f 966 965 1288
f 965 967 1289
f 967 942 1290
f 942 968 1291
f 968 971 1292
f 971 970 1293
f 970 1002 1294
f 1002 1030 1295
f 1030 962 1296
f 962 961 1297
f 961 999 1298
f 999 998 1299
f 998 1000 1300
f 1000 934 1301
f 934 933 1302
f 933 936 1303
f 936 935 1304
f 935 964 1305
f 964 963 1306
f 963 938 1307
f 938 937 1308
f 937 939 1309
f 939 913 1310
f 913 902 1311
f 902 901 1312
f 901 932 1313
f 932 931 1314
f 931 905 1315
f 905 904 1316
f 904 907 1317
f 907 906 1318
f 906 909 1319
f 909 908 1320
f 908 911 1321
f 911 910 1322
f 910 891 1323
f 891 890 1324
f 890 959 1325
f 959 958 1326
f 1326 1325 959
f 1325 1324 890
f 1324 1323 891
f 1323 1322 910
f 1322 1321 911
f 1321 1320 908
f 1320 1319 909
f 1319 1318 906
f 1318 1317 907
f 1317 1316 904
f 1316 1315 905
f 1315 1314 931
f 1314 1313 932
f 1313 1312 901
f 1312 1311 902
f 1311 1310 913
f 1310 1309 939
f 1309 1308 937
f 1308 1307 938
f 1307 1306 963
f 1306 1305 964
f 1305 1304 935
f 1304 1303 936
f 1303 1302 933
f 1302 1301 934
f 1301 1300 1000
f 1300 1299 998
f 1299 1298 999
f 1298 1297 961
f 1297 1296 962
f 1296 1295 1030
f 1295 1294 1002
f 1294 1293 970
f 1293 1292 971
f 1292 1291 968
f 1291 1290 942
f 1290 1289 967
f 1289 1288 965
f 1288 1287 966
f 1287 1286 1001
f 1286 1285 1056
f 1285 1284 945
f 1284 1283 977
f 1283 1282 1010
f 1282 1281 1011
f 1281 1280 943
f 1280 1279 915
f 1279 1278 916
f 1278 1277 976
f 1277 1276 1009
f 1276 1275 1008
f 1275 1274 974
f 1274 1273 975
f 1273 1272 1038
f 1272 1271 1006
f 1271 1270 1007
f 1270 1269 972
f 1269 1268 973
f 1268 1267 1005
f 1267 1266 1003
f 1266 1265 1004
f 1265 1264 1037
f 1264 1263 1035
f 1263 1262 1036
f 1262 1261 1033
f 1261 1260 1034
f 1260 1259 1031
f 1259 1258 1032
f 1258 1257 899
f 1257 1256 925
f 1256 1255 926
f 1255 1254 895
f 1254 1253 896
f 1253 1252 923
f 1252 1251 924
f 1251 1250 950
f 1250 1249 951
f 1249 1248 985
f 1248 1247 986
f 1247 1246 948
f 1246 1245 949
f 1245 1244 947
f 1244 1243 921
f 1243 1242 922
f 1242 1241 919
f 1241 1240 920
f 1240 1239 917
f 1239 1238 918
f 1238 1237 946
f 1237 1236 888
f 1236 1235 889
f 1235 1234 894
f 1234 1233 892
f 1233 1232 893
f 1232 1231 983
f 1231 1230 984
f 1230 1229 1015
f 1229 1228 981
f 1228 1227 982
f 1227 1226 1013
f 1226 1225 1014
f 1225 1224 1012
f 1224 1223 979
f 1223 1222 980
f 1222 1221 1099
f 1221 1220 1081
f 1220 1219 1082
f 1219 1218 1132
f 1218 1217 1119
f 1217 1216 1151
f 1216 1215 1117
f 1215 1214 1118
f 1214 1213 1131
f 1213 1212 1150
f 1212 1211 1129
f 1211 1210 1130
f 1210 1209 1128
f 1209 1208 1073
f 1208 1207 1074
f 1207 1206 1071
f 1206 1205 1072
f 1205 1204 1116
f 1204 1203 1069
f 1203 1202 1070
f 1202 1201 1097
f 1201 1200 1115
f 1200 1199 1113
f 1199 1198 1114
f 1198 1197 1095
f 1197 1196 1096
f 1196 1195 1067
f 1195 1194 1068
f 1194 1193 1094
f 1193 1192 1065
f 1192 1191 1066
f 1191 1190 1093
f 1190 1189 1045
f 1189 1188 1024
f 1188 1187 1025
f 1187 1186 1022
f 1186 1185 1023
f 1185 1184 1044
f 1184 1183 1092
f 1183 1326 958
f 1253 1254 1327
f 1252 1253 1328
f 1251 1252 1329
f 1250 1251 1330
f 1249 1250 1331
f 1248 1249 1332
f 1247 1248 1333
f 1246 1247 1334
f 1245 1246 1335
f 1244 1245 1336
f 1243 1244 1337
f 1242 1243 1338
f 1241 1242 1339
f 1240 1241 1340
f 1239 1240 1341
f 1238 1239 1342
f 1237 1238 1343
f 1236 1237 1344
f 1235 1236 1345
f 1234 1235 1346
f 1233 1234 1347
f 1232 1233 1348
f 1231 1232 1349
f 1230 1231 1350
f 1229 1230 1351
f 1228 1229 1352
f 1227 1228 1353
f 1226 1227 1354
f 1225 1226 1355
f 1224 1225 1356
f 1223 1224 1357
f 1222 1223 1358
f 1221 1222 1359
f 1220 1221 1360
f 1219 1220 1361
f 1218 1219 1362
f 1217 1218 1363
f 1216 1217 1364
f 1215 1216 1365
f 1214 1215 1366
f 1213 1214 1367
f 1212 1213 1368
f 1211 1212 1369
f 1210 1211 1370
f 1209 1210 1371
f 1208 1209 1372
f 1207 1208 1373
f 1206 1207 1374
f 1205 1206 1375
f 1204 1205 1376
f 1203 1204 1377
f 1202 1203 1378
f 1201 1202 1379
f 1200 1201 1380
f 1199 1200 1381
f 1198 1199 1382
f 1197 1198 1383
f 1196 1197 1384
f 1195 1196 1385
f 1194 1195 1386
f 1193 1194 1387
f 1192 1193 1388
f 1191 1192 1389
f 1190 1191 1390
f 1189 1190 1391
f 1188 1189 1392
f 1187 1188 1393
f 1186 1187 1394
f 1185 1186 1395
f 1184 1185 1396
f 1183 1184 1397
f 1326 1183 1398
f 1325 1326 1399
f 1324 1325 1400
f 1323 1324 1401
f 1322 1323 1402
f 1321 1322 1403
f 1320 1321 1404
f 1319 1320 1405
f 1318 1319 1406
f 1317 1318 1407
f 1316 1317 1408
f 1315 1316 1409
f 1314 1315 1410
f 1313 1314 1411
f 1312 1313 1412
f 1311 1312 1413
f 1310 1311 1414
f 1309 1310 1415
f 1308 1309 1416
f 1307 1308 1417
f 1306 1307 1418
f 1305 1306 1419
f 1304 1305 1420
f 1303 1304 1421
f 1302 1303 1422
f 1301 1302 1423
f 1300 1301 1424
f 1299 1300 1425
f 1298 1299 1426
f 1297 1298 1427
f 1296 1297 1428
f 1295 1296 1429
f 1294 1295 1430
f 1293 1294 1431
f 1292 1293 1432
f 1291 1292 1433
f 1290 1291 1434
f 1289 1290 1435
f 1288 1289 1436
f 1287 1288 1437
f 1286 1287 1438
f 1285 1286 1439
f 1284 1285 1440
f 1283 1284 1441
f 1282 1283 1442
f 1281 1282 1443
f 1280 1281 1444
f 1279 1280 1445
f 1278 1279 1446
f 1277 1278 1447
f 1276 1277 1448
f 1275 1276 1449
f 1274 1275 1450
f 1273 1274 1451
f 1272 1273 1452
f 1271 1272 1453
f 1270 1271 1454
f 1269 1270 1455
f 1268 1269 1456
f 1267 1268 1457
f 1266 1267 1458
f 1265 1266 1459
f 1264 1265 1460
f 1263 1264 1461
f 1262 1263 1462
f 1261 1262 1463
f 1260 1261 1464
f 1259 1260 1465
f 1258 1259 1466
f 1257 1258 1467
f 1256 1257 1468
f 1255 1256 1469
f 1254 1255 1470
f 1470 1327 1254
f 1469 1470 1255
f 1468 1469 1256
f 1467 1468 1257
f 1466 1467 1258
f 1465 1466 1259
f 1464 1465 1260
f 1463 1464 1261
f 1462 1463 1262
f 1461 1462 1263
f 1460 1461 1264
f 1459 1460 1265
f 1458 1459 1266
f 1457 1458 1267
f 1456 1457 1268
f 1455 1456 1269
f 1454 1455 1270
f 1453 1454 1271
f 1452 1453 1272
f 1451 1452 1273
f 1450 1451 1274
f 1449 1450 1275
f 1448 1449 1276
f 1447 1448 1277
f 1446 1447 1278
f 1445 1446 1279
f 1444 1445 1280
f 1443 1444 1281
f 1442 1443 1282
f 1441 1442 1283
f 1440 1441 1284
f 1439 1440 1285
f 1438 1439 1286
f 1437 1438 1287
f 1436 1437 1288
f 1435 1436 1289
f 1434 1435 1290
f 1433 1434 1291
f 1432 1433 1292
f 1431 1432 1293
f 1430 1431 1294
f 1429 1430 1295
f 1428 1429 1296
f 1427 1428 1297
f 1426 1427 1298
f 1425 1426 1299
f 1424 1425 1300
f 1423 1424 1301
f 1422 1423 1302
f 1421 1422 1303
f 1420 1421 1304
f 1419 1420 1305
f 1418 1419 1306
f 1417 1418 1307
f 1416 1417 1308
f 1415 1416 1309
f 1414 1415 1310
f 1413 1414 1311
f 1412 1413 1312
f 1411 1412 1313
f 1410 1411 1314
f 1409 1410 1315
f 1408 1409 1316
f 1407 1408 1317
f 1406 1407 1318
f 1405 1406 1319
f 1404 1405 1320
f 1403 1404 1321
f 1402 1403 1322
f 1401 1402 1323
f 1400 1401 1324
f 1399 1400 1325
f 1398 1399 1326
f 1397 1398 1183
f 1396 1397 1184
f 1395 1396 1185
f 1394 1395 1186
f 1393 1394 1187
f 1392 1393 1188
f 1391 1392 1189
f 1390 1391 1190
f 1389 1390 1191
f 1388 1389 1192
f 1387 1388 1193
f 1386 1387 1194
f 1385 1386 1195
f 1384 1385 1196
f 1383 1384 1197
f 1382 1383 1198
f 1381 1382 1199
f 1380 1381 1200
f 1379 1380 1201
f 1378 1379 1202
f 1377 1378 1203
f 1376 1377 1204
f 1375 1376 1205
f 1374 1375 1206
f 1373 1374 1207
f 1372 1373 1208
f 1371 1372 1209
f 1370 1371 1210
f 1369 1370 1211
f 1368 1369 1212
f 1367 1368 1213
f 1366 1367 1214
f 1365 1366 1215
f 1364 1365 1216
f 1363 1364 1217
f 1362 1363 1218
f 1361 1362 1219
f 1360 1361 1220
f 1359 1360 1221
f 1358 1359 1222
f 1357 1358 1223
f 1356 1357 1224
f 1355 1356 1225
f 1354 1355 1226
f 1353 1354 1227
f 1352 1353 1228
f 1351 1352 1229
f 1350 1351 1230
f 1349 1350 1231
f 1348 1349 1232
f 1347 1348 1233
f 1346 1347 1234
f 1345 1346 1235
f 1344 1345 1236
f 1343 1344 1237
f 1342 1343 1238
f 1341 1342 1239
f 1340 1341 1240
f 1339 1340 1241
f 1338 1339 1242
f 1337 1338 1243
f 1336 1337 1244
f 1335 1336 1245
f 1334 1335 1246
f 1333 1334 1247
f 1332 1333 1248
f 1331 1332 1249
f 1330 1331 1250
f 1329 1330 1251
f 1328 1329 1252
f 1327 1328 1253
f 1471 1398 1397
f 1397 1396 1471
f 1396 1395 1471
f 1395 1394 1471
f 1394 1393 1471
f 1393 1392 1471
f 1392 1391 1471
f 1391 1390 1471
f 1390 1389 1471
f 1389 1388 1471
f 1388 1387 1471
f 1387 1386 1471
f 1386 1385 1471
f 1385 1384 1471
f 1384 1383 1471
f 1383 1382 1471
f 1382 1381 1471
f 1381 1380 1471
f 1380 1379 1471
f 1379 1378 1471
f 1378 1377 1471
f 1377 1376 1471
f 1376 1375 1471
f 1375 1374 1471
f 1374 1373 1471
f 1373 1372 1471
f 1372 1371 1471
f 1371 1370 1471
f 1370 1369 1471
f 1369 1368 1471
f 1368 1367 1471
f 1367 1366 1471
f 1366 1365 1471
f 1365 1364 1471
f 1364 1363 1471
f 1363 1362 1471
f 1362 1361 1471
f 1361 1360 1471
f 1360 1359 1471
f 1359 1358 1471
f 1358 1357 1471
f 1357 1356 1471
f 1356 1355 1471
f 1355 1354 1471
f 1354 1353 1471
f 1353 1352 1471
f 1352 1351 1471
f 1351 1350 1471
f 1350 1349 1471
f 1349 1348 1471
f 1348 1347 1471
f 1347 1346 1471
f 1346 1345 1471
f 1345 1344 1471
f 1344 1343 1471
f 1343 1342 1471
f 1342 1341 1471
f 1341 1340 1471
f 1340 1339 1471
f 1339 1338 1471
f 1338 1337 1471
f 1337 1336 1471
f 1336 1335 1471
f 1335 1334 1471
f 1334 1333 1471
f 1333 1332 1471
f 1332 1331 1471
f 1331 1330 1471
f 1330 1329 1471
f 1329 1328 1471
f 1328 1327 1471
f 1327 1470 1471
f 1470 1469 1471
f 1469 1468 1471
f 1468 1467 1471
f 1467 1466 1471
f 1466 1465 1471
f 1465 1464 1471
f 1464 1463 1471
f 1463 1462 1471
f 1462 1461 1471
f 1461 1460 1471
f 1460 1459 1471
f 1459 1458 1471
f 1458 1457 1471
f 1457 1456 1471
f 1456 1455 1471
f 1455 1454 1471
f 1454 1453 1471
f 1453 1452 1471
f 1452 1451 1471
f 1451 1450 1471
f 1450 1449 1471
f 1449 1448 1471
f 1448 1447 1471
f 1447 1446 1471
f 1446 1445 1471
f 1445 1444 1471
f 1444 1443 1471
f 1443 1442 1471
f 1442 1441 1471
f 1441 1440 1471
f 1440 1439 1471
f 1439 1438 1471
f 1438 1437 1471
f 1437 1436 1471
f 1436 1435 1471
f 1435 1434 1471
f 1434 1433 1471
f 1433 1432 1471
f 1432 1431 1471
f 1431 1430 1471
f 1430 1429 1471
f 1429 1428 1471
f 1428 1427 1471
f 1427 1426 1471
f 1426 1425 1471
f 1425 1424 1471
f 1424 1423 1471
f 1423 1422 1471
f 1422 1421 1471
f 1421 1420 1471
f 1420 1419 1471
f 1419 1418 1471
f 1418 1417 1471
f 1417 1416 1471
f 1416 1415 1471
f 1415 1414 1471
f 1414 1413 1471
f 1413 1412 1471
f 1412 1411 1471
f 1411 1410 1471
f 1410 1409 1471
f 1409 1408 1471
f 1408 1407 1471
f 1407 1406 1471
f 1406 1405 1471
f 1405 1404 1471
f 1404 1403 1471
f 1403 1402 1471
f 1402 1401 1471
f 1401 1400 1471
f 1400 1399 1471
f 1399 1398 1471
f 1173 1027 1472
f 1027 1026 1473
f 1026 993 1474
f 993 992 1475
f 992 994 1476
f 994 956 1477
f 956 955 1478
f 955 1075 1479
f 1075 1047 1480
f 1047 1046 1481
f 1046 1049 1482
f 1049 1048 1483
f 1048 1051 1484
f 1051 1050 1485
f 1050 1077 1486
f 1077 1076 1487
f 1076 1078 1488
f 1078 1053 1489
f 1053 1052 1490
f 1052 1029 1491
f 1029 1028 1492
f 1028 1055 1493
f 1055 1054 1494
f 1054 1098 1495
f 1098 1080 1496
f 1080 1079 1497
f 1079 996 1498
f 996 995 1499
f 995 997 1500
f 997 903 1501
f 903 957 1502
f 957 900 1503
f 900 912 1504
f 912 960 1505
f 960 969 1506
f 969 941 1507
f 941 940 1508
f 940 944 1509
f 944 978 1510
f 978 914 1511
f 914 1058 1512
f 1058 1057 1513
f 1057 987 1514
f 987 952 1515
f 952 898 1516
f 898 897 1517
f 897 1016 1518
f 1016 989 1519
f 989 988 1520
f 988 928 1521
f 928 927 1522
f 927 930 1523
f 930 929 1524
f 929 954 1525
f 954 953 1526
f 953 991 1527
f 991 990 1528
f 990 1100 1529
f 1100 1084 1530
f 1084 1083 1531
f 1083 1101 1532
f 1101 1086 1533
f 1086 1085 1534
f 1085 1120 1535
f 1120 1103 1536
f 1103 1102 1537
f 1102 1060 1538
f 1060 1059 1539
f 1059 1040 1540
f 1040 1039 1541
f 1039 1019 1542
f 1019 1018 1543
f 1018 1062 1544
f 1062 1061 1545
f 1061 1063 1546
f 1063 1041 1547
f 1041 1021 1548
f 1021 1020 1549
f 1020 1088 1550
f 1088 1087 1551
f 1087 1043 1552
f 1043 1042 1553
f 1042 1064 1554
f 1064 1089 1555
f 1089 1121 1556
f 1121 1105 1557
f 1105 1104 1558
f 1104 1134 1559
f 1134 1133 1560
f 1133 1107 1561
f 1107 1106 1562
f 1106 1122 1563
f 1122 1124 1564
f 1124 1123 1565
f 1123 1152 1566
f 1152 1136 1567
f 1136 1135 1568
f 1135 1108 1569
f 1108 1091 1570
f 1091 1090 1571
f 1090 1110 1572
f 1110 1109 1573
f 1109 1125 1574
f 1125 1112 1575
f 1112 1111 1576
f 1111 1138 1577
f 1138 1137 1578
f 1137 1153 1579
f 1153 1140 1580
f 1140 1139 1581
f 1139 1154 1582
f 1154 1166 1583
f 1166 1156 1584
f 1156 1155 1585
f 1155 1167 1586
f 1167 1169 1587
f 1169 1168 1588
f 1168 1176 1589
f 1176 1175 1590
f 1175 1170 1591
f 1170 1158 1592
f 1158 1157 1593
f 1157 1160 1594
f 1160 1159 1595
f 1159 1142 1596
f 1142 1141 1597
f 1141 1144 1598
f 1144 1143 1599
f 1143 1172 1600
f 1172 1171 1601
f 1171 1161 1602
f 1161 1127 1603
f 1127 1126 1604
f 1126 1145 1605
f 1145 1163 1606
f 1163 1162 1607
f 1162 1165 1608
f 1165 1164 1609
f 1164 1147 1610
f 1147 1146 1611
f 1146 1149 1612
f 1149 1148 1613
f 1148 1174 1614
f 1174 1173 1615
f 1615 1614 1174
f 1614 1613 1148
f 1613 1612 1149
f 1612 1611 1146
f 1611 1610 1147
f 1610 1609 1164
f 1609 1608 1165
f 1608 1607 1162
f 1607 1606 1163
f 1606 1605 1145
f 1605 1604 1126
f 1604 1603 1127
f 1603 1602 1161
f 1602 1601 1171
f 1601 1600 1172
f 1600 1599 1143
f 1599 1598 1144
f 1598 1597 1141
f 1597 1596 1142
f 1596 1595 1159
f 1595 1594 1160
f 1594 1593 1157
f 1593 1592 1158
f 1592 1591 1170
f 1591 1590 1175
f 1590 1589 1176
f 1589 1588 1168
f 1588 1587 1169
f 1587 1586 1167
f 1586 1585 1155
f 1585 1584 1156
f 1584 1583 1166
f 1583 1582 1154
f 1582 1581 1139
f 1581 1580 1140
f 1580 1579 1153
f 1579 1578 1137
f 1578 1577 1138
f 1577 1576 1111
f 1576 1575 1112
f 1575 1574 1125
f 1574 1573 1109
f 1573 1572 1110
f 1572 1571 1090
f 1571 1570 1091
f 1570 1569 1108
f 1569 1568 1135
f 1568 1567 1136
f 1567 1566 1152
f 1566 1565 1123
f 1565 1564 1124
f 1564 1563 1122
f 1563 1562 1106
f 1562 1561 1107
f 1561 1560 1133
f 1560 1559 1134
f 1559 1558 1104
f 1558 1557 1105
f 1557 1556 1121
f 1556 1555 1089
f 1555 1554 1064
f 1554 1553 1042
f 1553 1552 1043
f 1552 1551 1087
f 1551 1550 1088
f 1550 1549 1020
f 1549 1548 1021
f 1548 1547 1041
f 1547 1546 1063
f 1546 1545 1061
f 1545 1544 1062
f 1544 1543 1018
f 1543 1542 1019
f 1542 1541 1039
f 1541 1540 1040
f 1540 1539 1059
f 1539 1538 1060
f 1538 1537 1102
f 1537 1536 1103
f 1536 1535 1120
f 1535 1534 1085
f 1534 1533 1086
f 1533 1532 1101
f 1532 1531 1083
f 1531 1530 1084
f 1530 1529 1100
f 1529 1528 990
f 1528 1527 991
f 1527 1526 953
f 1526 1525 954
f 1525 1524 929
f 1524 1523 930
f 1523 1522 927
f 1522 1521 928
f 1521 1520 988
f 1520 1519 989
f 1519 1518 1016
f 1518 1517 897
f 1517 1516 898
f 1516 1515 952
f 1515 1514 987
f 1514 1513 1057
f 1513 1512 1058
f 1512 1511 914
f 1511 1510 978
f 1510 1509 944
f 1509 1508 940
f 1508 1507 941
f 1507 1506 969
f 1506 1505 960
f 1505 1504 912
f 1504 1503 900
f 1503 1502 957
f 1502 1501 903
f 1501 1500 997
f 1500 1499 995
f 1499 1498 996
f 1498 1497 1079
f 1497 1496 1080
f 1496 1495 1098
f 1495 1494 1054
f 1494 1493 1055
f 1493 1492 1028
f 1492 1491 1029
f 1491 1490 1052
f 1490 1489 1053
f 1489 1488 1078
f 1488 1487 1076
f 1487 1486 1077
f 1486 1485 1050
f 1485 1484 1051
f 1484 1483 1048
f 1483 1482 1049
f 1482 1481 1046
f 1481 1480 1047
f 1480 1479 1075
f 1479 1478 955
f 1478 1477 956
f 1477 1476 994
f 1476 1475 992
f 1475 1474 993
f 1474 1473 1026
f 1473 1472 1027
f 1472 1615 1173
f 1542 1543 1616
f 1541 1542 1617
f 1540 1541 1618
f 1539 1540 1619
f 1538 1539 1620
f 1537 1538 1621
f 1536 1537 1622
f 1535 1536 1623
f 1534 1535 1624
f 1533 1534 1625
f 1532 1533 1626
f 1531 1532 1627
f 1530 1531 1628
f 1529 1530 1629
f 1528 1529 1630
f 1527 1528 1631
f 1526 1527 1632
f 1525 1526 1633
f 1524 1525 1634
f 1523 1524 1635
f 1522 1523 1636
f 1521 1522 1637
f 1520 1521 1638
f 1519 1520 1639
f 1518 1519 1640
f 1517 1518 1641
f 1516 1517 1642
f 1515 1516 1643
f 1514 1515 1644
f 1513 1514 1645
f 1512 1513 1646
f 1511 1512 1647
f 1510 1511 1648
f 1509 1510 1649
f 1508 1509 1650
f 1507 1508 1651
f 1506 1507 1652
f 1505 1506 1653
f 1504 1505 1654
f 1503 1504 1655
f 1502 1503 1656
f 1501 1502 1657
f 1500 1501 1658
f 1499 1500 1659
f 1498 1499 1660
f 1497 1498 1661
f 1496 1497 1662
f 1495 1496 1663
f 1494 1495 1664
f 1493 1494 1665
f 1492 1493 1666
f 1491 1492 1667
f 1490 1491 1668
f 1489 1490 1669
f 1488 1489 1670
f 1487 1488 1671
f 1486 1487 1672
f 1485 1486 1673
f 1484 1485 1674
f 1483 1484 1675
f 1482 1483 1676
f 1481 1482 1677
f 1480 1481 1678
f 1479 1480 1679
f 1478 1479 1680
f 1477 1478 1681
f 1476 1477 1682
f 1475 1476 1683
f 1474 1475 1684
f 1473 1474 1685
f 1472 1473 1686
f 1615 1472 1687
f 1614 1615 1688
f 1613 1614 1689
f 1612 1613 1690
f 1611 1612 1691
f 1610 1611 1692
f 1609 1610 1693
f 1608 1609 1694
f 1607 1608 1695
f 1606 1607 1696
f 1605 1606 1697
f 1604 1605 1698
f 1603 1604 1699
f 1602 1603 1700
f 1601 1602 1701
f 1600 1601 1702
f 1599 1600 1703
f 1598 1599 1704
f 1597 1598 1705
f 1596 1597 1706
f 1595 1596 1707
f 1594 1595 1708
f 1593 1594 1709
f 1592 1593 1710
f 1591 1592 1711
f 1590 1591 1712
f 1589 1590 1713
f 1588 1589 1714
f 1587 1588 1715
f 1586 1587 1716
f 1585 1586 1717
f 1584 1585 1718
f 1583 1584 1719
f 1582 1583 1720
f 1581 1582 1721
f 1580 1581 1722
f 1579 1580 1723
f 1578 1579 1724
f 1577 1578 1725
f 1576 1577 1726
f 1575 1576 1727
f 1574 1575 1728
f 1573 1574 1729
f 1572 1573 1730
f 1571 1572 1731
f 1570 1571 1732
f 1569 1570 1733
f 1568 1569 1734
f 1567 1568 1735
f 1566 1567 1736
f 1565 1566 1737
f 1564 1565 1738
f 1563 1564 1739
f 1562 1563 1740
f 1561 1562 1741
f 1560 1561 1742
f 1559 1560 1743
f 1558 1559 1744
f 1557 1558 1745
f 1556 1557 1746
f 1555 1556 1747
f 1554 1555 1748
f 1553 1554 1749
f 1552 1553 1750
f 1551 1552 1751
f 1550 1551 1752
f 1549 1550 1753
f 1548 1549 1754
f 1547 1548 1755
f 1546 1547 1756
f 1545 1546 1757
f 1544 1545 1758
f 1543 1544 1759
f 1759 1616 1543
f 1758 1759 1544
f 1757 1758 1545
f 1756 1757 1546
f 1755 1756 1547
f 1754 1755 1548
f 1753 1754 1549
f 1752 1753 1550
f 1751 1752 1551
f 1750 1751 1552
f 1749 1750 1553
f 1748 1749 1554
f 1747 1748 1555
f 1746 1747 1556
f 1745 1746 1557
f 1744 1745 1558
f 1743 1744 1559
f 1742 1743 1560
f 1741 1742 1561
f 1740 1741 1562
f 1739 1740 1563
f 1738 1739 1564
f 1737 1738 1565
f 1736 1737 1566
f 1735 1736 1567
f 1734 1735 1568
f 1733 1734 1569
f 1732 1733 1570
f 1731 1732 1571
f 1730 1731 1572
f 1729 1730 1573
f 1728 1729 1574
f 1727 1728 1575
f 1726 1727 1576
f 1725 1726 1577
f 1724 1725 1578
f 1723 1724 1579
f 1722 1723 1580
f 1721 1722 1581
f 1720 1721 1582
f 1719 1720 1583
f 1718 1719 1584
f 1717 1718 1585
f 1716 1717 1586
f 1715 1716 1587
f 1714 1715 1588
f 1713 1714 1589
f 1712 1713 1590
f 1711 1712 1591
f 1710 1711 1592
f 1709 1710 1593
f 1708 1709 1594
f 1707 1708 1595
f 1706 1707 1596
f 1705 1706 1597
f 1704 1705 1598
f 1703 1704 1599
f 1702 1703 1600
f 1701 1702 1601
f 1700 1701 1602
f 1699 1700 1603
f 1698 1699 1604
f 1697 1698 1605
f 1696 1697 1606
f 1695 1696 1607
f 1694 1695 1608
f 1693 1694 1609
f 1692 1693 1610
f 1691 1692 1611
f 1690 1691 1612
f 1689 1690 1613
f 1688 1689 1614
f 1687 1688 1615
f 1686 1687 1472
f 1685 1686 1473
f 1684 1685 1474
f 1683 1684 1475
f 1682 1683 1476
f 1681 1682 1477
f 1680 1681 1478
f 1679 1680 1479
f 1678 1679 1480
f 1677 1678 1481
f 1676 1677 1482
f 1675 1676 1483
f 1674 1675 1484
f 1673 1674 1485
f 1672 1673 1486
f 1671 1672 1487
f 1670 1671 1488
f 1669 1670 1489
f 1668 1669 1490
f 1667 1668 1491
f 1666 1667 1492
f 1665 1666 1493
f 1664 1665 1494
f 1663 1664 1495
f 1662 1663 1496
f 1661 1662 1497
f 1660 1661 1498
f 1659 1660 1499
f 1658 1659 1500
f 1657 1658 1501
f 1656 1657 1502
f 1655 1656 1503
f 1654 1655 1504
f 1653 1654 1505
f 1652 1653 1506
f 1651 1652 1507
f 1650 1651 1508
f 1649 1650 1509
f 1648 1649 1510
f 1647 1648 1511
f 1646 1647 1512
f 1645 1646 1513
f 1644 1645 1514
f 1643 1644 1515
f 1642 1643 1516
f 1641 1642 1517
f 1640 1641 1518
f 1639 1640 1519
f 1638 1639 1520
f 1637 1638 1521
f 1636 1637 1522
f 1635 1636 1523
f 1634 1635 1524
f 1633 1634 1525
f 1632 1633 1526
f 1631 1632 1527
f 1630 1631 1528
f 1629 1630 1529
f 1628 1629 1530
f 1627 1628 1531
f 1626 1627 1532
f 1625 1626 1533
f 1624 1625 1534
f 1623 1624 1535
f 1622 1623 1536
f 1621 1622 1537
f 1620 1621 1538
f 1619 1620 1539
f 1618 1619 1540
f 1617 1618 1541
f 1616 1617 1542
f 1760 1687 1686
f 1686 1685 1760
f 1685 1684 1760
f 1684 1683 1760
f 1683 1682 1760
f 1682 1681 1760
f 1681 1680 1760
f 1680 1679 1760
f 1679 1678 1760
f 1678 1677 1760
f 1677 1676 1760
f 1676 1675 1760
f 1675 1674 1760
f 1674 1673 1760
f 1673 1672 1760
f 1672 1671 1760
f 1671 1670 1760
f 1670 1669 1760
f 1669 1668 1760
f 1668 1667 1760
f 1667 1666 1760
f 1666 1665 1760
f 1665 1664 1760
f 1664 1663 1760
f 1663 1662 1760
f 1662 1661 1760
f 1661 1660 1760
f 1660 1659 1760
f 1659 1658 1760
f 1658 1657 1760
f 1657 1656 1760
f 1656 1655 1760
f 1655 1654 1760
f 1654 1653 1760
f 1653 1652 1760
f 1652 1651 1760
f 1651 1650 1760
f 1650 1649 1760
f 1649 1648 1760
f 1648 1647 1760
f 1647 1646 1760
f 1646 1645 1760
f 1645 1644 1760
f 1644 1643 1760
f 1643 1642 1760
f 1642 1641 1760
f 1641 1640 1760
f 1640 1639 1760
f 1639 1638 1760
f 1638 1637 1760
f 1637 1636 1760
f 1636 1635 1760
f 1635 1634 1760
f 1634 1633 1760
f 1633 1632 1760
f 1632 1631 1760
f 1631 1630 1760
f 1630 1629 1760
f 1629 1628 1760
f 1628 1627 1760
f 1627 1626 1760
f 1626 1625 1760
f 1625 1624 1760
f 1624 1623 1760
f 1623 1622 1760
f 1622 1621 1760
f 1621 1620 1760
f 1620 1619 1760
f 1619 1618 1760
f 1618 1617 1760
f 1617 1616 1760
f 1616 1759 1760
f 1759 1758 1760
f 1758 1757 1760
f 1757 1756 1760
f 1756 1755 1760
f 1755 1754 1760
f 1754 1753 1760
f 1753 1752 1760
f 1752 1751 1760
f 1751 1750 1760
f 1750 1749 1760
f 1749 1748 1760
f 1748 1747 1760
f 1747 1746 1760
f 1746 1745 1760
f 1745 1744 1760
f 1744 1743 1760
f 1743 1742 1760
f 1742 1741 1760
f 1741 1740 1760
f 1740 1739 1760
f 1739 1738 1760
f 1738 1737 1760
f 1737 1736 1760
f 1736 1735 1760
f 1735 1734 1760
f 1734 1733 1760
f 1733 1732 1760
f 1732 1731 1760
f 1731 1730 1760
f 1730 1729 1760
f 1729 1728 1760
f 1728 1727 1760
f 1727 1726 1760
f 1726 1725 1760
f 1725 1724 1760
f 1724 1723 1760
f 1723 1722 1760
f 1722 1721 1760
f 1721 1720 1760
f 1720 1719 1760
f 1719 1718 1760
f 1718 1717 1760
f 1717 1716 1760
f 1716 1715 1760
f 1715 1714 1760
f 1714 1713 1760
f 1713 1712 1760
f 1712 1711 1760
f 1711 1710 1760
f 1710 1709 1760
f 1709 1708 1760
f 1708 1707 1760
f 1707 1706 1760
f 1706 1705 1760
f 1705 1704 1760
f 1704 1703 1760
f 1703 1702 1760
f 1702 1701 1760
f 1701 1700 1760
f 1700 1699 1760
f 1699 1698 1760
f 1698 1697 1760
f 1697 1696 1760
f 1696 1695 1760
f 1695 1694 1760
f 1694 1693 1760
f 1693 1692 1760
f 1692 1691 1760
f 1691 1690 1760
f 1690 1689 1760
f 1689 1688 1760
f 1688 1687 1760
f 596 1761 1762
f 1763 1764 1762
f 1765 1763 1761
f 1762 1761 1763
f 1762 597 596
f 1761 1766 1765
f 1767 1768 1769
f 1770 1769 1771
f 1772 1771 1773
f 1774 1773 1775
f 1776 1775 1777
f 1778 1777 1779
f 1780 1779 1781
f 1782 1781 1783
f 1784 1783 1785
f 1786 1785 1787
f 1788 1787 1789
f 1790 1789 1791
f 1792 1791 1793
f 1794 1793 1795
f 1796 1795 1797
f 1798 1797 1799
f 1800 1799 1801
f 1802 1801 1803
f 1804 1803 1805
f 1806 1805 1807
f 1808 1807 1809
f 1810 1809 1811
f 1812 1811 1813
f 1814 1813 1815
f 1816 1815 1817
f 1818 1817 1819
f 1820 1819 1821
f 1822 1821 1823
f 1824 1823 1825
f 1826 1825 1827
f 1828 1827 1829
f 1830 1829 1831
f 1832 1831 1833
f 1834 1833 1835
f 1836 1835 1837
f 1838 1837 1762
f 1762 1764 1838
f 1837 1838 1836
f 1835 1836 1834
f 1833 1834 1832
f 1831 1832 1830
f 1829 1830 1828
f 1827 1828 1826
f 1825 1826 1824
f 1823 1824 1822
f 1821 1822 1820
f 1819 1820 1818
f 1817 1818 1816
f 1815 1816 1814
f 1813 1814 1812
f 1811 1812 1810
f 1809 1810 1808
f 1807 1808 1806
f 1805 1806 1804
f 1803 1804 1802
f 1801 1802 1800
f 1799 1800 1798
f 1797 1798 1796
f 1795 1796 1794
f 1793 1794 1792
f 1791 1792 1790
f 1789 1790 1788
f 1787 1788 1786
f 1785 1786 1784
f 1783 1784 1782
f 1781 1782 1780
f 1779 1780 1778
f 1777 1778 1776
f 1775 1776 1774
f 1773 1774 1772
f 1771 1772 1770
f 1769 1770 1767
f 1839 1840 1841
f 1842 1841 1843
f 1844 1843 1845
f 1846 1845 1847
f 1848 1847 1849
f 1850 1849 1851
f 1852 1851 1853
f 1854 1853 1855
f 1856 1855 1857
f 1858 1857 1859
f 1860 1859 1861
f 1862 1861 1863
f 1864 1863 1865
f 1866 1865 1867
f 1868 1867 1869
f 1870 1869 1871
f 1872 1871 1873
f 1874 1873 1875
f 1876 1875 1877
f 1878 1877 1879
f 1880 1879 1881
f 1882 1881 1883
f 1884 1883 1885
f 1886 1885 1887
f 1888 1887 1889
f 1890 1889 1891
f 1892 1891 1893
f 1894 1893 1895
f 1896 1895 1897
f 1898 1897 1899
f 1900 1899 1901
f 1902 1901 1903
f 1904 1903 1905
f 1906 1905 1907
f 1908 1907 1909
f 1910 1909 1766
f 1766 1761 1910
f 1909 1910 1908
f 1907 1908 1906
f 1905 1906 1904
f 1903 1904 1902
f 1901 1902 1900
f 1899 1900 1898
f 1897 1898 1896
f 1895 1896 1894
f 1893 1894 1892
f 1891 1892 1890
f 1889 1890 1888
f 1887 1888 1886
f 1885 1886 1884
f 1883 1884 1882
f 1881 1882 1880
f 1879 1880 1878
f 1877 1878 1876
f 1875 1876 1874
f 1873 1874 1872
f 1871 1872 1870
f 1869 1870 1868
f 1867 1868 1866
f 1865 1866 1864
f 1863 1864 1862
f 1861 1862 1860
f 1859 1860 1858
f 1857 1858 1856
f 1855 1856 1854
f 1853 1854 1852
f 1851 1852 1850
f 1849 1850 1848
f 1847 1848 1846
f 1845 1846 1844
f 1843 1844 1842
f 1841 1842 1839
f 1911 1912 1840
f 1840 1839 1911
f 1913 1914 1912
f 1912 1911 1913
f 1915 1916 1914
f 1914 1913 1915
f 1917 1918 1916
f 1916 1915 1917
f 596 1870 1872
f 1182 1919 1920
f 1182 1921 1922
f 1182 1923 1924
f 1182 1925 1926
f 596 1868 1870
f 596 1864 1866
f 1180 1927 1928
f 1182 1929 1930
f 1922 1919 1182
f 1182 1931 1923
f 1182 1932 1925
f 596 1874 1876
f 1866 1868 596
f 596 594 1862
f 594 1844 1846
f 1180 1933 1917
f 1180 1934 1927
f 1920 1929 1182
f 1924 1935 1182
f 1182 1936 1937
f 1926 1938 1182
f 596 1882 1884
f 1876 1878 596
f 1862 1864 596
f 1846 1848 594
f 594 582 1911
f 1180 1939 1933
f 1928 1940 1180
f 1180 1941 1942
f 1180 1943 1944
f 1935 1921 1182
f 1938 1936 1182
f 596 1880 1882
f 1872 1874 596
f 594 1854 1856
f 594 1850 1852
f 594 1842 1844
f 1911 1839 594
f 1940 1939 1180
f 1944 1941 1180
f 1180 1930 1945
f 1937 1931 1182
f 1878 1880 596
f 594 1858 1860
f 1852 1854 594
f 1839 1842 594
f 1942 1934 1180
f 1930 1180 1182
f 1182 1946 1947
f 1182 1948 1949
f 596 1890 1892
f 596 1886 1888
f 1860 1862 594
f 1848 1850 594
f 1945 1943 1180
f 1947 1950 1182
f 1949 1951 1182
f 596 1894 1896
f 1888 1890 596
f 1856 1858 594
f 1915 591 593
f 1950 1932 1182
f 1951 1952 1182
f 1182 1953 1954
f 596 1902 1904
f 1896 1898 596
f 1884 1886 596
f 1915 589 591
f 1917 1915 1017
f 1952 1946 1182
f 1182 1955 1953
f 1954 1948 1182
f 596 1906 1908
f 596 1900 1902
f 1892 1894 596
f 1913 548 536
f 1017 1178 1917
f 1908 1910 596
f 1898 1900 596
f 582 548 1913
f 536 585 1913
f 1917 1178 1180
f 1915 1913 587
f 1904 1906 596
f 585 587 1913
f 587 589 1915
f 1913 1911 582
f 1910 1761 596
f 593 1017 1915
f 1933 1956 1918
f 1918 1917 1933
f 1955 1957 1958
f 1953 1958 1959
f 1954 1959 1960
f 1948 1960 1961
f 1949 1961 1962
f 1951 1962 1963
f 1952 1963 1964
f 1946 1964 1965
f 1947 1965 1966
f 1950 1966 1967
f 1932 1967 1968
f 1925 1968 1969
f 1926 1969 1970
f 1938 1970 1971
f 1936 1971 1972
f 1937 1972 1973
f 1931 1973 1974
f 1923 1974 1975
f 1924 1975 1976
f 1935 1976 1977
f 1921 1977 1978
f 1922 1978 1979
f 1919 1979 1980
f 1920 1980 1981
f 1929 1981 1982
f 1930 1982 1983
f 1945 1983 1984
f 1943 1984 1985
f 1944 1985 1986
f 1941 1986 1987
f 1942 1987 1988
f 1934 1988 1989
f 1927 1989 1990
f 1928 1990 1991
f 1940 1991 1992
f 1939 1992 1956
f 1956 1933 1939
f 1992 1939 1940
f 1991 1940 1928
f 1990 1928 1927
f 1989 1927 1934
f 1988 1934 1942
f 1987 1942 1941
f 1986 1941 1944
f 1985 1944 1943
f 1984 1943 1945
f 1983 1945 1930
f 1982 1930 1929
f 1981 1929 1920
f 1980 1920 1919
f 1979 1919 1922
f 1978 1922 1921
f 1977 1921 1935
f 1976 1935 1924
f 1975 1924 1923
f 1974 1923 1931
f 1973 1931 1937
f 1972 1937 1936
f 1971 1936 1938
f 1970 1938 1926
f 1969 1926 1925
f 1968 1925 1932
f 1967 1932 1950
f 1966 1950 1947
f 1965 1947 1946
f 1964 1946 1952
f 1963 1952 1951
f 1962 1951 1949
f 1961 1949 1948
f 1960 1948 1954
f 1959 1954 1953
f 1958 1953 1955
f 1763 1765 1993
f 1993 1994 1763
f 1994 1993 1995
f 1996 1995 1997
f 1998 1997 1999
f 2000 1999 2001
f 2002 2001 2003
f 2004 2003 2005
f 2006 2005 2007
f 2008 2007 2009
f 2010 2009 2011
f 2012 2011 2013
f 2014 2013 2015
f 2016 2015 2017
f 2018 2017 2019
f 2020 2019 2021
f 2022 2021 2023
f 2024 2023 2025
f 2026 2025 2027
f 2028 2027 2029
f 2030 2029 2031
f 2032 2031 2033
f 2034 2033 2035
f 2036 2035 2037
f 2038 2037 2039
f 2039 2040 2038
f 2037 2038 2036
f 2035 2036 2034
f 2033 2034 2032
f 2031 2032 2030
f 2029 2030 2028
f 2027 2028 2026
f 2025 2026 2024
f 2023 2024 2022
f 2021 2022 2020
f 2019 2020 2018
f 2017 2018 2016
f 2015 2016 2014
f 2013 2014 2012
f 2011 2012 2010
f 2009 2010 2008
f 2007 2008 2006
f 2005 2006 2004
f 2003 2004 2002
f 2001 2002 2000
f 1999 2000 1998
f 1997 1998 1996
f 1995 1996 1994
f 2040 2039 2041
f 2041 2042 2040
f 2042 2041 2043
f 2044 2043 2045
f 2046 2045 2047
f 2048 2047 2049
f 2050 2049 2051
f 2052 2051 2053
f 2054 2053 2055
f 2056 2055 2057
f 2058 2057 2059
f 2060 2059 2061
f 2062 2061 2063
f 2064 2063 2065
f 2066 2065 2067
f 2068 2067 2069
f 2070 2069 2071
f 2072 2071 2073
f 2074 2073 2075
f 2076 2075 2077
f 2078 2077 2079
f 2080 2079 2081
f 2082 2081 2083
f 2084 2083 2085
f 2086 2085 2087
f 2088 2087 2089
f 2090 2089 2091
f 2092 2091 2093
f 2094 2093 2095
f 2096 2095 2097
f 2098 2097 2099
f 2100 2099 2101
f 2102 2101 2103
f 2104 2103 2105
f 2106 2105 2107
f 2108 2107 2109
f 2110 2109 2111
f 2112 2111 2113
f 2113 2114 2112
f 2111 2112 2110
f 2109 2110 2108
f 2107 2108 2106
f 2105 2106 2104
f 2103 2104 2102
f 2101 2102 2100
f 2099 2100 2098
f 2097 2098 2096
f 2095 2096 2094
f 2093 2094 2092
f 2091 2092 2090
f 2089 2090 2088
f 2087 2088 2086
f 2085 2086 2084
f 2083 2084 2082
f 2081 2082 2080
f 2079 2080 2078
f 2077 2078 2076
f 2075 2076 2074
f 2073 2074 2072
f 2071 2072 2070
f 2069 2070 2068
f 2067 2068 2066
f 2065 2066 2064
f 2063 2064 2062
f 2061 2062 2060
f 2059 2060 2058
f 2057 2058 2056
f 2055 2056 2054
f 2053 2054 2052
f 2051 2052 2050
f 2049 2050 2048
f 2047 2048 2046
f 2045 2046 2044
f 2043 2044 2042
f 2114 2113 2115
f 2115 2116 2114
f 2116 2115 2117
f 2118 2117 2119
f 2120 2119 2121
f 2122 2121 2123
f 2124 2123 2125
f 2126 2125 2127
f 2128 2127 2129
f 2130 2129 2131
f 2132 2131 2133
f 2134 2133 2135
f 2136 2135 2137
f 2138 2137 2139
f 2140 2139 2141
f 2142 2141 2143
f 2144 2143 2145
f 2146 2145 2147
f 2148 2147 2149
f 2150 2149 2151
f 2152 2151 2153
f 2154 2153 2155
f 2156 2155 2157
f 2158 2157 2159
f 2160 2159 2161
f 2162 2161 2163
f 2164 2163 2165
f 2166 2165 2167
f 2168 2167 2169
f 2170 2169 2171
f 2172 2171 2173
f 2174 2173 2175
f 2176 2175 2177
f 2178 2177 2179
f 2180 2179 2181
f 2182 2181 2183
f 2184 2183 2185
f 2186 2185 2187
f 2187 2188 2186
f 2185 2186 2184
f 2183 2184 2182
f 2181 2182 2180
f 2179 2180 2178
f 2177 2178 2176
f 2175 2176 2174
f 2173 2174 2172
f 2171 2172 2170
f 2169 2170 2168
f 2167 2168 2166
f 2165 2166 2164
f 2163 2164 2162
f 2161 2162 2160
f 2159 2160 2158
f 2157 2158 2156
f 2155 2156 2154
f 2153 2154 2152
f 2151 2152 2150
f 2149 2150 2148
f 2147 2148 2146
f 2145 2146 2144
f 2143 2144 2142
f 2141 2142 2140
f 2139 2140 2138
f 2137 2138 2136
f 2135 2136 2134
f 2133 2134 2132
f 2131 2132 2130
f 2129 2130 2128
f 2127 2128 2126
f 2125 2126 2124
f 2123 2124 2122
f 2121 2122 2120
f 2119 2120 2118
f 2117 2118 2116
f 2188 2187 2189
f 2189 2190 2188
f 2190 2189 2191
f 2192 2191 2193
f 2194 2193 2195
f 2196 2195 2197
f 2198 2197 2199
f 2200 2199 2201
f 2202 2201 2203
f 2204 2203 2205
f 2206 2205 2207
f 2208 2207 2209
f 2210 2209 2211
f 2212 2211 2213
f 2214 2213 2215
f 2216 2215 2217
f 2218 2217 2219
f 2220 2219 2221
f 2222 2221 2223
f 2224 2223 2225
f 2226 2225 2227
f 2228 2227 2229
f 2230 2229 2231
f 2232 2231 2233
f 2234 2233 2235
f 2235 2236 2234
f 2233 2234 2232
f 2231 2232 2230
f 2229 2230 2228
f 2227 2228 2226
f 2225 2226 2224
f 2223 2224 2222
f 2221 2222 2220
f 2219 2220 2218
f 2217 2218 2216
f 2215 2216 2214
f 2213 2214 2212
f 2211 2212 2210
f 2209 2210 2208
f 2207 2208 2206
f 2205 2206 2204
f 2203 2204 2202
f 2201 2202 2200
f 2199 2200 2198
f 2197 2198 2196
f 2195 2196 2194
f 2193 2194 2192
f 2191 2192 2190
f 2236 2235 2237
f 2237 2238 2236
f 2239 2238 2237
f 2237 2240 2239
f 2239 2240 2241
f 2241 2242 2239
f 2242 2241 2243
f 2243 2244 2242
f 2244 2243 2245
f 2245 2246 2244
f 2246 2245 2247
f 2248 2247 2249
f 2250 2249 2251
f 2252 2251 2253
f 2254 2253 2255
f 2256 2255 2257
f 2258 2257 2259
f 2260 2259 2261
f 2262 2261 2263
f 2264 2263 2265
f 2266 2265 2267
f 2268 2267 2269
f 2270 2269 2271
f 2272 2271 2273
f 2274 2273 2275
f 2276 2275 2277
f 2278 2277 2279
f 2280 2279 2281
f 2282 2281 2283
f 2284 2283 2285
f 2286 2285 2287
f 2288 2287 2289
f 2290 2289 2291
f 2291 2292 2290
f 2289 2290 2288
f 2287 2288 2286
f 2285 2286 2284
f 2283 2284 2282
f 2281 2282 2280
f 2279 2280 2278
f 2277 2278 2276
f 2275 2276 2274
f 2273 2274 2272
f 2271 2272 2270
f 2269 2270 2268
f 2267 2268 2266
f 2265 2266 2264
f 2263 2264 2262
f 2261 2262 2260
f 2259 2260 2258
f 2257 2258 2256
f 2255 2256 2254
f 2253 2254 2252
f 2251 2252 2250
f 2249 2250 2248
f 2247 2248 2246
f 2292 2291 2293
f 2293 2294 2292
f 2294 2293 2295
f 2296 2295 2297
f 2298 2297 2299
f 2300 2299 2301
f 2302 2301 2303
f 2304 2303 2305
f 2306 2305 2307
f 2308 2307 2309
f 2310 2309 2311
f 2312 2311 2313
f 2314 2313 2315
f 2316 2315 2317
f 2318 2317 2319
f 2320 2319 2321
f 2322 2321 2323
f 2324 2323 2325
f 2326 2325 2327
f 2328 2327 2329
f 2330 2329 2331
f 2332 2331 2333
f 2334 2333 2335
f 2336 2335 2337
f 2338 2337 2339
f 2340 2339 2341
f 2342 2341 2343
f 2344 2343 2345
f 2346 2345 2347
f 2348 2347 2349
f 2350 2349 2351
f 2352 2351 2353
f 2354 2353 2355
f 2356 2355 2357
f 2358 2357 2359
f 2360 2359 2361
f 2362 2361 2363
f 2364 2363 2365
f 2365 2366 2364
f 2363 2364 2362
f 2361 2362 2360
f 2359 2360 2358
f 2357 2358 2356
f 2355 2356 2354
f 2353 2354 2352
f 2351 2352 2350
f 2349 2350 2348
f 2347 2348 2346
f 2345 2346 2344
f 2343 2344 2342
f 2341 2342 2340
f 2339 2340 2338
f 2337 2338 2336
f 2335 2336 2334
f 2333 2334 2332
f 2331 2332 2330
f 2329 2330 2328
f 2327 2328 2326
f 2325 2326 2324
f 2323 2324 2322
f 2321 2322 2320
f 2319 2320 2318
f 2317 2318 2316
f 2315 2316 2314
f 2313 2314 2312
f 2311 2312 2310
f 2309 2310 2308
f 2307 2308 2306
f 2305 2306 2304
f 2303 2304 2302
f 2301 2302 2300
f 2299 2300 2298
f 2297 2298 2296
f 2295 2296 2294
f 2366 2365 2367
f 2367 2368 2366
f 2368 2367 2369
f 2370 2369 2371
f 2372 2371 2373
f 2374 2373 2375
f 2376 2375 2377
f 2378 2377 2379
f 2380 2379 2381
f 2382 2381 2383
f 2384 2383 2385
f 2386 2385 2387
f 2388 2387 2389
f 2390 2389 2391
f 2392 2391 2393
f 2394 2393 2395
f 2396 2395 2397
f 2398 2397 2399
f 2400 2399 2401
f 2402 2401 2403
f 2404 2403 2405
f 2406 2405 2407
f 2408 2407 2409
f 2410 2409 2411
f 2412 2411 2413
f 2414 2413 2415
f 2416 2415 2417
f 2418 2417 2419
f 2420 2419 2421
f 2422 2421 2423
f 2424 2423 2425
f 2426 2425 2427
f 2428 2427 2429
f 2430 2429 2431
f 2432 2431 2433
f 2434 2433 2435
f 2436 2435 2437
f 2438 2437 2439
f 2439 2440 2438
f 2437 2438 2436
f 2435 2436 2434
f 2433 2434 2432
f 2431 2432 2430
f 2429 2430 2428
f 2427 2428 2426
f 2425 2426 2424
f 2423 2424 2422
f 2421 2422 2420
f 2419 2420 2418
f 2417 2418 2416
f 2415 2416 2414
f 2413 2414 2412
f 2411 2412 2410
f 2409 2410 2408
f 2407 2408 2406
f 2405 2406 2404
f 2403 2404 2402
f 2401 2402 2400
f 2399 2400 2398
f 2397 2398 2396
f 2395 2396 2394
f 2393 2394 2392
f 2391 2392 2390
f 2389 2390 2388
f 2387 2388 2386
f 2385 2386 2384
f 2383 2384 2382
f 2381 2382 2380
f 2379 2380 2378
f 2377 2378 2376
f 2375 2376 2374
f 2373 2374 2372
f 2371 2372 2370
f 2369 2370 2368
f 2440 2439 2441
f 2441 2442 2440
f 2442 2441 2443
f 2444 2443 2445
f 2446 2445 2447
f 2448 2447 2449
f 2450 2449 2451
f 2452 2451 2453
f 2454 2453 2455
f 2456 2455 2457
f 2458 2457 2459
f 2460 2459 2461
f 2462 2461 2463
f 2464 2463 2465
f 2466 2465 2467
f 2468 2467 2469
f 2470 2469 2471
f 2472 2471 2473
f 2474 2473 2475
f 2476 2475 2477
f 2478 2477 2479
f 2480 2479 2481
f 2482 2481 2483
f 2484 2483 2485
f 2486 2485 2487
f 2487 2488 2486
f 2485 2486 2484
f 2483 2484 2482
f 2481 2482 2480
f 2479 2480 2478
f 2477 2478 2476
f 2475 2476 2474
f 2473 2474 2472
f 2471 2472 2470
f 2469 2470 2468
f 2467 2468 2466
f 2465 2466 2464
f 2463 2464 2462
f 2461 2462 2460
f 2459 2460 2458
f 2457 2458 2456
f 2455 2456 2454
f 2453 2454 2452
f 2451 2452 2450
f 2449 2450 2448
f 2447 2448 2446
f 2445 2446 2444
f 2443 2444 2442
f 2488 2487 2489
f 2489 2490 2488
f 2491 1916 2241
f 1916 2492 2493
f 2241 2494 2491
f 2241 2495 2496
f 2493 2497 1916
f 2497 2498 1916
f 1916 2499 2500
f 2496 2494 2241
f 2103 2097 2095
f 2097 2103 2101
f 1916 2498 2501
f 2500 2492 1916
f 2241 2502 2495
f 2241 2503 2504
f 2107 2077 2075
f 2101 2099 2097
f 2093 2107 2105
f 1916 2505 2506
f 1916 2507 2508
f 1916 2509 2510
f 2501 2511 1916
f 2491 2499 1916
f 2504 2512 2241
f 2241 2513 2514
f 2341 2331 2329
f 2305 2347 2345
f 2107 2079 2077
f 2107 2089 2087
f 2107 2093 2091
f 2105 2103 2093
f 2131 2129 2127
f 2125 2135 2133
f 1916 2515 2516
f 1916 2517 2518
f 1916 2519 2520
f 1916 2521 2522
f 2506 2523 1916
f 2510 2507 1916
f 2508 2524 1916
f 2511 2525 1916
f 2512 2502 2241
f 2241 2526 2527
f 2241 2528 2513
f 2241 2529 2530
f 2241 2531 2532
f 2241 2533 2534
f 2341 2323 2321
f 2329 2327 2341
f 2341 2337 2335
f 2305 2349 2347
f 2393 2387 2385
f 2107 2081 2079
f 2087 2085 2107
f 2095 2093 2103
f 2135 2125 2123
f 2133 2131 2125
f 1916 2535 2515
f 2516 2536 1916
f 2518 2537 1916
f 2537 2535 1916
f 2520 2538 1916
f 2538 2517 1916
f 2523 2521 1916
f 1916 2524 2539
f 2525 2509 1916
f 2527 2503 2241
f 2530 2528 2241
f 2532 2540 2241
f 2540 2541 2241
f 2534 2542 2241
f 2241 2543 2544
f 2241 2545 2546
f 2241 2240 2547
f 2240 2548 2549
f 2240 2550 2551
f 2321 2319 2341
f 2341 2333 2331
f 2341 2339 2337
f 2305 2351 2349
f 2385 2383 2393
f 2387 2393 2391
f 2107 2083 2081
f 2091 2089 2107
f 2127 2125 2131
f 2121 2139 2137
f 2121 2143 2141
f 1914 2552 2553
f 1914 2554 2555
f 1914 2556 2557
f 1916 2558 2559
f 1916 2560 2561
f 2522 2519 1916
f 1916 2562 2563
f 2514 2526 2241
f 2241 2541 2564
f 2542 2531 2241
f 2544 2565 2241
f 2565 2533 2241
f 2547 2545 2241
f 2549 2566 2240
f 2566 2547 2240
f 2240 2567 2568
f 2240 2569 2550
f 2240 2570 2571
f 2341 2315 2313
f 2341 2325 2323
f 2335 2333 2341
f 2345 2343 2305
f 2305 2355 2353
f 2393 2381 2379
f 2391 2389 2387
f 2373 2397 2395
f 2373 2401 2399
f 2373 2405 2403
f 2111 2069 2067
f 2111 2073 2071
f 2085 2083 2107
f 2073 2111 2109
f 2137 2135 2121
f 2121 2145 2143
f 2117 2155 2153
f 2572 1912 1914
f 1914 2573 2574
f 1914 2575 2576
f 2553 2577 1914
f 1914 2578 2579
f 1914 2580 2581
f 1914 2582 2554
f 2555 2580 1914
f 2557 2583 1914
f 2583 2584 1914
f 1914 2585 2586
f 1916 2587 2558
f 2559 1914 1916
f 1916 2536 2560
f 2561 2587 1916
f 2563 2588 1916
f 2241 2589 2590
f 2564 2591 2241
f 2240 2592 2593
f 2240 2594 2595
f 2240 2596 2597
f 2240 2598 2599
f 2240 2600 2601
f 2551 2567 2240
f 2571 2602 2240
f 2240 2603 2604
f 2341 2309 2307
f 2313 2311 2341
f 2327 2325 2341
f 2353 2351 2305
f 2305 2359 2357
f 2393 2377 2375
f 2383 2381 2393
f 2399 2397 2373
f 2373 2407 2405
f 2369 2411 2409
f 2369 2415 2413
f 2369 2421 2419
f 1978 1972 1971
f 1978 1974 1973
f 1877 1883 1881
f 2111 2057 2055
f 2071 2069 2111
f 2109 2107 2073
f 2145 2121 2119
f 2141 2139 2121
f 2117 2149 2147
f 2153 2151 2117
f 2117 2159 2157
f 2117 2163 2161
f 1914 2605 2572
f 2576 2573 1914
f 2574 2605 1914
f 1914 2606 2607
f 2577 2608 1914
f 2579 2609 1914
f 2609 2552 1914
f 1914 2610 2611
f 2584 2610 1914
f 1914 2612 2613
f 1914 2614 2585
f 2586 2615 1914
f 2559 2614 1914
f 2539 2562 1916
f 2241 2616 2617
f 2591 2589 2241
f 2546 2543 2241
f 2593 2618 2240
f 2595 2619 2240
f 2619 2592 2240
f 2240 2620 2621
f 2599 2596 2240
f 2240 2622 2623
f 2240 2624 2625
f 2240 2626 2600
f 2602 2569 2240
f 2240 2627 2628
f 2240 2629 2603
f 2363 2297 2295
f 2363 2301 2299
f 2311 2309 2341
f 2319 2317 2341
f 2357 2355 2305
f 2305 2363 2361
f 2379 2377 2393
f 2403 2401 2373
f 2413 2411 2369
f 2369 2423 2421
f 2369 2427 2425
f 1971 1970 1978
f 1978 1975 1974
f 1978 1977 1976
f 1881 1879 1877
f 1875 1887 1885
f 2189 2039 2037
f 2111 2045 2043
f 2111 2049 2047
f 2111 2059 2057
f 2111 2063 2061
f 2075 2073 2107
f 2123 2121 2135
f 2151 2149 2117
f 2161 2159 2117
f 2117 2175 2173
f 2572 2630 1912
f 2607 2575 1914
f 1914 2631 2632
f 2608 2633 1914
f 2581 2578 1914
f 2611 2582 1914
f 1914 2615 2612
f 2613 2556 1914
f 2588 2505 1916
f 2590 2616 2241
f 2618 2548 2240
f 2621 2594 2240
f 2623 2598 2240
f 2625 2634 2240
f 2568 2626 2240
f 2604 2627 2240
f 2299 2297 2363
f 2363 2305 2303
f 2317 2315 2341
f 2361 2359 2305
f 2407 2373 2371
f 2395 2393 2373
f 2369 2417 2415
f 2425 2423 2369
f 2369 2435 2433
f 2369 2439 2437
f 1970 1969 1978
f 1976 1975 1978
f 1968 1980 1979
f 1887 1843 1841
f 1887 1851 1849
f 1887 1869 1867
f 1887 1875 1873
f 1885 1883 1875
f 2189 2033 2031
f 2037 2035 2189
f 2047 2045 2111
f 2111 2053 2051
f 2061 2059 2111
f 2067 2065 2111
f 2147 2145 2117
f 2117 2165 2163
f 2117 2169 2167
f 2173 2171 2117
f 2117 2183 2181
f 2117 2187 2185
f 1993 2203 2201
f 2633 2631 1914
f 2617 2529 2241
f 2634 2622 2240
f 2628 2570 2240
f 2441 2267 2265
f 2441 2271 2269
f 2441 2279 2277
f 2303 2301 2363
f 2343 2341 2305
f 2375 2373 2393
f 2419 2417 2369
f 2369 2431 2429
f 2437 2435 2369
f 1981 1968 1967
f 1973 1972 1978
f 1968 1981 1980
f 1887 1845 1843
f 1849 1847 1887
f 1887 1855 1853
f 1887 1859 1857
f 1887 1863 1861
f 1887 1871 1869
f 1877 1875 1883
f 2189 2017 2015
f 2189 2029 2027
f 2035 2033 2189
f 2051 2049 2111
f 2065 2063 2111
f 2157 2155 2117
f 2171 2169 2117
f 2117 2179 2177
f 2185 2183 2117
f 2201 2199 1993
f 2632 2606 1914
f 2601 2624 2240
f 2441 2257 2255
f 2441 2263 2261
f 2269 2267 2441
f 2441 2281 2279
f 2441 2285 2283
f 2441 2291 2289
f 2307 2305 2341
f 2409 2407 2369
f 2433 2431 2369
f 2245 2473 2471
f 2245 2477 2475
f 1983 1965 1964
f 1967 1966 1981
f 1979 1978 1968
f 1959 1985 1984
f 1959 1989 1988
f 1847 1845 1887
f 1857 1855 1887
f 1887 1865 1863
f 1873 1871 1887
f 1840 1901 1899
f 2189 2019 2017
f 2189 2023 2021
f 2031 2029 2189
f 2055 2053 2111
f 2167 2165 2117
f 2181 2179 2117
f 1993 2193 2191
f 2199 2197 1993
f 1993 2211 2209
f 1993 2215 2213
f 2597 2620 2240
f 2441 2249 2247
f 2441 2259 2257
f 2265 2263 2441
f 2441 2275 2273
f 2283 2281 2441
f 2289 2287 2441
f 2293 2365 2363
f 2293 2439 2367
f 2429 2427 2369
f 2245 2451 2449
f 2245 2463 2461
f 2245 2469 2467
f 2475 2473 2245
f 2245 2483 2481
f 2245 2487 2485
f 1964 1963 1983
f 1969 1968 1978
f 1965 1983 1982
f 1959 1986 1985
f 1959 1990 1989
f 1853 1851 1887
f 1867 1865 1887
f 1899 1897 1840
f 2189 2001 1999
f 2189 2005 2003
f 2189 2009 2007
f 2189 2013 2011
f 2021 2019 2189
f 2027 2025 2189
f 2041 2113 2111
f 2187 2115 2113
f 2177 2175 2117
f 1993 2195 2193
f 1993 2205 2203
f 2213 2211 1993
f 1912 2629 2240
f 2441 2251 2249
f 2255 2253 2441
f 2273 2271 2441
f 2287 2285 2441
f 2367 2365 2293
f 2371 2369 2407
f 2245 2445 2443
f 2449 2447 2245
f 2245 2455 2453
f 2245 2459 2457
f 2245 2465 2463
f 2471 2469 2245
f 2485 2483 2245
f 1963 1962 1983
f 1982 1981 1965
f 1959 1987 1986
f 1959 1991 1990
f 1861 1859 1887
f 1840 1891 1889
f 1840 1895 1893
f 1840 1903 1901
f 2189 1997 1995
f 2003 2001 2189
f 2011 2009 2189
f 2025 2023 2189
f 2113 2041 2187
f 2119 2117 2145
f 2197 2195 1993
f 2209 2207 1993
f 1993 2219 2217
f 1993 2223 2221
f 1993 2227 2225
f 1993 2231 2229
f 2630 2629 1912
f 1916 1918 2243
f 2253 2251 2441
f 2277 2275 2441
f 2441 2439 2293
f 2369 2367 2439
f 2447 2445 2245
f 2457 2455 2245
f 2467 2465 2245
f 2481 2479 2245
f 1983 1961 1960
f 1966 1965 1981
f 1988 1987 1959
f 1959 1956 1992
f 1889 1887 1840
f 1897 1895 1840
f 1999 1997 2189
f 2015 2013 2189
f 2117 2115 2187
f 2189 2187 2041
f 2207 2205 1993
f 2221 2219 1993
f 2229 2227 1993
f 1993 2235 2233
f 2243 2241 1916
f 1918 2487 2245
f 2261 2259 2441
f 2295 2293 2363
f 2453 2451 2245
f 2479 2477 2245
f 1962 1961 1983
f 1992 1991 1959
f 1893 1891 1840
f 1840 1907 1905
f 2007 2005 2189
f 2041 2039 2189
f 2217 2215 1993
f 2233 2231 1993
f 1912 2237 2235
f 2245 2243 1918
f 2293 2291 2441
f 2461 2459 2245
f 1956 1959 1958
f 1984 1983 1959
f 1905 1903 1840
f 1840 1766 1909
f 2043 2041 2111
f 2225 2223 1993
f 2240 2237 1912
f 2443 2441 2245
f 1960 1959 1983
f 1909 1907 1840
f 2191 2189 1993
f 2247 2245 2441
f 1958 1957 1956
f 1956 2489 2487
f 1841 1840 1887
f 1766 1912 1993
f 2235 1993 1912
f 2487 1918 1956
f 1993 1765 1766
f 1957 2489 1956
f 1995 1993 2189
f 1840 1912 1766
f 2490 1955 2635
f 1181 2635 1955
f 1955 1182 1181
f 2489 1957 1955
f 1955 2490 2489
f 2635 2636 2490
f 2636 2635 2637
f 2638 2637 2639
f 2640 2639 2641
f 2642 2641 2643
f 2644 2643 2645
f 2646 2645 2647
f 2648 2647 2649
f 2650 2649 2651
f 2652 2651 2653
f 2654 2653 2655
f 2656 2655 2657
f 2658 2657 2659
f 2660 2659 2661
f 2662 2661 2663
f 2664 2663 2665
f 2666 2665 2667
f 2668 2667 2669
f 2670 2669 2671
f 2672 2671 2673
f 2674 2673 2675
f 2676 2675 2677
f 2678 2677 2679
f 2680 2679 2681
f 2682 2681 2683
f 2684 2683 2685
f 2686 2685 2687
f 2688 2687 2689
f 2690 2689 2691
f 2692 2691 2693
f 2694 2693 2695
f 2696 2695 2697
f 2698 2697 2699
f 2700 2699 2701
f 2702 2701 2703
f 2704 2703 2705
f 2706 2705 2707
f 2707 2708 2706
f 2705 2706 2704
f 2703 2704 2702
f 2701 2702 2700
f 2699 2700 2698
f 2697 2698 2696
f 2695 2696 2694
f 2693 2694 2692
f 2691 2692 2690
f 2689 2690 2688
f 2687 2688 2686
f 2685 2686 2684
f 2683 2684 2682
f 2681 2682 2680
f 2679 2680 2678
f 2677 2678 2676
f 2675 2676 2674
f 2673 2674 2672
f 2671 2672 2670
f 2669 2670 2668
f 2667 2668 2666
f 2665 2666 2664
f 2663 2664 2662
f 2661 2662 2660
f 2659 2660 2658
f 2657 2658 2656
f 2655 2656 2654
f 2653 2654 2652
f 2651 2652 2650
f 2649 2650 2648
f 2647 2648 2646
f 2645 2646 2644
f 2643 2644 2642
f 2641 2642 2640
f 2639 2640 2638
f 2637 2638 2636
f 2709 2710 2708
f 2708 2707 2709
f 2711 2712 2710
f 2710 2709 2711
f 597 1801 1799
f 597 1795 1793
f 1799 1797 597
f 595 1775 1773
f 597 1791 1789
f 1797 1795 597
f 597 1805 1803
f 595 1768 2713
f 595 1777 1775
f 1793 1791 597
f 597 1807 1805
f 597 1813 1811
f 1181 2661 2659
f 1181 2673 2671
f 1181 2679 2677
f 1181 2683 2681
f 595 1769 1768
f 1773 1771 595
f 595 1781 1779
f 595 1785 1783
f 1803 1801 597
f 1811 1809 597
f 2659 2657 1181
f 2671 2669 1181
f 2681 2679 1181
f 1181 1179 2685
f 1179 2703 2701
f 1771 1769 595
f 1783 1781 595
f 595 1789 1787
f 1809 1807 597
f 1181 2663 2661
f 1181 2667 2665
f 1181 2675 2673
f 2685 2683 1181
f 2701 2699 1179
f 1179 1177 2709
f 1779 1777 595
f 1789 595 597
f 597 1817 1815
f 597 1821 1819
f 2665 2663 1181
f 2677 2675 1181
f 1179 2693 2691
f 1179 2697 2695
f 1179 2705 2703
f 2709 2707 1179
f 1787 1785 595
f 1819 1817 597
f 597 1825 1823
f 2669 2667 1181
f 1179 2689 2687
f 2695 2693 1179
f 2707 2705 1179
f 1815 1813 597
f 597 1827 1825
f 597 1833 1831
f 1181 2645 2643
f 1181 2653 2651
f 2687 2685 1179
f 2699 2697 1179
f 2714 584 463
f 1823 1821 597
f 1831 1829 597
f 597 1837 1835
f 1181 2647 2645
f 1181 2655 2653
f 2691 2689 1179
f 2714 586 584
f 2713 2714 438
f 1829 1827 597
f 597 1762 1837
f 1835 1833 597
f 1181 2641 2639
f 1181 2649 2647
f 2657 2655 1181
f 2711 887 592
f 438 583 2713
f 2639 2637 1181
f 2651 2649 1181
f 887 2711 2709
f 592 590 2711
f 2713 583 595
f 2714 2711 588
f 2643 2641 1181
f 590 588 2711
f 588 586 2714
f 2709 1177 887
f 2637 2635 1181
f 463 438 2714
f 2714 2715 2712
f 2712 2711 2714
f 2713 2716 2715
f 2715 2714 2713
f 1768 1767 2716
f 2716 2713 1768
f 2715 2717 2718
f 2242 2719 2720
f 2394 2384 2386
f 2718 2721 2715
f 2715 2722 2723
f 2715 2724 2725
f 2239 2726 2727
f 2239 2728 2729
f 2242 2730 2731
f 2720 2732 2242
f 2242 2733 2734
f 2126 2132 2134
f 2132 2126 2128
f 2098 2100 2102
f 2104 2094 2096
f 2388 2390 2392
f 2394 2382 2384
f 2306 2344 2346
f 2342 2328 2330
f 2715 2735 2736
f 2721 2737 2715
f 2723 2738 2715
f 2738 2717 2715
f 2725 2739 2715
f 2239 2740 2741
f 2727 2742 2239
f 2239 2743 2744
f 2239 2745 2746
f 2729 2747 2239
f 2239 2748 2749
f 2239 2750 2751
f 2731 2239 2242
f 2731 2752 2239
f 2242 2753 2754
f 2734 2719 2242
f 2242 2755 2756
f 2128 2130 2132
f 2136 2122 2124
f 2094 2104 2106
f 2096 2098 2104
f 2108 2074 2076
f 2374 2402 2404
f 2374 2398 2400
f 2374 2394 2396
f 2386 2388 2394
f 2394 2378 2380
f 2346 2348 2306
f 2342 2334 2336
f 2342 2326 2328
f 2342 2320 2322
f 2712 2757 2758
f 2715 2759 2760
f 2737 2735 2715
f 2739 2722 2715
f 2724 2715 2239
f 2239 2761 2740
f 2744 2726 2239
f 2239 2762 2763
f 2747 2745 2239
f 2749 2764 2239
f 2764 2728 2239
f 2239 2765 2750
f 2751 2748 2239
f 2752 2765 2239
f 2242 2766 2767
f 2242 2768 2769
f 2242 2770 2753
f 2756 2733 2242
f 2122 2140 2142
f 2122 2136 2138
f 2124 2126 2136
f 2102 2104 2098
f 2108 2090 2092
f 2108 2086 2088
f 2076 2078 2108
f 2370 2418 2420
f 2370 2412 2414
f 2370 2408 2410
f 2404 2406 2374
f 2396 2398 2374
f 2380 2382 2394
f 2394 2374 2376
f 2348 2350 2306
f 2336 2338 2342
f 2330 2332 2342
f 2342 2318 2320
f 2712 2771 2772
f 2712 2773 2774
f 2758 2775 2712
f 2712 2776 2777
f 2715 2778 2779
f 2760 2780 2715
f 2780 2781 2715
f 2715 2782 2783
f 2239 2784 2785
f 2742 2761 2239
f 2763 2786 2239
f 2239 2787 2788
f 2239 2789 2790
f 2242 2791 2792
f 2242 2793 2794
f 2242 2795 2796
f 2242 2797 2766
f 2242 2798 2799
f 2242 2800 2801
f 2769 2802 2242
f 2242 2803 2804
f 2732 2770 2242
f 2118 2152 2154
f 2142 2144 2122
f 2134 2136 2126
f 2092 2094 2108
f 2108 2084 2086
f 2078 2080 2108
f 2678 2666 2668
f 2678 2662 2664
f 2370 2424 2426
f 2420 2422 2370
f 2410 2412 2370
f 2400 2402 2374
f 2376 2378 2394
f 2306 2352 2354
f 2306 2342 2344
f 2332 2334 2342
f 2322 2324 2342
f 2342 2312 2314
f 2805 2710 2712
f 2774 2771 2712
f 2772 2806 2712
f 2775 2807 2712
f 2777 2808 2712
f 2808 2809 2712
f 2712 2810 2811
f 2712 2812 2813
f 2712 2814 2815
f 2712 2816 2817
f 2715 2818 2819
f 2715 2820 2821
f 2715 2822 2823
f 2715 2824 2825
f 2779 2826 2715
f 2826 2824 2715
f 2715 2827 2828
f 2715 2781 2829
f 2783 2759 2715
f 2715 2830 2831
f 2239 2785 2724
f 2786 2743 2239
f 2239 2832 2833
f 2239 2834 2835
f 2790 2787 2239
f 2792 2836 2242
f 2794 2837 2242
f 2837 2791 2242
f 2796 2838 2242
f 2799 2797 2242
f 2242 2839 2840
f 2802 2800 2242
f 2754 2803 2242
f 2118 2160 2162
f 2118 2156 2158
f 2118 2150 2152
f 2118 2146 2148
f 2138 2140 2122
f 2146 2118 2120
f 2088 2090 2108
f 2080 2082 2108
f 2678 2672 2674
f 2668 2670 2678
f 2678 2660 2662
f 2370 2436 2438
f 2370 2432 2434
f 2422 2424 2370
f 2414 2416 2370
f 2392 2394 2388
f 2408 2370 2372
f 2306 2356 2358
f 2350 2352 2306
f 2324 2326 2342
f 2342 2310 2312
f 2342 2306 2308
f 2712 2806 2805
f 2807 2773 2712
f 2712 2841 2842
f 2811 2776 2712
f 2712 2843 2812
f 2813 2810 2712
f 2712 2844 2814
f 2815 2843 2712
f 2712 2845 2846
f 2712 2847 2816
f 2817 2845 2712
f 2715 2848 2818
f 2819 2712 2715
f 2821 2849 2715
f 2849 2848 2715
f 2715 2850 2822
f 2823 2820 2715
f 2825 2851 2715
f 2851 2850 2715
f 2828 2778 2715
f 2829 2852 2715
f 2831 2782 2715
f 2741 2784 2239
f 2239 2853 2832
f 2788 2834 2239
f 2836 2730 2242
f 2838 2793 2242
f 2840 2798 2242
f 2804 2768 2242
f 2118 2172 2174
f 2158 2160 2118
f 2148 2150 2118
f 2120 2122 2146
f 2074 2108 2110
f 2082 2084 2108
f 2112 2070 2072
f 2112 2066 2068
f 1806 1808 1810
f 2658 2678 2680
f 2670 2672 2678
f 2678 2658 2660
f 2434 2436 2370
f 2370 2428 2430
f 2416 2418 2370
f 2372 2374 2408
f 2306 2360 2362
f 2354 2356 2306
f 2342 2316 2318
f 2308 2310 2342
f 2364 2298 2300
f 2364 2294 2296
f 2805 2854 2710
f 2842 2757 2712
f 2712 2809 2855
f 2712 2856 2844
f 2712 2857 2858
f 2846 2859 2712
f 2859 2857 2712
f 2712 2819 2847
f 2852 2827 2715
f 2736 2830 2715
f 2835 2853 2239
f 2801 2839 2242
f 2040 2200 2202
f 2118 2184 2186
f 2118 2180 2182
f 2118 2170 2172
f 2118 2166 2168
f 2162 2164 2118
f 2144 2146 2122
f 2106 2108 2094
f 2068 2070 2112
f 2112 2054 2056
f 1804 1812 1814
f 1812 1804 1806
f 2680 2682 2658
f 2664 2666 2678
f 2684 2654 2656
f 2430 2432 2370
f 2406 2408 2374
f 2358 2360 2306
f 2314 2316 2342
f 2364 2302 2304
f 2296 2298 2364
f 2442 2276 2278
f 2442 2268 2270
f 2442 2264 2266
f 2855 2860 2712
f 2860 2841 2712
f 2858 2856 2712
f 2833 2762 2239
f 2767 2795 2242
f 2040 2198 2200
f 2182 2184 2118
f 2118 2176 2178
f 2168 2170 2118
f 2154 2156 2118
f 2072 2074 2112
f 2112 2060 2062
f 2056 2058 2112
f 2112 2046 2048
f 2112 2042 2044
f 2236 2036 2038
f 1810 1812 1806
f 1816 1800 1802
f 1816 1794 1796
f 1816 1776 1778
f 1816 1767 1770
f 2640 2696 2698
f 2640 2688 2690
f 2674 2676 2678
f 2684 2652 2654
f 2688 2648 2650
f 2246 2474 2476
f 2246 2470 2472
f 2426 2428 2370
f 2338 2340 2342
f 2300 2302 2364
f 2442 2288 2290
f 2442 2282 2284
f 2278 2280 2442
f 2266 2268 2442
f 2442 2260 2262
f 2442 2254 2256
f 2746 2789 2239
f 2040 2212 2214
f 2040 2208 2210
f 2040 2196 2198
f 2040 2190 2192
f 2178 2180 2118
f 2164 2166 2118
f 2112 2064 2066
f 2058 2060 2112
f 2112 2050 2052
f 2044 2046 2112
f 2236 2034 2036
f 2236 2030 2032
f 1802 1804 1816
f 1796 1798 1816
f 1816 1788 1790
f 1816 1784 1786
f 1816 1780 1782
f 1816 1774 1776
f 1770 1772 1816
f 2698 2700 2640
f 2690 2692 2640
f 2652 2684 2686
f 2656 2658 2684
f 2688 2646 2648
f 2246 2484 2486
f 2246 2480 2482
f 2472 2474 2246
f 2246 2466 2468
f 2246 2460 2462
f 2246 2448 2450
f 2440 2368 2370
f 2294 2366 2368
f 2304 2306 2364
f 2442 2286 2288
f 2280 2282 2442
f 2442 2272 2274
f 2262 2264 2442
f 2256 2258 2442
f 2442 2246 2248
f 2210 2212 2040
f 2202 2204 2040
f 2192 2194 2040
f 2174 2176 2118
f 2062 2064 2112
f 2048 2050 2112
f 2032 2034 2236
f 2236 2026 2028
f 2236 2014 2016
f 1767 1826 1828
f 1798 1800 1816
f 1790 1792 1816
f 1782 1784 1816
f 1772 1774 1816
f 2700 2702 2640
f 2692 2694 2640
f 2682 2684 2658
f 2688 2644 2646
f 2482 2484 2246
f 2468 2470 2246
f 2462 2464 2246
f 2246 2456 2458
f 2246 2452 2454
f 2246 2446 2448
f 2246 2442 2444
f 2368 2440 2294
f 2362 2364 2306
f 2284 2286 2442
f 2270 2272 2442
f 2442 2252 2254
f 2248 2250 2442
f 2715 2716 2238
f 2040 2228 2230
f 2040 2224 2226
f 2040 2220 2222
f 2040 2216 2218
f 2040 2206 2208
f 2194 2196 2040
f 2188 2116 2118
f 2188 2042 2114
f 2052 2054 2112
f 2028 2030 2236
f 2236 2020 2022
f 2016 2018 2236
f 1767 1824 1826
f 1792 1794 1816
f 1778 1780 1816
f 2640 2704 2706
f 2694 2696 2640
f 2650 2652 2688
f 2688 2640 2642
f 2246 2478 2480
f 2464 2466 2246
f 2454 2456 2246
f 2444 2446 2246
f 2364 2366 2294
f 2292 2294 2440
f 2274 2276 2442
f 2250 2252 2442
f 2710 2755 2242
f 2238 2239 2715
f 2040 2232 2234
f 2226 2228 2040
f 2218 2220 2040
f 2204 2206 2040
f 2114 2116 2188
f 2110 2112 2074
f 2236 2024 2026
f 2018 2020 2236
f 2236 2010 2012
f 2236 2006 2008
f 2236 2002 2004
f 2236 1998 2000
f 1828 1830 1767
f 1767 1820 1822
f 1767 1816 1818
f 1786 1788 1816
f 2702 2704 2640
f 2642 2644 2688
f 2476 2478 2246
f 2450 2452 2246
f 2440 2442 2292
f 2258 2260 2442
f 2710 2244 2246
f 2854 2755 2710
f 2230 2232 2040
f 2214 2216 2040
f 2040 2042 2188
f 2112 2114 2042
f 2022 2024 2236
f 2008 2010 2236
f 2000 2002 2236
f 2236 1994 1996
f 1822 1824 1767
f 1814 1816 1804
f 2686 2688 2652
f 2708 2636 2638
f 2458 2460 2246
f 2290 2292 2442
f 2242 2244 2710
f 2716 1994 2236
f 2222 2224 2040
f 2186 2188 2118
f 2012 2014 2236
f 1996 1998 2236
f 1767 1832 1834
f 1818 1820 1767
f 2638 2640 2708
f 2438 2440 2370
f 2236 2238 2716
f 2188 2190 2040
f 2004 2006 2236
f 1767 1836 1838
f 1830 1832 1767
f 2706 2708 2640
f 2636 2710 2488
f 2246 2488 2710
f 2038 2040 2236
f 1834 1836 1767
f 2488 2490 2636
f 2234 2236 2040
f 1838 1764 1767
f 1767 1763 1994
f 2486 2488 2246
f 1994 2716 1767
f 1764 1763 1767
f 2708 2710 2636
f 2723 2722 2861
f 2738 2723 2862
f 2717 2738 2863
f 2718 2717 2864
f 2721 2718 2865
f 2737 2721 2866
f 2735 2737 2867
f 2736 2735 2868
f 2830 2736 2869
f 2831 2830 2870
f 2782 2831 2871
f 2783 2782 2872
f 2759 2783 2873
f 2760 2759 2874
f 2780 2760 2875
f 2781 2780 2876
f 2829 2781 2877
f 2852 2829 2878
f 2827 2852 2879
f 2828 2827 2880
f 2778 2828 2881
f 2779 2778 2882
f 2826 2779 2883
f 2824 2826 2884
f 2825 2824 2885
f 2851 2825 2886
f 2850 2851 2887
f 2822 2850 2888
f 2823 2822 2889
f 2820 2823 2890
f 2821 2820 2891
f 2849 2821 2892
f 2848 2849 2893
f 2818 2848 2894
f 2819 2818 2895
f 2847 2819 2896
f 2816 2847 2897
f 2817 2816 2898
f 2845 2817 2899
f 2846 2845 2900
f 2859 2846 2901
f 2857 2859 2902
f 2858 2857 2903
f 2856 2858 2904
f 2844 2856 2905
f 2814 2844 2906
f 2815 2814 2907
f 2843 2815 2908
f 2812 2843 2909
f 2813 2812 2910
f 2810 2813 2911
f 2811 2810 2912
f 2776 2811 2913
f 2777 2776 2914
f 2808 2777 2915
f 2809 2808 2916
f 2855 2809 2917
f 2860 2855 2918
f 2841 2860 2919
f 2842 2841 2920
f 2757 2842 2921
f 2758 2757 2922
f 2775 2758 2923
f 2807 2775 2924
f 2773 2807 2925
f 2774 2773 2926
f 2771 2774 2927
f 2772 2771 2928
f 2806 2772 2929
f 2805 2806 2930
f 2854 2805 2931
f 2755 2854 2932
f 2756 2755 2933
f 2733 2756 2934
f 2734 2733 2935
f 2719 2734 2936
f 2720 2719 2937
f 2732 2720 2938
f 2770 2732 2939
f 2753 2770 2940
f 2754 2753 2941
f 2803 2754 2942
f 2804 2803 2943
f 2768 2804 2944
f 2769 2768 2945
f 2802 2769 2946
f 2800 2802 2947
f 2801 2800 2948
f 2839 2801 2949
f 2840 2839 2950
f 2798 2840 2951
f 2799 2798 2952
f 2797 2799 2953
f 2766 2797 2954
f 2767 2766 2955
f 2795 2767 2956
f 2796 2795 2957
f 2838 2796 2958
f 2793 2838 2959
f 2794 2793 2960
f 2837 2794 2961
f 2791 2837 2962
f 2792 2791 2963
f 2836 2792 2964
f 2730 2836 2965
f 2731 2730 2966
f 2752 2731 2967
f 2765 2752 2968
f 2750 2765 2969
f 2751 2750 2970
f 2748 2751 2971
f 2749 2748 2972
f 2764 2749 2973
f 2728 2764 2974
f 2729 2728 2975
f 2747 2729 2976
f 2745 2747 2977
f 2746 2745 2978
f 2789 2746 2979
f 2790 2789 2980
f 2787 2790 2981
f 2788 2787 2982
f 2834 2788 2983
f 2835 2834 2984
f 2853 2835 2985
f 2832 2853 2986
f 2833 2832 2987
f 2762 2833 2988
f 2763 2762 2989
f 2786 2763 2990
f 2743 2786 2991
f 2744 2743 2992
f 2726 2744 2993
f 2727 2726 2994
f 2742 2727 2995
f 2761 2742 2996
f 2740 2761 2997
f 2741 2740 2998
f 2784 2741 2999
f 2785 2784 3000
f 2724 2785 3001
f 2725 2724 3002
f 2739 2725 3003
f 2722 2739 3004
f 3004 2861 2722
f 3003 3004 2739
f 3002 3003 2725
f 3001 3002 2724
f 3000 3001 2785
f 2999 3000 2784
f 2998 2999 2741
f 2997 2998 2740
f 2996 2997 2761
f 2995 2996 2742
f 2994 2995 2727
f 2993 2994 2726
f 2992 2993 2744
f 2991 2992 2743
f 2990 2991 2786
f 2989 2990 2763
f 2988 2989 2762
f 2987 2988 2833
f 2986 2987 2832
f 2985 2986 2853
f 2984 2985 2835
f 2983 2984 2834
f 2982 2983 2788
f 2981 2982 2787
f 2980 2981 2790
f 2979 2980 2789
f 2978 2979 2746
f 2977 2978 2745
f 2976 2977 2747
f 2975 2976 2729
f 2974 2975 2728
f 2973 2974 2764
f 2972 2973 2749
f 2971 2972 2748
f 2970 2971 2751
f 2969 2970 2750
f 2968 2969 2765
f 2967 2968 2752
f 2966 2967 2731
f 2965 2966 2730
f 2964 2965 2836
f 2963 2964 2792
f 2962 2963 2791
f 2961 2962 2837
f 2960 2961 2794
f 2959 2960 2793
f 2958 2959 2838
f 2957 2958 2796
f 2956 2957 2795
f 2955 2956 2767
f 2954 2955 2766
f 2953 2954 2797
f 2952 2953 2799
f 2951 2952 2798
f 2950 2951 2840
f 2949 2950 2839
f 2948 2949 2801
f 2947 2948 2800
f 2946 2947 2802
f 2945 2946 2769
f 2944 2945 2768
f 2943 2944 2804
f 2942 2943 2803
f 2941 2942 2754
f 2940 2941 2753
f 2939 2940 2770
f 2938 2939 2732
f 2937 2938 2720
f 2936 2937 2719
f 2935 2936 2734
f 2934 2935 2733
f 2933 2934 2756
f 2932 2933 2755
f 2931 2932 2854
f 2930 2931 2805
f 2929 2930 2806
f 2928 2929 2772
f 2927 2928 2771
f 2926 2927 2774
f 2925 2926 2773
f 2924 2925 2807
f 2923 2924 2775
f 2922 2923 2758
f 2921 2922 2757
f 2920 2921 2842
f 2919 2920 2841
f 2918 2919 2860
f 2917 2918 2855
f 2916 2917 2809
f 2915 2916 2808
f 2914 2915 2777
f 2913 2914 2776
f 2912 2913 2811
f 2911 2912 2810
f 2910 2911 2813
f 2909 2910 2812
f 2908 2909 2843
f 2907 2908 2815
f 2906 2907 2814
f 2905 2906 2844
f 2904 2905 2856
f 2903 2904 2858
f 2902 2903 2857
f 2901 2902 2859
f 2900 2901 2846
f 2899 2900 2845
f 2898 2899 2817
f 2897 2898 2816
f 2896 2897 2847
f 2895 2896 2819
f 2894 2895 2818
f 2893 2894 2848
f 2892 2893 2849
f 2891 2892 2821
f 2890 2891 2820
f 2889 2890 2823
f 2888 2889 2822
f 2887 2888 2850
f 2886 2887 2851
f 2885 2886 2825
f 2884 2885 2824
f 2883 2884 2826
f 2882 2883 2779
f 2881 2882 2778
f 2880 2881 2828
f 2879 2880 2827
f 2878 2879 2852
f 2877 2878 2829
f 2876 2877 2781
f 2875 2876 2780
f 2874 2875 2760
f 2873 2874 2759
f 2872 2873 2783
f 2871 2872 2782
f 2870 2871 2831
f 2869 2870 2830
f 2868 2869 2736
f 2867 2868 2735
f 2866 2867 2737
f 2865 2866 2721
f 2864 2865 2718
f 2863 2864 2717
f 2862 2863 2738
f 2861 2862 2723
f 3005 2932 2931
f 2931 2930 3005
f 2930 2929 3005
f 2929 2928 3005
f 2928 2927 3005
f 2927 2926 3005
f 2926 2925 3005
f 2925 2924 3005
f 2924 2923 3005
f 2923 2922 3005
f 2922 2921 3005
f 2921 2920 3005
f 2920 2919 3005
f 2919 2918 3005
f 2918 2917 3005
f 2917 2916 3005
f 2916 2915 3005
f 2915 2914 3005
f 2914 2913 3005
f 2913 2912 3005
f 2912 2911 3005
f 2911 2910 3005
f 2910 2909 3005
f 2909 2908 3005
f 2908 2907 3005
f 2907 2906 3005
f 2906 2905 3005
f 2905 2904 3005
f 2904 2903 3005
f 2903 2902 3005
f 2902 2901 3005
f 2901 2900 3005
f 2900 2899 3005
f 2899 2898 3005
f 2898 2897 3005
f 2897 2896 3005
f 2896 2895 3005
f 2895 2894 3005
f 2894 2893 3005
f 2893 2892 3005
f 2892 2891 3005
f 2891 2890 3005
f 2890 2889 3005
f 2889 2888 3005
f 2888 2887 3005
f 2887 2886 3005
f 2886 2885 3005
f 2885 2884 3005
f 2884 2883 3005
f 2883 2882 3005
f 2882 2881 3005
f 2881 2880 3005
f 2880 2879 3005
f 2879 2878 3005
f 2878 2877 3005
f 2877 2876 3005
f 2876 2875 3005
f 2875 2874 3005
f 2874 2873 3005
f 2873 2872 3005
f 2872 2871 3005
f 2871 2870 3005
f 2870 2869 3005
f 2869 2868 3005
f 2868 2867 3005
f 2867 2866 3005
f 2866 2865 3005
f 2865 2864 3005
f 2864 2863 3005
f 2863 2862 3005
f 2862 2861 3005
f 2861 3004 3005
f 3004 3003 3005
f 3003 3002 3005
f 3002 3001 3005
f 3001 3000 3005
f 3000 2999 3005
f 2999 2998 3005
f 2998 2997 3005
f 2997 2996 3005
f 2996 2995 3005
f 2995 2994 3005
f 2994 2993 3005
f 2993 2992 3005
f 2992 2991 3005
f 2991 2990 3005
f 2990 2989 3005
f 2989 2988 3005
f 2988 2987 3005
f 2987 2986 3005
f 2986 2985 3005
f 2985 2984 3005
f 2984 2983 3005
f 2983 2982 3005
f 2982 2981 3005
f 2981 2980 3005
f 2980 2979 3005
f 2979 2978 3005
f 2978 2977 3005
f 2977 2976 3005
f 2976 2975 3005
f 2975 2974 3005
f 2974 2973 3005
f 2973 2972 3005
f 2972 2971 3005
f 2971 2970 3005
f 2970 2969 3005
f 2969 2968 3005
f 2968 2967 3005
f 2967 2966 3005
f 2966 2965 3005
f 2965 2964 3005
f 2964 2963 3005
f 2963 2962 3005
f 2962 2961 3005
f 2961 2960 3005
f 2960 2959 3005
f 2959 2958 3005
f 2958 2957 3005
f 2957 2956 3005
f 2956 2955 3005
f 2955 2954 3005
f 2954 2953 3005
f 2953 2952 3005
f 2952 2951 3005
f 2951 2950 3005
f 2950 2949 3005
f 2949 2948 3005
f 2948 2947 3005
f 2947 2946 3005
f 2946 2945 3005
f 2945 2944 3005
f 2944 2943 3005
f 2943 2942 3005
f 2942 2941 3005
f 2941 2940 3005
f 2940 2939 3005
f 2939 2938 3005
f 2938 2937 3005
f 2937 2936 3005
f 2936 2935 3005
f 2935 2934 3005
f 2934 2933 3005
f 2933 2932 3005
f 3006 3007 2629
f 3008 3006 2630
f 3009 3008 2572
f 3010 3009 2605
f 3011 3010 2574
f 3012 3011 2573
f 3013 3012 2576
f 3014 3013 2575
f 3015 3014 2607
f 3016 3015 2606
f 3017 3016 2632
f 3018 3017 2631
f 3019 3018 2633
f 3020 3019 2608
f 3021 3020 2577
f 3022 3021 2553
f 3023 3022 2552
f 3024 3023 2609
f 3025 3024 2579
f 3026 3025 2578
f 3027 3026 2581
f 3028 3027 2580
f 3029 3028 2555
f 3030 3029 2554
f 3031 3030 2582
f 3032 3031 2611
f 3033 3032 2610
f 3034 3033 2584
f 3035 3034 2583
f 3036 3035 2557
f 3037 3036 2556
f 3038 3037 2613
f 3039 3038 2612
f 3040 3039 2615
f 3041 3040 2586
f 3042 3041 2585
f 3043 3042 2614
f 3044 3043 2559
f 3045 3044 2558
f 3046 3045 2587
f 3047 3046 2561
f 3048 3047 2560
f 3049 3048 2536
f 3050 3049 2516
f 3051 3050 2515
f 3052 3051 2535
f 3053 3052 2537
f 3054 3053 2518
f 3055 3054 2517
f 3056 3055 2538
f 3057 3056 2520
f 3058 3057 2519
f 3059 3058 2522
f 3060 3059 2521
f 3061 3060 2523
f 3062 3061 2506
f 3063 3062 2505
f 3064 3063 2588
f 3065 3064 2563
f 3066 3065 2562
f 3067 3066 2539
f 3068 3067 2524
f 3069 3068 2508
f 3070 3069 2507
f 3071 3070 2510
f 3072 3071 2509
f 3073 3072 2525
f 3074 3073 2511
f 3075 3074 2501
f 3076 3075 2498
f 3077 3076 2497
f 3078 3077 2493
f 3079 3078 2492
f 3080 3079 2500
f 3081 3080 2499
f 3082 3081 2491
f 3083 3082 2494
f 3084 3083 2496
f 3085 3084 2495
f 3086 3085 2502
f 3087 3086 2512
f 3088 3087 2504
f 3089 3088 2503
f 3090 3089 2527
f 3091 3090 2526
f 3092 3091 2514
f 3093 3092 2513
f 3094 3093 2528
f 3095 3094 2530
f 3096 3095 2529
f 3097 3096 2617
f 3098 3097 2616
f 3099 3098 2590
f 3100 3099 2589
f 3101 3100 2591
f 3102 3101 2564
f 3103 3102 2541
f 3104 3103 2540
f 3105 3104 2532
f 3106 3105 2531
f 3107 3106 2542
f 3108 3107 2534
f 3109 3108 2533
f 3110 3109 2565
f 3111 3110 2544
f 3112 3111 2543
f 3113 3112 2546
f 3114 3113 2545
f 3115 3114 2547
f 3116 3115 2566
f 3117 3116 2549
f 3118 3117 2548
f 3119 3118 2618
f 3120 3119 2593
f 3121 3120 2592
f 3122 3121 2619
f 3123 3122 2595
f 3124 3123 2594
f 3125 3124 2621
f 3126 3125 2620
f 3127 3126 2597
f 3128 3127 2596
f 3129 3128 2599
f 3130 3129 2598
f 3131 3130 2623
f 3132 3131 2622
f 3133 3132 2634
f 3134 3133 2625
f 3135 3134 2624
f 3136 3135 2601
f 3137 3136 2600
f 3138 3137 2626
f 3139 3138 2568
f 3140 3139 2567
f 3141 3140 2551
f 3142 3141 2550
f 3143 3142 2569
f 3144 3143 2602
f 3145 3144 2571
f 3146 3145 2570
f 3147 3146 2628
f 3148 3147 2627
f 3149 3148 2604
f 3007 3149 2603
f 2603 2629 3007
f 2604 2603 3149
f 2627 2604 3148
f 2628 2627 3147
f 2570 2628 3146
f 2571 2570 3145
f 2602 2571 3144
f 2569 2602 3143
f 2550 2569 3142
f 2551 2550 3141
f 2567 2551 3140
f 2568 2567 3139
f 2626 2568 3138
f 2600 2626 3137
f 2601 2600 3136
f 2624 2601 3135
f 2625 2624 3134
f 2634 2625 3133
f 2622 2634 3132
f 2623 2622 3131
f 2598 2623 3130
f 2599 2598 3129
f 2596 2599 3128
f 2597 2596 3127
f 2620 2597 3126
f 2621 2620 3125
f 2594 2621 3124
f 2595 2594 3123
f 2619 2595 3122
f 2592 2619 3121
f 2593 2592 3120
f 2618 2593 3119
f 2548 2618 3118
f 2549 2548 3117
f 2566 2549 3116
f 2547 2566 3115
f 2545 2547 3114
f 2546 2545 3113
f 2543 2546 3112
f 2544 2543 3111
f 2565 2544 3110
f 2533 2565 3109
f 2534 2533 3108
f 2542 2534 3107
f 2531 2542 3106
f 2532 2531 3105
f 2540 2532 3104
f 2541 2540 3103
f 2564 2541 3102
f 2591 2564 3101
f 2589 2591 3100
f 2590 2589 3099
f 2616 2590 3098
f 2617 2616 3097
f 2529 2617 3096
f 2530 2529 3095
f 2528 2530 3094
f 2513 2528 3093
f 2514 2513 3092
f 2526 2514 3091
f 2527 2526 3090
f 2503 2527 3089
f 2504 2503 3088
f 2512 2504 3087
f 2502 2512 3086
f 2495 2502 3085
f 2496 2495 3084
f 2494 2496 3083
f 2491 2494 3082
f 2499 2491 3081
f 2500 2499 3080
f 2492 2500 3079
f 2493 2492 3078
f 2497 2493 3077
f 2498 2497 3076
f 2501 2498 3075
f 2511 2501 3074
f 2525 2511 3073
f 2509 2525 3072
f 2510 2509 3071
f 2507 2510 3070
f 2508 2507 3069
f 2524 2508 3068
f 2539 2524 3067
f 2562 2539 3066
f 2563 2562 3065
f 2588 2563 3064
f 2505 2588 3063
f 2506 2505 3062
f 2523 2506 3061
f 2521 2523 3060
f 2522 2521 3059
f 2519 2522 3058
f 2520 2519 3057
f 2538 2520 3056
f 2517 2538 3055
f 2518 2517 3054
f 2537 2518 3053
f 2535 2537 3052
f 2515 2535 3051
f 2516 2515 3050
f 2536 2516 3049
f 2560 2536 3048
f 2561 2560 3047
f 2587 2561 3046
f 2558 2587 3045
f 2559 2558 3044
f 2614 2559 3043
f 2585 2614 3042
f 2586 2585 3041
f 2615 2586 3040
f 2612 2615 3039
f 2613 2612 3038
f 2556 2613 3037
f 2557 2556 3036
f 2583 2557 3035
f 2584 2583 3034
f 2610 2584 3033
f 2611 2610 3032
f 2582 2611 3031
f 2554 2582 3030
f 2555 2554 3029
f 2580 2555 3028
f 2581 2580 3027
f 2578 2581 3026
f 2579 2578 3025
f 2609 2579 3024
f 2552 2609 3023
f 2553 2552 3022
f 2577 2553 3021
f 2608 2577 3020
f 2633 2608 3019
f 2631 2633 3018
f 2632 2631 3017
f 2606 2632 3016
f 2607 2606 3015
f 2575 2607 3014
f 2576 2575 3013
f 2573 2576 3012
f 2574 2573 3011
f 2605 2574 3010
f 2572 2605 3009
f 2630 2572 3008
f 2629 2630 3006
f 3150 3079 3080
f 3080 3081 3150
f 3081 3082 3150
f 3082 3083 3150
f 3083 3084 3150
f 3084 3085 3150
f 3085 3086 3150
f 3086 3087 3150
f 3087 3088 3150
f 3088 3089 3150
f 3089 3090 3150
f 3090 3091 3150
f 3091 3092 3150
f 3092 3093 3150
f 3093 3094 3150
f 3094 3095 3150
f 3095 3096 3150
f 3096 3097 3150
f 3097 3098 3150
f 3098 3099 3150
f 3099 3100 3150
f 3100 3101 3150
f 3101 3102 3150
f 3102 3103 3150
f 3103 3104 3150
f 3104 3105 3150
f 3105 3106 3150
f 3106 3107 3150
f 3107 3108 3150
f 3108 3109 3150
f 3109 3110 3150
f 3110 3111 3150
f 3111 3112 3150
f 3112 3113 3150
f 3113 3114 3150
f 3114 3115 3150
f 3115 3116 3150
f 3116 3117 3150
f 3117 3118 3150
f 3118 3119 3150
f 3119 3120 3150
f 3120 3121 3150
f 3121 3122 3150
f 3122 3123 3150
f 3123 3124 3150
f 3124 3125 3150
f 3125 3126 3150
f 3126 3127 3150
f 3127 3128 3150
f 3128 3129 3150
f 3129 3130 3150
f 3130 3131 3150
f 3131 3132 3150
f 3132 3133 3150
f 3133 3134 3150
f 3134 3135 3150
f 3135 3136 3150
f 3136 3137 3150
f 3137 3138 3150
f 3138 3139 3150
f 3139 3140 3150
f 3140 3141 3150
f 3141 3142 3150
f 3142 3143 3150
f 3143 3144 3150
f 3144 3145 3150
f 3145 3146 3150
f 3146 3147 3150
f 3147 3148 3150
f 3148 3149 3150
f 3149 3007 3150
f 3007 3006 3150
f 3006 3008 3150
f 3008 3009 3150
f 3009 3010 3150
f 3010 3011 3150
f 3011 3012 3150
f 3012 3013 3150
f 3013 3014 3150
f 3014 3015 3150
f 3015 3016 3150
f 3016 3017 3150
f 3017 3018 3150
f 3018 3019 3150
f 3019 3020 3150
f 3020 3021 3150
f 3021 3022 3150
f 3022 3023 3150
f 3023 3024 3150
f 3024 3025 3150
f 3025 3026 3150
f 3026 3027 3150
f 3027 3028 3150
f 3028 3029 3150
f 3029 3030 3150
f 3030 3031 3150
f 3031 3032 3150
f 3032 3033 3150
f 3033 3034 3150
f 3034 3035 3150
f 3035 3036 3150
f 3036 3037 3150
f 3037 3038 3150
f 3038 3039 3150
f 3039 3040 3150
f 3040 3041 3150
f 3041 3042 3150
f 3042 3043 3150
f 3043 3044 3150
f 3044 3045 3150
f 3045 3046 3150
f 3046 3047 3150
f 3047 3048 3150
f 3048 3049 3150
f 3049 3050 3150
f 3050 3051 3150
f 3051 3052 3150
f 3052 3053 3150
f 3053 3054 3150
f 3054 3055 3150
f 3055 3056 3150
f 3056 3057 3150
f 3057 3058 3150
f 3058 3059 3150
f 3059 3060 3150
f 3060 3061 3150
f 3061 3062 3150
f 3062 3063 3150
f 3063 3064 3150
f 3064 3065 3150
f 3065 3066 3150
f 3066 3067 3150
f 3067 3068 3150
f 3068 3069 3150
f 3069 3070 3150
f 3070 3071 3150
f 3071 3072 3150
f 3072 3073 3150
f 3073 3074 3150
f 3074 3075 3150
f 3075 3076 3150
f 3076 3077 3150
f 3077 3078 3150
f 3078 3079 3150
f 3151 3152 3153
f 3154 3151 3155
f 3156 3154 3157
f 3158 3156 3159
f 3160 3158 3161
f 3162 3160 3163
f 3164 3162 3165
f 3166 3164 3167
f 3168 3166 3169
f 3170 3168 3171
f 3172 3170 3173
f 3174 3172 3175
f 3176 3174 3177
f 3178 3176 3179
f 3180 3178 3181
f 3182 3180 3183
f 3184 3182 3185
f 3186 3184 3187
f 3188 3186 3189
f 3190 3188 3191
f 3192 3190 3193
f 3194 3192 3195
f 3196 3194 3197
f 3198 3196 3199
f 3200 3198 3201
f 3202 3200 3203
f 3204 3202 3205
f 3206 3204 3207
f 3208 3206 3209
f 3210 3208 3211
f 3212 3210 3213
f 3214 3212 3215
f 3216 3214 3217
f 3218 3216 3219
f 3220 3218 3221
f 3222 3220 3223
f 3224 3222 3225
f 3226 3224 3227
f 3228 3226 3229
f 3230 3228 3231
f 3232 3230 3233
f 3234 3232 3235
f 3236 3234 3237
f 3238 3236 3239
f 3240 3238 3241
f 3242 3240 3243
f 3244 3242 3245
f 3246 3244 3247
f 3248 3246 3249
f 3250 3248 3251
f 3252 3250 3253
f 3254 3252 3255
f 3256 3254 3257
f 3258 3256 3259
f 3260 3258 3261
f 3262 3260 3263
f 3264 3262 3265
f 3266 3264 3267
f 3268 3266 3269
f 3270 3268 3271
f 3272 3270 3273
f 3274 3272 3275
f 3276 3274 3277
f 3278 3276 3279
f 3280 3278 3281
f 3282 3280 3283
f 3284 3282 3285
f 3286 3284 3287
f 3288 3286 3289
f 3290 3288 3291
f 3292 3290 3293
f 3294 3292 3295
f 3296 3294 3297
f 3298 3296 3299
f 3300 3298 3301
f 3302 3300 3303
f 3304 3302 3305
f 3306 3304 3307
f 3308 3306 3309
f 3310 3308 3311
f 3312 3310 3313
f 3314 3312 3315
f 3316 3314 3317
f 3318 3316 3319
f 3320 3318 3321
f 3322 3320 3323
f 3324 3322 3325
f 3326 3324 3327
f 3328 3326 3329
f 3330 3328 3331
f 3332 3330 3333
f 3334 3332 3335
f 3336 3334 3337
f 3338 3336 3339
f 3340 3338 3341
f 3342 3340 3343
f 3344 3342 3345
f 3346 3344 3347
f 3348 3346 3349
f 3350 3348 3351
f 3352 3350 3353
f 3354 3352 3355
f 3356 3354 3357
f 3358 3356 3359
f 3360 3358 3361
f 3362 3360 3363
f 3364 3362 3365
f 3366 3364 3367
f 3368 3366 3369
f 3370 3368 3371
f 3372 3370 3373
f 3374 3372 3375
f 3376 3374 3377
f 3378 3376 3379
f 3380 3378 3381
f 3382 3380 3383
f 3384 3382 3385
f 3386 3384 3387
f 3388 3386 3389
f 3390 3388 3391
f 3392 3390 3393
f 3394 3392 3395
f 3396 3394 3397
f 3398 3396 3399
f 3400 3398 3401
f 3402 3400 3403
f 3404 3402 3405
f 3406 3404 3407
f 3408 3406 3409
f 3410 3408 3411
f 3412 3410 3413
f 3414 3412 3415
f 3416 3414 3417
f 3418 3416 3419
f 3420 3418 3421
f 3422 3420 3423
f 3424 3422 3425
f 3426 3424 3427
f 3428 3426 3429
f 3430 3428 3431
f 3432 3430 3433
f 3434 3432 3435
f 3436 3434 3437
f 3152 3436 3438
f 3438 3153 3152
f 3437 3438 3436
f 3435 3437 3434
f 3433 3435 3432
f 3431 3433 3430
f 3429 3431 3428
f 3427 3429 3426
f 3425 3427 3424
f 3423 3425 3422
f 3421 3423 3420
f 3419 3421 3418
f 3417 3419 3416
f 3415 3417 3414
f 3413 3415 3412
f 3411 3413 3410
f 3409 3411 3408
f 3407 3409 3406
f 3405 3407 3404
f 3403 3405 3402
f 3401 3403 3400
f 3399 3401 3398
f 3397 3399 3396
f 3395 3397 3394
f 3393 3395 3392
f 3391 3393 3390
f 3389 3391 3388
f 3387 3389 3386
f 3385 3387 3384
f 3383 3385 3382
f 3381 3383 3380
f 3379 3381 3378
f 3377 3379 3376
f 3375 3377 3374
f 3373 3375 3372
f 3371 3373 3370
f 3369 3371 3368
f 3367 3369 3366
f 3365 3367 3364
f 3363 3365 3362
f 3361 3363 3360
f 3359 3361 3358
f 3357 3359 3356
f 3355 3357 3354
f 3353 3355 3352
f 3351 3353 3350
f 3349 3351 3348
f 3347 3349 3346
f 3345 3347 3344
f 3343 3345 3342
f 3341 3343 3340
f 3339 3341 3338
f 3337 3339 3336
f 3335 3337 3334
f 3333 3335 3332
f 3331 3333 3330
f 3329 3331 3328
f 3327 3329 3326
f 3325 3327 3324
f 3323 3325 3322
f 3321 3323 3320
f 3319 3321 3318
f 3317 3319 3316
f 3315 3317 3314
f 3313 3315 3312
f 3311 3313 3310
f 3309 3311 3308
f 3307 3309 3306
f 3305 3307 3304
f 3303 3305 3302
f 3301 3303 3300
f 3299 3301 3298
f 3297 3299 3296
f 3295 3297 3294
f 3293 3295 3292
f 3291 3293 3290
f 3289 3291 3288
f 3287 3289 3286
f 3285 3287 3284
f 3283 3285 3282
f 3281 3283 3280
f 3279 3281 3278
f 3277 3279 3276
f 3275 3277 3274
f 3273 3275 3272
f 3271 3273 3270
f 3269 3271 3268
f 3267 3269 3266
f 3265 3267 3264
f 3263 3265 3262
f 3261 3263 3260
f 3259 3261 3258
f 3257 3259 3256
f 3255 3257 3254
f 3253 3255 3252
f 3251 3253 3250
f 3249 3251 3248
f 3247 3249 3246
f 3245 3247 3244
f 3243 3245 3242
f 3241 3243 3240
f 3239 3241 3238
f 3237 3239 3236
f 3235 3237 3234
f 3233 3235 3232
f 3231 3233 3230
f 3229 3231 3228
f 3227 3229 3226
f 3225 3227 3224
f 3223 3225 3222
f 3221 3223 3220
f 3219 3221 3218
f 3217 3219 3216
f 3215 3217 3214
f 3213 3215 3212
f 3211 3213 3210
f 3209 3211 3208
f 3207 3209 3206
f 3205 3207 3204
f 3203 3205 3202
f 3201 3203 3200
f 3199 3201 3198
f 3197 3199 3196
f 3195 3197 3194
f 3193 3195 3192
f 3191 3193 3190
f 3189 3191 3188
f 3187 3189 3186
f 3185 3187 3184
f 3183 3185 3182
f 3181 3183 3180
f 3179 3181 3178
f 3177 3179 3176
f 3175 3177 3174
f 3173 3175 3172
f 3171 3173 3170
f 3169 3171 3168
f 3167 3169 3166
f 3165 3167 3164
f 3163 3165 3162
f 3161 3163 3160
f 3159 3161 3158
f 3157 3159 3156
f 3155 3157 3154
f 3153 3155 3151
f 3439 3440 3228
f 3440 3226 3228
f 3228 3441 3442
f 3440 3180 3182
f 3442 3443 3228
f 3440 3206 3208
f 3182 3184 3440
f 3440 3174 3176
f 3444 3445 3398
f 3440 3224 3226
f 3440 3218 3220
f 3440 3214 3216
f 3440 3210 3212
f 3440 3204 3206
f 3184 3186 3440
f 3176 3178 3440
f 3440 3168 3170
f 3366 3446 3447
f 3366 3448 3449
f 3445 3450 3394
f 3400 3451 3444
f 3400 3452 3453
f 3440 3222 3224
f 3216 3218 3440
f 3208 3210 3440
f 3440 3200 3202
f 3178 3180 3440
f 3170 3172 3440
f 3447 3454 3366
f 3366 3455 3448
f 3456 3402 3404
f 3402 3456 3457
f 3394 3396 3445
f 3400 3458 3451
f 3400 3459 3460
f 3453 3461 3400
f 3462 3380 3382
f 3462 3368 3370
f 3463 3464 3465
f 3466 3467 3464
f 3220 3222 3440
f 3202 3204 3440
f 3440 3194 3196
f 3440 3188 3190
f 3172 3174 3440
f 3454 3468 3366
f 3449 3469 3366
f 3366 3470 3471
f 3366 3472 3473
f 3457 3400 3402
f 3406 3474 3475
f 3398 3400 3444
f 3450 3390 3392
f 3460 3476 3400
f 3400 3457 3452
f 3462 3378 3380
f 3462 3374 3376
f 3370 3372 3462
f 3477 3318 3320
f 3464 3463 3466
f 3465 3478 3463
f 3466 3479 3480
f 3212 3214 3440
f 3440 3192 3194
f 3186 3188 3440
f 3469 3446 3366
f 3366 3481 3470
f 3366 3482 3472
f 3366 3483 3484
f 3474 3412 3414
f 3474 3408 3410
f 3475 3456 3406
f 3392 3394 3450
f 3461 3459 3400
f 3462 3384 3386
f 3376 3378 3462
f 3462 3366 3368
f 3320 3322 3477
f 3322 3324 3477
f 3463 3485 3486
f 3480 3487 3466
f 3487 3488 3466
f 3440 3198 3200
f 3190 3192 3440
f 3440 3164 3166
f 3440 3160 3162
f 3489 3154 3156
f 3441 3228 3230
f 3232 3490 3491
f 3232 3492 3493
f 3232 3494 3495
f 3489 3432 3434
f 3489 3428 3430
f 3471 3455 3366
f 3484 3482 3366
f 3410 3412 3474
f 3404 3406 3456
f 3390 3450 3496
f 3476 3458 3400
f 3386 3388 3462
f 3372 3374 3462
f 3477 3330 3332
f 3477 3326 3328
f 3310 3497 3498
f 3499 3500 3501
f 3499 3502 3503
f 3499 3504 3505
f 3463 3506 3507
f 3463 3508 3509
f 3463 3510 3511
f 3463 3512 3513
f 3478 3485 3463
f 3466 3514 3515
f 3516 3517 3518
f 3196 3198 3440
f 3162 3164 3440
f 3156 3440 3489
f 3156 3158 3440
f 3230 3519 3520
f 3493 3490 3232
f 3232 3521 3494
f 3489 3152 3151
f 3430 3432 3489
f 3489 3424 3426
f 3473 3481 3366
f 3366 3522 3523
f 3406 3408 3474
f 3416 3489 3524
f 3396 3398 3445
f 3382 3384 3462
f 3525 3362 3364
f 3525 3358 3360
f 3525 3350 3352
f 3477 3348 3350
f 3332 3334 3477
f 3334 3336 3477
f 3324 3326 3477
f 3477 3314 3316
f 3477 3310 3312
f 3498 3306 3308
f 3498 3308 3310
f 3477 3526 3497
f 3302 3498 3527
f 3240 3528 3529
f 3240 3530 3531
f 3240 3532 3533
f 3240 3534 3535
f 3240 3536 3537
f 3240 3538 3539
f 3499 3540 3500
f 3505 3502 3499
f 3499 3541 3542
f 3499 3543 3544
f 3477 3545 3546
f 3463 3547 3506
f 3463 3548 3508
f 3463 3549 3550
f 3463 3551 3552
f 3463 3553 3554
f 3513 3510 3463
f 3488 3467 3466
f 3466 3555 3556
f 3466 3557 3514
f 3518 3558 3516
f 3559 3560 3561
f 3559 3516 3562
f 3439 3563 3564
f 3166 3168 3440
f 3230 3520 3441
f 3230 3232 3519
f 3495 3492 3232
f 3489 3436 3152
f 3426 3428 3489
f 3523 3483 3366
f 3524 3474 3416
f 3388 3390 3462
f 3360 3362 3525
f 3525 3354 3356
f 3350 3525 3477
f 3477 3344 3346
f 3328 3330 3477
f 3312 3314 3477
f 3497 3310 3477
f 3498 3302 3304
f 3527 3298 3300
f 3527 3294 3296
f 3565 3274 3276
f 3565 3270 3272
f 3538 3240 3242
f 3531 3528 3240
f 3529 3566 3240
f 3533 3567 3240
f 3567 3530 3240
f 3240 3568 3569
f 3240 3570 3534
f 3535 3568 3240
f 3539 3536 3240
f 3537 3570 3240
f 3503 3540 3499
f 3542 3571 3499
f 3571 3504 3499
f 3499 3572 3543
f 3499 3573 3574
f 3499 3575 3576
f 3477 3577 3578
f 3546 3579 3477
f 3509 3547 3463
f 3463 3580 3581
f 3463 3582 3583
f 3463 3584 3585
f 3463 3586 3587
f 3463 3588 3589
f 3463 3590 3549
f 3463 3591 3592
f 3552 3593 3463
f 3554 3594 3463
f 3486 3512 3463
f 3556 3595 3466
f 3595 3479 3466
f 3466 3596 3597
f 3466 3598 3599
f 3466 3600 3601
f 3466 3602 3557
f 3466 3603 3604
f 3517 3603 3466
f 3558 3605 3516
f 3562 3560 3559
f 3564 3606 3439
f 3158 3160 3440
f 3491 3519 3232
f 3434 3436 3489
f 3489 3420 3422
f 3366 3607 3522
f 3489 3416 3418
f 3496 3462 3390
f 3356 3358 3525
f 3346 3348 3477
f 3316 3318 3477
f 3477 3608 3526
f 3527 3300 3302
f 3527 3292 3294
f 3292 3527 3565
f 3565 3282 3284
f 3565 3278 3280
f 3272 3274 3565
f 3538 3262 3264
f 3242 3244 3538
f 3244 3246 3538
f 3569 3609 3240
f 3609 3532 3240
f 3610 3501 3611
f 3574 3572 3499
f 3499 3612 3575
f 3477 3613 3577
f 3579 3614 3477
f 3581 3548 3463
f 3463 3615 3582
f 3587 3584 3463
f 3463 3616 3588
f 3592 3590 3463
f 3594 3551 3463
f 3599 3596 3466
f 3601 3617 3466
f 3604 3602 3466
f 3466 3618 3517
f 3561 3564 3559
f 3606 3440 3439
f 3563 3559 3564
f 3422 3424 3489
f 3366 3462 3607
f 3414 3416 3474
f 3352 3354 3525
f 3477 3340 3342
f 3296 3298 3527
f 3565 3288 3290
f 3284 3286 3565
f 3276 3278 3565
f 3270 3565 3538
f 3264 3266 3538
f 3266 3268 3538
f 3538 3258 3260
f 3538 3252 3254
f 3538 3248 3250
f 3246 3248 3538
f 3521 3232 3234
f 3542 3619 3620
f 3501 3610 3499
f 3541 3621 3622
f 3499 3623 3621
f 3623 3544 3624
f 3576 3573 3499
f 3625 3626 3627
f 3499 3628 3625
f 3614 3613 3477
f 3477 3629 3630
f 3477 3631 3632
f 3477 3633 3634
f 3477 3507 3635
f 3583 3580 3463
f 3585 3636 3463
f 3463 3637 3638
f 3463 3639 3616
f 3593 3591 3463
f 3597 3555 3466
f 3617 3640 3466
f 3618 3518 3517
f 3151 3154 3489
f 3418 3420 3489
f 3342 3344 3477
f 3477 3336 3338
f 3304 3306 3498
f 3286 3288 3565
f 3538 3268 3270
f 3280 3282 3565
f 3260 3262 3538
f 3254 3256 3538
f 3256 3258 3538
f 3641 3236 3238
f 3234 3642 3643
f 3240 3644 3645
f 3646 3647 3648
f 3611 3649 3610
f 3621 3541 3499
f 3544 3623 3499
f 3625 3612 3499
f 3477 3650 3651
f 3477 3652 3653
f 3477 3654 3655
f 3630 3545 3477
f 3634 3631 3477
f 3477 3656 3657
f 3507 3477 3463
f 3638 3586 3463
f 3550 3639 3463
f 3640 3598 3466
f 3605 3562 3516
f 3468 3525 3366
f 3338 3340 3477
f 3565 3290 3292
f 3250 3252 3538
f 3641 3234 3236
f 3238 3240 3641
f 3234 3641 3642
f 3566 3644 3240
f 3648 3658 3659
f 3646 3660 3661
f 3646 3662 3663
f 3622 3664 3541
f 3627 3612 3625
f 3477 3665 3666
f 3477 3667 3668
f 3653 3650 3477
f 3655 3669 3477
f 3477 3670 3671
f 3477 3672 3673
f 3632 3629 3477
f 3657 3674 3477
f 3674 3633 3477
f 3636 3615 3463
f 3511 3553 3463
f 3228 3443 3439
f 3234 3643 3521
f 3645 3675 3240
f 3676 3440 3677
f 3678 3679 3680
f 3678 3681 3682
f 3678 3683 3684
f 3661 3647 3646
f 3646 3680 3662
f 3502 3685 3686
f 3624 3687 3623
f 3668 3665 3477
f 3669 3652 3477
f 3477 3688 3670
f 3578 3672 3477
f 3635 3656 3477
f 3515 3600 3466
f 3364 3366 3525
f 3675 3641 3240
f 3676 3689 3690
f 3677 3691 3676
f 3680 3646 3692
f 3682 3693 3678
f 3684 3694 3678
f 3678 3695 3696
f 3663 3660 3646
f 3658 3697 3698
f 3699 3700 3701
f 3499 3610 3700
f 3575 3702 3703
f 3620 3571 3542
f 3651 3667 3477
f 3673 3688 3477
f 3589 3637 3463
f 3489 3704 3705
f 3676 3706 3695
f 3691 3689 3676
f 3693 3679 3678
f 3696 3683 3678
f 3698 3659 3658
f 3648 3499 3707
f 3708 3709 3710
f 3499 3699 3708
f 3700 3699 3499
f 3686 3503 3502
f 3671 3654 3477
f 3705 3711 3489
f 3440 3676 3712
f 3690 3706 3676
f 3694 3681 3678
f 3692 3646 3713
f 3707 3658 3648
f 3708 3707 3499
f 3504 3714 3715
f 3703 3576 3575
f 3712 3704 3440
f 3695 3678 3716
f 3678 3717 3718
f 3713 3719 3692
f 3710 3707 3708
f 3572 3720 3721
f 3701 3722 3699
f 3723 3724 3725
f 3499 3726 3723
f 3727 3728 3729
f 3499 3730 3727
f 3489 3440 3704
f 3676 3731 3732
f 3718 3716 3678
f 3648 3659 3646
f 3573 3733 3734
f 3715 3505 3504
f 3735 3736 3737
f 3499 3738 3735
f 3723 3738 3499
f 3727 3726 3499
f 3732 3712 3676
f 3680 3692 3678
f 3540 3739 3740
f 3721 3543 3572
f 3741 3742 3743
f 3499 3744 3741
f 3735 3744 3499
f 3729 3726 3727
f 3695 3716 3676
f 3734 3574 3573
f 3741 3628 3499
f 3725 3738 3723
f 3745 3746 3747
f 3499 3748 3745
f 3748 3749 3750
f 3740 3500 3540
f 3737 3744 3735
f 3745 3730 3499
f 3748 3499 3749
f 3743 3628 3741
f 3750 3751 3748
f 3747 3730 3745
f 3666 3608 3477
f 3752 3391 3389
f 3752 3365 3363
f 3752 3393 3391
f 3363 3753 3752
f 3363 3754 3753
f 3752 3369 3367
f 3752 3385 3383
f 3389 3387 3752
f 3755 3756 3757
f 3755 3758 3759
f 3367 3365 3752
f 3752 3377 3375
f 3752 3381 3379
f 3387 3385 3752
f 3752 3399 3397
f 3760 3161 3159
f 3759 3756 3755
f 3755 3761 3762
f 3755 3763 3764
f 3765 3766 3767
f 3765 3768 3769
f 3765 3770 3771
f 3752 3371 3369
f 3375 3373 3752
f 3383 3381 3752
f 3397 3395 3752
f 3752 3403 3401
f 3407 3405 3752
f 3772 3415 3413
f 3760 3163 3161
f 3762 3758 3755
f 3764 3773 3755
f 3763 3774 3775
f 3765 3776 3766
f 3765 3777 3768
f 3765 3778 3770
f 3765 3779 3763
f 3373 3371 3752
f 3395 3393 3752
f 3752 3405 3403
f 3772 3409 3407
f 3772 3417 3415
f 3159 3772 3760
f 3213 3780 3781
f 3781 3782 3217
f 3755 3783 3784
f 3773 3761 3755
f 3775 3785 3763
f 3785 3764 3763
f 3763 3786 3787
f 3765 3788 3789
f 3765 3790 3791
f 3765 3792 3776
f 3771 3777 3765
f 3765 3793 3794
f 3763 3795 3765
f 3752 3753 3796
f 3379 3377 3752
f 3752 3772 3407
f 3413 3411 3772
f 3772 3433 3431
f 3772 3157 3155
f 3760 3165 3163
f 3760 3169 3167
f 3760 3173 3171
f 3760 3177 3175
f 3209 3797 3780
f 3217 3215 3781
f 3295 3798 3799
f 3755 3800 3783
f 3755 3801 3802
f 3755 3803 3804
f 3755 3805 3806
f 3763 3807 3808
f 3763 3809 3810
f 3763 3811 3812
f 3763 3813 3814
f 3787 3815 3763
f 3791 3788 3765
f 3765 3816 3817
f 3765 3818 3819
f 3765 3820 3821
f 3765 3822 3823
f 3765 3824 3825
f 3769 3792 3765
f 3795 3793 3765
f 3411 3409 3772
f 3363 3826 3827
f 3772 3435 3433
f 3772 3438 3437
f 3155 3153 3772
f 3167 3165 3760
f 3175 3173 3760
f 3760 3187 3185
f 3203 3828 3829
f 3205 3829 3797
f 3780 3211 3209
f 3781 3215 3213
f 3830 3221 3219
f 3830 3831 3223
f 3799 3832 3295
f 3295 3833 3834
f 3295 3835 3836
f 3802 3800 3755
f 3755 3837 3803
f 3755 3838 3839
f 3757 3805 3755
f 3808 3840 3763
f 3840 3841 3763
f 3812 3809 3763
f 3810 3807 3763
f 3815 3813 3763
f 3817 3790 3765
f 3821 3818 3765
f 3825 3822 3765
f 3794 3778 3765
f 3401 3399 3752
f 3827 3842 3363
f 3772 3423 3421
f 3772 3427 3425
f 3431 3429 3772
f 3153 3438 3772
f 3171 3169 3760
f 3760 3189 3187
f 3193 3760 3843
f 3197 3843 3844
f 3199 3844 3828
f 3797 3207 3205
f 3213 3211 3780
f 3219 3782 3830
f 3831 3225 3223
f 3831 3231 3229
f 3295 3845 3798
f 3836 3833 3295
f 3834 3845 3295
f 3291 3846 3835
f 3847 3848 3849
f 3850 3851 3852
f 3850 3853 3854
f 3755 3855 3856
f 3755 3857 3858
f 3804 3801 3755
f 3755 3859 3860
f 3755 3861 3862
f 3806 3838 3755
f 3763 3841 3863
f 3814 3864 3763
f 3819 3816 3765
f 3765 3865 3866
f 3767 3824 3765
f 3842 3754 3363
f 3421 3419 3772
f 3429 3427 3772
f 3159 3157 3772
f 3760 3183 3181
f 3760 3191 3189
f 3843 3195 3193
f 3844 3199 3197
f 3828 3203 3201
f 3209 3207 3797
f 3223 3221 3830
f 3831 3233 3231
f 3831 3237 3235
f 3295 3867 3868
f 3835 3293 3291
f 3847 3869 3870
f 3847 3871 3872
f 3849 3873 3847
f 3847 3874 3875
f 3850 3876 3877
f 3850 3878 3879
f 3854 3851 3850
f 3858 3855 3755
f 3755 3880 3881
f 3860 3837 3755
f 3862 3882 3755
f 3863 3774 3763
f 3864 3811 3763
f 3789 3883 3765
f 3866 3884 3765
f 3765 3885 3886
f 3763 3779 3887
f 3823 3888 3765
f 3419 3417 3772
f 3437 3435 3772
f 3826 3363 3361
f 3361 3889 3890
f 3181 3179 3760
f 3193 3191 3760
f 3828 3201 3199
f 3219 3217 3782
f 3235 3233 3831
f 3831 3241 3239
f 3850 3253 3251
f 3850 3271 3269
f 3850 3275 3273
f 3850 3279 3277
f 3832 3867 3295
f 3835 3295 3293
f 3289 3891 3892
f 3850 3893 3894
f 3850 3895 3896
f 3850 3897 3898
f 3899 3333 3331
f 3899 3337 3335
f 3899 3341 3339
f 3870 3900 3847
f 3873 3871 3847
f 3875 3901 3847
f 3847 3902 3903
f 3847 3904 3905
f 3879 3876 3850
f 3850 3906 3907
f 3850 3908 3909
f 3850 3910 3853
f 3881 3857 3755
f 3882 3859 3755
f 3763 3911 3912
f 3884 3820 3765
f 3765 3913 3885
f 3887 3914 3763
f 3914 3911 3763
f 3888 3915 3765
f 3425 3423 3772
f 3890 3916 3361
f 3185 3183 3760
f 3829 3205 3203
f 3889 3361 3359
f 3359 3899 3917
f 3229 3227 3831
f 3831 3243 3241
f 3831 3247 3245
f 3251 3831 3850
f 3251 3249 3831
f 3850 3257 3255
f 3269 3267 3850
f 3267 3265 3850
f 3277 3275 3850
f 3291 3289 3846
f 3868 3899 3295
f 3892 3918 3289
f 3918 3846 3289
f 3899 3301 3299
f 3850 3919 3920
f 3894 3921 3850
f 3921 3919 3850
f 3898 3895 3850
f 3899 3319 3317
f 3899 3323 3321
f 3899 3327 3325
f 3331 3329 3899
f 3339 3337 3899
f 3335 3333 3899
f 3899 3347 3345
f 3899 3355 3353
f 3847 3922 3923
f 3923 3922 3924
f 3872 3869 3847
f 3848 3925 3926
f 3847 3927 3928
f 3927 3929 3930
f 3847 3931 3932
f 3932 3931 3933
f 3903 3874 3847
f 3905 3934 3847
f 3907 3878 3850
f 3852 3908 3850
f 3850 3935 3936
f 3850 3937 3938
f 3784 3880 3755
f 3912 3786 3763
f 3886 3865 3765
f 3915 3913 3765
f 3361 3916 3826
f 3197 3195 3843
f 3359 3939 3940
f 3917 3941 3359
f 3239 3237 3831
f 3831 3249 3247
f 3255 3253 3850
f 3850 3261 3259
f 3850 3265 3263
f 3273 3271 3850
f 3891 3289 3287
f 3299 3297 3899
f 3920 3283 3850
f 3896 3893 3850
f 3317 3315 3899
f 3325 3323 3899
f 3345 3343 3899
f 3343 3341 3899
f 3899 3357 3355
f 3353 3351 3899
f 3924 3942 3923
f 3926 3849 3848
f 3930 3928 3927
f 3933 3943 3932
f 3934 3902 3847
f 3904 3944 3945
f 3909 3906 3850
f 3938 3935 3850
f 3850 3946 3947
f 3850 3948 3949
f 3755 3950 3948
f 3755 3951 3952
f 3755 3953 3954
f 3839 3861 3755
f 3179 3177 3760
f 3359 3955 3939
f 3359 3956 3957
f 3941 3958 3359
f 3245 3243 3831
f 3259 3257 3850
f 3850 3283 3281
f 3287 3285 3891
f 3297 3295 3899
f 3283 3959 3960
f 3899 3305 3303
f 3899 3313 3311
f 3321 3319 3899
f 3329 3327 3899
f 3899 3351 3349
f 3899 3359 3357
f 3900 3922 3847
f 3932 3927 3847
f 3945 3905 3904
f 3901 3875 3961
f 3962 3963 3964
f 3965 3966 3967
f 3968 3969 3970
f 3936 3910 3850
f 3850 3971 3972
f 3850 3973 3974
f 3850 3975 3976
f 3850 3977 3946
f 3948 3850 3755
f 3949 3977 3850
f 3755 3978 3951
f 3856 3953 3755
f 3796 3765 3752
f 3359 3979 3955
f 3958 3956 3359
f 3281 3279 3850
f 3920 3959 3283
f 3899 3307 3305
f 3311 3309 3899
f 3349 3347 3899
f 3928 3848 3847
f 3961 3980 3901
f 3962 3981 3982
f 3962 3983 3984
f 3964 3983 3962
f 3965 3985 3986
f 3967 3987 3965
f 3968 3988 3969
f 3968 3989 3990
f 3972 3937 3850
f 3850 3991 3992
f 3850 3993 3994
f 3974 3995 3850
f 3850 3996 3997
f 3976 3998 3850
f 3952 3999 3755
f 3883 3752 3765
f 3957 3979 3359
f 3263 3261 3850
f 3960 3891 3283
f 3309 3307 3899
f 3315 3313 3899
f 3901 3931 3847
f 3874 3903 4000
f 3962 4001 3981
f 3963 4002 3964
f 3965 4003 4004
f 3965 4005 4006
f 3965 4007 3985
f 3966 3962 3967
f 3990 3988 3968
f 3968 4008 4009
f 3992 3971 3850
f 3995 3993 3850
f 3850 4010 4011
f 3998 3996 3850
f 3999 3950 3755
f 3359 3940 3889
f 3285 3283 3891
f 4000 4012 3874
f 3900 3870 4013
f 3847 4014 4015
f 4014 4016 4017
f 4002 3963 4018
f 3984 4001 3962
f 4006 4003 3965
f 3987 4007 3965
f 4009 3989 3968
f 3772 4019 4020
f 3994 3991 3850
f 3997 4010 3850
f 3954 3978 3755
f 3303 3301 3899
f 4013 4021 3900
f 4017 4015 4014
f 3847 4022 4023
f 4023 4022 4024
f 3964 4002 4022
f 3982 3967 3962
f 3966 4025 4026
f 3986 4005 3965
f 4008 4027 4028
f 3970 3760 3968
f 3760 4029 4030
f 4029 3760 3772
f 4011 3973 3850
f 3227 3225 3831
f 3847 4031 4032
f 4032 4031 4033
f 3847 4034 4035
f 4035 4034 4036
f 4015 3904 3847
f 3871 3873 4037
f 4024 4038 4023
f 4018 4039 4002
f 4004 4009 3965
f 4008 3965 4009
f 4020 4029 3772
f 3947 3975 3850
f 4033 4040 4032
f 4036 4041 4035
f 3847 4042 4043
f 4043 4042 4044
f 4037 4045 3871
f 3869 3872 4046
f 4022 3847 3964
f 4028 3965 4008
f 3968 4030 4047
f 3877 3897 3850
f 4035 4031 3847
f 4044 4048 4043
f 3847 4049 4050
f 4050 4049 4051
f 4046 4052 3869
f 3902 3934 4053
f 4026 3962 3966
f 4030 3968 3760
f 4054 4055 4056
f 3847 4057 4058
f 4058 4057 4059
f 4043 4034 3847
f 4051 4060 4050
f 4053 4061 3902
f 4047 4062 3968
f 4056 4063 4054
f 4059 4064 4058
f 4050 4042 3847
f 4023 4014 3847
f 4058 4054 3847
f 3923 4049 3847
f 4032 4057 3847
f 4063 3847 4054
f 4021 3702 3575
f 3575 3900 4021
f 4013 3703 3702
f 3702 4021 4013
f 3648 3964 3847
f 3847 3499 3648
f 3870 3576 3703
f 3703 4013 3870
f 3576 3870 3869
f 3869 3573 3576
f 4052 3733 3573
f 3573 3869 4052
f 4046 3734 3733
f 3733 4052 4046
f 3872 3574 3734
f 3734 4046 3872
f 3574 3872 3871
f 3871 3572 3574
f 4045 3720 3572
f 3572 3871 4045
f 4037 3721 3720
f 3720 4045 4037
f 3873 3543 3721
f 3721 4037 3873
f 3543 3873 3849
f 3849 3544 3543
f 3926 3624 3544
f 3544 3849 3926
f 3925 3687 3624
f 3624 3926 3925
f 3848 3623 3687
f 3687 3925 3848
f 3623 3848 3928
f 3928 3621 3623
f 3930 3622 3621
f 3621 3928 3930
f 3929 3664 3622
f 3622 3930 3929
f 3927 3541 3664
f 3664 3929 3927
f 3541 3927 3932
f 3932 3542 3541
f 3943 3619 3542
f 3542 3932 3943
f 3933 3620 3619
f 3619 3943 3933
f 3933 3931 3571
f 3571 3620 3933
f 3571 3931 3901
f 3901 3504 3571
f 3980 3714 3504
f 3504 3901 3980
f 3961 3715 3714
f 3714 3980 3961
f 3875 3505 3715
f 3715 3961 3875
f 3505 3875 3874
f 3874 3502 3505
f 4012 3685 3502
f 3502 3874 4012
f 4000 3686 3685
f 3685 4012 4000
f 3903 3503 3686
f 3686 4000 3903
f 3503 3903 3902
f 3902 3540 3503
f 4061 3739 3540
f 3540 3902 4061
f 4053 3740 3739
f 3739 4061 4053
f 3934 3500 3740
f 3740 4053 3934
f 3500 3934 3905
f 3905 3501 3500
f 3945 3611 3501
f 3501 3905 3945
f 3944 3649 3611
f 3611 3945 3944
f 3904 3610 3649
f 3649 3944 3904
f 3610 3904 4015
f 4015 3700 3610
f 4017 3701 3700
f 3700 4015 4017
f 4016 3722 3701
f 3701 4017 4016
f 4014 3699 3722
f 3722 4016 4014
f 3699 4014 4023
f 4023 3708 3699
f 4038 3709 3708
f 3708 4023 4038
f 4024 3710 3709
f 3709 4038 4024
f 4022 3707 3710
f 3710 4024 4022
f 3707 4022 4002
f 4002 3658 3707
f 4039 3697 3658
f 3658 4002 4039
f 4018 3698 3697
f 3697 4039 4018
f 3963 3659 3698
f 3698 4018 3963
f 3659 3963 3962
f 3962 3646 3659
f 4026 3713 3646
f 3646 3962 4026
f 4025 3719 3713
f 3713 4026 4025
f 3966 3692 3719
f 3719 4025 3966
f 3692 3966 3965
f 3965 3678 3692
f 3965 4028 3717
f 3717 3678 3965
f 4028 4027 3718
f 3718 3717 4028
f 3716 3718 4027
f 4027 4008 3716
f 3716 4008 3968
f 3968 3676 3716
f 4062 3731 3676
f 3676 3968 4062
f 4047 3732 3731
f 3731 4062 4047
f 4030 3712 3732
f 3732 4047 4030
f 3712 4030 4029
f 4029 3704 3712
f 4020 3705 3704
f 3704 4029 4020
f 4019 3711 3705
f 3705 4020 4019
f 3772 3489 3711
f 3711 4019 3772
f 3772 3752 3524
f 3524 3489 3772
f 3474 3524 3752
f 3475 3474 3883
f 3456 3475 3789
f 3457 3456 3788
f 3452 3457 3791
f 3453 3452 3790
f 3461 3453 3817
f 3459 3461 3816
f 3460 3459 3819
f 3476 3460 3818
f 3458 3476 3821
f 3451 3458 3820
f 3444 3451 3884
f 3445 3444 3866
f 3450 3445 3865
f 3496 3450 3886
f 3462 3496 3885
f 3607 3462 3913
f 3913 3915 3607
f 3885 3913 3462
f 3886 3885 3496
f 3865 3886 3450
f 3866 3865 3445
f 3884 3866 3444
f 3820 3884 3451
f 3821 3820 3458
f 3818 3821 3476
f 3819 3818 3460
f 3816 3819 3459
f 3817 3816 3461
f 3790 3817 3453
f 3791 3790 3452
f 3788 3791 3457
f 3789 3788 3456
f 3883 3789 3475
f 3752 3883 3474
f 3607 3915 3888
f 3888 3522 3607
f 3522 3888 3823
f 3523 3823 3822
f 3483 3822 3825
f 3484 3825 3824
f 3482 3824 3767
f 3472 3767 3766
f 3473 3766 3776
f 3481 3776 3792
f 3470 3792 3769
f 3471 3769 3768
f 3455 3768 3777
f 3448 3777 3771
f 3449 3771 3770
f 3469 3770 3778
f 3446 3778 3794
f 3447 3794 3793
f 3454 3793 3795
f 3468 3795 3763
f 3763 3525 3468
f 3795 3468 3454
f 3793 3454 3447
f 3794 3447 3446
f 3778 3446 3469
f 3770 3469 3449
f 3771 3449 3448
f 3777 3448 3455
f 3768 3455 3471
f 3769 3471 3470
f 3792 3470 3481
f 3776 3481 3473
f 3766 3473 3472
f 3767 3472 3482
f 3824 3482 3484
f 3825 3484 3483
f 3822 3483 3523
f 3823 3523 3522
f 3755 3477 3525
f 3525 3763 3755
f 3477 3755 3850
f 3850 3463 3477
f 3466 3463 3850
f 3850 3831 3466
f 3989 3706 3690
f 3990 3690 3689
f 3988 3689 3691
f 3969 3691 3677
f 3970 3677 3440
f 3760 3440 3606
f 3843 3606 3564
f 3844 3564 3561
f 3828 3561 3560
f 3829 3560 3562
f 3797 3562 3605
f 3780 3605 3558
f 3781 3558 3518
f 3782 3518 3618
f 3830 3618 3466
f 3466 3831 3830
f 3618 3830 3782
f 3518 3782 3781
f 3558 3781 3780
f 3605 3780 3797
f 3562 3797 3829
f 3560 3829 3828
f 3561 3828 3844
f 3564 3844 3843
f 3606 3843 3760
f 3440 3760 3970
f 3677 3970 3969
f 3691 3969 3988
f 3689 3988 3990
f 3690 3990 3989
f 4009 3695 3706
f 3706 3989 4009
f 3983 3964 3648
f 3984 3983 3647
f 4001 3984 3661
f 3981 4001 3660
f 3982 3981 3663
f 3967 3982 3662
f 3987 3967 3680
f 4007 3987 3679
f 3985 4007 3693
f 3986 3985 3682
f 4005 3986 3681
f 4006 4005 3694
f 4003 4006 3684
f 4004 4003 3683
f 4009 4004 3696
f 3696 3695 4009
f 3683 3696 4004
f 3684 3683 4003
f 3694 3684 4006
f 3681 3694 4005
f 3682 3681 3986
f 3693 3682 3985
f 3679 3693 4007
f 3680 3679 3987
f 3662 3680 3967
f 3663 3662 3982
f 3660 3663 3981
f 3661 3660 4001
f 3647 3661 3984
f 3648 3647 3983
f 3612 3922 3900
f 3900 3575 3612
f 3942 3626 3625
f 3625 3923 3942
f 3924 3627 3626
f 3626 3942 3924
f 3922 3612 3627
f 3627 3924 3922
f 3628 4049 3923
f 3923 3625 3628
f 4060 3742 3741
f 3741 4050 4060
f 4051 3743 3742
f 3742 4060 4051
f 4049 3628 3743
f 3743 4051 4049
f 3744 4042 4050
f 4050 3741 3744
f 4048 3736 3735
f 3735 4043 4048
f 4044 3737 3736
f 3736 4048 4044
f 4042 3744 3737
f 3737 4044 4042
f 3738 4034 4043
f 4043 3735 3738
f 4041 3724 3723
f 3723 4035 4041
f 4036 3725 3724
f 3724 4041 4036
f 4034 3738 3725
f 3725 4036 4034
f 3726 4031 4035
f 4035 3723 3726
f 4040 3728 3727
f 3727 4032 4040
f 4033 3729 3728
f 3728 4040 4033
f 4031 3726 3729
f 3729 4033 4031
f 3730 4057 4032
f 4032 3727 3730
f 4064 3746 3745
f 3745 4058 4064
f 4059 3747 3746
f 3746 4064 4059
f 4057 3730 3747
f 3747 4059 4057
f 3748 4054 4058
f 4058 3745 3748
f 4063 3749 3499
f 3499 3847 4063
f 4056 3750 3749
f 3749 4063 4056
f 4055 3751 3750
f 3750 4056 4055
f 4054 3748 3751
f 3751 4055 4054
f 3519 3491 3890
f 3520 3519 3889
f 3441 3520 3940
f 3442 3441 3939
f 3443 3442 3955
f 3439 3443 3979
f 3563 3439 3957
f 3559 3563 3956
f 3516 3559 3958
f 3517 3516 3941
f 3603 3517 3917
f 3604 3603 3899
f 3602 3604 3868
f 3557 3602 3867
f 3514 3557 3832
f 3515 3514 3799
f 3600 3515 3798
f 3601 3600 3845
f 3617 3601 3834
f 3640 3617 3833
f 3598 3640 3836
f 3599 3598 3835
f 3596 3599 3846
f 3597 3596 3918
f 3555 3597 3892
f 3556 3555 3891
f 3595 3556 3960
f 3479 3595 3959
f 3480 3479 3920
f 3487 3480 3919
f 3488 3487 3921
f 3467 3488 3894
f 3464 3467 3893
f 3465 3464 3896
f 3478 3465 3895
f 3485 3478 3898
f 3486 3485 3897
f 3512 3486 3877
f 3513 3512 3876
f 3510 3513 3879
f 3511 3510 3878
f 3553 3511 3907
f 3554 3553 3906
f 3594 3554 3909
f 3551 3594 3908
f 3552 3551 3852
f 3593 3552 3851
f 3591 3593 3854
f 3592 3591 3853
f 3590 3592 3910
f 3549 3590 3936
f 3550 3549 3935
f 3639 3550 3938
f 3616 3639 3937
f 3588 3616 3972
f 3589 3588 3971
f 3637 3589 3992
f 3638 3637 3991
f 3586 3638 3994
f 3587 3586 3993
f 3584 3587 3995
f 3585 3584 3974
f 3636 3585 3973
f 3615 3636 4011
f 3582 3615 4010
f 3583 3582 3997
f 3580 3583 3996
f 3581 3580 3998
f 3548 3581 3976
f 3508 3548 3975
f 3509 3508 3947
f 3547 3509 3946
f 3506 3547 3977
f 3507 3506 3949
f 3635 3507 3948
f 3656 3635 3950
f 3657 3656 3999
f 3674 3657 3952
f 3633 3674 3951
f 3634 3633 3978
f 3631 3634 3954
f 3632 3631 3953
f 3629 3632 3856
f 3630 3629 3855
f 3545 3630 3858
f 3546 3545 3857
f 3579 3546 3881
f 3614 3579 3880
f 3613 3614 3784
f 3577 3613 3783
f 3578 3577 3800
f 3672 3578 3802
f 3673 3672 3801
f 3688 3673 3804
f 3670 3688 3803
f 3671 3670 3837
f 3654 3671 3860
f 3655 3654 3859
f 3669 3655 3882
f 3652 3669 3862
f 3653 3652 3861
f 3650 3653 3839
f 3651 3650 3838
f 3667 3651 3806
f 3668 3667 3805
f 3665 3668 3757
f 3666 3665 3756
f 3608 3666 3759
f 3526 3608 3758
f 3497 3526 3762
f 3498 3497 3761
f 3527 3498 3773
f 3565 3527 3764
f 3538 3565 3785
f 3539 3538 3775
f 3536 3539 3774
f 3537 3536 3863
f 3570 3537 3841
f 3534 3570 3840
f 3535 3534 3808
f 3568 3535 3807
f 3569 3568 3810
f 3609 3569 3809
f 3532 3609 3812
f 3533 3532 3811
f 3567 3533 3864
f 3530 3567 3814
f 3531 3530 3813
f 3528 3531 3815
f 3529 3528 3787
f 3566 3529 3786
f 3644 3566 3912
f 3645 3644 3911
f 3675 3645 3914
f 3641 3675 3887
f 3642 3641 3779
f 3643 3642 3765
f 3521 3643 3796
f 3494 3521 3753
f 3495 3494 3754
f 3492 3495 3842
f 3493 3492 3827
f 3490 3493 3826
f 3491 3490 3916
f 3916 3890 3491
f 3826 3916 3490
f 3827 3826 3493
f 3842 3827 3492
f 3754 3842 3495
f 3753 3754 3494
f 3796 3753 3521
f 3765 3796 3643
f 3779 3765 3642
f 3887 3779 3641
f 3914 3887 3675
f 3911 3914 3645
f 3912 3911 3644
f 3786 3912 3566
f 3787 3786 3529
f 3815 3787 3528
f 3813 3815 3531
f 3814 3813 3530
f 3864 3814 3567
f 3811 3864 3533
f 3812 3811 3532
f 3809 3812 3609
f 3810 3809 3569
f 3807 3810 3568
f 3808 3807 3535
f 3840 3808 3534
f 3841 3840 3570
f 3863 3841 3537
f 3774 3863 3536
f 3775 3774 3539
f 3785 3775 3538
f 3764 3785 3565
f 3773 3764 3527
f 3761 3773 3498
f 3762 3761 3497
f 3758 3762 3526
f 3759 3758 3608
f 3756 3759 3666
f 3757 3756 3665
f 3805 3757 3668
f 3806 3805 3667
f 3838 3806 3651
f 3839 3838 3650
f 3861 3839 3653
f 3862 3861 3652
f 3882 3862 3669
f 3859 3882 3655
f 3860 3859 3654
f 3837 3860 3671
f 3803 3837 3670
f 3804 3803 3688
f 3801 3804 3673
f 3802 3801 3672
f 3800 3802 3578
f 3783 3800 3577
f 3784 3783 3613
f 3880 3784 3614
f 3881 3880 3579
f 3857 3881 3546
f 3858 3857 3545
f 3855 3858 3630
f 3856 3855 3629
f 3953 3856 3632
f 3954 3953 3631
f 3978 3954 3634
f 3951 3978 3633
f 3952 3951 3674
f 3999 3952 3657
f 3950 3999 3656
f 3948 3950 3635
f 3949 3948 3507
f 3977 3949 3506
f 3946 3977 3547
f 3947 3946 3509
f 3975 3947 3508
f 3976 3975 3548
f 3998 3976 3581
f 3996 3998 3580
f 3997 3996 3583
f 4010 3997 3582
f 4011 4010 3615
f 3973 4011 3636
f 3974 3973 3585
f 3995 3974 3584
f 3993 3995 3587
f 3994 3993 3586
f 3991 3994 3638
f 3992 3991 3637
f 3971 3992 3589
f 3972 3971 3588
f 3937 3972 3616
f 3938 3937 3639
f 3935 3938 3550
f 3936 3935 3549
f 3910 3936 3590
f 3853 3910 3592
f 3854 3853 3591
f 3851 3854 3593
f 3852 3851 3552
f 3908 3852 3551
f 3909 3908 3594
f 3906 3909 3554
f 3907 3906 3553
f 3878 3907 3511
f 3879 3878 3510
f 3876 3879 3513
f 3877 3876 3512
f 3897 3877 3486
f 3898 3897 3485
f 3895 3898 3478
f 3896 3895 3465
f 3893 3896 3464
f 3894 3893 3467
f 3921 3894 3488
f 3919 3921 3487
f 3920 3919 3480
f 3959 3920 3479
f 3960 3959 3595
f 3891 3960 3556
f 3892 3891 3555
f 3918 3892 3597
f 3846 3918 3596
f 3835 3846 3599
f 3836 3835 3598
f 3833 3836 3640
f 3834 3833 3617
f 3845 3834 3601
f 3798 3845 3600
f 3799 3798 3515
f 3832 3799 3514
f 3867 3832 3557
f 3868 3867 3602
f 3899 3868 3604
f 3917 3899 3603
f 3941 3917 3517
f 3958 3941 3516
f 3956 3958 3559
f 3957 3956 3563
f 3979 3957 3439
f 3955 3979 3443
f 3939 3955 3442
f 3940 3939 3441
f 3889 3940 3520
f 3890 3889 3519
f 4065 4066 4067
f 4068 4065 4069
f 4070 4068 4071
f 4072 4070 4073
f 4074 4072 4075
f 4076 4074 4077
f 4078 4076 4079
f 4080 4078 4081
f 4082 4080 4083
f 4084 4082 4085
f 4086 4084 4087
f 4088 4086 4089
f 4090 4088 4091
f 4092 4090 4093
f 4094 4092 4095
f 4096 4094 4097
f 4098 4096 4099
f 4100 4098 4101
f 4102 4100 4103
f 4104 4102 4105
f 4106 4104 4107
f 4108 4106 4109
f 4110 4108 4111
f 4112 4110 4113
f 4114 4112 4115
f 4116 4114 4117
f 4118 4116 4119
f 4120 4118 4121
f 4122 4120 4123
f 4124 4122 4125
f 4126 4124 4127
f 4128 4126 4129
f 4130 4128 4131
f 4132 4130 4133
f 4134 4132 4135
f 4136 4134 4137
f 4138 4136 4139
f 4140 4138 4141
f 4142 4140 4143
f 4144 4142 4145
f 4146 4144 4147
f 4148 4146 4149
f 4150 4148 4151
f 4152 4150 4153
f 4154 4152 4155
f 4156 4154 4157
f 4158 4156 4159
f 4160 4158 4161
f 4162 4160 4163
f 4164 4162 4165
f 4166 4164 4167
f 4168 4166 4169
f 4170 4168 4171
f 4172 4170 4173
f 4174 4172 4175
f 4176 4174 4177
f 4178 4176 4179
f 4180 4178 4181
f 4182 4180 4183
f 4184 4182 4185
f 4186 4184 4187
f 4188 4186 4189
f 4190 4188 4191
f 4192 4190 4193
f 4194 4192 4195
f 4196 4194 4197
f 4198 4196 4199
f 4200 4198 4201
f 4202 4200 4203
f 4204 4202 4205
f 4206 4204 4207
f 4208 4206 4209
f 4210 4208 4211
f 4212 4210 4213
f 4214 4212 4215
f 4216 4214 4217
f 4218 4216 4219
f 4220 4218 4221
f 4222 4220 4223
f 4224 4222 4225
f 4226 4224 4227
f 4228 4226 4229
f 4230 4228 4231
f 4232 4230 4233
f 4234 4232 4235
f 4236 4234 4237
f 4238 4236 4239
f 4240 4238 4241
f 4242 4240 4243
f 4244 4242 4245
f 4246 4244 4247
f 4248 4246 4249
f 4250 4248 4251
f 4252 4250 4253
f 4254 4252 4255
f 4256 4254 4257
f 4258 4256 4259
f 4260 4258 4261
f 4262 4260 4263
f 4264 4262 4265
f 4266 4264 4267
f 4268 4266 4269
f 4270 4268 4271
f 4272 4270 4273
f 4274 4272 4275
f 4276 4274 4277
f 4278 4276 4279
f 4280 4278 4281
f 4282 4280 4283
f 4284 4282 4285
f 4286 4284 4287
f 4288 4286 4289
f 4290 4288 4291
f 4292 4290 4293
f 4294 4292 4295
f 4296 4294 4297
f 4298 4296 4299
f 4300 4298 4301
f 4302 4300 4303
f 4304 4302 4305
f 4306 4304 4307
f 4308 4306 4309
f 4310 4308 4311
f 4312 4310 4313
f 4314 4312 4315
f 4316 4314 4317
f 4318 4316 4319
f 4320 4318 4321
f 4322 4320 4323
f 4324 4322 4325
f 4326 4324 4327
f 4328 4326 4329
f 4330 4328 4331
f 4332 4330 4333
f 4334 4332 4335
f 4336 4334 4337
f 4338 4336 4339
f 4340 4338 4341
f 4342 4340 4343
f 4344 4342 4345
f 4346 4344 4347
f 4348 4346 4349
f 4350 4348 4351
f 4066 4350 4352
f 4352 4067 4066
f 4351 4352 4350
f 4349 4351 4348
f 4347 4349 4346
f 4345 4347 4344
f 4343 4345 4342
f 4341 4343 4340
f 4339 4341 4338
f 4337 4339 4336
f 4335 4337 4334
f 4333 4335 4332
f 4331 4333 4330
f 4329 4331 4328
f 4327 4329 4326
f 4325 4327 4324
f 4323 4325 4322
f 4321 4323 4320
f 4319 4321 4318
f 4317 4319 4316
f 4315 4317 4314
f 4313 4315 4312
f 4311 4313 4310
f 4309 4311 4308
f 4307 4309 4306
f 4305 4307 4304
f 4303 4305 4302
f 4301 4303 4300
f 4299 4301 4298
f 4297 4299 4296
f 4295 4297 4294
f 4293 4295 4292
f 4291 4293 4290
f 4289 4291 4288
f 4287 4289 4286
f 4285 4287 4284
f 4283 4285 4282
f 4281 4283 4280
f 4279 4281 4278
f 4277 4279 4276
f 4275 4277 4274
f 4273 4275 4272
f 4271 4273 4270
f 4269 4271 4268
f 4267 4269 4266
f 4265 4267 4264
f 4263 4265 4262
f 4261 4263 4260
f 4259 4261 4258
f 4257 4259 4256
f 4255 4257 4254
f 4253 4255 4252
f 4251 4253 4250
f 4249 4251 4248
f 4247 4249 4246
f 4245 4247 4244
f 4243 4245 4242
f 4241 4243 4240
f 4239 4241 4238
f 4237 4239 4236
f 4235 4237 4234
f 4233 4235 4232
f 4231 4233 4230
f 4229 4231 4228
f 4227 4229 4226
f 4225 4227 4224
f 4223 4225 4222
f 4221 4223 4220
f 4219 4221 4218
f 4217 4219 4216
f 4215 4217 4214
f 4213 4215 4212
f 4211 4213 4210
f 4209 4211 4208
f 4207 4209 4206
f 4205 4207 4204
f 4203 4205 4202
f 4201 4203 4200
f 4199 4201 4198
f 4197 4199 4196
f 4195 4197 4194
f 4193 4195 4192
f 4191 4193 4190
f 4189 4191 4188
f 4187 4189 4186
f 4185 4187 4184
f 4183 4185 4182
f 4181 4183 4180
f 4179 4181 4178
f 4177 4179 4176
f 4175 4177 4174
f 4173 4175 4172
f 4171 4173 4170
f 4169 4171 4168
f 4167 4169 4166
f 4165 4167 4164
f 4163 4165 4162
f 4161 4163 4160
f 4159 4161 4158
f 4157 4159 4156
f 4155 4157 4154
f 4153 4155 4152
f 4151 4153 4150
f 4149 4151 4148
f 4147 4149 4146
f 4145 4147 4144
f 4143 4145 4142
f 4141 4143 4140
f 4139 4141 4138
f 4137 4139 4136
f 4135 4137 4134
f 4133 4135 4132
f 4131 4133 4130
f 4129 4131 4128
f 4127 4129 4126
f 4125 4127 4124
f 4123 4125 4122
f 4121 4123 4120
f 4119 4121 4118
f 4117 4119 4116
f 4115 4117 4114
f 4113 4115 4112
f 4111 4113 4110
f 4109 4111 4108
f 4107 4109 4106
f 4105 4107 4104
f 4103 4105 4102
f 4101 4103 4100
f 4099 4101 4098
f 4097 4099 4096
f 4095 4097 4094
f 4093 4095 4092
f 4091 4093 4090
f 4089 4091 4088
f 4087 4089 4086
f 4085 4087 4084
f 4083 4085 4082
f 4081 4083 4080
f 4079 4081 4078
f 4077 4079 4076
f 4075 4077 4074
f 4073 4075 4072
f 4071 4073 4070
f 4069 4071 4068
f 4067 4069 4065
f 4353 4341 4339
f 4353 4354 4343
f 4355 4339 4337
f 4343 4341 4353
f 4356 4313 4311
f 4356 4357 4315
f 4358 4317 4315
f 4358 4359 4319
f 4360 4333 4331
f 4360 4361 4335
f 4361 4362 4337
f 4339 4355 4353
f 4363 4345 4343
f 4363 4364 4347
f 4365 4349 4347
f 4365 4366 4351
f 4367 4101 4099
f 4367 4368 4103
f 4369 4311 4309
f 4315 4313 4356
f 4319 4317 4358
f 4359 4370 4321
f 4371 4327 4325
f 4371 4372 4329
f 4335 4333 4360
f 4337 4362 4355
f 4347 4345 4363
f 4351 4349 4365
f 4373 4083 4081
f 4374 4085 4083
f 4375 4097 4095
f 4375 4376 4099
f 4103 4101 4367
f 4368 4377 4105
f 4378 4307 4305
f 4378 4379 4309
f 4311 4369 4356
f 4321 4319 4359
f 4329 4327 4371
f 4372 4380 4331
f 4337 4335 4361
f 4347 4364 4365
f 4381 4352 4351
f 4381 4382 4067
f 4383 4069 4067
f 4383 4384 4071
f 4385 4081 4079
f 4083 4373 4374
f 4386 4091 4089
f 4386 4387 4093
f 4388 4095 4093
f 4099 4097 4375
f 4105 4103 4368
f 4377 4389 4107
f 4390 4179 4177
f 4391 4181 4179
f 4392 4235 4233
f 4392 4393 4237
f 4394 4395 4243
f 4395 4396 4245
f 4309 4307 4378
f 4315 4357 4358
f 4397 4323 4321
f 4397 4398 4325
f 4331 4329 4372
f 4343 4354 4363
f 4067 4352 4381
f 4071 4069 4383
f 4081 4385 4373
f 4399 4087 4085
f 4400 4089 4087
f 4093 4091 4386
f 4095 4388 4375
f 4107 4105 4377
f 4401 4109 4107
f 4401 4402 4111
f 4179 4390 4391
f 4391 4403 4183
f 4404 4405 4189
f 4405 4406 4191
f 4407 4227 4225
f 4407 4408 4229
f 4409 4233 4231
f 4237 4235 4392
f 4394 4241 4239
f 4245 4243 4395
f 4410 4411 4303
f 4411 4412 4305
f 4309 4379 4369
f 4325 4323 4397
f 4331 4380 4360
f 4067 4382 4383
f 4413 4073 4071
f 4413 4414 4075
f 4414 4415 4077
f 4415 4416 4079
f 4085 4374 4399
f 4089 4400 4386
f 4099 4376 4367
f 4111 4109 4401
f 4183 4181 4391
f 4403 4417 4185
f 4404 4187 4185
f 4191 4189 4405
f 4418 4221 4219
f 4418 4419 4223
f 4419 4420 4225
f 4229 4227 4407
f 4408 4421 4231
f 4233 4409 4392
f 4422 4239 4237
f 4243 4241 4394
f 4410 4301 4299
f 4305 4303 4411
f 4321 4370 4397
f 4351 4366 4381
f 4075 4073 4413
f 4079 4077 4415
f 4087 4399 4400
f 4107 4389 4401
f 4423 4157 4155
f 4423 4424 4159
f 4425 4165 4163
f 4425 4426 4167
f 4427 4171 4169
f 4427 4428 4173
f 4429 4175 4173
f 4429 4430 4177
f 4185 4183 4403
f 4189 4187 4404
f 4431 4195 4193
f 4431 4432 4197
f 4433 4211 4209
f 4433 4434 4213
f 4223 4221 4418
f 4225 4420 4407
f 4231 4421 4409
f 4239 4422 4394
f 4435 4249 4247
f 4435 4436 4251
f 4437 4253 4251
f 4437 4438 4255
f 4439 4295 4293
f 4439 4440 4297
f 4303 4301 4410
f 4325 4398 4371
f 4077 4075 4414
f 4093 4387 4388
f 4441 4113 4111
f 4441 4442 4115
f 4443 4119 4117
f 4443 4444 4121
f 4445 4135 4133
f 4445 4446 4137
f 4447 4139 4137
f 4447 4448 4141
f 4159 4157 4423
f 4424 4449 4161
f 4450 4163 4161
f 4167 4165 4425
f 4451 4169 4167
f 4173 4171 4427
f 4177 4175 4429
f 4185 4417 4404
f 4452 4193 4191
f 4197 4195 4431
f 4213 4211 4433
f 4453 4215 4213
f 4225 4223 4419
f 4237 4393 4422
f 4454 4247 4245
f 4251 4249 4435
f 4255 4253 4437
f 4438 4455 4257
f 4456 4259 4257
f 4456 4457 4261
f 4458 4287 4285
f 4458 4459 4289
f 4297 4295 4439
f 4440 4460 4299
f 4305 4412 4378
f 4079 4416 4385
f 4115 4113 4441
f 4442 4461 4117
f 4121 4119 4443
f 4444 4462 4123
f 4463 4131 4129
f 4463 4464 4133
f 4137 4135 4445
f 4141 4139 4447
f 4465 4143 4141
f 4465 4466 4145
f 4161 4159 4424
f 4163 4450 4425
f 4169 4451 4427
f 4177 4430 4390
f 4193 4452 4431
f 4432 4467 4199
f 4468 4201 4199
f 4468 4469 4203
f 4470 4205 4203
f 4470 4471 4207
f 4471 4472 4209
f 4213 4434 4453
f 4231 4229 4408
f 4247 4454 4435
f 4257 4255 4438
f 4261 4259 4456
f 4473 4263 4261
f 4474 4265 4263
f 4475 4476 4285
f 4289 4287 4458
f 4477 4291 4289
f 4477 4478 4293
f 4299 4297 4440
f 4071 4384 4413
f 4117 4115 4442
f 4123 4121 4444
f 4479 4129 4127
f 4133 4131 4463
f 4137 4446 4447
f 4145 4143 4465
f 4161 4449 4450
f 4173 4428 4429
f 4199 4197 4432
f 4203 4201 4468
f 4207 4205 4470
f 4209 4472 4433
f 4480 4217 4215
f 4480 4481 4219
f 4245 4396 4454
f 4257 4455 4456
f 4263 4473 4474
f 4474 4482 4267
f 4483 4271 4269
f 4483 4484 4273
f 4285 4476 4458
f 4293 4291 4477
f 4299 4460 4410
f 4117 4461 4443
f 4129 4479 4463
f 4141 4448 4465
f 4485 4147 4145
f 4485 4486 4149
f 4487 4151 4149
f 4487 4488 4153
f 4167 4426 4451
f 4199 4467 4468
f 4209 4207 4471
f 4219 4217 4480
f 4251 4436 4437
f 4267 4265 4474
f 4489 4269 4267
f 4273 4271 4483
f 4490 4279 4277
f 4490 4491 4281
f 4289 4459 4477
f 4111 4402 4441
f 4492 4125 4123
f 4492 4493 4127
f 4133 4464 4445
f 4149 4147 4485
f 4153 4151 4487
f 4488 4494 4155
f 4191 4406 4452
f 4215 4453 4480
f 4261 4457 4473
f 4269 4489 4483
f 4495 4275 4273
f 4495 4496 4277
f 4281 4279 4490
f 4475 4283 4281
f 4293 4478 4439
f 4127 4125 4492
f 4145 4466 4485
f 4155 4153 4488
f 4203 4469 4470
f 4267 4482 4489
f 4277 4275 4495
f 4281 4491 4475
f 4123 4462 4492
f 4149 4486 4487
f 4219 4481 4418
f 4277 4496 4490
f 4127 4493 4479
f 4273 4484 4495
f 4155 4494 4423
f 4285 4283 4475
f 4383 4382 4497
f 4384 4383 4498
f 4413 4384 4499
f 4414 4413 4500
f 4415 4414 4501
f 4416 4415 4502
f 4385 4416 4503
f 4373 4385 4504
f 4374 4373 4505
f 4399 4374 4506
f 4400 4399 4507
f 4386 4400 4508
f 4387 4386 4509
f 4388 4387 4510
f 4375 4388 4511
f 4376 4375 4512
f 4367 4376 4513
f 4368 4367 4514
f 4377 4368 4515
f 4389 4377 4516
f 4401 4389 4517
f 4402 4401 4518
f 4441 4402 4519
f 4442 4441 4520
f 4461 4442 4521
f 4443 4461 4522
f 4444 4443 4523
f 4462 4444 4524
f 4492 4462 4525
f 4493 4492 4526
f 4479 4493 4527
f 4463 4479 4528
f 4464 4463 4529
f 4445 4464 4530
f 4446 4445 4531
f 4447 4446 4532
f 4448 4447 4533
f 4465 4448 4534
f 4466 4465 4535
f 4485 4466 4536
f 4486 4485 4537
f 4487 4486 4538
f 4488 4487 4539
f 4494 4488 4540
f 4423 4494 4541
f 4424 4423 4542
f 4449 4424 4543
f 4450 4449 4544
f 4425 4450 4545
f 4426 4425 4546
f 4451 4426 4547
f 4427 4451 4548
f 4428 4427 4549
f 4429 4428 4550
f 4430 4429 4551
f 4390 4430 4552
f 4391 4390 4553
f 4403 4391 4554
f 4417 4403 4555
f 4404 4417 4556
f 4405 4404 4557
f 4406 4405 4558
f 4452 4406 4559
f 4431 4452 4560
f 4432 4431 4561
f 4467 4432 4562
f 4468 4467 4563
f 4469 4468 4564
f 4470 4469 4565
f 4471 4470 4566
f 4472 4471 4567
f 4433 4472 4568
f 4434 4433 4569
f 4453 4434 4570
f 4480 4453 4571
f 4481 4480 4572
f 4418 4481 4573
f 4419 4418 4574
f 4420 4419 4575
f 4407 4420 4576
f 4408 4407 4577
f 4421 4408 4578
f 4409 4421 4579
f 4392 4409 4580
f 4393 4392 4581
f 4422 4393 4582
f 4394 4422 4583
f 4395 4394 4584
f 4396 4395 4585
f 4454 4396 4586
f 4435 4454 4587
f 4436 4435 4588
f 4437 4436 4589
f 4438 4437 4590
f 4455 4438 4591
f 4456 4455 4592
f 4457 4456 4593
f 4473 4457 4594
f 4474 4473 4595
f 4482 4474 4596
f 4489 4482 4597
f 4483 4489 4598
f 4484 4483 4599
f 4495 4484 4600
f 4496 4495 4601
f 4490 4496 4602
f 4491 4490 4603
f 4475 4491 4604
f 4476 4475 4605
f 4458 4476 4606
f 4459 4458 4607
f 4477 4459 4608
f 4478 4477 4609
f 4439 4478 4610
f 4440 4439 4611
f 4460 4440 4612
f 4410 4460 4613
f 4411 4410 4614
f 4412 4411 4615
f 4378 4412 4616
f 4379 4378 4617
f 4369 4379 4618
f 4356 4369 4619
f 4357 4356 4620
f 4358 4357 4621
f 4359 4358 4622
f 4370 4359 4623
f 4397 4370 4624
f 4398 4397 4625
f 4371 4398 4626
f 4372 4371 4627
f 4380 4372 4628
f 4360 4380 4629
f 4361 4360 4630
f 4362 4361 4631
f 4355 4362 4632
f 4353 4355 4633
f 4354 4353 4634
f 4363 4354 4635
f 4364 4363 4636
f 4365 4364 4637
f 4366 4365 4638
f 4381 4366 4639
f 4382 4381 4640
f 4640 4497 4382
f 4639 4640 4381
f 4638 4639 4366
f 4637 4638 4365
f 4636 4637 4364
f 4635 4636 4363
f 4634 4635 4354
f 4633 4634 4353
f 4632 4633 4355
f 4631 4632 4362
f 4630 4631 4361
f 4629 4630 4360
f 4628 4629 4380
f 4627 4628 4372
f 4626 4627 4371
f 4625 4626 4398
f 4624 4625 4397
f 4623 4624 4370
f 4622 4623 4359
f 4621 4622 4358
f 4620 4621 4357
f 4619 4620 4356
f 4618 4619 4369
f 4617 4618 4379
f 4616 4617 4378
f 4615 4616 4412
f 4614 4615 4411
f 4613 4614 4410
f 4612 4613 4460
f 4611 4612 4440
f 4610 4611 4439
f 4609 4610 4478
f 4608 4609 4477
f 4607 4608 4459
f 4606 4607 4458
f 4605 4606 4476
f 4604 4605 4475
f 4603 4604 4491
f 4602 4603 4490
f 4601 4602 4496
f 4600 4601 4495
f 4599 4600 4484
f 4598 4599 4483
f 4597 4598 4489
f 4596 4597 4482
f 4595 4596 4474
f 4594 4595 4473
f 4593 4594 4457
f 4592 4593 4456
f 4591 4592 4455
f 4590 4591 4438
f 4589 4590 4437
f 4588 4589 4436
f 4587 4588 4435
f 4586 4587 4454
f 4585 4586 4396
f 4584 4585 4395
f 4583 4584 4394
f 4582 4583 4422
f 4581 4582 4393
f 4580 4581 4392
f 4579 4580 4409
f 4578 4579 4421
f 4577 4578 4408
f 4576 4577 4407
f 4575 4576 4420
f 4574 4575 4419
f 4573 4574 4418
f 4572 4573 4481
f 4571 4572 4480
f 4570 4571 4453
f 4569 4570 4434
f 4568 4569 4433
f 4567 4568 4472
f 4566 4567 4471
f 4565 4566 4470
f 4564 4565 4469
f 4563 4564 4468
f 4562 4563 4467
f 4561 4562 4432
f 4560 4561 4431
f 4559 4560 4452
f 4558 4559 4406
f 4557 4558 4405
f 4556 4557 4404
f 4555 4556 4417
f 4554 4555 4403
f 4553 4554 4391
f 4552 4553 4390
f 4551 4552 4430
f 4550 4551 4429
f 4549 4550 4428
f 4548 4549 4427
f 4547 4548 4451
f 4546 4547 4426
f 4545 4546 4425
f 4544 4545 4450
f 4543 4544 4449
f 4542 4543 4424
f 4541 4542 4423
f 4540 4541 4494
f 4539 4540 4488
f 4538 4539 4487
f 4537 4538 4486
f 4536 4537 4485
f 4535 4536 4466
f 4534 4535 4465
f 4533 4534 4448
f 4532 4533 4447
f 4531 4532 4446
f 4530 4531 4445
f 4529 4530 4464
f 4528 4529 4463
f 4527 4528 4479
f 4526 4527 4493
f 4525 4526 4492
f 4524 4525 4462
f 4523 4524 4444
f 4522 4523 4443
f 4521 4522 4461
f 4520 4521 4442
f 4519 4520 4441
f 4518 4519 4402
f 4517 4518 4401
f 4516 4517 4389
f 4515 4516 4377
f 4514 4515 4368
f 4513 4514 4367
f 4512 4513 4376
f 4511 4512 4375
f 4510 4511 4388
f 4509 4510 4387
f 4508 4509 4386
f 4507 4508 4400
f 4506 4507 4399
f 4505 4506 4374
f 4504 4505 4373
f 4503 4504 4385
f 4502 4503 4416
f 4501 4502 4415
f 4500 4501 4414
f 4499 4500 4413
f 4498 4499 4384
f 4497 4498 4383
f 4641 4306 4308
f 4642 4308 4310
f 4308 4642 4641
f 4643 4644 4645
f 4641 4646 4306
f 4310 4312 4642
f 4647 4648 4649
f 4649 4650 4647
f 4643 4651 4652
f 4643 4653 4654
f 4645 4655 4643
f 4655 4653 4643
f 4656 4318 4320
f 4656 4312 4314
f 4312 4657 4658
f 4312 4656 4659
f 4324 4660 4648
f 4648 4661 4662
f 4648 4663 4664
f 4647 4665 4648
f 4652 4666 4643
f 4666 4667 4643
f 4654 4651 4643
f 4306 4668 4669
f 4306 4670 4671
f 4306 4672 4673
f 4320 4322 4656
f 4322 4324 4656
f 4314 4316 4656
f 4316 4318 4656
f 4658 4642 4312
f 4659 4674 4312
f 4674 4657 4312
f 4324 4675 4676
f 4677 4302 4304
f 4677 4296 4298
f 4678 4294 4296
f 4648 4679 4324
f 4679 4680 4324
f 4648 4681 4682
f 4648 4683 4661
f 4662 4681 4648
f 4648 4684 4663
f 4664 4683 4648
f 4665 4685 4648
f 4678 4266 4268
f 4643 4667 4686
f 4643 4687 4688
f 4643 4689 4690
f 4671 4668 4306
f 4673 4691 4306
f 4691 4670 4306
f 4324 4692 4693
f 4676 4694 4324
f 4694 4695 4324
f 4677 4300 4302
f 4304 4306 4677
f 4296 4677 4678
f 4680 4696 4324
f 4682 4697 4648
f 4697 4679 4648
f 4685 4684 4648
f 4649 4698 4699
f 4678 4270 4272
f 4678 4264 4266
f 4678 4246 4248
f 4678 4240 4242
f 4172 4174 4700
f 4170 4172 4701
f 4643 4702 4687
f 4688 4644 4643
f 4643 4703 4704
f 4643 4705 4706
f 4690 4707 4643
f 4678 4708 4709
f 4646 4672 4306
f 4693 4710 4324
f 4298 4300 4677
f 4678 4290 4292
f 4324 4696 4711
f 4649 4712 4713
f 4649 4714 4698
f 4699 4712 4649
f 4268 4270 4678
f 4678 4260 4262
f 4678 4244 4246
f 4678 4238 4240
f 4174 4176 4715
f 4700 4716 4172
f 4701 4717 4170
f 4110 4112 4718
f 4643 4719 4720
f 4686 4721 4643
f 4704 4722 4643
f 4722 4702 4643
f 4643 4723 4724
f 4643 4725 4726
f 4643 4727 4728
f 4729 4730 4731
f 4643 4732 4733
f 4643 4734 4735
f 4707 4705 4643
f 4643 4736 4737
f 4678 4738 4708
f 4709 4739 4678
f 4678 4740 4741
f 4678 4742 4743
f 4695 4692 4324
f 4292 4294 4678
f 4678 4286 4288
f 4324 4744 4745
f 4711 4746 4324
f 4746 4744 4324
f 4713 4650 4649
f 4262 4264 4678
f 4678 4256 4258
f 4248 4250 4678
f 4678 4236 4238
f 4678 4230 4232
f 4176 4178 4747
f 4715 4748 4174
f 4717 4749 4170
f 4166 4168 4750
f 4164 4166 4751
f 4718 4752 4110
f 4753 4754 4755
f 4756 4757 4758
f 4720 4759 4643
f 4759 4760 4643
f 4643 4761 4723
f 4724 4703 4643
f 4726 4762 4643
f 4762 4763 4643
f 4643 4764 4765
f 4643 4766 4767
f 4643 4768 4769
f 4643 4770 4727
f 4728 4768 4643
f 4731 4643 4729
f 4731 4771 4643
f 4643 4772 4773
f 4643 4774 4775
f 4643 4776 4777
f 4643 4778 4732
f 4735 4779 4643
f 4737 4689 4643
f 4643 4780 4781
f 4741 4738 4678
f 4743 4782 4678
f 4782 4740 4678
f 4710 4656 4324
f 4288 4290 4678
f 4745 4675 4324
f 4678 4282 4284
f 4678 4274 4276
f 4258 4260 4678
f 4678 4252 4254
f 4242 4244 4678
f 4232 4234 4678
f 4747 4783 4176
f 4716 4701 4172
f 4168 4170 4749
f 4750 4784 4166
f 4751 4785 4164
f 4786 4140 4142
f 4110 4787 4788
f 4752 4789 4110
f 4753 4790 4754
f 4753 4791 4792
f 4757 4793 4753
f 4758 4794 4756
f 4795 4796 4797
f 4798 4799 4800
f 4801 4802 4803
f 4804 4805 4806
f 4804 4807 4808
f 4643 4809 4810
f 4643 4811 4719
f 4763 4761 4643
f 4767 4764 4643
f 4765 4812 4643
f 4769 4813 4643
f 4773 4729 4643
f 4643 4814 4815
f 4643 4816 4774
f 4643 4817 4818
f 4777 4819 4643
f 4643 4820 4821
f 4779 4778 4643
f 4781 4736 4643
f 4643 4822 4823
f 4643 4678 4824
f 4739 4824 4678
f 4678 4825 4742
f 4678 4280 4282
f 4276 4278 4678
f 4254 4256 4678
f 4234 4236 4678
f 4678 4226 4228
f 4178 4180 4826
f 4748 4700 4174
f 4749 4827 4168
f 4785 4828 4164
f 4142 4144 4786
f 4730 4829 4830
f 4789 4787 4110
f 4831 4753 4832
f 4755 4833 4753
f 4753 4793 4791
f 4794 4834 4756
f 4835 4756 4834
f 4796 4836 4837
f 4797 4838 4795
f 4839 4840 4841
f 4800 4842 4798
f 4799 4843 4801
f 4844 4845 4846
f 4804 4847 4848
f 4808 4805 4804
f 4810 4804 4643
f 4810 4849 4804
f 4643 4850 4851
f 4643 4721 4852
f 4812 4725 4643
f 4813 4766 4643
f 4643 4853 4854
f 4815 4772 4643
f 4643 4855 4856
f 4775 4857 4643
f 4819 4817 4643
f 4733 4820 4643
f 4643 4858 4859
f 4823 4780 4643
f 4824 4860 4643
f 4678 4861 4862
f 4678 4863 4864
f 4278 4280 4678
f 4250 4252 4678
f 4678 4224 4226
f 4678 4826 4212
f 4826 4206 4208
f 4826 4182 4184
f 4783 4715 4176
f 4784 4751 4166
f 4162 4164 4828
f 4786 4138 4140
f 4649 4865 4866
f 4867 4868 4869
f 4830 4870 4730
f 4870 4871 4730
f 4788 4872 4110
f 4873 4874 4108
f 4108 4874 4875
f 4875 4096 4098
f 4876 4877 4878
f 4879 4880 4881
f 4882 4883 4884
f 4832 4885 4831
f 4792 4790 4753
f 4834 4886 4835
f 4887 4835 4886
f 4888 4889 4890
f 4838 4891 4795
f 4892 4795 4891
f 4893 4892 4894
f 4840 4893 4895
f 4841 4896 4839
f 4800 4839 4897
f 4803 4799 4801
f 4898 4899 4900
f 4844 4900 4845
f 4901 4846 4804
f 4804 4902 4903
f 4804 4904 4905
f 4804 4906 4907
f 4806 4847 4804
f 4760 4850 4643
f 4643 4771 4853
f 4854 4770 4643
f 4856 4814 4643
f 4643 4908 4909
f 4857 4910 4643
f 4643 4911 4912
f 4821 4776 4643
f 4706 4858 4643
f 4862 4913 4678
f 4913 4825 4678
f 4678 4914 4915
f 4678 4677 4863
f 4864 4914 4678
f 4284 4286 4678
f 4228 4230 4678
f 4678 4220 4222
f 4212 4214 4678
f 4208 4210 4826
f 4826 4200 4202
f 4826 4180 4182
f 4827 4750 4168
f 4786 4160 4162
f 4786 4148 4150
f 4144 4146 4786
f 4649 4916 4917
f 4866 4918 4649
f 4918 4916 4649
f 4867 4919 4920
f 4869 4921 4867
f 4921 4919 4867
f 4867 4922 4923
f 4730 4924 4829
f 4718 4128 4130
f 4872 4873 4110
f 4875 4106 4108
f 4875 4100 4102
f 4875 4094 4096
f 4098 4100 4875
f 4874 4925 4926
f 4876 4926 4877
f 4879 4878 4880
f 4927 4928 4929
f 4930 4929 4931
f 4882 4931 4883
f 4932 4933 4934
f 4935 4936 4831
f 4885 4937 4831
f 4753 4758 4757
f 4886 4938 4887
f 4890 4939 4888
f 4940 4888 4941
f 4891 4894 4892
f 4894 4942 4893
f 4896 4897 4839
f 4798 4843 4799
f 4943 4944 4945
f 4846 4901 4844
f 4804 4946 4947
f 4905 4902 4804
f 4804 4948 4949
f 4848 4906 4804
f 4851 4809 4643
f 4910 4908 4643
f 4912 4950 4643
f 4859 4734 4643
f 4860 4822 4643
f 4272 4274 4678
f 4678 4218 4220
f 4214 4216 4678
f 4826 4204 4206
f 4826 4198 4200
f 4826 4186 4188
f 4826 4747 4178
f 4786 4158 4160
f 4786 4154 4156
f 4146 4148 4786
f 4718 4136 4138
f 4917 4951 4649
f 4952 4649 4953
f 4920 4954 4867
f 4954 4955 4867
f 4867 4956 4868
f 4867 4957 4922
f 4923 4958 4867
f 4730 4959 4924
f 4718 4126 4128
f 4130 4132 4718
f 4718 4120 4122
f 4718 4114 4116
f 4108 4110 4873
f 4102 4104 4875
f 4104 4106 4875
f 4875 4092 4094
f 4874 4873 4925
f 4881 4927 4879
f 4927 4881 4928
f 4884 4932 4882
f 4932 4884 4933
f 4935 4934 4936
f 4831 4960 4961
f 4753 4962 4832
f 4875 4066 4065
f 4875 4338 4340
f 4875 4332 4334
f 4938 4963 4887
f 4889 4887 4963
f 4941 4964 4940
f 4942 4895 4893
f 4897 4842 4800
f 4803 4802 4965
f 4943 4965 4944
f 4966 4967 4899
f 4804 4947 4901
f 4949 4904 4804
f 4849 4807 4804
f 4852 4811 4643
f 4643 4968 4969
f 4950 4816 4643
f 4669 4677 4306
f 4216 4218 4678
f 4202 4204 4826
f 4826 4192 4194
f 4188 4190 4826
f 4828 4786 4162
f 4786 4152 4154
f 4138 4786 4718
f 4150 4152 4786
f 4953 4970 4952
f 4952 4865 4649
f 4958 4956 4867
f 4871 4971 4730
f 4730 4972 4973
f 4132 4134 4718
f 4122 4124 4718
f 4124 4126 4718
f 4112 4114 4718
f 4875 4088 4090
f 4875 4084 4086
f 4878 4879 4876
f 4931 4882 4930
f 4831 4974 4935
f 4961 4975 4831
f 4831 4976 4977
f 4831 4978 4979
f 4753 4980 4962
f 4875 4078 4080
f 4875 4074 4076
f 4065 4068 4875
f 4068 4070 4875
f 4875 4346 4348
f 4340 4342 4875
f 4342 4344 4875
f 4334 4336 4875
f 4336 4338 4875
f 4324 4981 4982
f 4324 4983 4984
f 4326 4875 4985
f 4833 4986 4753
f 4939 4941 4888
f 4836 4940 4964
f 4895 4841 4840
f 4945 4987 4943
f 4987 4945 4988
f 4966 4988 4967
f 4903 4946 4804
f 4909 4968 4643
f 4915 4861 4678
f 4210 4212 4826
f 4194 4196 4826
f 4184 4186 4826
f 4957 4989 4990
f 4957 4991 4992
f 4951 4714 4649
f 4867 4955 4993
f 4973 4959 4730
f 4718 4118 4120
f 4086 4088 4875
f 4090 4092 4875
f 4929 4930 4927
f 4975 4974 4831
f 4831 4994 4976
f 4937 4978 4831
f 4076 4078 4875
f 4080 4082 4875
f 4070 4072 4875
f 4875 4344 4346
f 4348 4350 4875
f 4324 4995 4996
f 4982 4997 4324
f 4997 4998 4324
f 4984 4999 4324
f 4999 4981 4324
f 4985 4324 4326
f 4326 4328 4875
f 4963 4890 4889
f 4964 5000 4836
f 4965 4943 4803
f 4899 4898 4966
f 4907 4948 4804
f 4818 4911 4643
f 4196 4198 4826
f 4156 4158 4786
f 4957 5001 4989
f 4990 4730 4957
f 4957 4867 4991
f 4992 5001 4957
f 4953 4867 4970
f 4971 5002 4730
f 4730 4729 5003
f 4934 4935 4932
f 4979 4994 4831
f 4082 4084 4875
f 4072 4074 4875
f 4324 4998 4995
f 4996 5004 4324
f 4875 4328 4330
f 4985 5005 4324
f 5000 4837 4836
f 4988 4966 4987
f 4969 4855 4643
f 4190 4192 4826
f 4993 4970 4867
f 5003 4972 4730
f 4116 4118 4718
f 4977 4960 4831
f 4350 4066 4875
f 4324 5005 5006
f 4330 4332 4875
f 4837 4797 4796
f 4222 4224 4678
f 5002 4957 4730
f 4926 4876 4874
f 5004 4660 4324
f 5006 4983 4324
f 4900 4844 4898
f 4134 4136 4718
f 4986 4980 4753
f 5007 4786 4828
f 5008 4828 4785
f 5009 4785 4751
f 5010 4751 4784
f 5011 4784 4750
f 5012 4750 4827
f 5013 4827 4749
f 5014 4749 4717
f 5015 4717 4701
f 5016 4701 4716
f 5017 4716 4700
f 5018 4700 4748
f 5019 4748 4715
f 5020 4715 4783
f 5021 4783 4747
f 5022 4747 4826
f 4826 5023 5022
f 4747 5022 5021
f 4783 5021 5020
f 4715 5020 5019
f 4748 5019 5018
f 4700 5018 5017
f 4716 5017 5016
f 4701 5016 5015
f 4717 5015 5014
f 4749 5014 5013
f 4827 5013 5012
f 4750 5012 5011
f 4784 5011 5010
f 4751 5010 5009
f 4785 5009 5008
f 4828 5008 5007
f 5024 4804 4846
f 5025 4846 4845
f 5026 4845 4900
f 5027 4900 4899
f 5028 4899 4967
f 5029 4967 4988
f 5030 4988 4945
f 5031 4945 4944
f 5032 4944 4965
f 5033 4965 4802
f 5034 4802 4801
f 5035 4801 4843
f 5036 4843 4798
f 5037 4798 4842
f 5038 4842 4897
f 5039 4897 4896
f 5040 4896 4841
f 5041 4841 4895
f 5042 4895 4942
f 5043 4942 4894
f 5044 4894 4891
f 5045 4891 4838
f 5046 4838 4797
f 5047 4797 4837
f 5048 4837 5000
f 5049 5000 4964
f 5050 4964 4941
f 5051 4941 4939
f 5052 4939 4890
f 5053 4890 4963
f 5054 4963 4938
f 5055 4938 4886
f 5056 4886 4834
f 5057 4834 4794
f 5058 4794 4758
f 5059 4758 4753
f 4753 5060 5059
f 4758 5059 5058
f 4794 5058 5057
f 4834 5057 5056
f 4886 5056 5055
f 4938 5055 5054
f 4963 5054 5053
f 4890 5053 5052
f 4939 5052 5051
f 4941 5051 5050
f 4964 5050 5049
f 5000 5049 5048
f 4837 5048 5047
f 4797 5047 5046
f 4838 5046 5045
f 4891 5045 5044
f 4894 5044 5043
f 4942 5043 5042
f 4895 5042 5041
f 4841 5041 5040
f 4896 5040 5039
f 4897 5039 5038
f 4842 5038 5037
f 4798 5037 5036
f 4843 5036 5035
f 4801 5035 5034
f 4802 5034 5033
f 4965 5033 5032
f 4944 5032 5031
f 4945 5031 5030
f 4988 5030 5029
f 4967 5029 5028
f 4899 5028 5027
f 4900 5027 5026
f 4845 5026 5025
f 4846 5025 5024
f 4718 5061 5062
f 4752 5062 5063
f 4789 5063 5064
f 4787 5064 5065
f 4788 5065 5066
f 4872 5066 5067
f 4873 5067 5068
f 4925 5068 5069
f 4926 5069 5070
f 4877 5070 5071
f 4878 5071 5072
f 4880 5072 5073
f 4881 5073 5074
f 4928 5074 5075
f 4929 5075 5076
f 4931 5076 5077
f 4883 5077 5078
f 4884 5078 5079
f 4933 5079 5080
f 4934 5080 5081
f 4936 5081 5082
f 5082 4831 4936
f 5081 4936 4934
f 5080 4934 4933
f 5079 4933 4884
f 5078 4884 4883
f 5077 4883 4931
f 5076 4931 4929
f 5075 4929 4928
f 5074 4928 4881
f 5073 4881 4880
f 5072 4880 4878
f 5071 4878 4877
f 5070 4877 4926
f 5069 4926 4925
f 5068 4925 4873
f 5067 4873 4872
f 5066 4872 4788
f 5065 4788 4787
f 5064 4787 4789
f 5063 4789 4752
f 5062 4752 4718
f 4786 5007 5061
f 5061 4718 4786
f 5060 4753 4831
f 4831 5082 5060
f 4772 4815 5083
f 4773 4772 5084
f 4729 4773 5085
f 5003 4729 5086
f 4972 5003 5087
f 4973 4972 5088
f 4959 4973 5089
f 4924 4959 5090
f 4829 4924 5091
f 4830 4829 5092
f 4870 4830 5093
f 4871 4870 5094
f 4971 4871 5095
f 5002 4971 5096
f 4957 5002 5097
f 4922 4957 5098
f 4923 4922 5099
f 4958 4923 5100
f 4956 4958 5101
f 4868 4956 5102
f 4869 4868 5103
f 4921 4869 5104
f 4919 4921 5105
f 4920 4919 5106
f 4954 4920 5107
f 4955 4954 5108
f 4993 4955 5109
f 4970 4993 5110
f 4952 4970 5111
f 4865 4952 5112
f 4866 4865 5113
f 4918 4866 5114
f 4916 4918 5115
f 4917 4916 5116
f 4951 4917 5117
f 4714 4951 5118
f 4698 4714 5119
f 4699 4698 5120
f 4712 4699 5121
f 4713 4712 5122
f 4650 4713 5123
f 4647 4650 5124
f 4665 4647 5125
f 4685 4665 5126
f 4684 4685 5127
f 4663 4684 5128
f 4664 4663 5129
f 4683 4664 5130
f 4661 4683 5131
f 4662 4661 5132
f 4681 4662 5133
f 4682 4681 5134
f 4697 4682 5135
f 4679 4697 5136
f 4680 4679 5137
f 4696 4680 5138
f 4711 4696 5139
f 4746 4711 5140
f 4744 4746 5141
f 4745 4744 5142
f 4675 4745 5143
f 4676 4675 5144
f 4694 4676 5145
f 4695 4694 5146
f 4692 4695 5147
f 4693 4692 5148
f 4710 4693 5149
f 4656 4710 5150
f 4659 4656 5151
f 4674 4659 5152
f 4657 4674 5153
f 4658 4657 5154
f 4642 4658 5155
f 4641 4642 5156
f 4646 4641 5157
f 4672 4646 5158
f 4673 4672 5159
f 4691 4673 5160
f 4670 4691 5161
f 4671 4670 5162
f 4668 4671 5163
f 4669 4668 5164
f 4677 4669 5165
f 4863 4677 5166
f 4864 4863 5167
f 4914 4864 5168
f 4915 4914 5169
f 4861 4915 5170
f 4862 4861 5171
f 4913 4862 5172
f 4825 4913 5173
f 4742 4825 5174
f 4743 4742 5175
f 4782 4743 5176
f 4740 4782 5177
f 4741 4740 5178
f 4738 4741 5179
f 4708 4738 5180
f 4709 4708 5181
f 4739 4709 5182
f 4824 4739 5183
f 4860 4824 5184
f 4822 4860 5185
f 4823 4822 5186
f 4780 4823 5187
f 4781 4780 5188
f 4736 4781 5189
f 4737 4736 5190
f 4689 4737 5191
f 4690 4689 5192
f 4707 4690 5193
f 4705 4707 5194
f 4706 4705 5195
f 4858 4706 5196
f 4859 4858 5197
f 4734 4859 5198
f 4735 4734 5199
f 4779 4735 5200
f 4778 4779 5201
f 4732 4778 5202
f 4733 4732 5203
f 4820 4733 5204
f 4821 4820 5205
f 4776 4821 5206
f 4777 4776 5207
f 4819 4777 5208
f 4817 4819 5209
f 4818 4817 5210
f 4911 4818 5211
f 4912 4911 5212
f 4950 4912 5213
f 4816 4950 5214
f 4774 4816 5215
f 4775 4774 5216
f 4857 4775 5217
f 4910 4857 5218
f 4908 4910 5219
f 4909 4908 5220
f 4968 4909 5221
f 4969 4968 5222
f 4855 4969 5223
f 4856 4855 5224
f 4814 4856 5225
f 4815 4814 5226
f 5226 5083 4815
f 5225 5226 4814
f 5224 5225 4856
f 5223 5224 4855
f 5222 5223 4969
f 5221 5222 4968
f 5220 5221 4909
f 5219 5220 4908
f 5218 5219 4910
f 5217 5218 4857
f 5216 5217 4775
f 5215 5216 4774
f 5214 5215 4816
f 5213 5214 4950
f 5212 5213 4912
f 5211 5212 4911
f 5210 5211 4818
f 5209 5210 4817
f 5208 5209 4819
f 5207 5208 4777
f 5206 5207 4776
f 5205 5206 4821
f 5204 5205 4820
f 5203 5204 4733
f 5202 5203 4732
f 5201 5202 4778
f 5200 5201 4779
f 5199 5200 4735
f 5198 5199 4734
f 5197 5198 4859
f 5196 5197 4858
f 5195 5196 4706
f 5194 5195 4705
f 5193 5194 4707
f 5192 5193 4690
f 5191 5192 4689
f 5190 5191 4737
f 5189 5190 4736
f 5188 5189 4781
f 5187 5188 4780
f 5186 5187 4823
f 5185 5186 4822
f 5184 5185 4860
f 5183 5184 4824
f 5182 5183 4739
f 5181 5182 4709
f 5180 5181 4708
f 5179 5180 4738
f 5178 5179 4741
f 5177 5178 4740
f 5176 5177 4782
f 5175 5176 4743
f 5174 5175 4742
f 5173 5174 4825
f 5172 5173 4913
f 5171 5172 4862
f 5170 5171 4861
f 5169 5170 4915
f 5168 5169 4914
f 5167 5168 4864
f 5166 5167 4863
f 5165 5166 4677
f 5164 5165 4669
f 5163 5164 4668
f 5162 5163 4671
f 5161 5162 4670
f 5160 5161 4691
f 5159 5160 4673
f 5158 5159 4672
f 5157 5158 4646
f 5156 5157 4641
f 5155 5156 4642
f 5154 5155 4658
f 5153 5154 4657
f 5152 5153 4674
f 5151 5152 4659
f 5150 5151 4656
f 5149 5150 4710
f 5148 5149 4693
f 5147 5148 4692
f 5146 5147 4695
f 5145 5146 4694
f 5144 5145 4676
f 5143 5144 4675
f 5142 5143 4745
f 5141 5142 4744
f 5140 5141 4746
f 5139 5140 4711
f 5138 5139 4696
f 5137 5138 4680
f 5136 5137 4679
f 5135 5136 4697
f 5134 5135 4682
f 5133 5134 4681
f 5132 5133 4662
f 5131 5132 4661
f 5130 5131 4683
f 5129 5130 4664
f 5128 5129 4663
f 5127 5128 4684
f 5126 5127 4685
f 5125 5126 4665
f 5124 5125 4647
f 5123 5124 4650
f 5122 5123 4713
f 5121 5122 4712
f 5120 5121 4699
f 5119 5120 4698
f 5118 5119 4714
f 5117 5118 4951
f 5116 5117 4917
f 5115 5116 4916
f 5114 5115 4918
f 5113 5114 4866
f 5112 5113 4865
f 5111 5112 4952
f 5110 5111 4970
f 5109 5110 4993
f 5108 5109 4955
f 5107 5108 4954
f 5106 5107 4920
f 5105 5106 4919
f 5104 5105 4921
f 5103 5104 4869
f 5102 5103 4868
f 5101 5102 4956
f 5100 5101 4958
f 5099 5100 4923
f 5098 5099 4922
f 5097 5098 4957
f 5096 5097 5002
f 5095 5096 4971
f 5094 5095 4871
f 5093 5094 4870
f 5092 5093 4830
f 5091 5092 4829
f 5090 5091 4924
f 5089 5090 4959
f 5088 5089 4973
f 5087 5088 4972
f 5086 5087 5003
f 5085 5086 4729
f 5084 5085 4773
f 5083 5084 4772
f 5227 5155 5154
f 5227 5228 5156
f 5229 5157 5156
f 5229 5230 5158
f 5231 5096 5095
f 5231 5232 5097
f 5233 5119 5118
f 5233 5234 5120
f 5235 5121 5120
f 5235 5236 5122
f 5237 5142 5141
f 5237 5238 5143
f 5239 5145 5144
f 5239 5240 5146
f 5241 5148 5147
f 5241 5242 5149
f 5243 5153 5152
f 5243 5244 5154
f 5156 5155 5227
f 5158 5157 5229
f 5245 5083 5226
f 5245 5246 5084
f 5247 5085 5084
f 5247 5248 5086
f 5249 5095 5094
f 5097 5096 5231
f 5250 5106 5105
f 5250 5251 5107
f 5252 5253 5110
f 5253 5254 5111
f 5255 5117 5116
f 5255 5256 5118
f 5120 5119 5233
f 5122 5121 5235
f 5257 5141 5140
f 5143 5142 5237
f 5238 5258 5144
f 5146 5145 5239
f 5149 5148 5241
f 5242 5259 5150
f 5154 5153 5243
f 5156 5228 5229
f 5260 5159 5158
f 5260 5261 5160
f 5262 5225 5224
f 5262 5263 5226
f 5084 5083 5245
f 5086 5085 5247
f 5264 5265 5094
f 5095 5249 5231
f 5266 5098 5097
f 5266 5267 5099
f 5107 5106 5250
f 5251 5268 5108
f 5252 5109 5108
f 5111 5110 5253
f 5118 5117 5255
f 5120 5234 5235
f 5269 5123 5122
f 5269 5270 5124
f 5141 5257 5237
f 5144 5258 5239
f 5271 5147 5146
f 5150 5149 5242
f 5272 5151 5150
f 5272 5273 5152
f 5154 5244 5227
f 5160 5159 5260
f 5274 5169 5168
f 5274 5275 5170
f 5276 5184 5183
f 5277 5185 5184
f 5278 5279 5198
f 5279 5280 5199
f 5281 5223 5222
f 5281 5282 5224
f 5226 5225 5262
f 5084 5246 5247
f 5283 5087 5086
f 5283 5284 5088
f 5285 5092 5091
f 5285 5264 5093
f 5094 5265 5249
f 5099 5098 5266
f 5286 5104 5103
f 5286 5287 5105
f 5108 5107 5251
f 5110 5109 5252
f 5288 5112 5111
f 5288 5289 5113
f 5290 5115 5114
f 5290 5291 5116
f 5118 5256 5233
f 5124 5123 5269
f 5292 5125 5124
f 5292 5293 5126
f 5294 5128 5127
f 5295 5129 5128
f 5296 5130 5129
f 5296 5297 5131
f 5298 5136 5135
f 5298 5299 5137
f 5300 5138 5137
f 5300 5301 5139
f 5144 5143 5238
f 5147 5271 5241
f 5152 5151 5272
f 5158 5230 5260
f 5302 5303 5162
f 5303 5304 5163
f 5305 5168 5167
f 5170 5169 5274
f 5184 5276 5277
f 5277 5306 5186
f 5307 5193 5192
f 5307 5308 5194
f 5278 5197 5196
f 5199 5198 5279
f 5309 5201 5200
f 5309 5310 5202
f 5311 5222 5221
f 5224 5223 5281
f 5226 5263 5245
f 5088 5087 5283
f 5093 5092 5285
f 5097 5232 5266
f 5312 5100 5099
f 5312 5313 5101
f 5314 5102 5101
f 5314 5315 5103
f 5105 5104 5286
f 5108 5268 5252
f 5113 5112 5288
f 5289 5316 5114
f 5116 5115 5290
f 5122 5236 5269
f 5126 5125 5292
f 5293 5317 5127
f 5128 5294 5295
f 5131 5130 5296
f 5318 5135 5134
f 5137 5136 5298
f 5139 5138 5300
f 5301 5319 5140
f 5146 5240 5271
f 5152 5273 5243
f 5302 5161 5160
f 5163 5162 5303
f 5320 5321 5165
f 5321 5322 5166
f 5323 5167 5166
f 5168 5305 5274
f 5324 5178 5177
f 5324 5325 5179
f 5326 5181 5180
f 5326 5327 5182
f 5328 5183 5182
f 5186 5185 5277
f 5329 5330 5192
f 5194 5193 5307
f 5331 5195 5194
f 5331 5332 5196
f 5198 5197 5278
f 5280 5333 5200
f 5202 5201 5309
f 5310 5334 5203
f 5335 5220 5219
f 5335 5336 5221
f 5222 5311 5281
f 5086 5248 5283
f 5337 5089 5088
f 5337 5338 5090
f 5094 5093 5264
f 5101 5100 5312
f 5103 5102 5314
f 5105 5287 5250
f 5114 5113 5289
f 5116 5291 5255
f 5127 5126 5293
f 5129 5295 5296
f 5135 5318 5298
f 5140 5139 5301
f 5150 5259 5272
f 5162 5161 5302
f 5320 5164 5163
f 5166 5165 5321
f 5167 5323 5305
f 5275 5339 5171
f 5179 5178 5324
f 5325 5340 5180
f 5182 5181 5326
f 5183 5328 5276
f 5341 5189 5188
f 5341 5342 5190
f 5192 5330 5307
f 5196 5195 5331
f 5200 5199 5280
f 5203 5202 5310
f 5343 5204 5203
f 5343 5344 5205
f 5345 5207 5206
f 5345 5346 5208
f 5347 5209 5208
f 5347 5348 5210
f 5221 5220 5335
f 5224 5282 5262
f 5090 5089 5337
f 5338 5349 5091
f 5099 5267 5312
f 5103 5315 5286
f 5114 5316 5290
f 5127 5317 5294
f 5137 5299 5300
f 5160 5261 5302
f 5165 5164 5320
f 5171 5170 5275
f 5350 5172 5171
f 5350 5351 5173
f 5352 5174 5173
f 5352 5353 5175
f 5354 5176 5175
f 5354 5355 5177
f 5180 5179 5325
f 5182 5327 5328
f 5356 5187 5186
f 5356 5357 5188
f 5190 5189 5341
f 5329 5191 5190
f 5194 5308 5331
f 5200 5333 5309
f 5205 5204 5343
f 5344 5358 5206
f 5208 5207 5345
f 5210 5209 5347
f 5359 5211 5210
f 5359 5360 5212
f 5361 5214 5213
f 5361 5362 5215
f 5363 5216 5215
f 5364 5217 5216
f 5365 5218 5217
f 5365 5366 5219
f 5221 5336 5311
f 5091 5090 5338
f 5101 5313 5314
f 5124 5270 5292
f 5367 5133 5132
f 5367 5368 5134
f 5140 5319 5257
f 5166 5322 5323
f 5173 5172 5350
f 5175 5174 5352
f 5177 5176 5354
f 5180 5340 5326
f 5188 5187 5356
f 5190 5342 5329
f 5196 5332 5278
f 5206 5205 5344
f 5208 5346 5347
f 5212 5211 5359
f 5369 5213 5212
f 5215 5214 5361
f 5216 5363 5364
f 5219 5218 5365
f 5088 5284 5337
f 5111 5254 5288
f 5370 5132 5131
f 5134 5133 5367
f 5163 5304 5320
f 5173 5351 5352
f 5177 5355 5324
f 5188 5357 5341
f 5203 5334 5343
f 5210 5348 5359
f 5213 5369 5361
f 5217 5364 5365
f 5091 5349 5285
f 5132 5370 5367
f 5171 5339 5350
f 5186 5306 5356
f 5206 5358 5345
f 5215 5362 5363
f 5131 5297 5370
f 5175 5353 5354
f 5212 5360 5369
f 5134 5368 5318
f 5219 5366 5335
f 5192 5191 5329
f 5246 5245 5371
f 5247 5246 5372
f 5248 5247 5373
f 5283 5248 5374
f 5284 5283 5375
f 5337 5284 5376
f 5338 5337 5377
f 5349 5338 5378
f 5285 5349 5379
f 5264 5285 5380
f 5265 5264 5381
f 5249 5265 5382
f 5231 5249 5383
f 5232 5231 5384
f 5266 5232 5385
f 5267 5266 5386
f 5312 5267 5387
f 5313 5312 5388
f 5314 5313 5389
f 5315 5314 5390
f 5286 5315 5391
f 5287 5286 5392
f 5250 5287 5393
f 5251 5250 5394
f 5268 5251 5395
f 5252 5268 5396
f 5253 5252 5397
f 5254 5253 5398
f 5288 5254 5399
f 5289 5288 5400
f 5316 5289 5401
f 5290 5316 5402
f 5291 5290 5403
f 5255 5291 5404
f 5256 5255 5405
f 5233 5256 5406
f 5234 5233 5407
f 5235 5234 5408
f 5236 5235 5409
f 5269 5236 5410
f 5270 5269 5411
f 5292 5270 5412
f 5293 5292 5413
f 5317 5293 5414
f 5294 5317 5415
f 5295 5294 5416
f 5296 5295 5417
f 5297 5296 5418
f 5370 5297 5419
f 5367 5370 5420
f 5368 5367 5421
f 5318 5368 5422
f 5298 5318 5423
f 5299 5298 5424
f 5300 5299 5425
f 5301 5300 5426
f 5319 5301 5427
f 5257 5319 5428
f 5237 5257 5429
f 5238 5237 5430
f 5258 5238 5431
f 5239 5258 5432
f 5240 5239 5433
f 5271 5240 5434
f 5241 5271 5435
f 5242 5241 5436
f 5259 5242 5437
f 5272 5259 5438
f 5273 5272 5439
f 5243 5273 5440
f 5244 5243 5441
f 5227 5244 5442
f 5228 5227 5443
f 5229 5228 5444
f 5230 5229 5445
f 5260 5230 5446
f 5261 5260 5447
f 5302 5261 5448
f 5303 5302 5449
f 5304 5303 5450
f 5320 5304 5451
f 5321 5320 5452
f 5322 5321 5453
f 5323 5322 5454
f 5305 5323 5455
f 5274 5305 5456
f 5275 5274 5457
f 5339 5275 5458
f 5350 5339 5459
f 5351 5350 5460
f 5352 5351 5461
f 5353 5352 5462
f 5354 5353 5463
f 5355 5354 5464
f 5324 5355 5465
f 5325 5324 5466
f 5340 5325 5467
f 5326 5340 5468
f 5327 5326 5469
f 5328 5327 5470
f 5276 5328 5471
f 5277 5276 5472
f 5306 5277 5473
f 5356 5306 5474
f 5357 5356 5475
f 5341 5357 5476
f 5342 5341 5477
f 5329 5342 5478
f 5330 5329 5479
f 5307 5330 5480
f 5308 5307 5481
f 5331 5308 5482
f 5332 5331 5483
f 5278 5332 5484
f 5279 5278 5485
f 5280 5279 5486
f 5333 5280 5487
f 5309 5333 5488
f 5310 5309 5489
f 5334 5310 5490
f 5343 5334 5491
f 5344 5343 5492
f 5358 5344 5493
f 5345 5358 5494
f 5346 5345 5495
f 5347 5346 5496
f 5348 5347 5497
f 5359 5348 5498
f 5360 5359 5499
f 5369 5360 5500
f 5361 5369 5501
f 5362 5361 5502
f 5363 5362 5503
f 5364 5363 5504
f 5365 5364 5505
f 5366 5365 5506
f 5335 5366 5507
f 5336 5335 5508
f 5311 5336 5509
f 5281 5311 5510
f 5282 5281 5511
f 5262 5282 5512
f 5263 5262 5513
f 5245 5263 5514
f 5514 5371 5245
f 5513 5514 5263
f 5512 5513 5262
f 5511 5512 5282
f 5510 5511 5281
f 5509 5510 5311
f 5508 5509 5336
f 5507 5508 5335
f 5506 5507 5366
f 5505 5506 5365
f 5504 5505 5364
f 5503 5504 5363
f 5502 5503 5362
f 5501 5502 5361
f 5500 5501 5369
f 5499 5500 5360
f 5498 5499 5359
f 5497 5498 5348
f 5496 5497 5347
f 5495 5496 5346
f 5494 5495 5345
f 5493 5494 5358
f 5492 5493 5344
f 5491 5492 5343
f 5490 5491 5334
f 5489 5490 5310
f 5488 5489 5309
f 5487 5488 5333
f 5486 5487 5280
f 5485 5486 5279
f 5484 5485 5278
f 5483 5484 5332
f 5482 5483 5331
f 5481 5482 5308
f 5480 5481 5307
f 5479 5480 5330
f 5478 5479 5329
f 5477 5478 5342
f 5476 5477 5341
f 5475 5476 5357
f 5474 5475 5356
f 5473 5474 5306
f 5472 5473 5277
f 5471 5472 5276
f 5470 5471 5328
f 5469 5470 5327
f 5468 5469 5326
f 5467 5468 5340
f 5466 5467 5325
f 5465 5466 5324
f 5464 5465 5355
f 5463 5464 5354
f 5462 5463 5353
f 5461 5462 5352
f 5460 5461 5351
f 5459 5460 5350
f 5458 5459 5339
f 5457 5458 5275
f 5456 5457 5274
f 5455 5456 5305
f 5454 5455 5323
f 5453 5454 5322
f 5452 5453 5321
f 5451 5452 5320
f 5450 5451 5304
f 5449 5450 5303
f 5448 5449 5302
f 5447 5448 5261
f 5446 5447 5260
f 5445 5446 5230
f 5444 5445 5229
f 5443 5444 5228
f 5442 5443 5227
f 5441 5442 5244
f 5440 5441 5243
f 5439 5440 5273
f 5438 5439 5272
f 5437 5438 5259
f 5436 5437 5242
f 5435 5436 5241
f 5434 5435 5271
f 5433 5434 5240
f 5432 5433 5239
f 5431 5432 5258
f 5430 5431 5238
f 5429 5430 5237
f 5428 5429 5257
f 5427 5428 5319
f 5426 5427 5301
f 5425 5426 5300
f 5424 5425 5299
f 5423 5424 5298
f 5422 5423 5318
f 5421 5422 5368
f 5420 5421 5367
f 5419 5420 5370
f 5418 5419 5297
f 5417 5418 5296
f 5416 5417 5295
f 5415 5416 5294
f 5414 5415 5317
f 5413 5414 5293
f 5412 5413 5292
f 5411 5412 5270
f 5410 5411 5269
f 5409 5410 5236
f 5408 5409 5235
f 5407 5408 5234
f 5406 5407 5233
f 5405 5406 5256
f 5404 5405 5255
f 5403 5404 5291
f 5402 5403 5290
f 5401 5402 5316
f 5400 5401 5289
f 5399 5400 5288
f 5398 5399 5254
f 5397 5398 5253
f 5396 5397 5252
f 5395 5396 5268
f 5394 5395 5251
f 5393 5394 5250
f 5392 5393 5287
f 5391 5392 5286
f 5390 5391 5315
f 5389 5390 5314
f 5388 5389 5313
f 5387 5388 5312
f 5386 5387 5267
f 5385 5386 5266
f 5384 5385 5232
f 5383 5384 5231
f 5382 5383 5249
f 5381 5382 5265
f 5380 5381 5264
f 5379 5380 5285
f 5378 5379 5349
f 5377 5378 5338
f 5376 5377 5337
f 5375 5376 5284
f 5374 5375 5283
f 5373 5374 5248
f 5372 5373 5247
f 5371 5372 5246
f 4902 4905 5515
f 4903 4902 5516
f 4946 4903 5517
f 4947 4946 5518
f 4901 4947 5519
f 4844 4901 5520
f 4898 4844 5521
f 4966 4898 5522
f 4987 4966 5523
f 4943 4987 5524
f 4803 4943 5525
f 4799 4803 5526
f 4800 4799 5527
f 4839 4800 5528
f 4840 4839 5529
f 4893 4840 5530
f 4892 4893 5531
f 4795 4892 5532
f 4796 4795 5533
f 4836 4796 5534
f 4940 4836 5535
f 4888 4940 5536
f 4889 4888 5537
f 4887 4889 5538
f 4835 4887 5539
f 4756 4835 5540
f 4757 4756 5541
f 4793 4757 5542
f 4791 4793 5543
f 4792 4791 5544
f 4790 4792 5545
f 4754 4790 5546
f 4755 4754 5547
f 4833 4755 5548
f 4986 4833 5549
f 4980 4986 5550
f 4962 4980 5551
f 4832 4962 5552
f 4885 4832 5553
f 4937 4885 5554
f 4978 4937 5555
f 4979 4978 5556
f 4994 4979 5557
f 4976 4994 5558
f 4977 4976 5559
f 4960 4977 5560
f 4961 4960 5561
f 4975 4961 5562
f 4974 4975 5563
f 4935 4974 5564
f 4932 4935 5565
f 4882 4932 5566
f 4930 4882 5567
f 4927 4930 5568
f 4879 4927 5569
f 4876 4879 5570
f 4874 4876 5571
f 4875 4874 5572
f 4985 4875 5573
f 5005 4985 5574
f 5006 5005 5575
f 4983 5006 5576
f 4984 4983 5577
f 4999 4984 5578
f 4981 4999 5579
f 4982 4981 5580
f 4997 4982 5581
f 4998 4997 5582
f 4995 4998 5583
f 4996 4995 5584
f 5004 4996 5585
f 4660 5004 5586
f 4648 4660 5587
f 4649 4648 5588
f 4953 4649 5589
f 4867 4953 5590
f 4991 4867 5591
f 4992 4991 5592
f 5001 4992 5593
f 4989 5001 5594
f 4990 4989 5595
f 4730 4990 5596
f 4731 4730 5597
f 4771 4731 5598
f 4853 4771 5599
f 4854 4853 5600
f 4770 4854 5601
f 4727 4770 5602
f 4728 4727 5603
f 4768 4728 5604
f 4769 4768 5605
f 4813 4769 5606
f 4766 4813 5607
f 4767 4766 5608
f 4764 4767 5609
f 4765 4764 5610
f 4812 4765 5611
f 4725 4812 5612
f 4726 4725 5613
f 4762 4726 5614
f 4763 4762 5615
f 4761 4763 5616
f 4723 4761 5617
f 4724 4723 5618
f 4703 4724 5619
f 4704 4703 5620
f 4722 4704 5621
f 4702 4722 5622
f 4687 4702 5623
f 4688 4687 5624
f 4644 4688 5625
f 4645 4644 5626
f 4655 4645 5627
f 4653 4655 5628
f 4654 4653 5629
f 4651 4654 5630
f 4652 4651 5631
f 4666 4652 5632
f 4667 4666 5633
f 4686 4667 5634
f 4721 4686 5635
f 4852 4721 5636
f 4811 4852 5637
f 4719 4811 5638
f 4720 4719 5639
f 4759 4720 5640
f 4760 4759 5641
f 4850 4760 5642
f 4851 4850 5643
f 4809 4851 5644
f 4810 4809 5645
f 4849 4810 5646
f 4807 4849 5647
f 4808 4807 5648
f 4805 4808 5649
f 4806 4805 5650
f 4847 4806 5651
f 4848 4847 5652
f 4906 4848 5653
f 4907 4906 5654
f 4948 4907 5655
f 4949 4948 5656
f 4904 4949 5657
f 4905 4904 5658
f 5658 5515 4905
f 5657 5658 4904
f 5656 5657 4949
f 5655 5656 4948
f 5654 5655 4907
f 5653 5654 4906
f 5652 5653 4848
f 5651 5652 4847
f 5650 5651 4806
f 5649 5650 4805
f 5648 5649 4808
f 5647 5648 4807
f 5646 5647 4849
f 5645 5646 4810
f 5644 5645 4809
f 5643 5644 4851
f 5642 5643 4850
f 5641 5642 4760
f 5640 5641 4759
f 5639 5640 4720
f 5638 5639 4719
f 5637 5638 4811
f 5636 5637 4852
f 5635 5636 4721
f 5634 5635 4686
f 5633 5634 4667
f 5632 5633 4666
f 5631 5632 4652
f 5630 5631 4651
f 5629 5630 4654
f 5628 5629 4653
f 5627 5628 4655
f 5626 5627 4645
f 5625 5626 4644
f 5624 5625 4688
f 5623 5624 4687
f 5622 5623 4702
f 5621 5622 4722
f 5620 5621 4704
f 5619 5620 4703
f 5618 5619 4724
f 5617 5618 4723
f 5616 5617 4761
f 5615 5616 4763
f 5614 5615 4762
f 5613 5614 4726
f 5612 5613 4725
f 5611 5612 4812
f 5610 5611 4765
f 5609 5610 4764
f 5608 5609 4767
f 5607 5608 4766
f 5606 5607 4813
f 5605 5606 4769
f 5604 5605 4768
f 5603 5604 4728
f 5602 5603 4727
f 5601 5602 4770
f 5600 5601 4854
f 5599 5600 4853
f 5598 5599 4771
f 5597 5598 4731
f 5596 5597 4730
f 5595 5596 4990
f 5594 5595 4989
f 5593 5594 5001
f 5592 5593 4992
f 5591 5592 4991
f 5590 5591 4867
f 5589 5590 4953
f 5588 5589 4649
f 5587 5588 4648
f 5586 5587 4660
f 5585 5586 5004
f 5584 5585 4996
f 5583 5584 4995
f 5582 5583 4998
f 5581 5582 4997
f 5580 5581 4982
f 5579 5580 4981
f 5578 5579 4999
f 5577 5578 4984
f 5576 5577 4983
f 5575 5576 5006
f 5574 5575 5005
f 5573 5574 4985
f 5572 5573 4875
f 5571 5572 4874
f 5570 5571 4876
f 5569 5570 4879
f 5568 5569 4927
f 5567 5568 4930
f 5566 5567 4882
f 5565 5566 4932
f 5564 5565 4935
f 5563 5564 4974
f 5562 5563 4975
f 5561 5562 4961
f 5560 5561 4960
f 5559 5560 4977
f 5558 5559 4976
f 5557 5558 4994
f 5556 5557 4979
f 5555 5556 4978
f 5554 5555 4937
f 5553 5554 4885
f 5552 5553 4832
f 5551 5552 4962
f 5550 5551 4980
f 5549 5550 4986
f 5548 5549 4833
f 5547 5548 4755
f 5546 5547 4754
f 5545 5546 4790
f 5544 5545 4792
f 5543 5544 4791
f 5542 5543 4793
f 5541 5542 4757
f 5540 5541 4756
f 5539 5540 4835
f 5538 5539 4887
f 5537 5538 4889
f 5536 5537 4888
f 5535 5536 4940
f 5534 5535 4836
f 5533 5534 4796
f 5532 5533 4795
f 5531 5532 4892
f 5530 5531 4893
f 5529 5530 4840
f 5528 5529 4839
f 5527 5528 4800
f 5526 5527 4799
f 5525 5526 4803
f 5524 5525 4943
f 5523 5524 4987
f 5522 5523 4966
f 5521 5522 4898
f 5520 5521 4844
f 5519 5520 4901
f 5518 5519 4947
f 5517 5518 4946
f 5516 5517 4903
f 5515 5516 4902
f 5659 5528 5527
f 5659 5660 5529
f 5661 5662 5524
f 5662 5663 5525
f 5664 5527 5526
f 5529 5528 5659
f 5665 5657 5656
f 5665 5666 5658
f 5667 5515 5658
f 5667 5668 5516
f 5669 5517 5516
f 5669 5670 5518
f 5670 5671 5519
f 5671 5672 5520
f 5673 5521 5520
f 5673 5674 5522
f 5674 5661 5523
f 5525 5524 5662
f 5663 5675 5526
f 5527 5664 5659
f 5676 5530 5529
f 5676 5677 5531
f 5658 5657 5665
f 5516 5515 5667
f 5518 5517 5669
f 5520 5519 5671
f 5522 5521 5673
f 5524 5523 5661
f 5526 5675 5664
f 5531 5530 5676
f 5678 5554 5553
f 5678 5679 5555
f 5680 5574 5573
f 5680 5681 5575
f 5682 5578 5577
f 5683 5579 5578
f 5684 5642 5641
f 5684 5685 5643
f 5686 5644 5643
f 5686 5687 5645
f 5688 5648 5647
f 5689 5649 5648
f 5690 5655 5654
f 5690 5691 5656
f 5658 5666 5667
f 5519 5518 5670
f 5523 5522 5674
f 5529 5660 5676
f 5692 5532 5531
f 5692 5693 5533
f 5694 5548 5547
f 5694 5695 5549
f 5555 5554 5678
f 5679 5696 5556
f 5575 5574 5680
f 5681 5697 5576
f 5578 5682 5683
f 5698 5580 5579
f 5698 5699 5581
f 5699 5700 5582
f 5701 5585 5584
f 5701 5702 5586
f 5703 5587 5586
f 5703 5704 5588
f 5705 5639 5638
f 5705 5706 5640
f 5643 5642 5684
f 5645 5644 5686
f 5707 5646 5645
f 5707 5708 5647
f 5648 5688 5689
f 5689 5709 5650
f 5710 5711 5653
f 5711 5712 5654
f 5656 5655 5690
f 5516 5668 5669
f 5526 5525 5663
f 5533 5532 5692
f 5713 5534 5533
f 5713 5714 5535
f 5715 5537 5536
f 5715 5716 5538
f 5717 5547 5546
f 5549 5548 5694
f 5718 5553 5552
f 5556 5555 5679
f 5719 5557 5556
f 5719 5720 5558
f 5721 5570 5569
f 5721 5722 5571
f 5723 5572 5571
f 5723 5724 5573
f 5576 5575 5681
f 5725 5577 5576
f 5579 5683 5698
f 5582 5581 5699
f 5586 5585 5701
f 5588 5587 5703
f 5726 5589 5588
f 5726 5727 5590
f 5640 5639 5705
f 5706 5728 5641
f 5643 5685 5686
f 5647 5646 5707
f 5650 5649 5689
f 5709 5729 5651
f 5710 5652 5651
f 5654 5653 5711
f 5656 5691 5665
f 5531 5677 5692
f 5535 5534 5713
f 5730 5536 5535
f 5538 5537 5715
f 5716 5731 5539
f 5731 5732 5540
f 5732 5733 5541
f 5734 5545 5544
f 5734 5735 5546
f 5547 5717 5694
f 5695 5736 5550
f 5737 5551 5550
f 5737 5738 5552
f 5553 5718 5678
f 5558 5557 5719
f 5739 5567 5566
f 5739 5740 5568
f 5571 5570 5721
f 5573 5572 5723
f 5576 5697 5725
f 5581 5580 5698
f 5741 5583 5582
f 5741 5742 5584
f 5586 5702 5703
f 5590 5589 5726
f 5743 5601 5600
f 5743 5744 5602
f 5745 5604 5603
f 5745 5746 5605
f 5747 5620 5619
f 5747 5748 5621
f 5749 5626 5625
f 5749 5750 5627
f 5641 5640 5706
f 5645 5687 5707
f 5651 5650 5709
f 5653 5652 5710
f 5520 5672 5673
f 5535 5714 5730
f 5539 5538 5716
f 5541 5540 5732
f 5751 5542 5541
f 5751 5752 5543
f 5546 5545 5734
f 5550 5549 5695
f 5552 5551 5737
f 5556 5696 5719
f 5753 5565 5564
f 5753 5754 5566
f 5568 5567 5739
f 5740 5755 5569
f 5571 5722 5723
f 5577 5725 5682
f 5584 5583 5741
f 5588 5704 5726
f 5756 5591 5590
f 5756 5757 5592
f 5758 5759 5596
f 5759 5760 5597
f 5761 5600 5599
f 5602 5601 5743
f 5744 5762 5603
f 5605 5604 5745
f 5763 5607 5606
f 5763 5764 5608
f 5765 5619 5618
f 5621 5620 5747
f 5627 5626 5749
f 5750 5766 5628
f 5641 5728 5684
f 5651 5729 5710
f 5533 5693 5713
f 5540 5539 5731
f 5543 5542 5751
f 5752 5767 5544
f 5546 5735 5717
f 5552 5738 5718
f 5768 5560 5559
f 5768 5769 5561
f 5770 5562 5561
f 5771 5563 5562
f 5772 5564 5563
f 5566 5565 5753
f 5569 5568 5740
f 5573 5724 5680
f 5584 5742 5701
f 5592 5591 5756
f 5773 5593 5592
f 5774 5594 5593
f 5774 5758 5595
f 5597 5596 5759
f 5600 5761 5743
f 5603 5762 5745
f 5775 5606 5605
f 5608 5607 5763
f 5776 5617 5616
f 5776 5777 5618
f 5619 5765 5747
f 5748 5778 5622
f 5779 5625 5624
f 5628 5627 5750
f 5780 5629 5628
f 5780 5781 5630
f 5647 5708 5688
f 5536 5730 5715
f 5544 5543 5752
f 5550 5736 5737
f 5782 5559 5558
f 5561 5560 5768
f 5562 5770 5771
f 5564 5772 5753
f 5569 5755 5721
f 5590 5727 5756
f 5593 5773 5774
f 5596 5595 5758
f 5783 5598 5597
f 5783 5784 5599
f 5603 5602 5744
f 5606 5775 5763
f 5785 5609 5608
f 5785 5786 5610
f 5787 5614 5613
f 5787 5788 5615
f 5618 5617 5776
f 5622 5621 5748
f 5625 5779 5749
f 5630 5629 5780
f 5789 5632 5631
f 5789 5790 5633
f 5791 5637 5636
f 5791 5792 5638
f 5654 5712 5690
f 5544 5767 5734
f 5559 5782 5768
f 5563 5771 5772
f 5582 5700 5741
f 5595 5594 5774
f 5599 5598 5783
f 5605 5746 5775
f 5610 5609 5785
f 5786 5793 5611
f 5793 5794 5612
f 5794 5795 5613
f 5615 5614 5787
f 5788 5796 5616
f 5618 5777 5765
f 5797 5623 5622
f 5797 5798 5624
f 5628 5766 5780
f 5799 5631 5630
f 5633 5632 5789
f 5800 5634 5633
f 5800 5801 5635
f 5802 5636 5635
f 5638 5637 5791
f 5541 5733 5751
f 5561 5769 5770
f 5592 5757 5773
f 5599 5784 5761
f 5611 5610 5786
f 5613 5612 5794
f 5616 5615 5788
f 5622 5778 5797
f 5624 5798 5779
f 5631 5799 5789
f 5635 5634 5800
f 5636 5802 5791
f 5558 5720 5782
f 5597 5760 5783
f 5612 5611 5793
f 5616 5796 5776
f 5630 5781 5799
f 5635 5801 5802
f 5566 5754 5739
f 5613 5795 5787
f 5633 5790 5800
f 5608 5764 5785
f 5638 5792 5705
f 5624 5623 5797
f 5668 5667 5803
f 5669 5668 5804
f 5670 5669 5805
f 5671 5670 5806
f 5672 5671 5807
f 5673 5672 5808
f 5674 5673 5809
f 5661 5674 5810
f 5662 5661 5811
f 5663 5662 5812
f 5675 5663 5813
f 5664 5675 5814
f 5659 5664 5815
f 5660 5659 5816
f 5676 5660 5817
f 5677 5676 5818
f 5692 5677 5819
f 5693 5692 5820
f 5713 5693 5821
f 5714 5713 5822
f 5730 5714 5823
f 5715 5730 5824
f 5716 5715 5825
f 5731 5716 5826
f 5732 5731 5827
f 5733 5732 5828
f 5751 5733 5829
f 5752 5751 5830
f 5767 5752 5831
f 5734 5767 5832
f 5735 5734 5833
f 5717 5735 5834
f 5694 5717 5835
f 5695 5694 5836
f 5736 5695 5837
f 5737 5736 5838
f 5738 5737 5839
f 5718 5738 5840
f 5678 5718 5841
f 5679 5678 5842
f 5696 5679 5843
f 5719 5696 5844
f 5720 5719 5845
f 5782 5720 5846
f 5768 5782 5847
f 5769 5768 5848
f 5770 5769 5849
f 5771 5770 5850
f 5772 5771 5851
f 5753 5772 5852
f 5754 5753 5853
f 5739 5754 5854
f 5740 5739 5855
f 5755 5740 5856
f 5721 5755 5857
f 5722 5721 5858
f 5723 5722 5859
f 5724 5723 5860
f 5680 5724 5861
f 5681 5680 5862
f 5697 5681 5863
f 5725 5697 5864
f 5682 5725 5865
f 5683 5682 5866
f 5698 5683 5867
f 5699 5698 5868
f 5700 5699 5869
f 5741 5700 5870
f 5742 5741 5871
f 5701 5742 5872
f 5702 5701 5873
f 5703 5702 5874
f 5704 5703 5875
f 5726 5704 5876
f 5727 5726 5877
f 5756 5727 5878
f 5757 5756 5879
f 5773 5757 5880
f 5774 5773 5881
f 5758 5774 5882
f 5759 5758 5883
f 5760 5759 5884
f 5783 5760 5885
f 5784 5783 5886
f 5761 5784 5887
f 5743 5761 5888
f 5744 5743 5889
f 5762 5744 5890
f 5745 5762 5891
f 5746 5745 5892
f 5775 5746 5893
f 5763 5775 5894
f 5764 5763 5895
f 5785 5764 5896
f 5786 5785 5897
f 5793 5786 5898
f 5794 5793 5899
f 5795 5794 5900
f 5787 5795 5901
f 5788 5787 5902
f 5796 5788 5903
f 5776 5796 5904
f 5777 5776 5905
f 5765 5777 5906
f 5747 5765 5907
f 5748 5747 5908
f 5778 5748 5909
f 5797 5778 5910
f 5798 5797 5911
f 5779 5798 5912
f 5749 5779 5913
f 5750 5749 5914
f 5766 5750 5915
f 5780 5766 5916
f 5781 5780 5917
f 5799 5781 5918
f 5789 5799 5919
f 5790 5789 5920
f 5800 5790 5921
f 5801 5800 5922
f 5802 5801 5923
f 5791 5802 5924
f 5792 5791 5925
f 5705 5792 5926
f 5706 5705 5927
f 5728 5706 5928
f 5684 5728 5929
f 5685 5684 5930
f 5686 5685 5931
f 5687 5686 5932
f 5707 5687 5933
f 5708 5707 5934
f 5688 5708 5935
f 5689 5688 5936
f 5709 5689 5937
f 5729 5709 5938
f 5710 5729 5939
f 5711 5710 5940
f 5712 5711 5941
f 5690 5712 5942
f 5691 5690 5943
f 5665 5691 5944
f 5666 5665 5945
f 5667 5666 5946
f 5946 5803 5667
f 5945 5946 5666
f 5944 5945 5665
f 5943 5944 5691
f 5942 5943 5690
f 5941 5942 5712
f 5940 5941 5711
f 5939 5940 5710
f 5938 5939 5729
f 5937 5938 5709
f 5936 5937 5689
f 5935 5936 5688
f 5934 5935 5708
f 5933 5934 5707
f 5932 5933 5687
f 5931 5932 5686
f 5930 5931 5685
f 5929 5930 5684
f 5928 5929 5728
f 5927 5928 5706
f 5926 5927 5705
f 5925 5926 5792
f 5924 5925 5791
f 5923 5924 5802
f 5922 5923 5801
f 5921 5922 5800
f 5920 5921 5790
f 5919 5920 5789
f 5918 5919 5799
f 5917 5918 5781
f 5916 5917 5780
f 5915 5916 5766
f 5914 5915 5750
f 5913 5914 5749
f 5912 5913 5779
f 5911 5912 5798
f 5910 5911 5797
f 5909 5910 5778
f 5908 5909 5748
f 5907 5908 5747
f 5906 5907 5765
f 5905 5906 5777
f 5904 5905 5776
f 5903 5904 5796
f 5902 5903 5788
f 5901 5902 5787
f 5900 5901 5795
f 5899 5900 5794
f 5898 5899 5793
f 5897 5898 5786
f 5896 5897 5785
f 5895 5896 5764
f 5894 5895 5763
f 5893 5894 5775
f 5892 5893 5746
f 5891 5892 5745
f 5890 5891 5762
f 5889 5890 5744
f 5888 5889 5743
f 5887 5888 5761
f 5886 5887 5784
f 5885 5886 5783
f 5884 5885 5760
f 5883 5884 5759
f 5882 5883 5758
f 5881 5882 5774
f 5880 5881 5773
f 5879 5880 5757
f 5878 5879 5756
f 5877 5878 5727
f 5876 5877 5726
f 5875 5876 5704
f 5874 5875 5703
f 5873 5874 5702
f 5872 5873 5701
f 5871 5872 5742
f 5870 5871 5741
f 5869 5870 5700
f 5868 5869 5699
f 5867 5868 5698
f 5866 5867 5683
f 5865 5866 5682
f 5864 5865 5725
f 5863 5864 5697
f 5862 5863 5681
f 5861 5862 5680
f 5860 5861 5724
f 5859 5860 5723
f 5858 5859 5722
f 5857 5858 5721
f 5856 5857 5755
f 5855 5856 5740
f 5854 5855 5739
f 5853 5854 5754
f 5852 5853 5753
f 5851 5852 5772
f 5850 5851 5771
f 5849 5850 5770
f 5848 5849 5769
f 5847 5848 5768
f 5846 5847 5782
f 5845 5846 5720
f 5844 5845 5719
f 5843 5844 5696
f 5842 5843 5679
f 5841 5842 5678
f 5840 5841 5718
f 5839 5840 5738
f 5838 5839 5737
f 5837 5838 5736
f 5836 5837 5695
f 5835 5836 5694
f 5834 5835 5717
f 5833 5834 5735
f 5832 5833 5734
f 5831 5832 5767
f 5830 5831 5752
f 5829 5830 5751
f 5828 5829 5733
f 5827 5828 5732
f 5826 5827 5731
f 5825 5826 5716
f 5824 5825 5715
f 5823 5824 5730
f 5822 5823 5714
f 5821 5822 5713
f 5820 5821 5693
f 5819 5820 5692
f 5818 5819 5677
f 5817 5818 5676
f 5816 5817 5660
f 5815 5816 5659
f 5814 5815 5664
f 5813 5814 5675
f 5812 5813 5663
f 5811 5812 5662
f 5810 5811 5661
f 5809 5810 5674
f 5808 5809 5673
f 5807 5808 5672
f 5806 5807 5671
f 5805 5806 5670
f 5804 5805 5669
f 5803 5804 5668
f 5024 5947 4643
f 5948 5949 4643
f 4643 5947 5948
f 5950 5951 5949
f 5949 5948 5950
f 4643 4804 5024
f 5948 5947 5952
f 5952 5953 5948
f 5951 5950 5954
f 5955 5954 5956
f 5957 5956 5958
f 5959 5958 5960
f 5961 5960 5962
f 5963 5962 5964
f 5965 5964 5966
f 5967 5966 5968
f 5969 5968 5970
f 5971 5970 5972
f 5973 5972 5974
f 5975 5974 5976
f 5977 5976 5978
f 5979 5978 5980
f 5981 5980 5982
f 5983 5982 5984
f 5985 5984 5986
f 5987 5986 5988
f 5989 5988 5990
f 5991 5990 5992
f 5993 5992 5994
f 5995 5994 5996
f 5997 5996 5998
f 5999 5998 6000
f 6001 6000 6002
f 6003 6002 6004
f 6005 6004 6006
f 6007 6006 6008
f 6009 6008 6010
f 6011 6010 6012
f 6013 6012 6014
f 6015 6014 6016
f 6017 6016 6018
f 6019 6018 6020
f 6021 6020 6022
f 6023 6022 6024
f 6024 6025 6023
f 6022 6023 6021
f 6020 6021 6019
f 6018 6019 6017
f 6016 6017 6015
f 6014 6015 6013
f 6012 6013 6011
f 6010 6011 6009
f 6008 6009 6007
f 6006 6007 6005
f 6004 6005 6003
f 6002 6003 6001
f 6000 6001 5999
f 5998 5999 5997
f 5996 5997 5995
f 5994 5995 5993
f 5992 5993 5991
f 5990 5991 5989
f 5988 5989 5987
f 5986 5987 5985
f 5984 5985 5983
f 5982 5983 5981
f 5980 5981 5979
f 5978 5979 5977
f 5976 5977 5975
f 5974 5975 5973
f 5972 5973 5971
f 5970 5971 5969
f 5968 5969 5967
f 5966 5967 5965
f 5964 5965 5963
f 5962 5963 5961
f 5960 5961 5959
f 5958 5959 5957
f 5956 5957 5955
f 5954 5955 5951
f 6025 6024 6026
f 6026 6027 6025
f 6028 6029 6030
f 6031 6030 6032
f 6033 6032 6034
f 6035 6034 6036
f 6037 6036 6038
f 6039 6038 6040
f 6041 6040 6042
f 6043 6042 6044
f 6045 6044 6046
f 6047 6046 6048
f 6049 6048 6050
f 6051 6050 6052
f 6053 6052 6054
f 6055 6054 6056
f 6057 6056 6058
f 6059 6058 6060
f 6061 6060 6062
f 6063 6062 6064
f 6065 6064 6066
f 6067 6066 6068
f 6069 6068 6027
f 6027 6026 6069
f 6068 6069 6067
f 6066 6067 6065
f 6064 6065 6063
f 6062 6063 6061
f 6060 6061 6059
f 6058 6059 6057
f 6056 6057 6055
f 6054 6055 6053
f 6052 6053 6051
f 6050 6051 6049
f 6048 6049 6047
f 6046 6047 6045
f 6044 6045 6043
f 6042 6043 6041
f 6040 6041 6039
f 6038 6039 6037
f 6036 6037 6035
f 6034 6035 6033
f 6032 6033 6031
f 6030 6031 6028
f 6070 6071 6029
f 6029 6028 6070
f 6071 6070 6072
f 6073 6072 6074
f 6075 6074 6076
f 6077 6076 6078
f 6079 6078 6080
f 6081 6080 6082
f 6083 6082 6084
f 6085 6084 6086
f 6087 6086 6088
f 6089 6088 6090
f 6091 6090 6092
f 6093 6092 6094
f 6095 6094 6096
f 6097 6096 6098
f 6099 6098 6100
f 6101 6100 6102
f 6102 6103 6101
f 6100 6101 6099
f 6098 6099 6097
f 6096 6097 6095
f 6094 6095 6093
f 6092 6093 6091
f 6090 6091 6089
f 6088 6089 6087
f 6086 6087 6085
f 6084 6085 6083
f 6082 6083 6081
f 6080 6081 6079
f 6078 6079 6077
f 6076 6077 6075
f 6074 6075 6073
f 6072 6073 6071
f 5916 5381 5380
f 5916 5384 5383
f 5947 5505 5504
f 5916 5377 5376
f 5916 5379 5378
f 5916 5382 5381
f 5380 5379 5916
f 5916 5385 5384
f 5383 5382 5916
f 5916 5392 5391
f 5911 5409 5408
f 5892 5015 5016
f 5892 5011 5012
f 5947 5506 5505
f 5916 5375 5374
f 5378 5377 5916
f 5376 5375 5916
f 5916 5389 5388
f 5391 5390 5916
f 5916 5399 5398
f 5916 5401 5400
f 5408 5912 5911
f 5408 5407 5912
f 5407 5914 5913
f 5061 5872 5871
f 5061 5874 5873
f 5892 5014 5015
f 5012 5013 5892
f 5892 5009 5010
f 6104 4596 4595
f 5947 5487 5486
f 5947 5493 5492
f 5947 5503 5502
f 5947 5507 5506
f 5947 5509 5508
f 5947 5373 5372
f 5374 5947 5916
f 5916 5387 5386
f 5390 5389 5916
f 5916 5395 5394
f 5400 5399 5916
f 5398 5397 5916
f 5916 5403 5402
f 5913 5912 5407
f 5407 5916 5915
f 5024 5943 5942
f 5873 5872 5061
f 5007 5876 5875
f 5007 5883 5882
f 5007 5886 5885
f 5013 5014 5892
f 5892 5008 5009
f 5893 5020 5021
f 5893 5892 5017
f 4595 4594 6104
f 6104 4598 4597
f 5486 5485 5947
f 5947 5489 5488
f 5947 5491 5490
f 5947 5494 5493
f 5947 5496 5495
f 5502 5501 5947
f 5508 5507 5947
f 5947 5511 5510
f 5947 5513 5512
f 5372 5371 5947
f 5371 5514 5947
f 5388 5387 5916
f 5394 5393 5916
f 5916 5397 5396
f 5402 5401 5916
f 5916 5405 5404
f 5916 5407 5406
f 5915 5914 5407
f 5911 5415 5414
f 5911 5417 5416
f 5911 5419 5418
f 5947 5933 5932
f 5947 5024 5938
f 5024 5944 5943
f 5024 5803 5946
f 5809 5808 5025
f 5871 5870 5061
f 5875 5061 5007
f 5875 5874 5061
f 5007 5879 5878
f 5882 5881 5007
f 5881 5880 5007
f 5885 5884 5007
f 5007 5889 5888
f 5010 5011 5892
f 5892 5891 5007
f 5893 5019 5020
f 5017 5018 5893
f 5893 5023 4552
f 5023 4573 4572
f 5023 4575 4574
f 6104 4577 4576
f 6104 4581 4580
f 6104 4584 4583
f 6104 4586 4585
f 6104 4591 4590
f 4597 4596 6104
f 5947 5483 5482
f 5485 5484 5947
f 5490 5489 5947
f 5495 5494 5947
f 5947 5500 5499
f 5504 5503 5947
f 5512 5511 5947
f 5514 5513 5947
f 5386 5385 5916
f 5396 5395 5916
f 5404 5403 5916
f 5414 5413 5911
f 5418 5417 5911
f 5416 5415 5911
f 5911 5421 5420
f 5911 5424 5423
f 5947 5930 5929
f 5932 5931 5947
f 5931 5930 5947
f 5947 5936 5935
f 5938 5937 5947
f 5024 5940 5939
f 5942 5941 5024
f 5946 5945 5024
f 5025 5026 5809
f 5810 5809 5027
f 5032 5813 5812
f 5061 5867 5866
f 5061 5869 5868
f 5878 5877 5007
f 5884 5883 5007
f 5888 5887 5007
f 5887 5886 5007
f 5007 5008 5892
f 5018 5019 5893
f 5023 4553 4552
f 5023 4555 4554
f 4574 4573 5023
f 4576 5023 6104
f 4576 4575 5023
f 4580 4579 6104
f 4585 4584 6104
f 6104 4588 4587
f 4590 4589 6104
f 6104 4593 4592
f 6104 4599 4598
f 6104 4601 4600
f 5947 5480 5479
f 5484 5483 5947
f 5492 5491 5947
f 5501 5500 5947
f 5393 5392 5916
f 5406 5405 5916
f 5911 5411 5410
f 5413 5412 5911
f 5420 5419 5911
f 5423 5422 5911
f 5929 5928 5947
f 5935 5934 5947
f 5934 5933 5947
f 5939 5938 5024
f 5945 5944 5024
f 5808 5807 5024
f 5027 5028 5810
f 5811 5810 5028
f 5812 5811 5030
f 5812 5031 5032
f 5868 5867 5061
f 5877 5876 5007
f 5016 5017 5892
f 5021 5022 5893
f 4554 4553 5023
f 5023 4557 4556
f 5023 4564 4563
f 5023 4571 4570
f 4572 4571 5023
f 4579 4578 6104
f 4587 4586 6104
f 4592 4591 6104
f 4600 4599 6104
f 5952 4636 4635
f 5952 4509 4508
f 5947 5481 5480
f 5488 5487 5947
f 5510 5509 5947
f 5412 5411 5911
f 5422 5421 5911
f 5911 5431 5430
f 5911 5433 5432
f 5911 5439 5438
f 5941 5940 5024
f 5024 5807 5806
f 5026 5027 5809
f 5028 5029 5811
f 5032 5033 5813
f 5870 5869 5061
f 5891 5890 5007
f 4552 5894 5893
f 5023 4558 4557
f 5023 4561 4560
f 5023 4565 4564
f 5023 4567 4566
f 4570 4569 5023
f 4578 4577 6104
f 4583 4582 6104
f 4594 4593 6104
f 6104 4603 4602
f 5898 4541 4540
f 5898 4543 4542
f 5910 5952 5441
f 5952 5443 5442
f 5952 4633 4632
f 4635 4634 5952
f 4508 4507 5952
f 4507 4506 5952
f 5952 4511 4510
f 5952 4514 4513
f 5482 5481 5947
f 5947 5498 5497
f 5374 5373 5947
f 5430 5429 5911
f 5429 5428 5911
f 5911 5434 5433
f 5432 5431 5911
f 5438 5437 5911
f 5437 5436 5911
f 5911 5441 5440
f 5947 5925 5924
f 5947 5928 5927
f 5937 5936 5947
f 5024 5805 5804
f 5024 5025 5808
f 5030 5031 5812
f 5035 5815 5814
f 5823 5049 5050
f 5880 5879 5007
f 5022 5023 5893
f 5023 4559 4558
f 5023 4562 4561
f 4566 4565 5023
f 4569 4568 5023
f 4582 4581 6104
f 4602 4601 6104
f 5898 4535 4534
f 5898 4539 4538
f 4542 4541 5898
f 4540 4539 5898
f 5898 4549 4548
f 5952 5910 5909
f 5442 5441 5952
f 5441 5911 5910
f 5952 5465 5464
f 5952 5467 5466
f 5952 5469 5468
f 5952 5471 5470
f 5952 5473 5472
f 6105 4628 4627
f 4628 6105 5952
f 4634 4633 5952
f 4510 4509 5952
f 5952 4515 4514
f 4513 4512 5952
f 5497 5496 5947
f 5410 5409 5911
f 5911 5428 5427
f 5911 5436 5435
f 5440 5439 5911
f 5924 5923 5947
f 5923 5922 5947
f 5927 5926 5947
f 5804 5803 5024
f 5029 5030 5811
f 5814 5813 5033
f 5814 5034 5035
f 5037 5038 5816
f 5040 5041 5818
f 5819 5043 5044
f 5821 5046 5047
f 5822 5047 5048
f 5823 5048 5049
f 5825 5052 5053
f 5829 5058 5059
f 5890 5889 5007
f 4560 4559 5023
f 4568 4567 5023
f 4589 4588 6104
f 5898 4526 4525
f 5898 4529 4528
f 4534 4533 5898
f 4533 4532 5898
f 5898 4537 4536
f 4538 4537 5898
f 5898 4545 4544
f 5898 4547 4546
f 5898 4550 4549
f 4548 4547 5898
f 5952 5908 5907
f 5909 5908 5952
f 5952 5450 5449
f 5952 5454 5453
f 5952 5457 5456
f 5952 5462 5461
f 5466 5465 5952
f 5470 5469 5952
f 5952 5474 5473
f 4627 4626 6105
f 4626 4625 6105
f 5952 4630 4629
f 4632 4631 5952
f 5952 4499 4498
f 5952 4505 4504
f 5499 5498 5947
f 5911 5426 5425
f 5435 5434 5911
f 5947 5922 5921
f 5926 5925 5947
f 5806 5805 5024
f 5035 5036 5815
f 5815 5036 5037
f 5816 5038 5039
f 5817 5039 5040
f 5819 5042 5043
f 5820 5044 5045
f 5821 5045 5046
f 5050 5824 5823
f 5824 5050 5051
f 5825 5051 5052
f 5827 5055 5056
f 5828 5056 5057
f 5829 5057 5058
f 5060 5082 5841
f 5853 5852 5082
f 4556 4555 5023
f 4525 4524 5898
f 4524 4523 5898
f 4528 4527 5898
f 4532 4531 5898
f 4546 4545 5898
f 4544 4543 5898
f 5898 4551 4550
f 5952 5445 5444
f 5952 5447 5446
f 5449 5448 5952
f 5952 5452 5451
f 5952 5455 5454
f 5952 5458 5457
f 5952 5460 5459
f 5952 5463 5462
f 5468 5467 5952
f 5952 5475 5474
f 5952 5477 5476
f 4631 4630 5952
f 5952 4500 4499
f 4504 4503 5952
f 4512 4511 5952
f 5425 5424 5911
f 5427 5426 5911
f 5947 5919 5918
f 5921 5920 5947
f 5816 5815 5037
f 5818 5817 5040
f 5818 5041 5042
f 5045 5821 5820
f 5048 5823 5822
f 5053 5826 5825
f 5826 5053 5054
f 5827 5054 5055
f 5059 5830 5829
f 5830 5059 5060
f 5060 5837 5836
f 5082 5842 5841
f 5082 5081 5853
f 5854 5853 5080
f 5855 5854 5078
f 5857 5856 5075
f 5858 5857 5073
f 5859 5858 5071
f 5860 5859 5069
f 5861 5860 5067
f 5862 5861 5065
f 5061 5865 5864
f 4563 4562 5023
f 6106 4604 4603
f 4527 4526 5898
f 5898 4531 4530
f 4536 4535 5898
f 5444 5443 5952
f 5448 5447 5952
f 5453 5452 5952
f 5459 5458 5952
f 5464 5463 5952
f 5476 5475 5952
f 4624 4623 6107
f 5952 4629 4628
f 5952 4638 4637
f 5952 4640 4639
f 4498 4497 5952
f 5952 4502 4501
f 4506 4505 5952
f 5918 5917 5947
f 5039 5817 5816
f 5044 5820 5819
f 5051 5825 5824
f 5056 5828 5827
f 5060 5831 5830
f 5060 5838 5837
f 5841 5840 5060
f 5082 5844 5843
f 5082 5846 5845
f 5082 5848 5847
f 5082 5851 5850
f 5081 5080 5853
f 5080 5079 5854
f 5078 5077 5855
f 5856 5855 5076
f 5075 5074 5857
f 5073 5072 5858
f 5071 5070 5859
f 5069 5068 5860
f 5067 5066 5861
f 5065 5064 5862
f 5863 5862 5063
f 5866 5865 5061
f 6106 4605 4604
f 5894 4552 4551
f 5899 4523 4522
f 4530 4529 5898
f 5446 5445 5952
f 5456 5455 5952
f 5472 5471 5952
f 5952 5479 5478
f 6107 6105 4624
f 4623 4622 6107
f 4637 4636 5952
f 4497 4640 5952
f 4503 4502 5952
f 5952 4517 4516
f 5952 4519 4518
f 5917 5916 5947
f 5033 5034 5814
f 5047 5822 5821
f 5057 5829 5828
f 5060 5839 5838
f 5843 5842 5082
f 5847 5846 5082
f 5850 5849 5082
f 5079 5078 5854
f 5076 5075 5856
f 5072 5071 5858
f 5068 5067 5860
f 5064 5063 5862
f 5063 5062 5863
f 4603 6104 6106
f 4551 5896 5895
f 4551 5895 5894
f 4522 5900 5899
f 5899 5898 4523
f 4522 5902 5901
f 5952 5903 5902
f 5952 5906 5905
f 5451 5450 5952
f 5478 5477 5952
f 6106 6107 4614
f 6107 4617 4616
f 4625 4624 6105
f 4501 4500 5952
f 4518 4517 5952
f 4516 4515 5952
f 5952 4521 4520
f 5920 5919 5947
f 5054 5827 5826
f 5060 5833 5832
f 5060 5835 5834
f 5840 5839 5060
f 5849 5848 5082
f 5077 5076 5855
f 5070 5069 5859
f 5062 5061 5863
f 5902 4522 5952
f 5901 5900 4522
f 5905 5904 5952
f 5904 5903 5952
f 5461 5460 5952
f 6106 4612 4611
f 4614 4613 6106
f 4616 4615 6107
f 6107 4620 4619
f 6107 4622 4621
f 4639 4638 5952
f 4520 4519 5952
f 5042 5819 5818
f 5834 5833 5060
f 5845 5844 5082
f 5074 5073 5857
f 5864 5863 5061
f 4551 5898 5897
f 5907 5906 5952
f 6106 4609 4608
f 4611 4610 6106
f 4615 4614 6107
f 4619 4618 6107
f 4618 4617 6107
f 5952 4522 4521
f 5832 5831 5060
f 5852 5851 5082
f 5897 5896 4551
f 5066 5065 5861
f 6106 4607 4606
f 4610 4609 6106
f 5836 5835 5060
f 4608 4607 6106
f 4621 4620 6107
f 4613 4612 6106
f 4606 4605 6106
f 5479 5952 5947
f 6108 6106 6104
f 6104 6109 6108
f 6107 6110 6111
f 6111 6105 6107
f 6112 6107 6106
f 6106 6113 6112
f 6114 6113 6106
f 6106 6115 6114
f 6106 6108 6115
f 6116 6117 6107
f 6117 6110 6107
f 6107 6112 6116
f 6113 6114 6116
f 6116 6112 6113
f 6118 6117 6115
f 6111 6110 6117
f 6109 6119 6115
f 6117 6118 6111
f 6115 6119 6118
f 6115 6108 6109
f 6120 6121 6122
f 6123 6021 6023
f 6025 6124 6125
f 6120 6126 6127
f 6120 6128 6129
f 6122 6130 6120
f 6130 6131 6120
f 6120 6132 6133
f 6120 6134 6135
f 6136 6137 6138
f 6136 6139 6140
f 6123 6019 6021
f 6141 6023 6025
f 6025 6142 6143
f 6125 6144 6025
f 6120 6145 6146
f 6120 6147 6126
f 6127 6145 6120
f 6120 6148 6149
f 6129 6150 6120
f 6150 6148 6120
f 6120 6151 6152
f 6131 6151 6120
f 6133 6153 6120
f 6153 6154 6120
f 6135 6155 6120
f 6155 6156 6120
f 6120 6157 6158
f 6120 6159 6160
f 6120 6161 6162
f 6138 6163 6136
f 6163 6164 6136
f 6140 6165 6136
f 6165 6137 6136
f 6136 6166 6167
f 6168 6017 6019
f 6025 6169 6141
f 6143 6170 6025
f 6025 6171 6124
f 6172 6173 6174
f 6120 6175 6176
f 6120 6177 6178
f 6154 6121 6120
f 6120 6179 6157
f 6158 6134 6120
f 6162 6159 6120
f 6160 6179 6120
f 6167 6180 6136
f 6180 6139 6136
f 6136 6181 6182
f 6183 6184 5967
f 6185 6015 6017
f 6023 6141 6123
f 6144 6142 6025
f 6027 6186 6187
f 6173 6172 6188
f 6174 6189 6172
f 6174 6190 6189
f 6120 6191 6192
f 6176 6193 6120
f 6193 6191 6120
f 6146 6177 6120
f 6120 6194 6195
f 6120 6196 6197
f 6152 6128 6120
f 6156 6132 6120
f 6182 6198 6136
f 6198 6166 6136
f 6199 6136 6200
f 5967 5969 6183
f 6201 6183 5971
f 5975 6202 6201
f 5979 5981 6203
f 6185 6013 6015
f 6170 6169 6025
f 6027 6204 6186
f 6205 6206 6207
f 6206 6205 6208
f 6071 6209 6210
f 6120 6211 6212
f 6120 6213 6214
f 6192 6215 6120
f 6215 6213 6120
f 6178 6175 6120
f 6195 6216 6120
f 6216 6147 6120
f 6149 6196 6120
f 6120 6200 6217
f 6200 6120 6199
f 6199 6181 6136
f 6218 6219 5955
f 6220 6221 5961
f 6184 6220 5965
f 5971 5973 6201
f 6201 5973 5975
f 6202 5977 5979
f 6222 5985 5987
f 6223 6009 6011
f 6019 6123 6168
f 6025 6224 6225
f 6027 6226 6204
f 6227 6228 6027
f 6229 6227 6066
f 6189 6230 6231
f 6207 6232 6205
f 6232 6233 6205
f 6188 6206 6173
f 6190 6230 6189
f 6208 6234 6206
f 6234 6173 6206
f 6235 6236 6237
f 6235 6238 6239
f 6071 6240 6209
f 6120 6241 6242
f 6120 6243 6211
f 6212 6241 6120
f 6214 6243 6120
f 6217 6161 6120
f 5955 5957 6218
f 6221 6218 5959
f 5961 5963 6220
f 5969 5971 6183
f 6203 6202 5979
f 6203 5981 5983
f 6222 5983 5985
f 6244 5987 5989
f 6245 6005 6007
f 6223 6007 6009
f 6225 6171 6025
f 6187 6025 6027
f 6027 6246 6247
f 6027 6068 6227
f 6066 6064 6229
f 6248 6229 6062
f 6249 6250 6056
f 6251 6249 6052
f 6252 6251 6048
f 6253 6252 6044
f 6029 6254 6255
f 6029 6256 6257
f 6189 6258 6259
f 6231 6260 6189
f 6260 6258 6189
f 6237 6261 6235
f 6261 6262 6235
f 6235 6263 6264
f 6239 6265 6235
f 6265 6266 6235
f 6071 6267 6268
f 6210 6269 6071
f 6270 6075 6077
f 6271 6079 6081
f 6272 6273 6274
f 5949 6275 6276
f 6242 5949 6120
f 6242 6277 5949
f 6197 6194 6120
f 6164 6278 6136
f 6219 6279 5951
f 5959 5961 6221
f 5965 5967 6184
f 5983 6222 6203
f 5989 6280 6244
f 6280 5991 5993
f 6011 6281 6223
f 6281 6011 6013
f 6187 6224 6025
f 6027 6282 6283
f 6027 6228 6246
f 6064 6062 6229
f 6062 6060 6248
f 6250 6248 6058
f 6056 6054 6249
f 6052 6050 6251
f 6048 6046 6252
f 6044 6042 6253
f 6284 6253 6040
f 6285 6284 6036
f 6029 6286 6287
f 6029 6288 6289
f 6029 6290 6254
f 6257 6291 6029
f 6071 6292 6256
f 6071 6293 6294
f 6259 6235 6189
f 6262 6189 6235
f 6235 6295 6263
f 6264 6236 6235
f 6235 6296 6238
f 6268 6235 6071
f 6071 6297 6240
f 6071 6298 6299
f 6300 6071 6073
f 6270 6073 6075
f 6271 6077 6079
f 6301 6083 6085
f 6302 6087 6089
f 6303 6091 6093
f 6304 6305 6306
f 6307 6095 6097
f 6308 6099 6101
f 6272 6309 6310
f 6272 6311 6312
f 6272 6313 6273
f 5949 6314 6315
f 5949 6316 6275
f 5949 6317 6318
f 6278 6319 6320
f 5949 5951 6321
f 5951 6322 6323
f 5951 6324 6325
f 5951 5955 6219
f 5963 5965 6220
f 5987 6244 6222
f 6280 5989 5991
f 6326 5997 5999
f 6013 6185 6281
f 6283 6226 6027
f 6027 6327 6328
f 6068 6066 6227
f 6058 6056 6250
f 6050 6048 6251
f 6042 6040 6253
f 6040 6038 6284
f 6036 6034 6285
f 6329 6285 6032
f 6029 6330 6286
f 6029 6331 6288
f 6255 6332 6029
f 6256 6029 6071
f 6291 6290 6029
f 6294 6333 6071
f 6333 6334 6071
f 6205 6335 6336
f 6205 6337 6338
f 6233 6337 6205
f 6235 6339 6340
f 6268 6296 6235
f 6299 6297 6071
f 6071 6341 6342
f 6073 6270 6300
f 6081 6301 6271
f 6301 6081 6083
f 6302 6085 6087
f 6303 6089 6091
f 6304 6343 6305
f 6306 6344 6304
f 6307 6093 6095
f 6308 6097 6099
f 6103 6345 6346
f 6103 6347 6348
f 6272 6349 6350
f 6310 6351 6272
f 6272 6352 6353
f 6274 6311 6272
f 6272 6354 6355
f 5949 6356 6357
f 5949 6358 6359
f 6360 6361 6362
f 6363 6364 6365
f 6366 6367 6368
f 5949 6369 6370
f 5949 6371 6314
f 5949 6372 6373
f 5949 6374 6316
f 5949 6375 6376
f 5949 6377 6378
f 5949 6379 6380
f 5949 6277 6381
f 5949 6382 6317
f 6318 6383 5949
f 6278 6384 6319
f 6320 6385 6278
f 6278 6386 6387
f 5949 6388 6389
f 6321 6390 5949
f 6325 6322 5951
f 5951 6391 6392
f 5951 6393 6394
f 5951 6395 6396
f 5957 5959 6218
f 5993 6397 6280
f 6397 5993 5995
f 6326 5995 5997
f 6398 6003 6005
f 6017 6168 6185
f 6328 6399 6027
f 6060 6058 6248
f 6046 6044 6252
f 6034 6032 6285
f 6032 6030 6329
f 6289 6330 6029
f 6071 6400 6401
f 6334 6400 6071
f 6338 6335 6205
f 6336 6304 6205
f 6235 6266 6339
f 6340 6295 6235
f 6269 6267 6071
f 6342 6402 6071
f 6300 6403 6071
f 6085 6302 6301
f 6093 6307 6303
f 6304 6278 6343
f 6101 6404 6308
f 6404 6101 6103
f 6103 6405 6406
f 6103 6407 6345
f 6103 6408 6409
f 6103 6350 6347
f 6272 6410 6349
f 6272 6411 6412
f 6272 6413 6414
f 6351 6415 6272
f 6353 6416 6272
f 6272 6417 6418
f 6355 6313 6272
f 6272 6419 6420
f 5949 6421 6422
f 6357 6423 5949
f 6423 6421 5949
f 5949 6424 6358
f 6359 6425 5949
f 6362 6426 6360
f 6426 6278 6360
f 6360 6365 6427
f 6365 6360 6363
f 6366 6428 6429
f 6366 6430 6367
f 6368 6431 6366
f 6370 6366 5949
f 6370 6432 6366
f 5949 6433 6434
f 5949 6435 6436
f 6373 6371 5949
f 5949 6437 6438
f 5949 6439 6440
f 5949 6441 6442
f 6376 6374 5949
f 5949 6443 6444
f 6380 6377 5949
f 6383 6120 5949
f 6278 6445 6384
f 6278 6446 6386
f 6387 6445 6278
f 6278 6426 6447
f 5949 6448 6388
f 6389 6382 5949
f 5951 6449 6321
f 6392 6324 5951
f 5951 6450 6451
f 6396 6393 5951
f 5951 6452 6453
f 5975 5977 6202
f 5999 6454 6326
f 6454 5999 6001
f 6398 6001 6003
f 6399 6282 6027
f 6054 6052 6249
f 6030 6029 6329
f 6029 6455 6456
f 6332 6331 6029
f 6401 6292 6071
f 6403 6341 6071
f 6089 6303 6302
f 6304 6457 6458
f 6304 6459 6460
f 6344 6459 6304
f 6103 6461 6404
f 6406 6462 6103
f 6103 6463 6407
f 6103 6464 6465
f 6409 6466 6103
f 6348 6467 6103
f 6272 6468 6410
f 6412 6469 6272
f 6272 6470 6471
f 6272 6472 6413
f 6416 6309 6272
f 6272 6473 6417
f 6420 6354 6272
f 6272 6474 6475
f 5949 6476 6477
f 6422 6478 5949
f 5949 6479 6480
f 5949 6481 6482
f 6425 6481 5949
f 5949 6366 6483
f 6427 6361 6360
f 6363 6484 6364
f 6485 6486 6487
f 6485 6488 6489
f 6485 6490 6491
f 6429 6492 6366
f 6492 6493 6366
f 6431 6494 6366
f 6366 6432 6495
f 6434 6369 5949
f 5949 6496 6497
f 5949 6498 6435
f 6315 6499 5949
f 5949 6500 6501
f 5949 6502 6437
f 5949 6503 6439
f 6276 6441 5949
f 5949 6504 6505
f 6378 6443 5949
f 6447 6506 6278
f 6506 6446 6278
f 6390 6448 5949
f 6451 6391 5951
f 6453 6395 5951
f 5995 6326 6397
f 6005 6245 6398
f 6247 6327 6027
f 6456 6329 6029
f 6071 6235 6507
f 6077 6271 6270
f 6304 6508 6457
f 6458 6205 6304
f 6462 6461 6103
f 6465 6463 6103
f 6467 6408 6103
f 6469 6468 6272
f 6471 6509 6272
f 6415 6472 6272
f 6312 6473 6272
f 6272 6510 6474
f 6477 6272 5949
f 6477 6511 6272
f 6478 6476 5949
f 6480 6512 5949
f 6512 6356 5949
f 6483 6513 5949
f 6513 6514 5949
f 6490 6515 6516
f 6490 6485 6517
f 6484 6518 6364
f 6487 6519 6485
f 6491 6488 6485
f 6366 6520 6521
f 6493 6520 6366
f 6494 6428 6366
f 6436 6496 5949
f 6501 6372 5949
f 5949 6522 6502
f 5949 6523 6524
f 5949 6525 6503
f 5949 6526 6527
f 6505 6375 5949
f 6381 6379 5949
f 6278 6385 6528
f 6323 6449 5951
f 6279 6452 5951
f 6007 6223 6245
f 6287 6455 6029
f 6278 6529 6530
f 6278 6531 6532
f 6278 6304 6533
f 6071 6534 6535
f 6507 6536 6071
f 6536 6534 6071
f 6402 6298 6071
f 6460 6508 6304
f 6346 6405 6103
f 6350 6103 6272
f 6414 6470 6272
f 6475 6419 6272
f 6272 6511 6537
f 6482 6479 5949
f 6514 6424 5949
f 6516 6538 6490
f 6538 6366 6490
f 6517 6539 6490
f 6539 6515 6490
f 6489 6486 6485
f 6366 6540 6541
f 6521 6542 6366
f 6542 6540 6366
f 6497 6433 5949
f 6438 6500 5949
f 5949 6543 6544
f 6440 6523 5949
f 5949 6545 6526
f 6444 6504 5949
f 6394 6450 5951
f 6038 6036 6284
f 6278 6546 6547
f 6532 6529 6278
f 6530 6546 6278
f 6533 6548 6278
f 6548 6549 6278
f 6466 6464 6103
f 6418 6352 6272
f 6272 6550 6551
f 6519 6364 6485
f 6541 6490 6366
f 6495 6430 6366
f 6544 6522 5949
f 6527 6525 5949
f 6528 6136 6278
f 6001 6398 6454
f 6547 6360 6278
f 6549 6531 6278
f 6509 6411 6272
f 6551 6552 6272
f 6518 6485 6364
f 6524 6543 5949
f 6097 6308 6307
f 6537 6550 6272
f 6442 6545 5949
f 6535 6293 6071
f 6499 6498 5949
f 6552 6510 6272
f 6553 6554 6360
f 6555 6553 6547
f 6556 6555 6546
f 6557 6556 6530
f 6558 6557 6529
f 6559 6558 6532
f 6560 6559 6531
f 6561 6560 6549
f 6562 6561 6548
f 6563 6562 6533
f 6564 6563 6304
f 6565 6564 6336
f 6566 6565 6335
f 6567 6566 6338
f 6568 6567 6337
f 6569 6568 6233
f 6570 6569 6232
f 6571 6570 6207
f 6572 6571 6206
f 6573 6572 6188
f 6574 6573 6172
f 6575 6574 6189
f 6576 6575 6262
f 6577 6576 6261
f 6578 6577 6237
f 6579 6578 6236
f 6580 6579 6264
f 6581 6580 6263
f 6582 6581 6295
f 6583 6582 6340
f 6584 6583 6339
f 6585 6584 6266
f 6586 6585 6265
f 6587 6586 6239
f 6588 6587 6238
f 6589 6588 6296
f 6590 6589 6268
f 6591 6590 6267
f 6592 6591 6269
f 6593 6592 6210
f 6594 6593 6209
f 6595 6594 6240
f 6596 6595 6297
f 6597 6596 6299
f 6598 6597 6298
f 6599 6598 6402
f 6600 6599 6342
f 6601 6600 6341
f 6602 6601 6403
f 6603 6602 6300
f 6604 6603 6270
f 6605 6604 6271
f 6606 6605 6301
f 6607 6606 6302
f 6608 6607 6303
f 6609 6608 6307
f 6610 6609 6308
f 6611 6610 6404
f 6612 6611 6461
f 6613 6612 6462
f 6614 6613 6406
f 6615 6614 6405
f 6616 6615 6346
f 6617 6616 6345
f 6618 6617 6407
f 6619 6618 6463
f 6620 6619 6465
f 6621 6620 6464
f 6622 6621 6466
f 6623 6622 6409
f 6624 6623 6408
f 6625 6624 6467
f 6626 6625 6348
f 6627 6626 6347
f 6628 6627 6350
f 6629 6628 6349
f 6630 6629 6410
f 6631 6630 6468
f 6632 6631 6469
f 6633 6632 6412
f 6634 6633 6411
f 6635 6634 6509
f 6636 6635 6471
f 6637 6636 6470
f 6638 6637 6414
f 6639 6638 6413
f 6640 6639 6472
f 6641 6640 6415
f 6642 6641 6351
f 6643 6642 6310
f 6644 6643 6309
f 6645 6644 6416
f 6646 6645 6353
f 6647 6646 6352
f 6648 6647 6418
f 6649 6648 6417
f 6650 6649 6473
f 6651 6650 6312
f 6652 6651 6311
f 6653 6652 6274
f 6654 6653 6273
f 6655 6654 6313
f 6656 6655 6355
f 6657 6656 6354
f 6658 6657 6420
f 6659 6658 6419
f 6660 6659 6475
f 6661 6660 6474
f 6662 6661 6510
f 6663 6662 6552
f 6664 6663 6551
f 6665 6664 6550
f 6666 6665 6537
f 6667 6666 6511
f 6668 6667 6477
f 6669 6668 6476
f 6670 6669 6478
f 6671 6670 6422
f 6672 6671 6421
f 6673 6672 6423
f 6674 6673 6357
f 6675 6674 6356
f 6676 6675 6512
f 6677 6676 6480
f 6678 6677 6479
f 6679 6678 6482
f 6680 6679 6481
f 6681 6680 6425
f 6682 6681 6359
f 6683 6682 6358
f 6684 6683 6424
f 6685 6684 6514
f 6686 6685 6513
f 6687 6686 6483
f 6688 6687 6366
f 6689 6688 6538
f 6690 6689 6516
f 6691 6690 6515
f 6692 6691 6539
f 6693 6692 6517
f 6694 6693 6485
f 6695 6694 6518
f 6696 6695 6484
f 6554 6696 6363
f 6363 6360 6554
f 6484 6363 6696
f 6518 6484 6695
f 6485 6518 6694
f 6517 6485 6693
f 6539 6517 6692
f 6515 6539 6691
f 6516 6515 6690
f 6538 6516 6689
f 6366 6538 6688
f 6483 6366 6687
f 6513 6483 6686
f 6514 6513 6685
f 6424 6514 6684
f 6358 6424 6683
f 6359 6358 6682
f 6425 6359 6681
f 6481 6425 6680
f 6482 6481 6679
f 6479 6482 6678
f 6480 6479 6677
f 6512 6480 6676
f 6356 6512 6675
f 6357 6356 6674
f 6423 6357 6673
f 6421 6423 6672
f 6422 6421 6671
f 6478 6422 6670
f 6476 6478 6669
f 6477 6476 6668
f 6511 6477 6667
f 6537 6511 6666
f 6550 6537 6665
f 6551 6550 6664
f 6552 6551 6663
f 6510 6552 6662
f 6474 6510 6661
f 6475 6474 6660
f 6419 6475 6659
f 6420 6419 6658
f 6354 6420 6657
f 6355 6354 6656
f 6313 6355 6655
f 6273 6313 6654
f 6274 6273 6653
f 6311 6274 6652
f 6312 6311 6651
f 6473 6312 6650
f 6417 6473 6649
f 6418 6417 6648
f 6352 6418 6647
f 6353 6352 6646
f 6416 6353 6645
f 6309 6416 6644
f 6310 6309 6643
f 6351 6310 6642
f 6415 6351 6641
f 6472 6415 6640
f 6413 6472 6639
f 6414 6413 6638
f 6470 6414 6637
f 6471 6470 6636
f 6509 6471 6635
f 6411 6509 6634
f 6412 6411 6633
f 6469 6412 6632
f 6468 6469 6631
f 6410 6468 6630
f 6349 6410 6629
f 6350 6349 6628
f 6347 6350 6627
f 6348 6347 6626
f 6467 6348 6625
f 6408 6467 6624
f 6409 6408 6623
f 6466 6409 6622
f 6464 6466 6621
f 6465 6464 6620
f 6463 6465 6619
f 6407 6463 6618
f 6345 6407 6617
f 6346 6345 6616
f 6405 6346 6615
f 6406 6405 6614
f 6462 6406 6613
f 6461 6462 6612
f 6404 6461 6611
f 6308 6404 6610
f 6307 6308 6609
f 6303 6307 6608
f 6302 6303 6607
f 6301 6302 6606
f 6271 6301 6605
f 6270 6271 6604
f 6300 6270 6603
f 6403 6300 6602
f 6341 6403 6601
f 6342 6341 6600
f 6402 6342 6599
f 6298 6402 6598
f 6299 6298 6597
f 6297 6299 6596
f 6240 6297 6595
f 6209 6240 6594
f 6210 6209 6593
f 6269 6210 6592
f 6267 6269 6591
f 6268 6267 6590
f 6296 6268 6589
f 6238 6296 6588
f 6239 6238 6587
f 6265 6239 6586
f 6266 6265 6585
f 6339 6266 6584
f 6340 6339 6583
f 6295 6340 6582
f 6263 6295 6581
f 6264 6263 6580
f 6236 6264 6579
f 6237 6236 6578
f 6261 6237 6577
f 6262 6261 6576
f 6189 6262 6575
f 6172 6189 6574
f 6188 6172 6573
f 6206 6188 6572
f 6207 6206 6571
f 6232 6207 6570
f 6233 6232 6569
f 6337 6233 6568
f 6338 6337 6567
f 6335 6338 6566
f 6336 6335 6565
f 6304 6336 6564
f 6533 6304 6563
f 6548 6533 6562
f 6549 6548 6561
f 6531 6549 6560
f 6532 6531 6559
f 6529 6532 6558
f 6530 6529 6557
f 6546 6530 6556
f 6547 6546 6555
f 6360 6547 6553
f 6697 6698 6378
f 6699 6697 6377
f 6700 6699 6380
f 6701 6700 6379
f 6702 6701 6381
f 6703 6702 6277
f 6704 6703 6242
f 6705 6704 6241
f 6706 6705 6212
f 6707 6706 6211
f 6708 6707 6243
f 6709 6708 6214
f 6710 6709 6213
f 6711 6710 6215
f 6712 6711 6192
f 6713 6712 6191
f 6714 6713 6193
f 6715 6714 6176
f 6716 6715 6175
f 6717 6716 6178
f 6718 6717 6177
f 6719 6718 6146
f 6720 6719 6145
f 6721 6720 6127
f 6722 6721 6126
f 6723 6722 6147
f 6724 6723 6216
f 6725 6724 6195
f 6726 6725 6194
f 6727 6726 6197
f 6728 6727 6196
f 6729 6728 6149
f 6730 6729 6148
f 6731 6730 6150
f 6732 6731 6129
f 6733 6732 6128
f 6734 6733 6152
f 6735 6734 6151
f 6736 6735 6131
f 6737 6736 6130
f 6738 6737 6122
f 6739 6738 6121
f 6740 6739 6154
f 6741 6740 6153
f 6742 6741 6133
f 6743 6742 6132
f 6744 6743 6156
f 6745 6744 6155
f 6746 6745 6135
f 6747 6746 6134
f 6748 6747 6158
f 6749 6748 6157
f 6750 6749 6179
f 6751 6750 6160
f 6752 6751 6159
f 6753 6752 6162
f 6754 6753 6161
f 6755 6754 6217
f 6756 6755 6200
f 6757 6756 6136
f 6758 6757 6528
f 6759 6758 6385
f 6760 6759 6320
f 6761 6760 6319
f 6762 6761 6384
f 6763 6762 6445
f 6764 6763 6387
f 6765 6764 6386
f 6766 6765 6446
f 6767 6766 6506
f 6768 6767 6447
f 6769 6768 6426
f 6770 6769 6362
f 6771 6770 6361
f 6772 6771 6427
f 6773 6772 6365
f 6774 6773 6364
f 6775 6774 6519
f 6776 6775 6487
f 6777 6776 6486
f 6778 6777 6489
f 6779 6778 6488
f 6780 6779 6491
f 6781 6780 6490
f 6782 6781 6541
f 6783 6782 6540
f 6784 6783 6542
f 6785 6784 6521
f 6786 6785 6520
f 6787 6786 6493
f 6788 6787 6492
f 6789 6788 6429
f 6790 6789 6428
f 6791 6790 6494
f 6792 6791 6431
f 6793 6792 6368
f 6794 6793 6367
f 6795 6794 6430
f 6796 6795 6495
f 6797 6796 6432
f 6798 6797 6370
f 6799 6798 6369
f 6800 6799 6434
f 6801 6800 6433
f 6802 6801 6497
f 6803 6802 6496
f 6804 6803 6436
f 6805 6804 6435
f 6806 6805 6498
f 6807 6806 6499
f 6808 6807 6315
f 6809 6808 6314
f 6810 6809 6371
f 6811 6810 6373
f 6812 6811 6372
f 6813 6812 6501
f 6814 6813 6500
f 6815 6814 6438
f 6816 6815 6437
f 6817 6816 6502
f 6818 6817 6522
f 6819 6818 6544
f 6820 6819 6543
f 6821 6820 6524
f 6822 6821 6523
f 6823 6822 6440
f 6824 6823 6439
f 6825 6824 6503
f 6826 6825 6525
f 6827 6826 6527
f 6828 6827 6526
f 6829 6828 6545
f 6830 6829 6442
f 6831 6830 6441
f 6832 6831 6276
f 6833 6832 6275
f 6834 6833 6316
f 6835 6834 6374
f 6836 6835 6376
f 6837 6836 6375
f 6838 6837 6505
f 6839 6838 6504
f 6840 6839 6444
f 6698 6840 6443
f 6443 6378 6698
f 6444 6443 6840
f 6504 6444 6839
f 6505 6504 6838
f 6375 6505 6837
f 6376 6375 6836
f 6374 6376 6835
f 6316 6374 6834
f 6275 6316 6833
f 6276 6275 6832
f 6441 6276 6831
f 6442 6441 6830
f 6545 6442 6829
f 6526 6545 6828
f 6527 6526 6827
f 6525 6527 6826
f 6503 6525 6825
f 6439 6503 6824
f 6440 6439 6823
f 6523 6440 6822
f 6524 6523 6821
f 6543 6524 6820
f 6544 6543 6819
f 6522 6544 6818
f 6502 6522 6817
f 6437 6502 6816
f 6438 6437 6815
f 6500 6438 6814
f 6501 6500 6813
f 6372 6501 6812
f 6373 6372 6811
f 6371 6373 6810
f 6314 6371 6809
f 6315 6314 6808
f 6499 6315 6807
f 6498 6499 6806
f 6435 6498 6805
f 6436 6435 6804
f 6496 6436 6803
f 6497 6496 6802
f 6433 6497 6801
f 6434 6433 6800
f 6369 6434 6799
f 6370 6369 6798
f 6432 6370 6797
f 6495 6432 6796
f 6430 6495 6795
f 6367 6430 6794
f 6368 6367 6793
f 6431 6368 6792
f 6494 6431 6791
f 6428 6494 6790
f 6429 6428 6789
f 6492 6429 6788
f 6493 6492 6787
f 6520 6493 6786
f 6521 6520 6785
f 6542 6521 6784
f 6540 6542 6783
f 6541 6540 6782
f 6490 6541 6781
f 6491 6490 6780
f 6488 6491 6779
f 6489 6488 6778
f 6486 6489 6777
f 6487 6486 6776
f 6519 6487 6775
f 6364 6519 6774
f 6365 6364 6773
f 6427 6365 6772
f 6361 6427 6771
f 6362 6361 6770
f 6426 6362 6769
f 6447 6426 6768
f 6506 6447 6767
f 6446 6506 6766
f 6386 6446 6765
f 6387 6386 6764
f 6445 6387 6763
f 6384 6445 6762
f 6319 6384 6761
f 6320 6319 6760
f 6385 6320 6759
f 6528 6385 6758
f 6136 6528 6757
f 6200 6136 6756
f 6217 6200 6755
f 6161 6217 6754
f 6162 6161 6753
f 6159 6162 6752
f 6160 6159 6751
f 6179 6160 6750
f 6157 6179 6749
f 6158 6157 6748
f 6134 6158 6747
f 6135 6134 6746
f 6155 6135 6745
f 6156 6155 6744
f 6132 6156 6743
f 6133 6132 6742
f 6153 6133 6741
f 6154 6153 6740
f 6121 6154 6739
f 6122 6121 6738
f 6130 6122 6737
f 6131 6130 6736
f 6151 6131 6735
f 6152 6151 6734
f 6128 6152 6733
f 6129 6128 6732
f 6150 6129 6731
f 6148 6150 6730
f 6149 6148 6729
f 6196 6149 6728
f 6197 6196 6727
f 6194 6197 6726
f 6195 6194 6725
f 6216 6195 6724
f 6147 6216 6723
f 6126 6147 6722
f 6127 6126 6721
f 6145 6127 6720
f 6146 6145 6719
f 6177 6146 6718
f 6178 6177 6717
f 6175 6178 6716
f 6176 6175 6715
f 6193 6176 6714
f 6191 6193 6713
f 6192 6191 6712
f 6215 6192 6711
f 6213 6215 6710
f 6214 6213 6709
f 6243 6214 6708
f 6211 6243 6707
f 6212 6211 6706
f 6241 6212 6705
f 6242 6241 6704
f 6277 6242 6703
f 6381 6277 6702
f 6379 6381 6701
f 6380 6379 6700
f 6377 6380 6699
f 6378 6377 6697
f 6841 6842 6396
f 6843 6841 6395
f 6844 6843 6453
f 6845 6844 6452
f 6846 6845 6279
f 6847 6846 6219
f 6848 6847 6218
f 6849 6848 6221
f 6850 6849 6220
f 6851 6850 6184
f 6852 6851 6183
f 6853 6852 6201
f 6854 6853 6202
f 6855 6854 6203
f 6856 6855 6222
f 6857 6856 6244
f 6858 6857 6280
f 6859 6858 6397
f 6860 6859 6326
f 6861 6860 6454
f 6862 6861 6398
f 6863 6862 6245
f 6864 6863 6223
f 6865 6864 6281
f 6866 6865 6185
f 6867 6866 6168
f 6868 6867 6123
f 6869 6868 6141
f 6870 6869 6169
f 6871 6870 6170
f 6872 6871 6143
f 6873 6872 6142
f 6874 6873 6144
f 6875 6874 6125
f 6876 6875 6124
f 6877 6876 6171
f 6878 6877 6225
f 6879 6878 6224
f 6880 6879 6187
f 6881 6880 6186
f 6882 6881 6204
f 6883 6882 6226
f 6884 6883 6283
f 6885 6884 6282
f 6886 6885 6399
f 6887 6886 6328
f 6888 6887 6327
f 6889 6888 6247
f 6890 6889 6246
f 6891 6890 6228
f 6892 6891 6227
f 6893 6892 6229
f 6894 6893 6248
f 6895 6894 6250
f 6896 6895 6249
f 6897 6896 6251
f 6898 6897 6252
f 6899 6898 6253
f 6900 6899 6284
f 6901 6900 6285
f 6902 6901 6329
f 6903 6902 6456
f 6904 6903 6455
f 6905 6904 6287
f 6906 6905 6286
f 6907 6906 6330
f 6908 6907 6289
f 6909 6908 6288
f 6910 6909 6331
f 6911 6910 6332
f 6912 6911 6255
f 6913 6912 6254
f 6914 6913 6290
f 6915 6914 6291
f 6916 6915 6257
f 6917 6916 6256
f 6918 6917 6292
f 6919 6918 6401
f 6920 6919 6400
f 6921 6920 6334
f 6922 6921 6333
f 6923 6922 6294
f 6924 6923 6293
f 6925 6924 6535
f 6926 6925 6534
f 6927 6926 6536
f 6928 6927 6507
f 6929 6928 6235
f 6930 6929 6259
f 6931 6930 6258
f 6932 6931 6260
f 6933 6932 6231
f 6934 6933 6230
f 6935 6934 6190
f 6936 6935 6174
f 6937 6936 6173
f 6938 6937 6234
f 6939 6938 6208
f 6940 6939 6205
f 6941 6940 6458
f 6942 6941 6457
f 6943 6942 6508
f 6944 6943 6460
f 6945 6944 6459
f 6946 6945 6344
f 6947 6946 6306
f 6948 6947 6305
f 6949 6948 6343
f 6950 6949 6278
f 6951 6950 6164
f 6952 6951 6163
f 6953 6952 6138
f 6954 6953 6137
f 6955 6954 6165
f 6956 6955 6140
f 6957 6956 6139
f 6958 6957 6180
f 6959 6958 6167
f 6960 6959 6166
f 6961 6960 6198
f 6962 6961 6182
f 6963 6962 6181
f 6964 6963 6199
f 6965 6964 6120
f 6966 6965 6383
f 6967 6966 6318
f 6968 6967 6317
f 6969 6968 6382
f 6970 6969 6389
f 6971 6970 6388
f 6972 6971 6448
f 6973 6972 6390
f 6974 6973 6321
f 6975 6974 6449
f 6976 6975 6323
f 6977 6976 6322
f 6978 6977 6325
f 6979 6978 6324
f 6980 6979 6392
f 6981 6980 6391
f 6982 6981 6451
f 6983 6982 6450
f 6984 6983 6394
f 6842 6984 6393
f 6393 6396 6842
f 6394 6393 6984
f 6450 6394 6983
f 6451 6450 6982
f 6391 6451 6981
f 6392 6391 6980
f 6324 6392 6979
f 6325 6324 6978
f 6322 6325 6977
f 6323 6322 6976
f 6449 6323 6975
f 6321 6449 6974
f 6390 6321 6973
f 6448 6390 6972
f 6388 6448 6971
f 6389 6388 6970
f 6382 6389 6969
f 6317 6382 6968
f 6318 6317 6967
f 6383 6318 6966
f 6120 6383 6965
f 6199 6120 6964
f 6181 6199 6963
f 6182 6181 6962
f 6198 6182 6961
f 6166 6198 6960
f 6167 6166 6959
f 6180 6167 6958
f 6139 6180 6957
f 6140 6139 6956
f 6165 6140 6955
f 6137 6165 6954
f 6138 6137 6953
f 6163 6138 6952
f 6164 6163 6951
f 6278 6164 6950
f 6343 6278 6949
f 6305 6343 6948
f 6306 6305 6947
f 6344 6306 6946
f 6459 6344 6945
f 6460 6459 6944
f 6508 6460 6943
f 6457 6508 6942
f 6458 6457 6941
f 6205 6458 6940
f 6208 6205 6939
f 6234 6208 6938
f 6173 6234 6937
f 6174 6173 6936
f 6190 6174 6935
f 6230 6190 6934
f 6231 6230 6933
f 6260 6231 6932
f 6258 6260 6931
f 6259 6258 6930
f 6235 6259 6929
f 6507 6235 6928
f 6536 6507 6927
f 6534 6536 6926
f 6535 6534 6925
f 6293 6535 6924
f 6294 6293 6923
f 6333 6294 6922
f 6334 6333 6921
f 6400 6334 6920
f 6401 6400 6919
f 6292 6401 6918
f 6256 6292 6917
f 6257 6256 6916
f 6291 6257 6915
f 6290 6291 6914
f 6254 6290 6913
f 6255 6254 6912
f 6332 6255 6911
f 6331 6332 6910
f 6288 6331 6909
f 6289 6288 6908
f 6330 6289 6907
f 6286 6330 6906
f 6287 6286 6905
f 6455 6287 6904
f 6456 6455 6903
f 6329 6456 6902
f 6285 6329 6901
f 6284 6285 6900
f 6253 6284 6899
f 6252 6253 6898
f 6251 6252 6897
f 6249 6251 6896
f 6250 6249 6895
f 6248 6250 6894
f 6229 6248 6893
f 6227 6229 6892
f 6228 6227 6891
f 6246 6228 6890
f 6247 6246 6889
f 6327 6247 6888
f 6328 6327 6887
f 6399 6328 6886
f 6282 6399 6885
f 6283 6282 6884
f 6226 6283 6883
f 6204 6226 6882
f 6186 6204 6881
f 6187 6186 6880
f 6224 6187 6879
f 6225 6224 6878
f 6171 6225 6877
f 6124 6171 6876
f 6125 6124 6875
f 6144 6125 6874
f 6142 6144 6873
f 6143 6142 6872
f 6170 6143 6871
f 6169 6170 6870
f 6141 6169 6869
f 6123 6141 6868
f 6168 6123 6867
f 6185 6168 6866
f 6281 6185 6865
f 6223 6281 6864
f 6245 6223 6863
f 6398 6245 6862
f 6454 6398 6861
f 6326 6454 6860
f 6397 6326 6859
f 6280 6397 6858
f 6244 6280 6857
f 6222 6244 6856
f 6203 6222 6855
f 6202 6203 6854
f 6201 6202 6853
f 6183 6201 6852
f 6184 6183 6851
f 6220 6184 6850
f 6221 6220 6849
f 6218 6221 6848
f 6219 6218 6847
f 6279 6219 6846
f 6452 6279 6845
f 6453 6452 6844
f 6395 6453 6843
f 6396 6395 6841
f 6985 6986 6987
f 6988 6989 6990
f 6987 6990 6985
f 6988 6991 6989
f 6986 6992 6993
f 6990 6987 6988
f 6985 6992 6986
f 6988 6994 6995
f 6996 6997 6998
f 6997 6999 7000
f 6986 7001 7002
f 6995 6991 6988
f 6998 7003 6996
f 6997 6996 6999
f 6993 7001 6986
f 6988 7000 7004
f 7005 6986 7006
f 7007 7008 7009
f 7000 6988 6997
f 7004 6994 6988
f 7006 7010 7005
f 7011 7007 7012
f 7007 7013 7014
f 7009 7015 7007
f 7007 7016 7017
f 7002 7006 6986
f 7012 7005 7011
f 7007 7018 7013
f 7015 7019 7007
f 7007 7011 7016
f 7010 7011 7005
f 7020 7021 7022
f 6996 7023 7024
f 6996 7025 7026
f 7019 7018 7007
f 7003 7025 6996
f 6119 7027 7028
f 7020 7029 7030
f 7022 7031 7020
f 6996 7032 7023
f 6996 7033 7034
f 6996 7035 7036
f 7007 7037 7038
f 7007 7039 7040
f 7026 7041 6996
f 7017 7008 7007
f 7042 7043 7044
f 6119 7045 7046
f 7027 7047 7028
f 7031 7029 7020
f 7020 7048 7049
f 7034 7032 6996
f 6996 7050 7035
f 7040 7037 7007
f 7038 7042 7007
f 7014 7039 7007
f 7042 7051 7043
f 6119 7052 7053
f 7028 7045 6119
f 7020 7054 7021
f 7020 7055 7048
f 6118 7056 7055
f 6118 7057 7058
f 7036 7033 6996
f 6996 7059 7060
f 7041 7059 6996
f 7044 7061 7042
f 6119 7062 7063
f 7046 7052 6119
f 7049 7054 7020
f 6118 7064 7056
f 6118 7065 7057
f 7060 7050 6996
f 7061 7007 7042
f 7053 7062 6119
f 7027 7066 7067
f 7027 7068 7069
f 7020 7070 7071
f 7055 7020 6118
f 7058 7072 6118
f 6118 7073 7074
f 6118 7075 7076
f 6118 7077 7078
f 7027 7079 7080
f 7042 7081 7082
f 7083 7084 7085
f 6119 7086 7087
f 7067 7047 7027
f 7027 7088 7068
f 7027 7089 7090
f 7027 7091 7092
f 7027 7093 7094
f 7020 7095 7096
f 7071 7097 7020
f 7072 7064 6118
f 6118 7098 7073
f 6118 7099 7075
f 6118 7100 7101
f 6118 7102 7077
f 7027 7103 7079
f 7080 7104 7027
f 7081 7105 7106
f 7082 7051 7042
f 7107 7108 7109
f 7107 7110 7111
f 7083 7112 7084
f 7063 7086 6119
f 7090 7088 7027
f 7092 7113 7027
f 7027 7114 7093
f 7027 7115 7116
f 7027 7117 7118
f 7027 7119 7120
f 7020 7121 7122
f 7020 7123 7124
f 7020 7125 7126
f 7020 7127 7128
f 7096 7129 7020
f 7020 7130 7070
f 7074 7065 6118
f 6118 7131 7132
f 7076 7133 6118
f 7101 7134 6118
f 6118 7135 7102
f 6118 7136 7137
f 6118 7138 7139
f 6118 7140 7141
f 6118 7142 7143
f 7027 7144 7145
f 7081 7146 7144
f 7106 7147 7081
f 7110 7148 7149
f 7109 6996 7107
f 7111 7150 7107
f 7083 7151 7152
f 7083 7153 7112
f 7069 7066 7027
f 7027 7154 7155
f 7027 7156 7091
f 7116 7114 7027
f 7118 7157 7027
f 7120 7158 7027
f 7027 7159 7160
f 7020 7161 7121
f 7020 7162 7123
f 7020 7163 7125
f 7129 7127 7020
f 7020 7164 7165
f 7030 7130 7020
f 7133 7131 6118
f 6118 7166 7100
f 7078 7167 6118
f 7139 7136 6118
f 7143 7140 6118
f 6118 7168 7169
f 6118 7170 7171
f 7104 7172 7027
f 7144 7027 7081
f 7145 7103 7027
f 7147 7173 7081
f 7081 7042 7174
f 7110 7107 7148
f 7150 7108 7107
f 7085 7151 7083
f 7083 7175 7176
f 7027 7177 7178
f 7027 7179 7180
f 7027 7181 7182
f 7027 7183 7184
f 6118 7185 7186
f 6118 7187 7188
f 6119 7189 7190
f 6119 7191 7192
f 7155 7089 7027
f 7027 7193 7156
f 7157 7115 7027
f 7027 7194 7119
f 7027 7195 7196
f 7160 7197 7027
f 7027 7198 7199
f 7122 7200 7020
f 7126 7162 7020
f 7020 7201 7202
f 7020 7203 7204
f 7165 7095 7020
f 7132 7098 6118
f 7167 7166 6118
f 7141 7138 6118
f 7171 7168 6118
f 7174 7105 7081
f 7024 7107 6996
f 7176 7153 7083
f 7178 7205 7027
f 7180 7206 7027
f 7206 7177 7027
f 7184 7181 7027
f 7182 7179 7027
f 7027 7207 7208
f 7027 7209 7210
f 7027 7211 7212
f 7027 7213 7214
f 7186 7215 6118
f 7215 7216 6118
f 7188 7217 6118
f 7217 7218 6118
f 6119 7219 7220
f 6119 7221 7222
f 6119 7223 7224
f 6119 7225 7226
f 7192 7189 6119
f 7113 7154 7027
f 7158 7117 7027
f 7196 7227 7027
f 7199 7159 7027
f 7197 7195 7027
f 7200 7228 7020
f 7202 7163 7020
f 7128 7203 7020
f 7134 7099 6118
f 7169 7142 6118
f 6118 7229 7230
f 6118 7231 7232
f 6118 7233 7234
f 6118 7235 7236
f 7235 7237 7238
f 7235 7239 7240
f 7173 7146 7081
f 7152 7110 7083
f 7208 7183 7027
f 7027 7241 7209
f 7210 7207 7027
f 7212 7242 7027
f 7242 7241 7027
f 7214 7243 7027
f 7243 7244 7027
f 7020 7245 7213
f 7216 7235 6118
f 7218 7185 6118
f 6118 7246 7247
f 7220 6118 6119
f 7220 7246 6118
f 7224 7221 6119
f 7190 7225 6119
f 6119 7248 7249
f 7094 7193 7027
f 7124 7161 7020
f 7097 7164 7020
f 7230 7170 6118
f 7234 7231 6118
f 7236 7250 6118
f 7240 7237 7235
f 7238 7236 7235
f 7235 7251 7252
f 7235 7083 7253
f 7149 7083 7110
f 7083 7235 7254
f 7027 7255 7256
f 7213 7027 7020
f 6119 7257 7258
f 7226 7223 6119
f 6119 7259 7260
f 6119 7261 7262
f 6119 7263 7264
f 6119 7265 7248
f 6119 7266 7267
f 7227 7194 7027
f 7204 7201 7020
f 7232 7229 6118
f 7253 7251 7235
f 7254 7175 7083
f 7027 7244 7255
f 7256 7211 7027
f 7020 7268 7245
f 7247 7187 6118
f 7222 7257 6119
f 6119 7269 7270
f 6119 7271 7272
f 6119 7273 7259
f 7262 7274 6119
f 7249 7263 6119
f 7087 7266 6119
f 7137 7135 6118
f 7252 7239 7235
f 7205 7081 7027
f 7258 7219 6119
f 7272 7269 6119
f 7274 7273 6119
f 7267 7265 6119
f 7250 7233 6118
f 7270 7191 6119
f 7264 7261 6119
f 7172 7198 7027
f 7260 7271 6119
f 7228 7268 7020
f 7275 7276 7020
f 7020 7027 7275
f 7199 7198 7277
f 7159 7199 7278
f 7160 7159 7279
f 7197 7160 7280
f 7195 7197 7281
f 7196 7195 7282
f 7227 7196 7283
f 7194 7227 7284
f 7119 7194 7285
f 7120 7119 7286
f 7158 7120 7287
f 7117 7158 7288
f 7118 7117 7289
f 7157 7118 7290
f 7115 7157 7291
f 7116 7115 7292
f 7114 7116 7293
f 7093 7114 7294
f 7094 7093 7295
f 7193 7094 7296
f 7156 7193 7297
f 7091 7156 7298
f 7092 7091 7299
f 7113 7092 7300
f 7154 7113 7301
f 7155 7154 7302
f 7089 7155 7303
f 7090 7089 7304
f 7088 7090 7305
f 7068 7088 7306
f 7069 7068 7307
f 7066 7069 7308
f 7067 7066 7309
f 7047 7067 7310
f 7028 7047 7311
f 7045 7028 7312
f 7046 7045 7313
f 7052 7046 7314
f 7053 7052 7315
f 7062 7053 7316
f 7063 7062 7317
f 7086 7063 7318
f 7087 7086 7319
f 7266 7087 7320
f 7267 7266 7321
f 7265 7267 7322
f 7248 7265 7323
f 7249 7248 7324
f 7263 7249 7325
f 7264 7263 7326
f 7261 7264 7327
f 7262 7261 7328
f 7274 7262 7329
f 7273 7274 7330
f 7259 7273 7331
f 7260 7259 7332
f 7271 7260 7333
f 7272 7271 7334
f 7269 7272 7335
f 7270 7269 7336
f 7191 7270 7337
f 7192 7191 7338
f 7189 7192 7339
f 7190 7189 7340
f 7225 7190 7341
f 7226 7225 7342
f 7223 7226 7343
f 7224 7223 7344
f 7221 7224 7345
f 7222 7221 7346
f 7257 7222 7347
f 7258 7257 7348
f 7219 7258 7349
f 7220 7219 7350
f 7246 7220 7351
f 7247 7246 7352
f 7187 7247 7353
f 7188 7187 7354
f 7217 7188 7355
f 7218 7217 7356
f 7185 7218 7357
f 7186 7185 7358
f 7215 7186 7359
f 7216 7215 7360
f 7235 7216 7361
f 7254 7235 7362
f 7175 7254 7363
f 7176 7175 7364
f 7153 7176 7365
f 7112 7153 7366
f 7084 7112 7367
f 7085 7084 7368
f 7151 7085 7369
f 7152 7151 7370
f 7110 7152 7371
f 7111 7110 7372
f 7150 7111 7373
f 7108 7150 7374
f 7109 7108 7375
f 6996 7109 7376
f 6999 6996 7377
f 7000 6999 7378
f 7004 7000 7379
f 6994 7004 7380
f 6995 6994 7381
f 6991 6995 7382
f 6989 6991 7383
f 6990 6989 7384
f 6985 6990 7385
f 6992 6985 7386
f 6993 6992 7387
f 7001 6993 7388
f 7002 7001 7389
f 7006 7002 7390
f 7010 7006 7391
f 7011 7010 7392
f 7016 7011 7393
f 7017 7016 7394
f 7008 7017 7395
f 7009 7008 7396
f 7015 7009 7397
f 7019 7015 7398
f 7018 7019 7399
f 7013 7018 7400
f 7014 7013 7401
f 7039 7014 7402
f 7040 7039 7403
f 7037 7040 7404
f 7038 7037 7405
f 7042 7038 7406
f 7174 7042 7407
f 7105 7174 7408
f 7106 7105 7409
f 7147 7106 7410
f 7173 7147 7411
f 7146 7173 7412
f 7144 7146 7413
f 7145 7144 7414
f 7103 7145 7415
f 7079 7103 7416
f 7080 7079 7417
f 7104 7080 7418
f 7172 7104 7419
f 7198 7172 7420
f 7420 7277 7198
f 7419 7420 7172
f 7418 7419 7104
f 7417 7418 7080
f 7416 7417 7079
f 7415 7416 7103
f 7414 7415 7145
f 7413 7414 7144
f 7412 7413 7146
f 7411 7412 7173
f 7410 7411 7147
f 7409 7410 7106
f 7408 7409 7105
f 7407 7408 7174
f 7406 7407 7042
f 7405 7406 7038
f 7404 7405 7037
f 7403 7404 7040
f 7402 7403 7039
f 7401 7402 7014
f 7400 7401 7013
f 7399 7400 7018
f 7398 7399 7019
f 7397 7398 7015
f 7396 7397 7009
f 7395 7396 7008
f 7394 7395 7017
f 7393 7394 7016
f 7392 7393 7011
f 7391 7392 7010
f 7390 7391 7006
f 7389 7390 7002
f 7388 7389 7001
f 7387 7388 6993
f 7386 7387 6992
f 7385 7386 6985
f 7384 7385 6990
f 7383 7384 6989
f 7382 7383 6991
f 7381 7382 6995
f 7380 7381 6994
f 7379 7380 7004
f 7378 7379 7000
f 7377 7378 6999
f 7376 7377 6996
f 7375 7376 7109
f 7374 7375 7108
f 7373 7374 7150
f 7372 7373 7111
f 7371 7372 7110
f 7370 7371 7152
f 7369 7370 7151
f 7368 7369 7085
f 7367 7368 7084
f 7366 7367 7112
f 7365 7366 7153
f 7364 7365 7176
f 7363 7364 7175
f 7362 7363 7254
f 7361 7362 7235
f 7360 7361 7216
f 7359 7360 7215
f 7358 7359 7186
f 7357 7358 7185
f 7356 7357 7218
f 7355 7356 7217
f 7354 7355 7188
f 7353 7354 7187
f 7352 7353 7247
f 7351 7352 7246
f 7350 7351 7220
f 7349 7350 7219
f 7348 7349 7258
f 7347 7348 7257
f 7346 7347 7222
f 7345 7346 7221
f 7344 7345 7224
f 7343 7344 7223
f 7342 7343 7226
f 7341 7342 7225
f 7340 7341 7190
f 7339 7340 7189
f 7338 7339 7192
f 7337 7338 7191
f 7336 7337 7270
f 7335 7336 7269
f 7334 7335 7272
f 7333 7334 7271
f 7332 7333 7260
f 7331 7332 7259
f 7330 7331 7273
f 7329 7330 7274
f 7328 7329 7262
f 7327 7328 7261
f 7326 7327 7264
f 7325 7326 7263
f 7324 7325 7249
f 7323 7324 7248
f 7322 7323 7265
f 7321 7322 7267
f 7320 7321 7266
f 7319 7320 7087
f 7318 7319 7086
f 7317 7318 7063
f 7316 7317 7062
f 7315 7316 7053
f 7314 7315 7052
f 7313 7314 7046
f 7312 7313 7045
f 7311 7312 7028
f 7310 7311 7047
f 7309 7310 7067
f 7308 7309 7066
f 7307 7308 7069
f 7306 7307 7068
f 7305 7306 7088
f 7304 7305 7090
f 7303 7304 7089
f 7302 7303 7155
f 7301 7302 7154
f 7300 7301 7113
f 7299 7300 7092
f 7298 7299 7091
f 7297 7298 7156
f 7296 7297 7193
f 7295 7296 7094
f 7294 7295 7093
f 7293 7294 7114
f 7292 7293 7116
f 7291 7292 7115
f 7290 7291 7157
f 7289 7290 7118
f 7288 7289 7117
f 7287 7288 7158
f 7286 7287 7120
f 7285 7286 7119
f 7284 7285 7194
f 7283 7284 7227
f 7282 7283 7196
f 7281 7282 7195
f 7280 7281 7197
f 7279 7280 7160
f 7278 7279 7159
f 7277 7278 7199
f 7245 7268 7421
f 7213 7245 7422
f 7214 7213 7423
f 7243 7214 7424
f 7244 7243 7425
f 7255 7244 7426
f 7256 7255 7427
f 7211 7256 7428
f 7212 7211 7429
f 7242 7212 7430
f 7241 7242 7431
f 7209 7241 7432
f 7210 7209 7433
f 7207 7210 7434
f 7208 7207 7435
f 7183 7208 7436
f 7184 7183 7437
f 7181 7184 7438
f 7182 7181 7439
f 7179 7182 7440
f 7180 7179 7441
f 7206 7180 7442
f 7177 7206 7443
f 7178 7177 7444
f 7205 7178 7445
f 7081 7205 7446
f 7082 7081 7447
f 7051 7082 7448
f 7043 7051 7449
f 7044 7043 7450
f 7061 7044 7451
f 7007 7061 7452
f 7012 7007 7453
f 7005 7012 7454
f 6986 7005 7455
f 6987 6986 7456
f 6988 6987 7457
f 6997 6988 7458
f 6998 6997 7459
f 7003 6998 7460
f 7025 7003 7461
f 7026 7025 7462
f 7041 7026 7463
f 7059 7041 7464
f 7060 7059 7465
f 7050 7060 7466
f 7035 7050 7467
f 7036 7035 7468
f 7033 7036 7469
f 7034 7033 7470
f 7032 7034 7471
f 7023 7032 7472
f 7024 7023 7473
f 7107 7024 7474
f 7148 7107 7475
f 7149 7148 7476
f 7083 7149 7477
f 7253 7083 7478
f 7251 7253 7479
f 7252 7251 7480
f 7239 7252 7481
f 7240 7239 7482
f 7237 7240 7483
f 7238 7237 7484
f 7236 7238 7485
f 7250 7236 7486
f 7233 7250 7487
f 7234 7233 7488
f 7231 7234 7489
f 7232 7231 7490
f 7229 7232 7491
f 7230 7229 7492
f 7170 7230 7493
f 7171 7170 7494
f 7168 7171 7495
f 7169 7168 7496
f 7142 7169 7497
f 7143 7142 7498
f 7140 7143 7499
f 7141 7140 7500
f 7138 7141 7501
f 7139 7138 7502
f 7136 7139 7503
f 7137 7136 7504
f 7135 7137 7505
f 7102 7135 7506
f 7077 7102 7507
f 7078 7077 7508
f 7167 7078 7509
f 7166 7167 7510
f 7100 7166 7511
f 7101 7100 7512
f 7134 7101 7513
f 7099 7134 7514
f 7075 7099 7515
f 7076 7075 7516
f 7133 7076 7517
f 7131 7133 7518
f 7132 7131 7519
f 7098 7132 7520
f 7073 7098 7521
f 7074 7073 7522
f 7065 7074 7523
f 7057 7065 7524
f 7058 7057 7525
f 7072 7058 7526
f 7064 7072 7527
f 7056 7064 7528
f 7055 7056 7529
f 7048 7055 7530
f 7049 7048 7531
f 7054 7049 7532
f 7021 7054 7533
f 7022 7021 7534
f 7031 7022 7535
f 7029 7031 7536
f 7030 7029 7537
f 7130 7030 7538
f 7070 7130 7539
f 7071 7070 7540
f 7097 7071 7541
f 7164 7097 7542
f 7165 7164 7543
f 7095 7165 7544
f 7096 7095 7545
f 7129 7096 7546
f 7127 7129 7547
f 7128 7127 7548
f 7203 7128 7549
f 7204 7203 7550
f 7201 7204 7551
f 7202 7201 7552
f 7163 7202 7553
f 7125 7163 7554
f 7126 7125 7555
f 7162 7126 7556
f 7123 7162 7557
f 7124 7123 7558
f 7161 7124 7559
f 7121 7161 7560
f 7122 7121 7561
f 7200 7122 7562
f 7228 7200 7563
f 7268 7228 7564
f 7564 7421 7268
f 7563 7564 7228
f 7562 7563 7200
f 7561 7562 7122
f 7560 7561 7121
f 7559 7560 7161
f 7558 7559 7124
f 7557 7558 7123
f 7556 7557 7162
f 7555 7556 7126
f 7554 7555 7125
f 7553 7554 7163
f 7552 7553 7202
f 7551 7552 7201
f 7550 7551 7204
f 7549 7550 7203
f 7548 7549 7128
f 7547 7548 7127
f 7546 7547 7129
f 7545 7546 7096
f 7544 7545 7095
f 7543 7544 7165
f 7542 7543 7164
f 7541 7542 7097
f 7540 7541 7071
f 7539 7540 7070
f 7538 7539 7130
f 7537 7538 7030
f 7536 7537 7029
f 7535 7536 7031
f 7534 7535 7022
f 7533 7534 7021
f 7532 7533 7054
f 7531 7532 7049
f 7530 7531 7048
f 7529 7530 7055
f 7528 7529 7056
f 7527 7528 7064
f 7526 7527 7072
f 7525 7526 7058
f 7524 7525 7057
f 7523 7524 7065
f 7522 7523 7074
f 7521 7522 7073
f 7520 7521 7098
f 7519 7520 7132
f 7518 7519 7131
f 7517 7518 7133
f 7516 7517 7076
f 7515 7516 7075
f 7514 7515 7099
f 7513 7514 7134
f 7512 7513 7101
f 7511 7512 7100
f 7510 7511 7166
f 7509 7510 7167
f 7508 7509 7078
f 7507 7508 7077
f 7506 7507 7102
f 7505 7506 7135
f 7504 7505 7137
f 7503 7504 7136
f 7502 7503 7139
f 7501 7502 7138
f 7500 7501 7141
f 7499 7500 7140
f 7498 7499 7143
f 7497 7498 7142
f 7496 7497 7169
f 7495 7496 7168
f 7494 7495 7171
f 7493 7494 7170
f 7492 7493 7230
f 7491 7492 7229
f 7490 7491 7232
f 7489 7490 7231
f 7488 7489 7234
f 7487 7488 7233
f 7486 7487 7250
f 7485 7486 7236
f 7484 7485 7238
f 7483 7484 7237
f 7482 7483 7240
f 7481 7482 7239
f 7480 7481 7252
f 7479 7480 7251
f 7478 7479 7253
f 7477 7478 7083
f 7476 7477 7149
f 7475 7476 7148
f 7474 7475 7107
f 7473 7474 7024
f 7472 7473 7023
f 7471 7472 7032
f 7470 7471 7034
f 7469 7470 7033
f 7468 7469 7036
f 7467 7468 7035
f 7466 7467 7050
f 7465 7466 7060
f 7464 7465 7059
f 7463 7464 7041
f 7462 7463 7026
f 7461 7462 7025
f 7460 7461 7003
f 7459 7460 6998
f 7458 7459 6997
f 7457 7458 6988
f 7456 7457 6987
f 7455 7456 6986
f 7454 7455 7005
f 7453 7454 7012
f 7452 7453 7007
f 7451 7452 7061
f 7450 7451 7044
f 7449 7450 7043
f 7448 7449 7051
f 7447 7448 7082
f 7446 7447 7081
f 7445 7446 7205
f 7444 7445 7178
f 7443 7444 7177
f 7442 7443 7206
f 7441 7442 7180
f 7440 7441 7179
f 7439 7440 7182
f 7438 7439 7181
f 7437 7438 7184
f 7436 7437 7183
f 7435 7436 7208
f 7434 7435 7207
f 7433 7434 7210
f 7432 7433 7209
f 7431 7432 7241
f 7430 7431 7242
f 7429 7430 7212
f 7428 7429 7211
f 7427 7428 7256
f 7426 7427 7255
f 7425 7426 7244
f 7424 7425 7243
f 7423 7424 7214
f 7422 7423 7213
f 7421 7422 7245
f 7565 7566 7567
f 7568 7569 7570
f 7568 7571 7572
f 7568 7573 7574
f 7575 7576 7577
f 7567 7578 7565
f 7568 7579 7580
f 7572 7569 7568
f 7574 7581 7568
f 7575 7582 7576
f 7565 7583 7566
f 7584 7585 7586
f 7587 7588 7589
f 7588 7590 7591
f 7568 7592 7579
f 7581 7571 7568
f 7568 7593 7594
f 7568 7595 7596
f 7575 7597 7582
f 7575 7598 7599
f 7567 7600 7578
f 7584 7601 7585
f 7588 7587 7602
f 7588 7603 7589
f 7591 7604 7588
f 7570 7592 7568
f 7596 7593 7568
f 7599 7597 7575
f 7575 7605 7606
f 7575 7607 7608
f 7583 7609 7610
f 7600 7611 7578
f 7612 7584 7613
f 7584 7614 7601
f 7589 7615 7587
f 7588 7616 7617
f 7604 7618 7588
f 7594 7573 7568
f 7606 7598 7575
f 7575 7600 7607
f 7583 7619 7609
f 7600 7575 7611
f 7620 7621 7622
f 7620 7568 7623
f 7584 7612 7624
f 7584 7625 7613
f 7584 7626 7627
f 7584 7628 7614
f 7584 7629 7630
f 7631 7632 7633
f 7634 7575 7635
f 7588 7636 7603
f 7618 7616 7588
f 4643 7637 7638
f 7568 7639 7595
f 7568 7620 7640
f 7608 7605 7575
f 7565 7619 7583
f 7620 7641 7621
f 7623 7642 7620
f 7613 7643 7612
f 7584 7644 7645
f 7586 7626 7584
f 7584 7646 7629
f 7631 7647 7632
f 7631 7648 7649
f 7648 7650 7634
f 7617 7636 7588
f 7588 7651 7652
f 7588 7653 7654
f 4678 7655 7656
f 7638 4678 4643
f 7638 7657 4678
f 7658 7659 7660
f 7568 7661 7662
f 7640 7639 7568
f 7610 7620 7583
f 7642 7641 7620
f 7645 7625 7584
f 7630 7628 7584
f 7649 7647 7631
f 7648 7631 7650
f 7652 7590 7588
f 7588 7663 7653
f 4678 7664 7655
f 4678 7665 7666
f 4678 7667 7668
f 7657 7669 4678
f 7658 4643 7659
f 7660 7670 7658
f 4643 7671 7672
f 4643 7673 7674
f 7580 7661 7568
f 7622 7583 7620
f 7627 7644 7584
f 7584 7675 7676
f 7631 7677 7678
f 7631 7679 7680
f 7635 7648 7634
f 7654 7651 7588
f 7588 7681 7682
f 5949 7683 7684
f 5949 7685 7686
f 7666 7664 4678
f 7668 7687 4678
f 4678 7688 7689
f 7669 7688 4678
f 7672 7659 4643
f 4643 7690 7673
f 7674 7671 4643
f 4643 7691 7692
f 7577 7635 7575
f 7676 7646 7584
f 7678 7693 7631
f 7633 7679 7631
f 7588 7694 7695
f 7682 7663 7588
f 7588 7696 7697
f 7584 7698 7699
f 7584 7700 7701
f 5949 7702 7683
f 7684 7703 5949
f 7686 7704 5949
f 7704 7702 5949
f 6272 7705 7685
f 7687 7665 4678
f 7689 7667 4678
f 4643 7706 7707
f 4643 7708 7709
f 4643 7710 7691
f 7692 7690 4643
f 4643 7711 7712
f 7624 7568 7584
f 7680 7677 7631
f 7602 7694 7588
f 7588 7713 7696
f 7714 7715 7716
f 7584 7717 7718
f 7699 7719 7584
f 7584 7720 7700
f 6272 7721 7705
f 7685 5949 6272
f 6272 7722 7723
f 7707 7724 4643
f 7724 7637 4643
f 7709 7725 4643
f 7725 7706 4643
f 4643 7726 7727
f 7660 7728 7670
f 7712 7710 4643
f 4643 7729 7730
f 7713 7731 7732
f 7693 7588 7631
f 7697 7681 7588
f 7615 7589 7715
f 7716 7733 7714
f 7643 7613 7734
f 7584 7735 7717
f 7584 7736 7698
f 7701 7737 7584
f 6272 7738 7739
f 6272 7740 7722
f 4678 7741 7742
f 7656 7741 4678
f 7727 7708 4643
f 4643 7658 7743
f 7660 7744 7728
f 7730 7711 4643
f 7744 7660 7745
f 7713 7746 7747
f 7713 7748 7749
f 7713 7750 7751
f 7713 7752 7731
f 7713 7588 7753
f 7695 7631 7588
f 7714 7754 7715
f 7755 7734 7756
f 7734 7755 7757
f 7584 7758 7735
f 7737 7736 7584
f 5949 7703 7759
f 7739 7721 6272
f 6272 7760 7761
f 6272 7762 7763
f 6272 7764 7740
f 7743 7726 4643
f 7745 7765 7766
f 7765 7745 7767
f 7768 7769 7770
f 7747 7771 7713
f 7749 7772 7713
f 7751 7773 7713
f 7753 7752 7713
f 7715 7754 7615
f 7734 7757 7643
f 7756 7774 7755
f 7719 7758 7584
f 5949 7775 7776
f 5949 7777 7778
f 5949 7779 7780
f 6272 7781 7782
f 7761 7783 6272
f 6272 7784 7762
f 7723 7785 6272
f 6272 7786 7787
f 6272 7788 7789
f 4678 7790 7791
f 4678 7792 7793
f 4678 7794 7795
f 7745 7766 7744
f 7767 7796 7797
f 7767 7797 7765
f 7798 7767 7769
f 7770 7799 7768
f 7772 7746 7713
f 7732 7750 7713
f 7800 7801 7802
f 7800 7584 7803
f 7584 7800 7720
f 7804 7805 7806
f 5949 7807 7808
f 5949 7809 7810
f 5949 7811 7812
f 7776 7813 5949
f 7813 7811 5949
f 5949 7814 7815
f 7778 7816 5949
f 7759 7779 5949
f 7782 7817 6272
f 7817 7818 6272
f 7763 7760 6272
f 6272 7819 7820
f 6272 7821 7822
f 6272 7823 7824
f 6272 7825 7764
f 6272 7826 7786
f 7789 7827 6272
f 6272 7828 7829
f 4678 7830 7831
f 4678 7832 7833
f 4678 7834 7835
f 7791 7836 4678
f 7795 7792 4678
f 7767 7798 7796
f 7768 7837 7769
f 7713 7838 7839
f 7773 7748 7713
f 7803 7801 7800
f 7718 7675 7584
f 7840 7716 7841
f 7806 7842 7804
f 7774 7843 7844
f 7808 7845 5949
f 7810 7846 5949
f 7812 7847 5949
f 7815 7775 5949
f 7780 7777 5949
f 6272 7818 7848
f 7783 7781 6272
f 7820 7849 6272
f 7850 7851 7852
f 7824 7821 6272
f 7822 7853 6272
f 7787 7825 6272
f 6272 7854 7788
f 7829 7855 6272
f 4678 7856 7830
f 4678 7857 7832
f 4678 7858 7859
f 4678 7860 7861
f 4678 7862 7834
f 7836 7863 4678
f 7742 7794 4678
f 7769 7837 7798
f 4643 7864 7865
f 7771 7838 7713
f 7662 7584 7568
f 7841 7866 7840
f 7841 7867 7866
f 7804 7774 7805
f 7806 7868 7842
f 7774 7756 7843
f 7844 7805 7774
f 7868 7869 7870
f 7868 7871 7872
f 7846 7807 5949
f 7848 7738 6272
f 7849 7784 6272
f 7852 7873 7850
f 7822 7851 7853
f 7785 7874 6272
f 6272 7875 7876
f 7827 7877 6272
f 7855 7878 6272
f 4678 7879 7880
f 4678 7881 7882
f 7833 7856 4678
f 7861 7858 4678
f 7863 7862 4678
f 7865 7883 4643
f 7884 7770 7885
f 7886 7887 7888
f 7886 7889 7890
f 7888 7891 7892
f 7888 7893 7894
f 7895 7896 7897
f 7802 7898 7800
f 7898 7899 7900
f 7867 7901 7902
f 7870 7903 7868
f 7868 7904 7871
f 7905 7906 7907
f 7847 7809 5949
f 6272 7908 7909
f 7850 7910 7851
f 7874 7823 6272
f 6272 7911 7875
f 7878 7854 6272
f 7912 7913 7914
f 7882 7879 4678
f 4678 7915 7857
f 7835 7860 4678
f 7883 7729 4643
f 7885 7916 7884
f 7888 7917 7918
f 7890 7919 7886
f 7919 7887 7886
f 7894 7891 7888
f 7888 7920 7921
f 4643 7922 7923
f 4643 7924 7925
f 7926 7927 7928
f 6272 7929 7930
f 6272 7931 7932
f 7895 7933 7931
f 7895 7934 7935
f 7895 7898 7896
f 7900 7800 7898
f 7902 7866 7867
f 7903 7842 7868
f 7868 7936 7904
f 7901 7937 7938
f 7901 7867 7939
f 7938 7940 7941
f 7938 7942 7943
f 7944 7945 7946
f 7905 7947 7948
f 7905 7949 7950
f 7907 7951 7905
f 7951 7952 7905
f 7816 7814 5949
f 6272 7853 7908
f 6272 7953 7954
f 7877 7911 6272
f 7914 7955 7912
f 7873 7956 7957
f 7831 7881 4678
f 7793 7790 4678
f 7884 7799 7770
f 7885 7889 7916
f 7889 7886 7958
f 7921 7893 7888
f 7920 7888 7959
f 4643 7960 7922
f 7925 7961 4643
f 4643 7962 7963
f 7964 7959 7965
f 7926 7966 7967
f 7926 7968 7969
f 7928 7970 7926
f 7970 7971 7926
f 7936 7868 7972
f 7973 7974 7927
f 7930 7975 6272
f 7931 6272 7895
f 7932 7929 6272
f 7895 7976 7977
f 7895 7978 7979
f 7895 7980 7934
f 7897 7981 7895
f 7840 7733 7716
f 7872 7869 7868
f 7898 7895 7982
f 7938 7983 7984
f 7939 7985 7901
f 7985 7937 7901
f 7943 7940 7938
f 7938 7986 7987
f 7946 7988 7989
f 7946 7990 7991
f 7905 7992 7993
f 7950 7947 7905
f 7948 7994 7905
f 7952 7949 7905
f 5949 7995 7996
f 5949 7997 7998
f 5949 7999 8000
f 7909 7819 6272
f 7954 7826 6272
f 6272 8001 7828
f 7912 7873 7913
f 7914 8002 7955
f 7873 7852 7956
f 7957 7913 7873
f 8002 8003 8004
f 8002 8005 8006
f 7859 7915 4678
f 7958 7916 7889
f 7892 7917 7888
f 7959 7964 8007
f 4643 8008 8009
f 7961 7960 4643
f 4643 8010 7962
f 4643 8011 8012
f 7965 8013 8014
f 7965 8015 8016
f 7926 8017 8018
f 7969 7966 7926
f 7967 8019 7926
f 7971 7968 7926
f 7972 8020 7936
f 7972 8021 8020
f 7974 8022 8023
f 7974 8024 8025
f 7927 8026 8027
f 7927 8028 8029
f 7927 8030 8031
f 7927 7926 8032
f 4643 8033 8034
f 4643 8035 8036
f 5949 8037 8038
f 6272 8039 8040
f 6272 8041 8042
f 7979 7976 7895
f 7981 7980 7895
f 7982 8043 7898
f 7987 7942 7938
f 7986 7938 7945
f 7991 7988 7946
f 7905 7994 7992
f 8044 8045 8046
f 5949 8047 8048
f 5949 8049 8050
f 5949 8051 7995
f 7998 8052 5949
f 7845 7999 5949
f 7876 7953 6272
f 8002 8053 8003
f 8002 8054 8005
f 7959 8007 7920
f 7923 8008 4643
f 8012 8010 4643
f 8016 8013 7965
f 7926 8019 8017
f 8021 7974 8020
f 8023 8055 7974
f 7974 8056 8024
f 7974 7973 8057
f 7927 8058 8026
f 8029 8059 7927
f 8032 8030 7927
f 8031 8060 7927
f 4643 8061 8033
f 8036 8062 4643
f 8038 4643 5949
f 8038 8063 4643
f 5949 8044 8064
f 8042 8039 6272
f 7895 8065 7933
f 7935 7978 7895
f 8043 7899 7898
f 7941 7983 7938
f 7945 7944 8066
f 7946 7989 7944
f 7946 7905 7990
f 8044 8067 8068
f 8044 8069 8045
f 8044 8070 8071
f 8044 8072 8073
f 5949 8074 8072
f 8048 8075 5949
f 5949 8076 8049
f 5949 8077 8051
f 8052 8078 5949
f 5949 8079 8080
f 5949 8081 8082
f 7910 7853 7851
f 6272 8083 8084
f 8004 7955 8002
f 8002 8085 8054
f 7888 7918 7886
f 7963 7924 4643
f 7965 8014 7964
f 7965 7926 8015
f 8055 8020 7974
f 8057 8056 7974
f 8059 8058 7927
f 8060 8028 7927
f 4643 8086 8087
f 4643 8088 8089
f 4643 8090 8061
f 8062 8091 4643
f 8064 8092 5949
f 8092 8037 5949
f 7975 8041 6272
f 7839 8044 7713
f 7945 8066 7986
f 7993 7990 7905
f 8046 8067 8044
f 8071 8093 8044
f 8072 8044 5949
f 8073 8070 8044
f 5949 8094 8095
f 8050 8047 5949
f 8078 8077 5949
f 8080 8096 5949
f 5949 8097 8081
f 8084 8001 6272
f 8006 8053 8002
f 6272 8098 8099
f 8085 8002 8100
f 8101 8102 7906
f 8009 7864 4643
f 8018 8015 7926
f 8025 8022 7974
f 8087 8103 4643
f 4643 8104 8088
f 8091 8090 4643
f 7977 8065 7895
f 8093 8069 8044
f 8095 8074 5949
f 7996 8076 5949
f 8082 8079 5949
f 8099 8105 6272
f 8100 8106 8085
f 8100 8107 8106
f 8102 8108 8109
f 8102 8110 8111
f 7906 8112 8113
f 7906 8114 8115
f 7906 8116 8117
f 7906 7905 8118
f 7927 8027 7973
f 8089 8086 4643
f 8063 8035 4643
f 7938 7984 7901
f 8096 7997 5949
f 8105 8083 6272
f 8107 8102 8106
f 8109 8119 8102
f 8111 8120 8102
f 8102 8101 8121
f 7906 8122 8112
f 8115 8123 7906
f 8118 8116 7906
f 8117 8124 7906
f 8034 8104 4643
f 8068 7713 8044
f 8000 8097 5949
f 8119 8106 8102
f 8121 8110 8102
f 8123 8122 7906
f 8124 8114 7906
f 4678 8125 8126
f 8103 8011 4643
f 8075 8094 5949
f 8120 8108 8102
f 6272 8126 8127
f 4678 8128 8125
f 4678 8129 8130
f 4678 8131 8132
f 6272 8133 8134
f 8040 8135 6272
f 7906 8113 8101
f 8126 6272 4678
f 8132 8129 4678
f 6272 8136 8133
f 6272 8137 8138
f 6272 8135 8139
f 8130 8128 4678
f 6272 8140 8136
f 8139 8137 6272
f 8127 7895 6272
f 8138 8140 6272
f 8134 8098 6272
f 7880 8131 4678
f 8141 8142 8090
f 8143 8141 8091
f 8144 8143 8062
f 8145 8144 8036
f 8146 8145 8035
f 8147 8146 8063
f 8148 8147 8038
f 8149 8148 8037
f 8150 8149 8092
f 8151 8150 8064
f 8152 8151 8044
f 8153 8152 7839
f 8154 8153 7838
f 8155 8154 7771
f 8156 8155 7747
f 8157 8156 7746
f 8158 8157 7772
f 8159 8158 7749
f 8160 8159 7748
f 8161 8160 7773
f 8162 8161 7751
f 8163 8162 7750
f 8164 8163 7732
f 8165 8164 7731
f 8166 8165 7752
f 8167 8166 7753
f 8168 8167 7588
f 8169 8168 7693
f 8170 8169 7678
f 8171 8170 7677
f 8172 8171 7680
f 8173 8172 7679
f 8174 8173 7633
f 8175 8174 7632
f 8176 8175 7647
f 8177 8176 7649
f 8178 8177 7648
f 8179 8178 7635
f 8180 8179 7577
f 8181 8180 7576
f 8182 8181 7582
f 8183 8182 7597
f 8184 8183 7599
f 8185 8184 7598
f 8186 8185 7606
f 8187 8186 7605
f 8188 8187 7608
f 8189 8188 7607
f 8190 8189 7600
f 8191 8190 7567
f 8192 8191 7566
f 8193 8192 7583
f 8194 8193 7622
f 8195 8194 7621
f 8196 8195 7641
f 8197 8196 7642
f 8198 8197 7623
f 8199 8198 7568
f 8200 8199 7624
f 8201 8200 7612
f 8202 8201 7643
f 8203 8202 7757
f 8204 8203 7755
f 8205 8204 7774
f 8206 8205 7804
f 8207 8206 7842
f 8208 8207 7903
f 8209 8208 7870
f 8210 8209 7869
f 8211 8210 7872
f 8212 8211 7871
f 8213 8212 7904
f 8214 8213 7936
f 8215 8214 8020
f 8216 8215 8055
f 8217 8216 8023
f 8218 8217 8022
f 8219 8218 8025
f 8220 8219 8024
f 8221 8220 8056
f 8222 8221 8057
f 8223 8222 7973
f 8224 8223 8027
f 8225 8224 8026
f 8226 8225 8058
f 8227 8226 8059
f 8228 8227 8029
f 8229 8228 8028
f 8230 8229 8060
f 8231 8230 8031
f 8232 8231 8030
f 8233 8232 8032
f 8234 8233 7926
f 8235 8234 7965
f 8236 8235 7959
f 8237 8236 7888
f 8238 8237 7887
f 8239 8238 7919
f 8240 8239 7890
f 8241 8240 7889
f 8242 8241 7885
f 8243 8242 7770
f 8244 8243 7769
f 8245 8244 7767
f 8246 8245 7745
f 8247 8246 7660
f 8248 8247 7659
f 8249 8248 7672
f 8250 8249 7671
f 8251 8250 7674
f 8252 8251 7673
f 8253 8252 7690
f 8254 8253 7692
f 8255 8254 7691
f 8256 8255 7710
f 8257 8256 7712
f 8258 8257 7711
f 8259 8258 7730
f 8260 8259 7729
f 8261 8260 7883
f 8262 8261 7865
f 8263 8262 7864
f 8264 8263 8009
f 8265 8264 8008
f 8266 8265 7923
f 8267 8266 7922
f 8268 8267 7960
f 8269 8268 7961
f 8270 8269 7925
f 8271 8270 7924
f 8272 8271 7963
f 8273 8272 7962
f 8274 8273 8010
f 8275 8274 8012
f 8276 8275 8011
f 8277 8276 8103
f 8278 8277 8087
f 8279 8278 8086
f 8280 8279 8089
f 8281 8280 8088
f 8282 8281 8104
f 8283 8282 8034
f 8284 8283 8033
f 8142 8284 8061
f 8061 8090 8142
f 8033 8061 8284
f 8034 8033 8283
f 8104 8034 8282
f 8088 8104 8281
f 8089 8088 8280
f 8086 8089 8279
f 8087 8086 8278
f 8103 8087 8277
f 8011 8103 8276
f 8012 8011 8275
f 8010 8012 8274
f 7962 8010 8273
f 7963 7962 8272
f 7924 7963 8271
f 7925 7924 8270
f 7961 7925 8269
f 7960 7961 8268
f 7922 7960 8267
f 7923 7922 8266
f 8008 7923 8265
f 8009 8008 8264
f 7864 8009 8263
f 7865 7864 8262
f 7883 7865 8261
f 7729 7883 8260
f 7730 7729 8259
f 7711 7730 8258
f 7712 7711 8257
f 7710 7712 8256
f 7691 7710 8255
f 7692 7691 8254
f 7690 7692 8253
f 7673 7690 8252
f 7674 7673 8251
f 7671 7674 8250
f 7672 7671 8249
f 7659 7672 8248
f 7660 7659 8247
f 7745 7660 8246
f 7767 7745 8245
f 7769 7767 8244
f 7770 7769 8243
f 7885 7770 8242
f 7889 7885 8241
f 7890 7889 8240
f 7919 7890 8239
f 7887 7919 8238
f 7888 7887 8237
f 7959 7888 8236
f 7965 7959 8235
f 7926 7965 8234
f 8032 7926 8233
f 8030 8032 8232
f 8031 8030 8231
f 8060 8031 8230
f 8028 8060 8229
f 8029 8028 8228
f 8059 8029 8227
f 8058 8059 8226
f 8026 8058 8225
f 8027 8026 8224
f 7973 8027 8223
f 8057 7973 8222
f 8056 8057 8221
f 8024 8056 8220
f 8025 8024 8219
f 8022 8025 8218
f 8023 8022 8217
f 8055 8023 8216
f 8020 8055 8215
f 7936 8020 8214
f 7904 7936 8213
f 7871 7904 8212
f 7872 7871 8211
f 7869 7872 8210
f 7870 7869 8209
f 7903 7870 8208
f 7842 7903 8207
f 7804 7842 8206
f 7774 7804 8205
f 7755 7774 8204
f 7757 7755 8203
f 7643 7757 8202
f 7612 7643 8201
f 7624 7612 8200
f 7568 7624 8199
f 7623 7568 8198
f 7642 7623 8197
f 7641 7642 8196
f 7621 7641 8195
f 7622 7621 8194
f 7583 7622 8193
f 7566 7583 8192
f 7567 7566 8191
f 7600 7567 8190
f 7607 7600 8189
f 7608 7607 8188
f 7605 7608 8187
f 7606 7605 8186
f 7598 7606 8185
f 7599 7598 8184
f 7597 7599 8183
f 7582 7597 8182
f 7576 7582 8181
f 7577 7576 8180
f 7635 7577 8179
f 7648 7635 8178
f 7649 7648 8177
f 7647 7649 8176
f 7632 7647 8175
f 7633 7632 8174
f 7679 7633 8173
f 7680 7679 8172
f 7677 7680 8171
f 7678 7677 8170
f 7693 7678 8169
f 7588 7693 8168
f 7753 7588 8167
f 7752 7753 8166
f 7731 7752 8165
f 7732 7731 8164
f 7750 7732 8163
f 7751 7750 8162
f 7773 7751 8161
f 7748 7773 8160
f 7749 7748 8159
f 7772 7749 8158
f 7746 7772 8157
f 7747 7746 8156
f 7771 7747 8155
f 7838 7771 8154
f 7839 7838 8153
f 8044 7839 8152
f 8064 8044 8151
f 8092 8064 8150
f 8037 8092 8149
f 8038 8037 8148
f 8063 8038 8147
f 8035 8063 8146
f 8036 8035 8145
f 8062 8036 8144
f 8091 8062 8143
f 8090 8091 8141
f 8172 8285 8286
f 8172 8173 8287
f 8287 8285 8172
f 8173 8174 8288
f 8175 8176 8289
f 8176 8177 8290
f 8171 8286 8291
f 8288 8287 8173
f 8175 8292 8288
f 8290 8289 8176
f 8169 8293 8294
f 8170 8291 8293
f 8286 8171 8172
f 8289 8292 8175
f 8245 8295 8296
f 8245 8246 8297
f 8246 8247 8298
f 8247 8248 8299
f 8251 8300 8301
f 8252 8302 8300
f 8253 8303 8302
f 8253 8254 8304
f 8267 8268 8305
f 8268 8269 8306
f 8167 8307 8308
f 8167 8168 8294
f 8293 8169 8170
f 8288 8174 8175
f 8178 8309 8290
f 8178 8179 8310
f 8180 8311 8310
f 8180 8181 8312
f 8243 8313 8314
f 8244 8296 8313
f 8297 8295 8245
f 8299 8298 8247
f 8300 8251 8252
f 8304 8303 8253
f 8267 8315 8316
f 8306 8305 8268
f 8155 8317 8318
f 8156 8319 8317
f 8294 8307 8167
f 8291 8170 8171
f 8310 8309 8178
f 8312 8311 8180
f 8182 8320 8312
f 8182 8183 8321
f 8200 8322 8323
f 8200 8201 8324
f 8201 8202 8325
f 8202 8203 8326
f 8313 8243 8244
f 8298 8297 8246
f 8249 8327 8299
f 8249 8250 8301
f 8302 8252 8253
f 8254 8255 8328
f 8256 8329 8328
f 8256 8257 8330
f 8261 8331 8332
f 8261 8262 8333
f 8266 8316 8334
f 8305 8315 8267
f 8317 8155 8156
f 8157 8335 8319
f 8157 8158 8336
f 8158 8159 8337
f 8162 8338 8339
f 8163 8340 8338
f 8294 8168 8169
f 8310 8179 8180
f 8321 8320 8182
f 8183 8184 8341
f 8187 8188 8342
f 8188 8189 8343
f 8324 8322 8200
f 8326 8325 8202
f 8234 8344 8345
f 8234 8235 8346
f 8237 8347 8348
f 8237 8238 8349
f 8241 8350 8351
f 8241 8242 8314
f 8296 8244 8245
f 8301 8327 8249
f 8328 8304 8254
f 8330 8329 8256
f 8333 8331 8261
f 8262 8263 8352
f 8264 8353 8352
f 8264 8265 8334
f 8316 8266 8267
f 8269 8270 8354
f 8319 8156 8157
f 8337 8336 8158
f 8161 8339 8355
f 8338 8162 8163
f 8164 8356 8340
f 8164 8165 8357
f 8290 8177 8178
f 8341 8321 8183
f 8185 8358 8341
f 8186 8359 8358
f 8186 8187 8360
f 8343 8342 8188
f 8195 8361 8362
f 8195 8196 8363
f 8197 8364 8363
f 8197 8198 8365
f 8199 8323 8365
f 8325 8324 8201
f 8346 8344 8234
f 8235 8236 8348
f 8349 8347 8237
f 8238 8239 8366
f 8240 8351 8366
f 8314 8350 8241
f 8299 8248 8249
f 8328 8255 8256
f 8260 8332 8367
f 8352 8333 8262
f 8334 8353 8264
f 8354 8306 8269
f 8336 8335 8157
f 8159 8160 8355
f 8339 8161 8162
f 8357 8356 8164
f 8166 8308 8357
f 8312 8181 8182
f 8358 8185 8186
f 8342 8360 8187
f 8194 8362 8368
f 8363 8361 8195
f 8365 8364 8197
f 8323 8199 8200
f 8227 8369 8370
f 8227 8228 8371
f 8348 8346 8235
f 8366 8349 8238
f 8351 8240 8241
f 8301 8250 8251
f 8258 8372 8330
f 8258 8259 8367
f 8332 8260 8261
f 8334 8265 8266
f 8283 8373 8374
f 8283 8284 8375
f 8142 8376 8375
f 8142 8141 8377
f 8151 8378 8379
f 8152 8380 8378
f 8152 8153 8381
f 8153 8154 8318
f 8355 8337 8159
f 8340 8163 8164
f 8308 8166 8167
f 8360 8359 8186
f 8190 8382 8343
f 8190 8191 8383
f 8192 8384 8383
f 8192 8193 8368
f 8362 8194 8195
f 8365 8198 8199
f 8204 8385 8326
f 8204 8205 8386
f 8225 8387 8388
f 8225 8226 8370
f 8371 8369 8227
f 8228 8229 8389
f 8230 8390 8389
f 8230 8231 8391
f 8232 8392 8391
f 8232 8233 8345
f 8348 8236 8237
f 8314 8242 8243
f 8367 8372 8258
f 8352 8263 8264
f 8271 8393 8354
f 8271 8272 8394
f 8278 8395 8396
f 8278 8279 8397
f 8375 8373 8283
f 8377 8376 8142
f 8143 8398 8377
f 8143 8144 8399
f 8378 8151 8152
f 8318 8381 8153
f 8355 8160 8161
f 8341 8184 8185
f 8383 8382 8190
f 8368 8384 8192
f 8363 8196 8197
f 8386 8385 8204
f 8370 8387 8225
f 8389 8371 8228
f 8391 8390 8230
f 8345 8392 8232
f 8366 8239 8240
f 8367 8259 8260
f 8394 8393 8271
f 8272 8273 8400
f 8274 8401 8400
f 8275 8402 8401
f 8277 8396 8403
f 8397 8395 8278
f 8281 8404 8405
f 8281 8282 8374
f 8375 8284 8142
f 8399 8398 8143
f 8146 8406 8407
f 8146 8147 8408
f 8148 8409 8408
f 8148 8149 8410
f 8381 8380 8152
f 8357 8165 8166
f 8383 8191 8192
f 8326 8203 8204
f 8370 8226 8227
f 8391 8231 8232
f 8330 8257 8258
f 8400 8394 8272
f 8401 8274 8275
f 8275 8276 8403
f 8396 8277 8278
f 8279 8280 8405
f 8374 8404 8281
f 8377 8141 8143
f 8145 8407 8399
f 8408 8406 8146
f 8410 8409 8148
f 8149 8150 8379
f 8318 8154 8155
f 8368 8193 8194
f 8211 8411 8412
f 8211 8212 8413
f 8215 8414 8415
f 8215 8216 8416
f 8218 8417 8418
f 8218 8219 8419
f 8220 8420 8419
f 8220 8221 8421
f 8389 8229 8230
f 8354 8270 8271
f 8403 8402 8275
f 8405 8397 8279
f 8374 8282 8283
f 8407 8145 8146
f 8379 8410 8149
f 8343 8189 8190
f 8206 8422 8386
f 8206 8207 8423
f 8209 8424 8425
f 8209 8210 8412
f 8413 8411 8211
f 8213 8426 8413
f 8213 8214 8415
f 8416 8414 8215
f 8217 8418 8416
f 8419 8417 8218
f 8421 8420 8220
f 8221 8222 8427
f 8223 8428 8427
f 8223 8224 8388
f 8345 8233 8234
f 8403 8276 8277
f 8399 8144 8145
f 8379 8150 8151
f 8423 8422 8206
f 8207 8208 8425
f 8412 8424 8209
f 8413 8212 8213
f 8415 8214 8215
f 8418 8217 8218
f 8427 8421 8221
f 8388 8428 8223
f 8400 8273 8274
f 8408 8147 8148
f 8425 8423 8207
f 8412 8210 8211
f 8416 8216 8217
f 8427 8222 8223
f 8405 8280 8281
f 8425 8208 8209
f 8419 8219 8220
f 8386 8205 8206
f 8388 8224 8225
f 8415 8426 8213
f 8429 8430 8376
f 8431 8429 8377
f 8432 8431 8398
f 8433 8432 8399
f 8434 8433 8407
f 8435 8434 8406
f 8436 8435 8408
f 8437 8436 8409
f 8438 8437 8410
f 8439 8438 8379
f 8440 8439 8378
f 8441 8440 8380
f 8442 8441 8381
f 8443 8442 8318
f 8444 8443 8317
f 8445 8444 8319
f 8446 8445 8335
f 8447 8446 8336
f 8448 8447 8337
f 8449 8448 8355
f 8450 8449 8339
f 8451 8450 8338
f 8452 8451 8340
f 8453 8452 8356
f 8454 8453 8357
f 8455 8454 8308
f 8456 8455 8307
f 8457 8456 8294
f 8458 8457 8293
f 8459 8458 8291
f 8460 8459 8286
f 8461 8460 8285
f 8462 8461 8287
f 8463 8462 8288
f 8464 8463 8292
f 8465 8464 8289
f 8466 8465 8290
f 8467 8466 8309
f 8468 8467 8310
f 8469 8468 8311
f 8470 8469 8312
f 8471 8470 8320
f 8472 8471 8321
f 8473 8472 8341
f 8474 8473 8358
f 8475 8474 8359
f 8476 8475 8360
f 8477 8476 8342
f 8478 8477 8343
f 8479 8478 8382
f 8480 8479 8383
f 8481 8480 8384
f 8482 8481 8368
f 8483 8482 8362
f 8484 8483 8361
f 8485 8484 8363
f 8486 8485 8364
f 8487 8486 8365
f 8488 8487 8323
f 8489 8488 8322
f 8490 8489 8324
f 8491 8490 8325
f 8492 8491 8326
f 8493 8492 8385
f 8494 8493 8386
f 8495 8494 8422
f 8496 8495 8423
f 8497 8496 8425
f 8498 8497 8424
f 8499 8498 8412
f 8500 8499 8411
f 8501 8500 8413
f 8502 8501 8426
f 8503 8502 8415
f 8504 8503 8414
f 8505 8504 8416
f 8506 8505 8418
f 8507 8506 8417
f 8508 8507 8419
f 8509 8508 8420
f 8510 8509 8421
f 8511 8510 8427
f 8512 8511 8428
f 8513 8512 8388
f 8514 8513 8387
f 8515 8514 8370
f 8516 8515 8369
f 8517 8516 8371
f 8518 8517 8389
f 8519 8518 8390
f 8520 8519 8391
f 8521 8520 8392
f 8522 8521 8345
f 8523 8522 8344
f 8524 8523 8346
f 8525 8524 8348
f 8526 8525 8347
f 8527 8526 8349
f 8528 8527 8366
f 8529 8528 8351
f 8530 8529 8350
f 8531 8530 8314
f 8532 8531 8313
f 8533 8532 8296
f 8534 8533 8295
f 8535 8534 8297
f 8536 8535 8298
f 8537 8536 8299
f 8538 8537 8327
f 8539 8538 8301
f 8540 8539 8300
f 8541 8540 8302
f 8542 8541 8303
f 8543 8542 8304
f 8544 8543 8328
f 8545 8544 8329
f 8546 8545 8330
f 8547 8546 8372
f 8548 8547 8367
f 8549 8548 8332
f 8550 8549 8331
f 8551 8550 8333
f 8552 8551 8352
f 8553 8552 8353
f 8554 8553 8334
f 8555 8554 8316
f 8556 8555 8315
f 8557 8556 8305
f 8558 8557 8306
f 8559 8558 8354
f 8560 8559 8393
f 8561 8560 8394
f 8562 8561 8400
f 8563 8562 8401
f 8564 8563 8402
f 8565 8564 8403
f 8566 8565 8396
f 8567 8566 8395
f 8568 8567 8397
f 8569 8568 8405
f 8570 8569 8404
f 8571 8570 8374
f 8572 8571 8373
f 8430 8572 8375
f 8375 8376 8430
f 8373 8375 8572
f 8374 8373 8571
f 8404 8374 8570
f 8405 8404 8569
f 8397 8405 8568
f 8395 8397 8567
f 8396 8395 8566
f 8403 8396 8565
f 8402 8403 8564
f 8401 8402 8563
f 8400 8401 8562
f 8394 8400 8561
f 8393 8394 8560
f 8354 8393 8559
f 8306 8354 8558
f 8305 8306 8557
f 8315 8305 8556
f 8316 8315 8555
f 8334 8316 8554
f 8353 8334 8553
f 8352 8353 8552
f 8333 8352 8551
f 8331 8333 8550
f 8332 8331 8549
f 8367 8332 8548
f 8372 8367 8547
f 8330 8372 8546
f 8329 8330 8545
f 8328 8329 8544
f 8304 8328 8543
f 8303 8304 8542
f 8302 8303 8541
f 8300 8302 8540
f 8301 8300 8539
f 8327 8301 8538
f 8299 8327 8537
f 8298 8299 8536
f 8297 8298 8535
f 8295 8297 8534
f 8296 8295 8533
f 8313 8296 8532
f 8314 8313 8531
f 8350 8314 8530
f 8351 8350 8529
f 8366 8351 8528
f 8349 8366 8527
f 8347 8349 8526
f 8348 8347 8525
f 8346 8348 8524
f 8344 8346 8523
f 8345 8344 8522
f 8392 8345 8521
f 8391 8392 8520
f 8390 8391 8519
f 8389 8390 8518
f 8371 8389 8517
f 8369 8371 8516
f 8370 8369 8515
f 8387 8370 8514
f 8388 8387 8513
f 8428 8388 8512
f 8427 8428 8511
f 8421 8427 8510
f 8420 8421 8509
f 8419 8420 8508
f 8417 8419 8507
f 8418 8417 8506
f 8416 8418 8505
f 8414 8416 8504
f 8415 8414 8503
f 8426 8415 8502
f 8413 8426 8501
f 8411 8413 8500
f 8412 8411 8499
f 8424 8412 8498
f 8425 8424 8497
f 8423 8425 8496
f 8422 8423 8495
f 8386 8422 8494
f 8385 8386 8493
f 8326 8385 8492
f 8325 8326 8491
f 8324 8325 8490
f 8322 8324 8489
f 8323 8322 8488
f 8365 8323 8487
f 8364 8365 8486
f 8363 8364 8485
f 8361 8363 8484
f 8362 8361 8483
f 8368 8362 8482
f 8384 8368 8481
f 8383 8384 8480
f 8382 8383 8479
f 8343 8382 8478
f 8342 8343 8477
f 8360 8342 8476
f 8359 8360 8475
f 8358 8359 8474
f 8341 8358 8473
f 8321 8341 8472
f 8320 8321 8471
f 8312 8320 8470
f 8311 8312 8469
f 8310 8311 8468
f 8309 8310 8467
f 8290 8309 8466
f 8289 8290 8465
f 8292 8289 8464
f 8288 8292 8463
f 8287 8288 8462
f 8285 8287 8461
f 8286 8285 8460
f 8291 8286 8459
f 8293 8291 8458
f 8294 8293 8457
f 8307 8294 8456
f 8308 8307 8455
f 8357 8308 8454
f 8356 8357 8453
f 8340 8356 8452
f 8338 8340 8451
f 8339 8338 8450
f 8355 8339 8449
f 8337 8355 8448
f 8336 8337 8447
f 8335 8336 8446
f 8319 8335 8445
f 8317 8319 8444
f 8318 8317 8443
f 8381 8318 8442
f 8380 8381 8441
f 8378 8380 8440
f 8379 8378 8439
f 8410 8379 8438
f 8409 8410 8437
f 8408 8409 8436
f 8406 8408 8435
f 8407 8406 8434
f 8399 8407 8433
f 8398 8399 8432
f 8377 8398 8431
f 8376 8377 8429
f 8573 8574 7894
f 8575 8573 7893
f 8576 8575 7921
f 8577 8576 7920
f 8578 8577 8007
f 8579 8578 7964
f 8580 8579 8014
f 8581 8580 8013
f 8582 8581 8016
f 8583 8582 8015
f 8584 8583 8018
f 8585 8584 8017
f 8586 8585 8019
f 8587 8586 7967
f 8588 8587 7966
f 8589 8588 7969
f 8590 8589 7968
f 8591 8590 7971
f 8592 8591 7970
f 8593 8592 7928
f 8594 8593 7927
f 8595 8594 7974
f 8596 8595 8021
f 8597 8596 7972
f 8598 8597 7868
f 8599 8598 7806
f 8600 8599 7805
f 8601 8600 7844
f 8602 8601 7843
f 8603 8602 7756
f 8604 8603 7734
f 8605 8604 7613
f 8606 8605 7625
f 8607 8606 7645
f 8608 8607 7644
f 8609 8608 7627
f 8610 8609 7626
f 8611 8610 7586
f 8612 8611 7585
f 8613 8612 7601
f 8614 8613 7614
f 8615 8614 7628
f 8616 8615 7630
f 8617 8616 7629
f 8618 8617 7646
f 8619 8618 7676
f 8620 8619 7675
f 8621 8620 7718
f 8622 8621 7717
f 8623 8622 7735
f 8624 8623 7758
f 8625 8624 7719
f 8626 8625 7699
f 8627 8626 7698
f 8628 8627 7736
f 8629 8628 7737
f 8630 8629 7701
f 8631 8630 7700
f 8632 8631 7720
f 8633 8632 7800
f 8634 8633 7900
f 8635 8634 7899
f 8636 8635 8043
f 8637 8636 7982
f 8638 8637 7895
f 8639 8638 8127
f 8640 8639 8126
f 8641 8640 8125
f 8642 8641 8128
f 8643 8642 8130
f 8644 8643 8129
f 8645 8644 8132
f 8646 8645 8131
f 8647 8646 7880
f 8648 8647 7879
f 8649 8648 7882
f 8650 8649 7881
f 8651 8650 7831
f 8652 8651 7830
f 8653 8652 7856
f 8654 8653 7833
f 8655 8654 7832
f 8656 8655 7857
f 8657 8656 7915
f 8658 8657 7859
f 8659 8658 7858
f 8660 8659 7861
f 8661 8660 7860
f 8662 8661 7835
f 8663 8662 7834
f 8664 8663 7862
f 8665 8664 7863
f 8666 8665 7836
f 8667 8666 7791
f 8668 8667 7790
f 8669 8668 7793
f 8670 8669 7792
f 8671 8670 7795
f 8672 8671 7794
f 8673 8672 7742
f 8674 8673 7741
f 8675 8674 7656
f 8676 8675 7655
f 8677 8676 7664
f 8678 8677 7666
f 8679 8678 7665
f 8680 8679 7687
f 8681 8680 7668
f 8682 8681 7667
f 8683 8682 7689
f 8684 8683 7688
f 8685 8684 7669
f 8686 8685 7657
f 8687 8686 7638
f 8688 8687 7637
f 8689 8688 7724
f 8690 8689 7707
f 8691 8690 7706
f 8692 8691 7725
f 8693 8692 7709
f 8694 8693 7708
f 8695 8694 7727
f 8696 8695 7726
f 8697 8696 7743
f 8698 8697 7658
f 8699 8698 7670
f 8700 8699 7728
f 8701 8700 7744
f 8702 8701 7766
f 8703 8702 7765
f 8704 8703 7797
f 8705 8704 7796
f 8706 8705 7798
f 8707 8706 7837
f 8708 8707 7768
f 8709 8708 7799
f 8710 8709 7884
f 8711 8710 7916
f 8712 8711 7958
f 8713 8712 7886
f 8714 8713 7918
f 8715 8714 7917
f 8716 8715 7892
f 8574 8716 7891
f 7891 7894 8574
f 7892 7891 8716
f 7917 7892 8715
f 7918 7917 8714
f 7886 7918 8713
f 7958 7886 8712
f 7916 7958 8711
f 7884 7916 8710
f 7799 7884 8709
f 7768 7799 8708
f 7837 7768 8707
f 7798 7837 8706
f 7796 7798 8705
f 7797 7796 8704
f 7765 7797 8703
f 7766 7765 8702
f 7744 7766 8701
f 7728 7744 8700
f 7670 7728 8699
f 7658 7670 8698
f 7743 7658 8697
f 7726 7743 8696
f 7727 7726 8695
f 7708 7727 8694
f 7709 7708 8693
f 7725 7709 8692
f 7706 7725 8691
f 7707 7706 8690
f 7724 7707 8689
f 7637 7724 8688
f 7638 7637 8687
f 7657 7638 8686
f 7669 7657 8685
f 7688 7669 8684
f 7689 7688 8683
f 7667 7689 8682
f 7668 7667 8681
f 7687 7668 8680
f 7665 7687 8679
f 7666 7665 8678
f 7664 7666 8677
f 7655 7664 8676
f 7656 7655 8675
f 7741 7656 8674
f 7742 7741 8673
f 7794 7742 8672
f 7795 7794 8671
f 7792 7795 8670
f 7793 7792 8669
f 7790 7793 8668
f 7791 7790 8667
f 7836 7791 8666
f 7863 7836 8665
f 7862 7863 8664
f 7834 7862 8663
f 7835 7834 8662
f 7860 7835 8661
f 7861 7860 8660
f 7858 7861 8659
f 7859 7858 8658
f 7915 7859 8657
f 7857 7915 8656
f 7832 7857 8655
f 7833 7832 8654
f 7856 7833 8653
f 7830 7856 8652
f 7831 7830 8651
f 7881 7831 8650
f 7882 7881 8649
f 7879 7882 8648
f 7880 7879 8647
f 8131 7880 8646
f 8132 8131 8645
f 8129 8132 8644
f 8130 8129 8643
f 8128 8130 8642
f 8125 8128 8641
f 8126 8125 8640
f 8127 8126 8639
f 7895 8127 8638
f 7982 7895 8637
f 8043 7982 8636
f 7899 8043 8635
f 7900 7899 8634
f 7800 7900 8633
f 7720 7800 8632
f 7700 7720 8631
f 7701 7700 8630
f 7737 7701 8629
f 7736 7737 8628
f 7698 7736 8627
f 7699 7698 8626
f 7719 7699 8625
f 7758 7719 8624
f 7735 7758 8623
f 7717 7735 8622
f 7718 7717 8621
f 7675 7718 8620
f 7676 7675 8619
f 7646 7676 8618
f 7629 7646 8617
f 7630 7629 8616
f 7628 7630 8615
f 7614 7628 8614
f 7601 7614 8613
f 7585 7601 8612
f 7586 7585 8611
f 7626 7586 8610
f 7627 7626 8609
f 7644 7627 8608
f 7645 7644 8607
f 7625 7645 8606
f 7613 7625 8605
f 7734 7613 8604
f 7756 7734 8603
f 7843 7756 8602
f 7844 7843 8601
f 7805 7844 8600
f 7806 7805 8599
f 7868 7806 8598
f 7972 7868 8597
f 8021 7972 8596
f 7974 8021 8595
f 7927 7974 8594
f 7928 7927 8593
f 7970 7928 8592
f 7971 7970 8591
f 7968 7971 8590
f 7969 7968 8589
f 7966 7969 8588
f 7967 7966 8587
f 8019 7967 8586
f 8017 8019 8585
f 8018 8017 8584
f 8015 8018 8583
f 8016 8015 8582
f 8013 8016 8581
f 8014 8013 8580
f 7964 8014 8579
f 8007 7964 8578
f 7920 8007 8577
f 7921 7920 8576
f 7893 7921 8575
f 7894 7893 8573
f 8713 8717 8718
f 8713 8714 8719
f 8714 8715 8720
f 8715 8716 8721
f 8605 8722 8723
f 8605 8606 8724
f 8612 8725 8726
f 8612 8613 8727
f 8660 8728 8729
f 8660 8661 8730
f 8673 8731 8732
f 8673 8674 8733
f 8705 8734 8735
f 8705 8706 8736
f 8719 8717 8713
f 8721 8720 8715
f 8589 8737 8738
f 8590 8739 8737
f 8593 8740 8741
f 8594 8742 8740
f 8595 8743 8742
f 8595 8596 8744
f 8599 8745 8746
f 8599 8600 8747
f 8602 8748 8749
f 8602 8603 8750
f 8603 8604 8723
f 8724 8722 8605
f 8607 8751 8724
f 8608 8752 8751
f 8610 8753 8754
f 8611 8726 8753
f 8727 8725 8612
f 8613 8614 8755
f 8617 8756 8757
f 8617 8618 8758
f 8619 8759 8758
f 8619 8620 8760
f 8621 8761 8760
f 8621 8622 8762
f 8730 8728 8660
f 8661 8662 8763
f 8664 8764 8765
f 8664 8665 8766
f 8670 8767 8768
f 8670 8671 8769
f 8672 8732 8769
f 8733 8731 8673
f 8704 8735 8770
f 8736 8734 8705
f 8707 8771 8736
f 8707 8708 8772
f 8712 8718 8773
f 8720 8719 8714
f 8585 8774 8775
f 8585 8586 8776
f 8737 8589 8590
f 8590 8591 8777
f 8740 8593 8594
f 8744 8743 8595
f 8597 8778 8744
f 8597 8598 8746
f 8747 8745 8599
f 8600 8601 8749
f 8750 8748 8602
f 8723 8604 8605
f 8751 8607 8608
f 8608 8609 8754
f 8753 8610 8611
f 8755 8727 8613
f 8758 8756 8617
f 8760 8759 8619
f 8762 8761 8621
f 8622 8623 8779
f 8763 8730 8661
f 8663 8765 8763
f 8766 8764 8664
f 8665 8666 8780
f 8667 8781 8780
f 8667 8668 8782
f 8669 8768 8782
f 8769 8767 8670
f 8732 8672 8673
f 8674 8675 8783
f 8677 8784 8785
f 8677 8678 8786
f 8678 8679 8787
f 8679 8680 8788
f 8684 8789 8790
f 8684 8685 8791
f 8702 8792 8793
f 8702 8703 8770
f 8735 8704 8705
f 8772 8771 8707
f 8709 8794 8772
f 8709 8710 8795
f 8710 8711 8773
f 8718 8712 8713
f 8575 8796 8797
f 8576 8798 8796
f 8577 8799 8798
f 8577 8578 8800
f 8584 8775 8801
f 8776 8774 8585
f 8587 8802 8776
f 8587 8588 8738
f 8777 8739 8590
f 8591 8592 8741
f 8742 8594 8595
f 8746 8778 8597
f 8749 8747 8600
f 8723 8750 8603
f 8754 8752 8608
f 8726 8611 8612
f 8615 8803 8755
f 8615 8616 8757
f 8758 8618 8619
f 8779 8762 8622
f 8624 8804 8779
f 8624 8625 8805
f 8627 8806 8807
f 8627 8628 8808
f 8763 8662 8663
f 8780 8766 8665
f 8782 8781 8667
f 8768 8669 8670
f 8783 8733 8674
f 8675 8676 8785
f 8786 8784 8677
f 8788 8787 8679
f 8683 8790 8809
f 8791 8789 8684
f 8686 8810 8791
f 8686 8687 8811
f 8688 8812 8811
f 8688 8689 8813
f 8770 8792 8702
f 8736 8706 8707
f 8795 8794 8709
f 8773 8711 8712
f 8796 8575 8576
f 8800 8799 8577
f 8578 8579 8814
f 8580 8815 8814
f 8581 8582 8816
f 8582 8583 8801
f 8775 8584 8585
f 8738 8802 8587
f 8741 8777 8591
f 8744 8596 8597
f 8749 8601 8602
f 8754 8609 8610
f 8757 8803 8615
f 8760 8620 8621
f 8805 8804 8624
f 8625 8626 8807
f 8808 8806 8627
f 8628 8629 8817
f 8648 8818 8819
f 8648 8649 8820
f 8656 8821 8822
f 8656 8657 8823
f 8765 8663 8664
f 8782 8668 8669
f 8785 8783 8675
f 8787 8786 8678
f 8790 8683 8684
f 8811 8810 8686
f 8813 8812 8688
f 8689 8690 8824
f 8691 8825 8824
f 8691 8692 8826
f 8693 8827 8826
f 8693 8694 8828
f 8695 8829 8828
f 8695 8696 8830
f 8697 8831 8830
f 8697 8698 8832
f 8770 8703 8704
f 8773 8795 8710
f 8574 8833 8721
f 8574 8573 8797
f 8798 8576 8577
f 8814 8579 8580
f 8581 8834 8815
f 8801 8816 8582
f 8776 8586 8587
f 8741 8592 8593
f 8724 8606 8607
f 8757 8616 8617
f 8807 8805 8625
f 8817 8808 8628
f 8630 8835 8817
f 8630 8631 8836
f 8636 8837 8838
f 8636 8637 8839
f 8638 8840 8839
f 8638 8639 8841
f 8646 8842 8843
f 8646 8647 8819
f 8820 8818 8648
f 8649 8650 8844
f 8655 8822 8845
f 8823 8821 8656
f 8658 8846 8823
f 8658 8659 8729
f 8780 8666 8667
f 8785 8676 8677
f 8681 8847 8788
f 8681 8682 8809
f 8791 8685 8686
f 8824 8813 8689
f 8826 8825 8691
f 8828 8827 8693
f 8830 8829 8695
f 8832 8831 8697
f 8772 8708 8709
f 8797 8833 8574
f 8814 8800 8578
f 8816 8834 8581
f 8738 8588 8589
f 8755 8614 8615
f 8807 8626 8627
f 8836 8835 8630
f 8839 8837 8636
f 8841 8840 8638
f 8640 8848 8841
f 8640 8641 8849
f 8819 8842 8646
f 8844 8820 8649
f 8651 8850 8844
f 8651 8652 8851
f 8653 8852 8851
f 8653 8654 8845
f 8822 8655 8656
f 8729 8846 8658
f 8769 8671 8672
f 8809 8847 8681
f 8811 8687 8688
f 8826 8692 8693
f 8830 8696 8697
f 8699 8853 8832
f 8700 8854 8853
f 8700 8701 8793
f 8721 8716 8574
f 8815 8580 8581
f 8746 8598 8599
f 8817 8629 8630
f 8634 8855 8856
f 8634 8635 8838
f 8839 8637 8638
f 8849 8848 8640
f 8642 8857 8849
f 8642 8643 8858
f 8643 8644 8859
f 8644 8645 8843
f 8819 8647 8648
f 8851 8850 8651
f 8845 8852 8653
f 8823 8657 8658
f 8788 8680 8681
f 8824 8690 8691
f 8832 8698 8699
f 8793 8854 8700
f 8797 8573 8575
f 8779 8623 8624
f 8632 8860 8836
f 8632 8633 8856
f 8838 8855 8634
f 8841 8639 8640
f 8858 8857 8642
f 8843 8859 8644
f 8844 8650 8651
f 8845 8654 8655
f 8809 8682 8683
f 8853 8699 8700
f 8801 8583 8584
f 8856 8860 8632
f 8838 8635 8636
f 8859 8858 8643
f 8851 8652 8653
f 8828 8694 8695
f 8836 8631 8632
f 8849 8641 8642
f 8729 8659 8660
f 8856 8633 8634
f 8793 8701 8702
f 8843 8645 8646
f 8861 8862 8833
f 8863 8861 8797
f 8864 8863 8796
f 8865 8864 8798
f 8866 8865 8799
f 8867 8866 8800
f 8868 8867 8814
f 8869 8868 8815
f 8870 8869 8834
f 8871 8870 8816
f 8872 8871 8801
f 8873 8872 8775
f 8874 8873 8774
f 8875 8874 8776
f 8876 8875 8802
f 8877 8876 8738
f 8878 8877 8737
f 8879 8878 8739
f 8880 8879 8777
f 8881 8880 8741
f 8882 8881 8740
f 8883 8882 8742
f 8884 8883 8743
f 8885 8884 8744
f 8886 8885 8778
f 8887 8886 8746
f 8888 8887 8745
f 8889 8888 8747
f 8890 8889 8749
f 8891 8890 8748
f 8892 8891 8750
f 8893 8892 8723
f 8894 8893 8722
f 8895 8894 8724
f 8896 8895 8751
f 8897 8896 8752
f 8898 8897 8754
f 8899 8898 8753
f 8900 8899 8726
f 8901 8900 8725
f 8902 8901 8727
f 8903 8902 8755
f 8904 8903 8803
f 8905 8904 8757
f 8906 8905 8756
f 8907 8906 8758
f 8908 8907 8759
f 8909 8908 8760
f 8910 8909 8761
f 8911 8910 8762
f 8912 8911 8779
f 8913 8912 8804
f 8914 8913 8805
f 8915 8914 8807
f 8916 8915 8806
f 8917 8916 8808
f 8918 8917 8817
f 8919 8918 8835
f 8920 8919 8836
f 8921 8920 8860
f 8922 8921 8856
f 8923 8922 8855
f 8924 8923 8838
f 8925 8924 8837
f 8926 8925 8839
f 8927 8926 8840
f 8928 8927 8841
f 8929 8928 8848
f 8930 8929 8849
f 8931 8930 8857
f 8932 8931 8858
f 8933 8932 8859
f 8934 8933 8843
f 8935 8934 8842
f 8936 8935 8819
f 8937 8936 8818
f 8938 8937 8820
f 8939 8938 8844
f 8940 8939 8850
f 8941 8940 8851
f 8942 8941 8852
f 8943 8942 8845
f 8944 8943 8822
f 8945 8944 8821
f 8946 8945 8823
f 8947 8946 8846
f 8948 8947 8729
f 8949 8948 8728
f 8950 8949 8730
f 8951 8950 8763
f 8952 8951 8765
f 8953 8952 8764
f 8954 8953 8766
f 8955 8954 8780
f 8956 8955 8781
f 8957 8956 8782
f 8958 8957 8768
f 8959 8958 8767
f 8960 8959 8769
f 8961 8960 8732
f 8962 8961 8731
f 8963 8962 8733
f 8964 8963 8783
f 8965 8964 8785
f 8966 8965 8784
f 8967 8966 8786
f 8968 8967 8787
f 8969 8968 8788
f 8970 8969 8847
f 8971 8970 8809
f 8972 8971 8790
f 8973 8972 8789
f 8974 8973 8791
f 8975 8974 8810
f 8976 8975 8811
f 8977 8976 8812
f 8978 8977 8813
f 8979 8978 8824
f 8980 8979 8825
f 8981 8980 8826
f 8982 8981 8827
f 8983 8982 8828
f 8984 8983 8829
f 8985 8984 8830
f 8986 8985 8831
f 8987 8986 8832
f 8988 8987 8853
f 8989 8988 8854
f 8990 8989 8793
f 8991 8990 8792
f 8992 8991 8770
f 8993 8992 8735
f 8994 8993 8734
f 8995 8994 8736
f 8996 8995 8771
f 8997 8996 8772
f 8998 8997 8794
f 8999 8998 8795
f 9000 8999 8773
f 9001 9000 8718
f 9002 9001 8717
f 9003 9002 8719
f 9004 9003 8720
f 8862 9004 8721
f 8721 8833 8862
f 8720 8721 9004
f 8719 8720 9003
f 8717 8719 9002
f 8718 8717 9001
f 8773 8718 9000
f 8795 8773 8999
f 8794 8795 8998
f 8772 8794 8997
f 8771 8772 8996
f 8736 8771 8995
f 8734 8736 8994
f 8735 8734 8993
f 8770 8735 8992
f 8792 8770 8991
f 8793 8792 8990
f 8854 8793 8989
f 8853 8854 8988
f 8832 8853 8987
f 8831 8832 8986
f 8830 8831 8985
f 8829 8830 8984
f 8828 8829 8983
f 8827 8828 8982
f 8826 8827 8981
f 8825 8826 8980
f 8824 8825 8979
f 8813 8824 8978
f 8812 8813 8977
f 8811 8812 8976
f 8810 8811 8975
f 8791 8810 8974
f 8789 8791 8973
f 8790 8789 8972
f 8809 8790 8971
f 8847 8809 8970
f 8788 8847 8969
f 8787 8788 8968
f 8786 8787 8967
f 8784 8786 8966
f 8785 8784 8965
f 8783 8785 8964
f 8733 8783 8963
f 8731 8733 8962
f 8732 8731 8961
f 8769 8732 8960
f 8767 8769 8959
f 8768 8767 8958
f 8782 8768 8957
f 8781 8782 8956
f 8780 8781 8955
f 8766 8780 8954
f 8764 8766 8953
f 8765 8764 8952
f 8763 8765 8951
f 8730 8763 8950
f 8728 8730 8949
f 8729 8728 8948
f 8846 8729 8947
f 8823 8846 8946
f 8821 8823 8945
f 8822 8821 8944
f 8845 8822 8943
f 8852 8845 8942
f 8851 8852 8941
f 8850 8851 8940
f 8844 8850 8939
f 8820 8844 8938
f 8818 8820 8937
f 8819 8818 8936
f 8842 8819 8935
f 8843 8842 8934
f 8859 8843 8933
f 8858 8859 8932
f 8857 8858 8931
f 8849 8857 8930
f 8848 8849 8929
f 8841 8848 8928
f 8840 8841 8927
f 8839 8840 8926
f 8837 8839 8925
f 8838 8837 8924
f 8855 8838 8923
f 8856 8855 8922
f 8860 8856 8921
f 8836 8860 8920
f 8835 8836 8919
f 8817 8835 8918
f 8808 8817 8917
f 8806 8808 8916
f 8807 8806 8915
f 8805 8807 8914
f 8804 8805 8913
f 8779 8804 8912
f 8762 8779 8911
f 8761 8762 8910
f 8760 8761 8909
f 8759 8760 8908
f 8758 8759 8907
f 8756 8758 8906
f 8757 8756 8905
f 8803 8757 8904
f 8755 8803 8903
f 8727 8755 8902
f 8725 8727 8901
f 8726 8725 8900
f 8753 8726 8899
f 8754 8753 8898
f 8752 8754 8897
f 8751 8752 8896
f 8724 8751 8895
f 8722 8724 8894
f 8723 8722 8893
f 8750 8723 8892
f 8748 8750 8891
f 8749 8748 8890
f 8747 8749 8889
f 8745 8747 8888
f 8746 8745 8887
f 8778 8746 8886
f 8744 8778 8885
f 8743 8744 8884
f 8742 8743 8883
f 8740 8742 8882
f 8741 8740 8881
f 8777 8741 8880
f 8739 8777 8879
f 8737 8739 8878
f 8738 8737 8877
f 8802 8738 8876
f 8776 8802 8875
f 8774 8776 8874
f 8775 8774 8873
f 8801 8775 8872
f 8816 8801 8871
f 8834 8816 8870
f 8815 8834 8869
f 8814 8815 8868
f 8800 8814 8867
f 8799 8800 8866
f 8798 8799 8865
f 8796 8798 8864
f 8797 8796 8863
f 8833 8797 8861
f 9005 9006 7943
f 9007 9005 7942
f 9008 9007 7987
f 9009 9008 7986
f 9010 9009 8066
f 9011 9010 7944
f 9012 9011 7989
f 9013 9012 7988
f 9014 9013 7991
f 9015 9014 7990
f 9016 9015 7993
f 9017 9016 7992
f 9018 9017 7994
f 9019 9018 7948
f 9020 9019 7947
f 9021 9020 7950
f 9022 9021 7949
f 9023 9022 7952
f 9024 9023 7951
f 9025 9024 7907
f 9026 9025 7906
f 9027 9026 8102
f 9028 9027 8107
f 9029 9028 8100
f 9030 9029 8002
f 9031 9030 7914
f 9032 9031 7913
f 9033 9032 7957
f 9034 9033 7956
f 9035 9034 7852
f 9036 9035 7851
f 9037 9036 7822
f 9038 9037 7821
f 9039 9038 7824
f 9040 9039 7823
f 9041 9040 7874
f 9042 9041 7785
f 9043 9042 7723
f 9044 9043 7722
f 9045 9044 7740
f 9046 9045 7764
f 9047 9046 7825
f 9048 9047 7787
f 9049 9048 7786
f 9050 9049 7826
f 9051 9050 7954
f 9052 9051 7953
f 9053 9052 7876
f 9054 9053 7875
f 9055 9054 7911
f 9056 9055 7877
f 9057 9056 7827
f 9058 9057 7789
f 9059 9058 7788
f 9060 9059 7854
f 9061 9060 7878
f 9062 9061 7855
f 9063 9062 7829
f 9064 9063 7828
f 9065 9064 8001
f 9066 9065 8084
f 9067 9066 8083
f 9068 9067 8105
f 9069 9068 8099
f 9070 9069 8098
f 9071 9070 8134
f 9072 9071 8133
f 9073 9072 8136
f 9074 9073 8140
f 9075 9074 8138
f 9076 9075 8137
f 9077 9076 8139
f 9078 9077 8135
f 9079 9078 8040
f 9080 9079 8039
f 9081 9080 8042
f 9082 9081 8041
f 9083 9082 7975
f 9084 9083 7930
f 9085 9084 7929
f 9086 9085 7932
f 9087 9086 7931
f 9088 9087 7933
f 9089 9088 8065
f 9090 9089 7977
f 9091 9090 7976
f 9092 9091 7979
f 9093 9092 7978
f 9094 9093 7935
f 9095 9094 7934
f 9096 9095 7980
f 9097 9096 7981
f 9098 9097 7897
f 9099 9098 7896
f 9100 9099 7898
f 9101 9100 7802
f 9102 9101 7801
f 9103 9102 7803
f 9104 9103 7584
f 9105 9104 7662
f 9106 9105 7661
f 9107 9106 7580
f 9108 9107 7579
f 9109 9108 7592
f 9110 9109 7570
f 9111 9110 7569
f 9112 9111 7572
f 9113 9112 7571
f 9114 9113 7581
f 9115 9114 7574
f 9116 9115 7573
f 9117 9116 7594
f 9118 9117 7593
f 9119 9118 7596
f 9120 9119 7595
f 9121 9120 7639
f 9122 9121 7640
f 9123 9122 7620
f 9124 9123 7610
f 9125 9124 7609
f 9126 9125 7619
f 9127 9126 7565
f 9128 9127 7578
f 9129 9128 7611
f 9130 9129 7575
f 9131 9130 7634
f 9132 9131 7650
f 9133 9132 7631
f 9134 9133 7695
f 9135 9134 7694
f 9136 9135 7602
f 9137 9136 7587
f 9138 9137 7615
f 9139 9138 7754
f 9140 9139 7714
f 9141 9140 7733
f 9142 9141 7840
f 9143 9142 7866
f 9144 9143 7902
f 9145 9144 7901
f 9146 9145 7984
f 9147 9146 7983
f 9148 9147 7941
f 9006 9148 7940
f 7940 7943 9006
f 7941 7940 9148
f 7983 7941 9147
f 7984 7983 9146
f 7901 7984 9145
f 7902 7901 9144
f 7866 7902 9143
f 7840 7866 9142
f 7733 7840 9141
f 7714 7733 9140
f 7754 7714 9139
f 7615 7754 9138
f 7587 7615 9137
f 7602 7587 9136
f 7694 7602 9135
f 7695 7694 9134
f 7631 7695 9133
f 7650 7631 9132
f 7634 7650 9131
f 7575 7634 9130
f 7611 7575 9129
f 7578 7611 9128
f 7565 7578 9127
f 7619 7565 9126
f 7609 7619 9125
f 7610 7609 9124
f 7620 7610 9123
f 7640 7620 9122
f 7639 7640 9121
f 7595 7639 9120
f 7596 7595 9119
f 7593 7596 9118
f 7594 7593 9117
f 7573 7594 9116
f 7574 7573 9115
f 7581 7574 9114
f 7571 7581 9113
f 7572 7571 9112
f 7569 7572 9111
f 7570 7569 9110
f 7592 7570 9109
f 7579 7592 9108
f 7580 7579 9107
f 7661 7580 9106
f 7662 7661 9105
f 7584 7662 9104
f 7803 7584 9103
f 7801 7803 9102
f 7802 7801 9101
f 7898 7802 9100
f 7896 7898 9099
f 7897 7896 9098
f 7981 7897 9097
f 7980 7981 9096
f 7934 7980 9095
f 7935 7934 9094
f 7978 7935 9093
f 7979 7978 9092
f 7976 7979 9091
f 7977 7976 9090
f 8065 7977 9089
f 7933 8065 9088
f 7931 7933 9087
f 7932 7931 9086
f 7929 7932 9085
f 7930 7929 9084
f 7975 7930 9083
f 8041 7975 9082
f 8042 8041 9081
f 8039 8042 9080
f 8040 8039 9079
f 8135 8040 9078
f 8139 8135 9077
f 8137 8139 9076
f 8138 8137 9075
f 8140 8138 9074
f 8136 8140 9073
f 8133 8136 9072
f 8134 8133 9071
f 8098 8134 9070
f 8099 8098 9069
f 8105 8099 9068
f 8083 8105 9067
f 8084 8083 9066
f 8001 8084 9065
f 7828 8001 9064
f 7829 7828 9063
f 7855 7829 9062
f 7878 7855 9061
f 7854 7878 9060
f 7788 7854 9059
f 7789 7788 9058
f 7827 7789 9057
f 7877 7827 9056
f 7911 7877 9055
f 7875 7911 9054
f 7876 7875 9053
f 7953 7876 9052
f 7954 7953 9051
f 7826 7954 9050
f 7786 7826 9049
f 7787 7786 9048
f 7825 7787 9047
f 7764 7825 9046
f 7740 7764 9045
f 7722 7740 9044
f 7723 7722 9043
f 7785 7723 9042
f 7874 7785 9041
f 7823 7874 9040
f 7824 7823 9039
f 7821 7824 9038
f 7822 7821 9037
f 7851 7822 9036
f 7852 7851 9035
f 7956 7852 9034
f 7957 7956 9033
f 7913 7957 9032
f 7914 7913 9031
f 8002 7914 9030
f 8100 8002 9029
f 8107 8100 9028
f 8102 8107 9027
f 7906 8102 9026
f 7907 7906 9025
f 7951 7907 9024
f 7952 7951 9023
f 7949 7952 9022
f 7950 7949 9021
f 7947 7950 9020
f 7948 7947 9019
f 7994 7948 9018
f 7992 7994 9017
f 7993 7992 9016
f 7990 7993 9015
f 7991 7990 9014
f 7988 7991 9013
f 7989 7988 9012
f 7944 7989 9011
f 8066 7944 9010
f 7986 8066 9009
f 7987 7986 9008
f 7942 7987 9007
f 7943 7942 9005
f 9104 9149 9150
f 9104 9105 9151
f 9105 9106 9152
f 9106 9107 9153
f 9151 9149 9104
f 9153 9152 9106
f 9107 9108 9154
f 9109 9155 9154
f 9129 9156 9157
f 9129 9130 9158
f 9152 9151 9105
f 9154 9108 9109
f 9110 9159 9155
f 9110 9111 9160
f 9123 9161 9162
f 9123 9124 9163
f 9158 9156 9129
f 9130 9131 9164
f 9154 9153 9107
f 9160 9159 9110
f 9112 9165 9160
f 9112 9113 9166
f 9114 9167 9166
f 9114 9115 9168
f 9116 9169 9168
f 9116 9117 9170
f 9163 9161 9123
f 9124 9125 9171
f 9127 9172 9173
f 9127 9128 9157
f 9164 9158 9130
f 9131 9132 9174
f 9026 9175 9176
f 9026 9027 9177
f 9049 9178 9179
f 9049 9050 9180
f 9091 9181 9182
f 9091 9092 9183
f 9092 9093 9184
f 9094 9185 9184
f 9096 9186 9187
f 9096 9097 9188
f 9099 9189 9190
f 9099 9100 9191
f 9102 9192 9193
f 9102 9103 9150
f 9155 9109 9110
f 9166 9165 9112
f 9168 9167 9114
f 9170 9169 9116
f 9121 9194 9195
f 9121 9122 9162
f 9171 9163 9124
f 9125 9126 9173
f 9157 9172 9127
f 9174 9164 9131
f 9139 9140 9196
f 9141 9197 9196
f 9142 9198 9197
f 9142 9143 9199
f 9021 9200 9201
f 9021 9022 9202
f 9025 9176 9203
f 9177 9175 9026
f 9030 9204 9205
f 9031 9206 9204
f 9180 9178 9049
f 9050 9051 9207
f 9183 9181 9091
f 9184 9093 9094
f 9095 9187 9185
f 9188 9186 9096
f 9098 9190 9188
f 9191 9189 9099
f 9101 9193 9191
f 9150 9192 9102
f 9160 9111 9112
f 9168 9115 9116
f 9118 9208 9170
f 9118 9119 9209
f 9120 9195 9209
f 9162 9194 9121
f 9173 9171 9125
f 9157 9128 9129
f 9138 9210 9211
f 9138 9139 9212
f 9196 9140 9141
f 9199 9198 9142
f 9020 9201 9213
f 9202 9200 9021
f 9176 9025 9026
f 9027 9028 9214
f 9204 9030 9031
f 9031 9032 9215
f 9043 9216 9217
f 9044 9218 9216
f 9045 9219 9218
f 9045 9046 9220
f 9046 9047 9221
f 9048 9179 9221
f 9207 9180 9050
f 9051 9052 9222
f 9062 9223 9224
f 9062 9063 9225
f 9064 9226 9225
f 9064 9065 9227
f 9080 9228 9229
f 9080 9081 9230
f 9081 9082 9231
f 9082 9083 9232
f 9184 9183 9092
f 9187 9095 9096
f 9190 9098 9099
f 9193 9101 9102
f 9166 9113 9114
f 9209 9208 9118
f 9195 9120 9121
f 9173 9126 9127
f 9137 9211 9233
f 9212 9210 9138
f 9197 9141 9142
f 9144 9234 9199
f 9145 9235 9234
f 9145 9146 9236
f 9146 9147 9237
f 9147 9148 9238
f 9013 9239 9240
f 9013 9014 9241
f 9019 9213 9242
f 9201 9020 9021
f 9023 9243 9202
f 9023 9024 9203
f 9214 9177 9027
f 9029 9205 9214
f 9215 9206 9031
f 9032 9033 9244
f 9038 9245 9246
f 9038 9039 9247
f 9216 9043 9044
f 9220 9219 9045
f 9221 9047 9048
f 9222 9207 9051
f 9057 9248 9249
f 9057 9058 9250
f 9225 9223 9062
f 9227 9226 9064
f 9067 9251 9252
f 9067 9068 9253
f 9078 9254 9255
f 9078 9079 9229
f 9230 9228 9080
f 9232 9231 9082
f 9088 9256 9257
f 9088 9089 9258
f 9185 9094 9095
f 9191 9100 9101
f 9170 9117 9118
f 9162 9122 9123
f 9211 9137 9138
f 9199 9143 9144
f 9236 9235 9145
f 9238 9237 9147
f 9241 9239 9013
f 9014 9015 9259
f 9213 9019 9020
f 9203 9243 9023
f 9214 9028 9029
f 9244 9215 9032
f 9034 9260 9244
f 9034 9035 9261
f 9035 9036 9262
f 9036 9037 9246
f 9247 9245 9038
f 9039 9040 9263
f 9041 9264 9263
f 9041 9042 9217
f 9218 9044 9045
f 9179 9048 9049
f 9053 9265 9222
f 9053 9054 9266
f 9056 9249 9267
f 9250 9248 9057
f 9059 9060 9268
f 9060 9061 9224
f 9225 9063 9064
f 9066 9252 9227
f 9253 9251 9067
f 9068 9069 9269
f 9070 9270 9269
f 9070 9071 9271
f 9072 9272 9271
f 9072 9073 9273
f 9229 9254 9078
f 9231 9230 9081
f 9258 9256 9088
f 9089 9090 9182
f 9188 9097 9098
f 9209 9119 9120
f 9133 9274 9174
f 9133 9134 9275
f 9196 9212 9139
f 9237 9236 9146
f 9006 9276 9238
f 9006 9005 9277
f 9259 9241 9014
f 9015 9016 9278
f 9017 9279 9278
f 9017 9018 9242
f 9202 9022 9023
f 9205 9029 9030
f 9261 9260 9034
f 9246 9262 9036
f 9263 9247 9039
f 9217 9264 9041
f 9221 9220 9046
f 9266 9265 9053
f 9055 9267 9266
f 9249 9056 9057
f 9059 9280 9250
f 9224 9268 9060
f 9227 9065 9066
f 9269 9253 9068
f 9271 9270 9070
f 9273 9272 9072
f 9229 9079 9080
f 9084 9281 9232
f 9085 9282 9281
f 9085 9086 9283
f 9087 9257 9283
f 9182 9258 9089
f 9150 9103 9104
f 9275 9274 9133
f 9135 9284 9275
f 9135 9136 9233
f 9234 9144 9145
f 9277 9276 9006
f 9007 9285 9277
f 9008 9286 9285
f 9009 9287 9286
f 9009 9010 9288
f 9011 9289 9288
f 9011 9012 9240
f 9278 9259 9015
f 9242 9279 9017
f 9203 9024 9025
f 9262 9261 9035
f 9263 9040 9041
f 9222 9052 9053
f 9267 9055 9056
f 9268 9280 9059
f 9252 9066 9067
f 9271 9071 9072
f 9074 9290 9273
f 9074 9075 9291
f 9075 9076 9292
f 9076 9077 9255
f 9232 9083 9084
f 9283 9282 9085
f 9257 9087 9088
f 9174 9132 9133
f 9233 9284 9135
f 9238 9148 9006
f 9285 9007 9008
f 9288 9287 9009
f 9240 9289 9011
f 9278 9016 9017
f 9244 9033 9034
f 9217 9042 9043
f 9250 9058 9059
f 9269 9069 9070
f 9291 9290 9074
f 9255 9292 9076
f 9281 9084 9085
f 9182 9090 9091
f 9233 9136 9137
f 9286 9008 9009
f 9240 9012 9013
f 9246 9037 9038
f 9224 9061 9062
f 9292 9291 9075
f 9283 9086 9087
f 9277 9005 9007
f 9242 9018 9019
f 9273 9073 9074
f 9275 9134 9135
f 9266 9054 9055
f 9288 9010 9011
f 9255 9077 9078
f 9293 9294 9276
f 9295 9293 9277
f 9296 9295 9285
f 9297 9296 9286
f 9298 9297 9287
f 9299 9298 9288
f 9300 9299 9289
f 9301 9300 9240
f 9302 9301 9239
f 9303 9302 9241
f 9304 9303 9259
f 9305 9304 9278
f 9306 9305 9279
f 9307 9306 9242
f 9308 9307 9213
f 9309 9308 9201
f 9310 9309 9200
f 9311 9310 9202
f 9312 9311 9243
f 9313 9312 9203
f 9314 9313 9176
f 9315 9314 9175
f 9316 9315 9177
f 9317 9316 9214
f 9318 9317 9205
f 9319 9318 9204
f 9320 9319 9206
f 9321 9320 9215
f 9322 9321 9244
f 9323 9322 9260
f 9324 9323 9261
f 9325 9324 9262
f 9326 9325 9246
f 9327 9326 9245
f 9328 9327 9247
f 9329 9328 9263
f 9330 9329 9264
f 9331 9330 9217
f 9332 9331 9216
f 9333 9332 9218
f 9334 9333 9219
f 9335 9334 9220
f 9336 9335 9221
f 9337 9336 9179
f 9338 9337 9178
f 9339 9338 9180
f 9340 9339 9207
f 9341 9340 9222
f 9342 9341 9265
f 9343 9342 9266
f 9344 9343 9267
f 9345 9344 9249
f 9346 9345 9248
f 9347 9346 9250
f 9348 9347 9280
f 9349 9348 9268
f 9350 9349 9224
f 9351 9350 9223
f 9352 9351 9225
f 9353 9352 9226
f 9354 9353 9227
f 9355 9354 9252
f 9356 9355 9251
f 9357 9356 9253
f 9358 9357 9269
f 9359 9358 9270
f 9360 9359 9271
f 9361 9360 9272
f 9362 9361 9273
f 9363 9362 9290
f 9364 9363 9291
f 9365 9364 9292
f 9366 9365 9255
f 9367 9366 9254
f 9368 9367 9229
f 9369 9368 9228
f 9370 9369 9230
f 9371 9370 9231
f 9372 9371 9232
f 9373 9372 9281
f 9374 9373 9282
f 9375 9374 9283
f 9376 9375 9257
f 9377 9376 9256
f 9378 9377 9258
f 9379 9378 9182
f 9380 9379 9181
f 9381 9380 9183
f 9382 9381 9184
f 9383 9382 9185
f 9384 9383 9187
f 9385 9384 9186
f 9386 9385 9188
f 9387 9386 9190
f 9388 9387 9189
f 9389 9388 9191
f 9390 9389 9193
f 9391 9390 9192
f 9392 9391 9150
f 9393 9392 9149
f 9394 9393 9151
f 9395 9394 9152
f 9396 9395 9153
f 9397 9396 9154
f 9398 9397 9155
f 9399 9398 9159
f 9400 9399 9160
f 9401 9400 9165
f 9402 9401 9166
f 9403 9402 9167
f 9404 9403 9168
f 9405 9404 9169
f 9406 9405 9170
f 9407 9406 9208
f 9408 9407 9209
f 9409 9408 9195
f 9410 9409 9194
f 9411 9410 9162
f 9412 9411 9161
f 9413 9412 9163
f 9414 9413 9171
f 9415 9414 9173
f 9416 9415 9172
f 9417 9416 9157
f 9418 9417 9156
f 9419 9418 9158
f 9420 9419 9164
f 9421 9420 9174
f 9422 9421 9274
f 9423 9422 9275
f 9424 9423 9284
f 9425 9424 9233
f 9426 9425 9211
f 9427 9426 9210
f 9428 9427 9212
f 9429 9428 9196
f 9430 9429 9197
f 9431 9430 9198
f 9432 9431 9199
f 9433 9432 9234
f 9434 9433 9235
f 9435 9434 9236
f 9436 9435 9237
f 9294 9436 9238
f 9238 9276 9294
f 9237 9238 9436
f 9236 9237 9435
f 9235 9236 9434
f 9234 9235 9433
f 9199 9234 9432
f 9198 9199 9431
f 9197 9198 9430
f 9196 9197 9429
f 9212 9196 9428
f 9210 9212 9427
f 9211 9210 9426
f 9233 9211 9425
f 9284 9233 9424
f 9275 9284 9423
f 9274 9275 9422
f 9174 9274 9421
f 9164 9174 9420
f 9158 9164 9419
f 9156 9158 9418
f 9157 9156 9417
f 9172 9157 9416
f 9173 9172 9415
f 9171 9173 9414
f 9163 9171 9413
f 9161 9163 9412
f 9162 9161 9411
f 9194 9162 9410
f 9195 9194 9409
f 9209 9195 9408
f 9208 9209 9407
f 9170 9208 9406
f 9169 9170 9405
f 9168 9169 9404
f 9167 9168 9403
f 9166 9167 9402
f 9165 9166 9401
f 9160 9165 9400
f 9159 9160 9399
f 9155 9159 9398
f 9154 9155 9397
f 9153 9154 9396
f 9152 9153 9395
f 9151 9152 9394
f 9149 9151 9393
f 9150 9149 9392
f 9192 9150 9391
f 9193 9192 9390
f 9191 9193 9389
f 9189 9191 9388
f 9190 9189 9387
f 9188 9190 9386
f 9186 9188 9385
f 9187 9186 9384
f 9185 9187 9383
f 9184 9185 9382
f 9183 9184 9381
f 9181 9183 9380
f 9182 9181 9379
f 9258 9182 9378
f 9256 9258 9377
f 9257 9256 9376
f 9283 9257 9375
f 9282 9283 9374
f 9281 9282 9373
f 9232 9281 9372
f 9231 9232 9371
f 9230 9231 9370
f 9228 9230 9369
f 9229 9228 9368
f 9254 9229 9367
f 9255 9254 9366
f 9292 9255 9365
f 9291 9292 9364
f 9290 9291 9363
f 9273 9290 9362
f 9272 9273 9361
f 9271 9272 9360
f 9270 9271 9359
f 9269 9270 9358
f 9253 9269 9357
f 9251 9253 9356
f 9252 9251 9355
f 9227 9252 9354
f 9226 9227 9353
f 9225 9226 9352
f 9223 9225 9351
f 9224 9223 9350
f 9268 9224 9349
f 9280 9268 9348
f 9250 9280 9347
f 9248 9250 9346
f 9249 9248 9345
f 9267 9249 9344
f 9266 9267 9343
f 9265 9266 9342
f 9222 9265 9341
f 9207 9222 9340
f 9180 9207 9339
f 9178 9180 9338
f 9179 9178 9337
f 9221 9179 9336
f 9220 9221 9335
f 9219 9220 9334
f 9218 9219 9333
f 9216 9218 9332
f 9217 9216 9331
f 9264 9217 9330
f 9263 9264 9329
f 9247 9263 9328
f 9245 9247 9327
f 9246 9245 9326
f 9262 9246 9325
f 9261 9262 9324
f 9260 9261 9323
f 9244 9260 9322
f 9215 9244 9321
f 9206 9215 9320
f 9204 9206 9319
f 9205 9204 9318
f 9214 9205 9317
f 9177 9214 9316
f 9175 9177 9315
f 9176 9175 9314
f 9203 9176 9313
f 9243 9203 9312
f 9202 9243 9311
f 9200 9202 9310
f 9201 9200 9309
f 9213 9201 9308
f 9242 9213 9307
f 9279 9242 9306
f 9278 9279 9305
f 9259 9278 9304
f 9241 9259 9303
f 9239 9241 9302
f 9240 9239 9301
f 9289 9240 9300
f 9288 9289 9299
f 9287 9288 9298
f 9286 9287 9297
f 9285 9286 9296
f 9277 9285 9295
f 9276 9277 9293
f 9437 9438 8077
f 9439 9437 8078
f 9440 9439 8052
f 9441 9440 7998
f 9442 9441 7997
f 9443 9442 8096
f 9444 9443 8080
f 9445 9444 8079
f 9446 9445 8082
f 9447 9446 8081
f 9448 9447 8097
f 9449 9448 8000
f 9450 9449 7999
f 9451 9450 7845
f 9452 9451 7808
f 9453 9452 7807
f 9454 9453 7846
f 9455 9454 7810
f 9456 9455 7809
f 9457 9456 7847
f 9458 9457 7812
f 9459 9458 7811
f 9460 9459 7813
f 9461 9460 7776
f 9462 9461 7775
f 9463 9462 7815
f 9464 9463 7814
f 9465 9464 7816
f 9466 9465 7778
f 9467 9466 7777
f 9468 9467 7780
f 9469 9468 7779
f 9470 9469 7759
f 9471 9470 7703
f 9472 9471 7684
f 9473 9472 7683
f 9474 9473 7702
f 9475 9474 7704
f 9476 9475 7686
f 9477 9476 7685
f 9478 9477 7705
f 9479 9478 7721
f 9480 9479 7739
f 9481 9480 7738
f 9482 9481 7848
f 9483 9482 7818
f 9484 9483 7817
f 9485 9484 7782
f 9486 9485 7781
f 9487 9486 7783
f 9488 9487 7761
f 9489 9488 7760
f 9490 9489 7763
f 9491 9490 7762
f 9492 9491 7784
f 9493 9492 7849
f 9494 9493 7820
f 9495 9494 7819
f 9496 9495 7909
f 9497 9496 7908
f 9498 9497 7853
f 9499 9498 7910
f 9500 9499 7850
f 9501 9500 7873
f 9502 9501 7912
f 9503 9502 7955
f 9504 9503 8004
f 9505 9504 8003
f 9506 9505 8053
f 9507 9506 8006
f 9508 9507 8005
f 9509 9508 8054
f 9510 9509 8085
f 9511 9510 8106
f 9512 9511 8119
f 9513 9512 8109
f 9514 9513 8108
f 9515 9514 8120
f 9516 9515 8111
f 9517 9516 8110
f 9518 9517 8121
f 9519 9518 8101
f 9520 9519 8113
f 9521 9520 8112
f 9522 9521 8122
f 9523 9522 8123
f 9524 9523 8115
f 9525 9524 8114
f 9526 9525 8124
f 9527 9526 8117
f 9528 9527 8116
f 9529 9528 8118
f 9530 9529 7905
f 9531 9530 7946
f 9532 9531 7945
f 9533 9532 7938
f 9534 9533 7937
f 9535 9534 7985
f 9536 9535 7939
f 9537 9536 7867
f 9538 9537 7841
f 9539 9538 7716
f 9540 9539 7715
f 9541 9540 7589
f 9542 9541 7603
f 9543 9542 7636
f 9544 9543 7617
f 9545 9544 7616
f 9546 9545 7618
f 9547 9546 7604
f 9548 9547 7591
f 9549 9548 7590
f 9550 9549 7652
f 9551 9550 7651
f 9552 9551 7654
f 9553 9552 7653
f 9554 9553 7663
f 9555 9554 7682
f 9556 9555 7681
f 9557 9556 7697
f 9558 9557 7696
f 9559 9558 7713
f 9560 9559 8068
f 9561 9560 8067
f 9562 9561 8046
f 9563 9562 8045
f 9564 9563 8069
f 9565 9564 8093
f 9566 9565 8071
f 9567 9566 8070
f 9568 9567 8073
f 9569 9568 8072
f 9570 9569 8074
f 9571 9570 8095
f 9572 9571 8094
f 9573 9572 8075
f 9574 9573 8048
f 9575 9574 8047
f 9576 9575 8050
f 9577 9576 8049
f 9578 9577 8076
f 9579 9578 7996
f 9580 9579 7995
f 9438 9580 8051
f 8051 8077 9438
f 7995 8051 9580
f 7996 7995 9579
f 8076 7996 9578
f 8049 8076 9577
f 8050 8049 9576
f 8047 8050 9575
f 8048 8047 9574
f 8075 8048 9573
f 8094 8075 9572
f 8095 8094 9571
f 8074 8095 9570
f 8072 8074 9569
f 8073 8072 9568
f 8070 8073 9567
f 8071 8070 9566
f 8093 8071 9565
f 8069 8093 9564
f 8045 8069 9563
f 8046 8045 9562
f 8067 8046 9561
f 8068 8067 9560
f 7713 8068 9559
f 7696 7713 9558
f 7697 7696 9557
f 7681 7697 9556
f 7682 7681 9555
f 7663 7682 9554
f 7653 7663 9553
f 7654 7653 9552
f 7651 7654 9551
f 7652 7651 9550
f 7590 7652 9549
f 7591 7590 9548
f 7604 7591 9547
f 7618 7604 9546
f 7616 7618 9545
f 7617 7616 9544
f 7636 7617 9543
f 7603 7636 9542
f 7589 7603 9541
f 7715 7589 9540
f 7716 7715 9539
f 7841 7716 9538
f 7867 7841 9537
f 7939 7867 9536
f 7985 7939 9535
f 7937 7985 9534
f 7938 7937 9533
f 7945 7938 9532
f 7946 7945 9531
f 7905 7946 9530
f 8118 7905 9529
f 8116 8118 9528
f 8117 8116 9527
f 8124 8117 9526
f 8114 8124 9525
f 8115 8114 9524
f 8123 8115 9523
f 8122 8123 9522
f 8112 8122 9521
f 8113 8112 9520
f 8101 8113 9519
f 8121 8101 9518
f 8110 8121 9517
f 8111 8110 9516
f 8120 8111 9515
f 8108 8120 9514
f 8109 8108 9513
f 8119 8109 9512
f 8106 8119 9511
f 8085 8106 9510
f 8054 8085 9509
f 8005 8054 9508
f 8006 8005 9507
f 8053 8006 9506
f 8003 8053 9505
f 8004 8003 9504
f 7955 8004 9503
f 7912 7955 9502
f 7873 7912 9501
f 7850 7873 9500
f 7910 7850 9499
f 7853 7910 9498
f 7908 7853 9497
f 7909 7908 9496
f 7819 7909 9495
f 7820 7819 9494
f 7849 7820 9493
f 7784 7849 9492
f 7762 7784 9491
f 7763 7762 9490
f 7760 7763 9489
f 7761 7760 9488
f 7783 7761 9487
f 7781 7783 9486
f 7782 7781 9485
f 7817 7782 9484
f 7818 7817 9483
f 7848 7818 9482
f 7738 7848 9481
f 7739 7738 9480
f 7721 7739 9479
f 7705 7721 9478
f 7685 7705 9477
f 7686 7685 9476
f 7704 7686 9475
f 7702 7704 9474
f 7683 7702 9473
f 7684 7683 9472
f 7703 7684 9471
f 7759 7703 9470
f 7779 7759 9469
f 7780 7779 9468
f 7777 7780 9467
f 7778 7777 9466
f 7816 7778 9465
f 7814 7816 9464
f 7815 7814 9463
f 7775 7815 9462
f 7776 7775 9461
f 7813 7776 9460
f 7811 7813 9459
f 7812 7811 9458
f 7847 7812 9457
f 7809 7847 9456
f 7810 7809 9455
f 7846 7810 9454
f 7807 7846 9453
f 7808 7807 9452
f 7845 7808 9451
f 7999 7845 9450
f 8000 7999 9449
f 8097 8000 9448
f 8081 8097 9447
f 8082 8081 9446
f 8079 8082 9445
f 8080 8079 9444
f 8096 8080 9443
f 7997 8096 9442
f 7998 7997 9441
f 8052 7998 9440
f 8078 8052 9439
f 8077 8078 9437
f 9542 9581 9582
f 9542 9543 9583
f 9543 9544 9584
f 9544 9545 9585
f 9547 9586 9587
f 9547 9548 9588
f 9583 9581 9542
f 9585 9584 9544
f 9546 9587 9585
f 9588 9586 9547
f 9550 9589 9590
f 9550 9551 9591
f 9564 9592 9593
f 9564 9565 9594
f 9534 9535 9595
f 9535 9536 9596
f 9537 9538 9597
f 9538 9539 9598
f 9584 9583 9543
f 9587 9546 9547
f 9549 9590 9588
f 9591 9589 9550
f 9552 9599 9591
f 9552 9553 9600
f 9562 9601 9602
f 9562 9563 9593
f 9594 9592 9564
f 9565 9566 9603
f 9568 9604 9605
f 9568 9569 9606
f 9534 9607 9608
f 9596 9595 9535
f 9537 9609 9596
f 9598 9597 9538
f 9540 9610 9598
f 9540 9541 9582
f 9585 9545 9546
f 9590 9549 9550
f 9600 9599 9552
f 9553 9554 9611
f 9555 9612 9611
f 9555 9556 9613
f 9557 9614 9613
f 9557 9558 9615
f 9593 9601 9562
f 9603 9594 9565
f 9567 9605 9603
f 9606 9604 9568
f 9595 9607 9534
f 9597 9609 9537
f 9582 9610 9540
f 9588 9548 9549
f 9611 9600 9553
f 9613 9612 9555
f 9615 9614 9557
f 9558 9559 9616
f 9560 9617 9616
f 9560 9561 9602
f 9593 9563 9564
f 9605 9567 9568
f 9531 9618 9619
f 9531 9532 9620
f 9596 9536 9537
f 9582 9541 9542
f 9611 9554 9555
f 9616 9615 9558
f 9602 9617 9560
f 9603 9566 9567
f 9530 9619 9621
f 9620 9618 9531
f 9598 9539 9540
f 9613 9556 9557
f 9602 9561 9562
f 9570 9622 9606
f 9491 9492 9623
f 9492 9493 9624
f 9495 9625 9626
f 9496 9627 9625
f 9619 9530 9531
f 9532 9533 9608
f 9591 9551 9552
f 9606 9569 9570
f 9452 9628 9629
f 9452 9453 9630
f 9458 9631 9632
f 9458 9459 9633
f 9468 9634 9635
f 9468 9469 9636
f 9470 9637 9636
f 9470 9471 9638
f 9479 9639 9640
f 9479 9480 9641
f 9482 9642 9643
f 9482 9483 9644
f 9484 9645 9644
f 9484 9485 9646
f 9487 9647 9648
f 9487 9488 9649
f 9490 9650 9651
f 9490 9491 9652
f 9624 9623 9492
f 9493 9494 9626
f 9625 9495 9496
f 9496 9497 9653
f 9498 9654 9653
f 9498 9499 9655
f 9608 9620 9532
f 9616 9559 9560
f 9571 9656 9622
f 9571 9572 9657
f 9574 9658 9659
f 9574 9575 9660
f 9579 9661 9662
f 9579 9580 9663
f 9438 9664 9663
f 9438 9437 9665
f 9451 9629 9666
f 9630 9628 9452
f 9455 9667 9668
f 9455 9456 9669
f 9457 9632 9669
f 9633 9631 9458
f 9463 9670 9671
f 9463 9464 9672
f 9465 9673 9672
f 9466 9674 9673
f 9467 9635 9674
f 9636 9634 9468
f 9638 9637 9470
f 9471 9472 9675
f 9473 9676 9675
f 9473 9474 9677
f 9475 9678 9677
f 9476 9679 9678
f 9477 9680 9679
f 9477 9478 9640
f 9641 9639 9479
f 9480 9481 9643
f 9644 9642 9482
f 9646 9645 9484
f 9649 9647 9487
f 9488 9489 9651
f 9652 9650 9490
f 9626 9624 9493
f 9653 9627 9496
f 9655 9654 9498
f 9526 9681 9682
f 9526 9527 9683
f 9528 9684 9683
f 9528 9529 9621
f 9608 9533 9534
f 9657 9656 9571
f 9573 9659 9657
f 9660 9658 9574
f 9576 9685 9660
f 9576 9577 9686
f 9663 9661 9579
f 9665 9664 9438
f 9439 9687 9665
f 9439 9440 9688
f 9629 9451 9452
f 9453 9454 9668
f 9669 9667 9455
f 9632 9457 9458
f 9462 9671 9689
f 9672 9670 9463
f 9673 9465 9466
f 9635 9467 9468
f 9675 9638 9471
f 9677 9676 9473
f 9678 9475 9476
f 9640 9680 9477
f 9643 9641 9480
f 9644 9483 9484
f 9486 9648 9646
f 9651 9649 9488
f 9623 9652 9491
f 9653 9497 9498
f 9500 9690 9655
f 9500 9501 9691
f 9516 9692 9693
f 9516 9517 9694
f 9519 9695 9696
f 9520 9697 9695
f 9521 9698 9697
f 9521 9522 9699
f 9683 9681 9526
f 9621 9684 9528
f 9622 9570 9571
f 9659 9573 9574
f 9686 9685 9576
f 9577 9578 9662
f 9663 9580 9438
f 9688 9687 9439
f 9668 9630 9453
f 9669 9456 9457
f 9460 9700 9633
f 9460 9461 9689
f 9671 9462 9463
f 9674 9466 9467
f 9675 9472 9473
f 9679 9476 9477
f 9643 9481 9482
f 9648 9486 9487
f 9626 9494 9495
f 9691 9690 9500
f 9503 9701 9702
f 9503 9504 9703
f 9694 9692 9516
f 9517 9518 9696
f 9695 9519 9520
f 9699 9698 9521
f 9523 9524 9704
f 9524 9525 9682
f 9683 9527 9528
f 9657 9572 9573
f 9662 9686 9577
f 9665 9437 9439
f 9442 9705 9706
f 9442 9443 9707
f 9668 9454 9455
f 9689 9700 9460
f 9672 9464 9465
f 9677 9474 9475
f 9646 9485 9486
f 9655 9499 9500
f 9502 9702 9691
f 9703 9701 9503
f 9511 9708 9709
f 9511 9512 9710
f 9514 9711 9712
f 9514 9515 9693
f 9696 9694 9517
f 9697 9520 9521
f 9523 9713 9699
f 9682 9704 9524
f 9621 9529 9530
f 9662 9578 9579
f 9441 9706 9688
f 9707 9705 9442
f 9447 9714 9715
f 9447 9448 9716
f 9448 9449 9717
f 9449 9450 9666
f 9633 9459 9460
f 9636 9469 9470
f 9651 9489 9490
f 9702 9502 9503
f 9509 9510 9709
f 9710 9708 9511
f 9513 9712 9710
f 9693 9711 9514
f 9696 9518 9519
f 9704 9713 9523
f 9660 9575 9576
f 9706 9441 9442
f 9444 9718 9707
f 9444 9445 9719
f 9716 9714 9447
f 9666 9717 9449
f 9689 9461 9462
f 9691 9501 9502
f 9709 9510 9511
f 9712 9513 9514
f 9699 9522 9523
f 9688 9440 9441
f 9719 9718 9444
f 9445 9446 9715
f 9717 9716 9448
f 9640 9478 9479
f 9507 9720 9721
f 9507 9508 9722
f 9710 9512 9513
f 9682 9525 9526
f 9715 9719 9445
f 9666 9450 9451
f 9505 9723 9703
f 9505 9506 9721
f 9722 9720 9507
f 9509 9724 9722
f 9693 9515 9516
f 9715 9446 9447
f 9721 9723 9505
f 9722 9508 9509
f 9707 9443 9444
f 9721 9506 9507
f 9703 9504 9505
f 9709 9724 9509
f 9725 9726 9664
f 9727 9725 9665
f 9728 9727 9687
f 9729 9728 9688
f 9730 9729 9706
f 9731 9730 9705
f 9732 9731 9707
f 9733 9732 9718
f 9734 9733 9719
f 9735 9734 9715
f 9736 9735 9714
f 9737 9736 9716
f 9738 9737 9717
f 9739 9738 9666
f 9740 9739 9629
f 9741 9740 9628
f 9742 9741 9630
f 9743 9742 9668
f 9744 9743 9667
f 9745 9744 9669
f 9746 9745 9632
f 9747 9746 9631
f 9748 9747 9633
f 9749 9748 9700
f 9750 9749 9689
f 9751 9750 9671
f 9752 9751 9670
f 9753 9752 9672
f 9754 9753 9673
f 9755 9754 9674
f 9756 9755 9635
f 9757 9756 9634
f 9758 9757 9636
f 9759 9758 9637
f 9760 9759 9638
f 9761 9760 9675
f 9762 9761 9676
f 9763 9762 9677
f 9764 9763 9678
f 9765 9764 9679
f 9766 9765 9680
f 9767 9766 9640
f 9768 9767 9639
f 9769 9768 9641
f 9770 9769 9643
f 9771 9770 9642
f 9772 9771 9644
f 9773 9772 9645
f 9774 9773 9646
f 9775 9774 9648
f 9776 9775 9647
f 9777 9776 9649
f 9778 9777 9651
f 9779 9778 9650
f 9780 9779 9652
f 9781 9780 9623
f 9782 9781 9624
f 9783 9782 9626
f 9784 9783 9625
f 9785 9784 9627
f 9786 9785 9653
f 9787 9786 9654
f 9788 9787 9655
f 9789 9788 9690
f 9790 9789 9691
f 9791 9790 9702
f 9792 9791 9701
f 9793 9792 9703
f 9794 9793 9723
f 9795 9794 9721
f 9796 9795 9720
f 9797 9796 9722
f 9798 9797 9724
f 9799 9798 9709
f 9800 9799 9708
f 9801 9800 9710
f 9802 9801 9712
f 9803 9802 9711
f 9804 9803 9693
f 9805 9804 9692
f 9806 9805 9694
f 9807 9806 9696
f 9808 9807 9695
f 9809 9808 9697
f 9810 9809 9698
f 9811 9810 9699
f 9812 9811 9713
f 9813 9812 9704
f 9814 9813 9682
f 9815 9814 9681
f 9816 9815 9683
f 9817 9816 9684
f 9818 9817 9621
f 9819 9818 9619
f 9820 9819 9618
f 9821 9820 9620
f 9822 9821 9608
f 9823 9822 9607
f 9824 9823 9595
f 9825 9824 9596
f 9826 9825 9609
f 9827 9826 9597
f 9828 9827 9598
f 9829 9828 9610
f 9830 9829 9582
f 9831 9830 9581
f 9832 9831 9583
f 9833 9832 9584
f 9834 9833 9585
f 9835 9834 9587
f 9836 9835 9586
f 9837 9836 9588
f 9838 9837 9590
f 9839 9838 9589
f 9840 9839 9591
f 9841 9840 9599
f 9842 9841 9600
f 9843 9842 9611
f 9844 9843 9612
f 9845 9844 9613
f 9846 9845 9614
f 9847 9846 9615
f 9848 9847 9616
f 9849 9848 9617
f 9850 9849 9602
f 9851 9850 9601
f 9852 9851 9593
f 9853 9852 9592
f 9854 9853 9594
f 9855 9854 9603
f 9856 9855 9605
f 9857 9856 9604
f 9858 9857 9606
f 9859 9858 9622
f 9860 9859 9656
f 9861 9860 9657
f 9862 9861 9659
f 9863 9862 9658
f 9864 9863 9660
f 9865 9864 9685
f 9866 9865 9686
f 9867 9866 9662
f 9868 9867 9661
f 9726 9868 9663
f 9663 9664 9726
f 9661 9663 9868
f 9662 9661 9867
f 9686 9662 9866
f 9685 9686 9865
f 9660 9685 9864
f 9658 9660 9863
f 9659 9658 9862
f 9657 9659 9861
f 9656 9657 9860
f 9622 9656 9859
f 9606 9622 9858
f 9604 9606 9857
f 9605 9604 9856
f 9603 9605 9855
f 9594 9603 9854
f 9592 9594 9853
f 9593 9592 9852
f 9601 9593 9851
f 9602 9601 9850
f 9617 9602 9849
f 9616 9617 9848
f 9615 9616 9847
f 9614 9615 9846
f 9613 9614 9845
f 9612 9613 9844
f 9611 9612 9843
f 9600 9611 9842
f 9599 9600 9841
f 9591 9599 9840
f 9589 9591 9839
f 9590 9589 9838
f 9588 9590 9837
f 9586 9588 9836
f 9587 9586 9835
f 9585 9587 9834
f 9584 9585 9833
f 9583 9584 9832
f 9581 9583 9831
f 9582 9581 9830
f 9610 9582 9829
f 9598 9610 9828
f 9597 9598 9827
f 9609 9597 9826
f 9596 9609 9825
f 9595 9596 9824
f 9607 9595 9823
f 9608 9607 9822
f 9620 9608 9821
f 9618 9620 9820
f 9619 9618 9819
f 9621 9619 9818
f 9684 9621 9817
f 9683 9684 9816
f 9681 9683 9815
f 9682 9681 9814
f 9704 9682 9813
f 9713 9704 9812
f 9699 9713 9811
f 9698 9699 9810
f 9697 9698 9809
f 9695 9697 9808
f 9696 9695 9807
f 9694 9696 9806
f 9692 9694 9805
f 9693 9692 9804
f 9711 9693 9803
f 9712 9711 9802
f 9710 9712 9801
f 9708 9710 9800
f 9709 9708 9799
f 9724 9709 9798
f 9722 9724 9797
f 9720 9722 9796
f 9721 9720 9795
f 9723 9721 9794
f 9703 9723 9793
f 9701 9703 9792
f 9702 9701 9791
f 9691 9702 9790
f 9690 9691 9789
f 9655 9690 9788
f 9654 9655 9787
f 9653 9654 9786
f 9627 9653 9785
f 9625 9627 9784
f 9626 9625 9783
f 9624 9626 9782
f 9623 9624 9781
f 9652 9623 9780
f 9650 9652 9779
f 9651 9650 9778
f 9649 9651 9777
f 9647 9649 9776
f 9648 9647 9775
f 9646 9648 9774
f 9645 9646 9773
f 9644 9645 9772
f 9642 9644 9771
f 9643 9642 9770
f 9641 9643 9769
f 9639 9641 9768
f 9640 9639 9767
f 9680 9640 9766
f 9679 9680 9765
f 9678 9679 9764
f 9677 9678 9763
f 9676 9677 9762
f 9675 9676 9761
f 9638 9675 9760
f 9637 9638 9759
f 9636 9637 9758
f 9634 9636 9757
f 9635 9634 9756
f 9674 9635 9755
f 9673 9674 9754
f 9672 9673 9753
f 9670 9672 9752
f 9671 9670 9751
f 9689 9671 9750
f 9700 9689 9749
f 9633 9700 9748
f 9631 9633 9747
f 9632 9631 9746
f 9669 9632 9745
f 9667 9669 9744
f 9668 9667 9743
f 9630 9668 9742
f 9628 9630 9741
f 9629 9628 9740
f 9666 9629 9739
f 9717 9666 9738
f 9716 9717 9737
f 9714 9716 9736
f 9715 9714 9735
f 9719 9715 9734
f 9718 9719 9733
f 9707 9718 9732
f 9705 9707 9731
f 9706 9705 9730
f 9688 9706 9729
f 9687 9688 9728
f 9665 9687 9727
f 9664 9665 9725
f 7276 8536 8537
f 8537 8538 7276
f 8538 8539 7276
f 8500 8501 8862
f 9004 8862 8501
f 9796 9797 9294
f 9436 9294 9797
f 9416 8471 8472
f 7276 8535 8536
f 9869 8904 8905
f 9004 8502 8503
f 8501 8502 9004
f 9436 9798 9799
f 9797 9798 9436
f 9414 8477 8478
f 9414 8474 8475
f 9414 8472 8473
f 8471 9418 9419
f 8472 9415 9416
f 9840 7276 8431
f 7276 8543 8544
f 8539 8540 7276
f 7275 8971 8972
f 7275 8968 8969
f 8905 8906 9869
f 8904 9869 9367
f 8862 8861 8500
f 8861 8498 8499
f 9294 9293 9796
f 9293 9794 9795
f 9414 8476 8477
f 8473 8474 9414
f 8471 9417 9418
f 8472 9414 9415
f 7276 8429 8431
f 7276 8572 8430
f 8544 8545 7276
f 8545 8546 7276
f 7276 8541 8542
f 7276 8534 8535
f 8972 8512 7275
f 8972 8511 8512
f 8969 8970 7275
f 8970 8971 7275
f 9869 8907 8908
f 9367 8903 8904
f 8902 9367 9368
f 8498 8861 8863
f 8499 8500 8861
f 8506 8987 8988
f 9794 9293 9295
f 9795 9796 9293
f 9800 9432 9433
f 8475 8476 9414
f 9416 9417 8471
f 8479 9412 9413
f 8479 9410 9411
f 8866 9392 9393
f 8430 8429 7276
f 7276 8570 8571
f 8542 8543 7276
f 8540 8541 7276
f 7275 8533 8534
f 7275 8529 8530
f 9869 8914 8915
f 9869 8911 8912
f 8906 8907 9869
f 9368 8901 8902
f 9869 9364 9365
f 8503 8504 9004
f 8504 9002 9003
f 8506 9000 9001
f 8988 8989 8506
f 8506 8985 8986
f 9799 9800 9436
f 9800 9434 9435
f 9800 9431 9432
f 9419 9420 8471
f 8478 8479 9414
f 9411 9412 8479
f 8866 9395 9396
f 9393 9394 8866
f 7276 9840 9841
f 8571 8572 7276
f 9838 8431 8432
f 7275 8532 8533
f 8534 7276 7275
f 7275 8528 8529
f 8530 8531 7275
f 8972 8510 8511
f 7275 8965 8966
f 7275 8961 8962
f 9869 8918 8919
f 8915 8916 9869
f 8916 8917 9869
f 8912 8913 9869
f 9869 8909 8910
f 8902 8903 9367
f 9365 9366 9869
f 9002 8504 8505
f 9003 9004 8504
f 8506 8999 9000
f 8506 8990 8991
f 8986 8987 8506
f 8506 8978 8979
f 9435 9436 9800
f 9800 9430 9431
f 9410 8489 8490
f 9410 8487 8488
f 9410 8484 8485
f 9410 8480 8481
f 9413 9414 8479
f 9420 8469 8470
f 9420 8465 8466
f 8866 9405 9406
f 8866 9403 9404
f 8866 9397 9398
f 9394 9395 8866
f 7276 9851 9852
f 8431 9839 9840
f 8432 9837 9838
f 8434 9818 9819
f 7276 8546 8547
f 8531 8532 7275
f 7275 8518 8519
f 8972 8509 8510
f 8966 8967 7275
f 8967 8968 7275
f 8962 8963 7275
f 7275 8932 8933
f 8919 8920 9869
f 8913 8914 9869
f 8908 8909 9869
f 9869 9363 9364
f 9869 9361 9362
f 9368 8898 8899
f 9869 9347 9348
f 8863 8864 8498
f 8506 8998 8999
f 8989 8990 8506
f 8506 8983 8984
f 8506 8981 8982
f 8979 8980 8506
f 8980 8981 8506
f 8506 8975 8976
f 9433 9434 9800
f 9296 9792 9793
f 8488 8489 9410
f 8485 8486 9410
f 8486 8487 9410
f 9410 8479 8480
f 8470 8471 9420
f 8466 8467 9420
f 8467 8468 9420
f 8491 8866 9408
f 9404 9405 8866
f 8866 9401 9402
f 8866 9399 9400
f 9396 9397 8866
f 9852 9853 7276
f 7276 9849 9850
f 9838 9839 8431
f 8432 9835 9836
f 9823 8433 8434
f 9819 9820 8434
f 8465 9800 9801
f 9801 8462 8463
f 8547 8548 7276
f 7275 8526 8527
f 7275 8523 8524
f 7275 8521 8522
f 8519 8520 7275
f 7275 8516 8517
f 8963 8964 7275
f 7275 8958 8959
f 7275 8935 8936
f 8933 8934 7275
f 7275 8923 8924
f 9869 8922 8923
f 8920 8921 9869
f 9366 9367 9869
f 9869 9360 9361
f 9368 8897 8898
f 9869 9350 9351
f 9869 9346 9347
f 9001 9002 8506
f 8864 8496 8497
f 8984 8985 8506
f 8976 8977 8506
f 8977 8978 8506
f 8506 8973 8974
f 9792 9296 9297
f 9793 9794 9296
f 9800 9428 9429
f 9800 9425 9426
f 8465 9424 9425
f 8465 9422 9423
f 8465 9420 9421
f 9410 8482 8483
f 8866 9407 9408
f 9402 9403 8866
f 9398 9399 8866
f 8866 9384 9385
f 9300 9772 9773
f 9300 9768 9769
f 9300 9765 9766
f 9870 9725 9727
f 9870 9868 9726
f 9870 9859 9860
f 7276 9854 9855
f 9850 9851 7276
f 9853 9854 7276
f 7276 9847 9848
f 9836 9837 8432
f 9841 9842 7276
f 7276 8568 8569
f 9833 8432 8433
f 8433 9829 9830
f 8433 9827 9828
f 8434 9822 9823
f 9823 9824 8433
f 9820 9821 8434
f 8463 8464 9801
f 7276 8554 8555
f 7275 8525 8526
f 8527 8528 7275
f 8522 8523 7275
f 8524 8525 7275
f 8517 8518 7275
f 8520 8521 7275
f 8964 8965 7275
f 8959 8960 7275
f 7275 8947 8948
f 7275 8941 8942
f 8936 8937 7275
f 7275 8931 8932
f 7275 8929 8930
f 8923 7275 9869
f 8924 8925 7275
f 8917 8918 9869
f 9362 9363 9869
f 8899 8900 9368
f 9351 9352 9869
f 9869 9345 9346
f 8496 8864 8865
f 8497 8498 8864
f 8506 8996 8997
f 8506 8992 8993
f 8982 8983 8506
f 8974 8975 8506
f 9295 9296 9794
f 9800 9427 9428
f 9425 9800 8465
f 9426 9427 9800
f 9421 9422 8465
f 8483 8484 9410
f 8468 8469 9420
f 9408 9409 8491
f 9400 9401 8866
f 8866 9390 9391
f 8866 9388 9389
f 9385 9386 8866
f 9300 9775 9776
f 9773 9774 9300
f 9774 9775 9300
f 9300 9770 9771
f 9300 9767 9768
f 9769 9770 9300
f 9300 9764 9765
f 9766 9767 9300
f 9870 9740 9741
f 9726 9725 9870
f 9870 9866 9867
f 9870 9858 9859
f 7276 9857 9858
f 9855 9856 7276
f 9856 9857 7276
f 9848 9849 7276
f 7276 9844 9845
f 8569 8570 7276
f 8432 9833 9834
f 8433 9831 9832
f 9828 9829 8433
f 9821 9822 8434
f 8434 9816 9817
f 8434 9813 9814
f 9801 8461 8462
f 9802 8448 8449
f 7276 8558 8559
f 7276 8556 8557
f 7276 8553 8554
f 7275 8513 8514
f 8960 8961 7275
f 7275 8956 8957
f 7275 8952 8953
f 7275 8946 8947
f 8942 8943 7275
f 7275 8938 8939
f 8934 8935 7275
f 7275 8928 8929
f 7275 8926 8927
f 8921 8922 9869
f 8900 8901 9368
f 8910 8911 9869
f 9352 9353 9869
f 9348 9349 9869
f 9869 9343 9344
f 9869 9341 9342
f 9869 9337 9338
f 9869 9335 9336
f 8508 8972 8973
f 8505 8506 9002
f 8506 8995 8996
f 8993 8994 8506
f 8991 8992 8506
f 9429 9430 9800
f 9423 9424 8465
f 8481 8482 9410
f 9406 9407 8866
f 9389 9390 8866
f 9386 9387 8866
f 8866 9380 9381
f 9300 9778 9779
f 9776 9777 9300
f 9777 9778 9300
f 9771 9772 9300
f 9741 9742 9870
f 9867 9868 9870
f 9870 9864 9865
f 9858 9870 7276
f 9860 9861 9870
f 9845 9846 7276
f 9846 9847 7276
f 7276 9842 9843
f 9834 9835 8432
f 9830 9831 8433
f 8433 9824 9825
f 9817 9818 8434
f 9814 9815 8434
f 9815 9816 8434
f 8434 9810 9811
f 8434 9805 9806
f 9801 8460 8461
f 9801 8458 8459
f 9801 8456 8457
f 9801 8454 8455
f 9802 8451 8452
f 8449 8450 9802
f 7276 8563 8564
f 8559 8560 7276
f 8555 8556 7276
f 7276 8551 8552
f 7276 8549 8550
f 8514 8515 7275
f 8515 8516 7275
f 7275 8955 8956
f 8953 8954 7275
f 7275 8950 8951
f 7275 8945 8946
f 8943 8944 7275
f 8939 8940 7275
f 8930 8931 7275
f 7275 8925 8926
f 9869 9354 9355
f 9349 9350 9869
f 9342 9343 9869
f 9869 9339 9340
f 9336 9337 9869
f 9338 9339 9869
f 8973 8506 8507
f 8973 8507 8508
f 8997 8998 8506
f 8866 8494 8495
f 9298 9790 9791
f 9409 9410 8491
f 9387 9388 8866
f 9381 9382 8866
f 9382 9383 8866
f 9300 9780 9781
f 9742 9743 9870
f 9870 9738 9739
f 9870 9735 9736
f 9870 9733 9734
f 9870 9730 9731
f 9870 9728 9729
f 9865 9866 9870
f 9843 9844 7276
f 8433 9832 9833
f 9825 9826 8433
f 9826 9827 8433
f 9811 9812 8434
f 9812 9813 8434
f 8434 9808 9809
f 9806 9807 8434
f 9807 9808 8434
f 8459 8460 9801
f 8455 8456 9801
f 8454 9801 9802
f 8450 8451 9802
f 9805 8437 8438
f 7276 8562 8563
f 8560 8561 7276
f 8552 8553 7276
f 8548 8549 7276
f 8512 8513 7275
f 8954 8955 7275
f 7275 8949 8950
f 8944 8945 7275
f 8937 8938 7275
f 9869 9358 9359
f 9355 9356 9869
f 9344 9345 9869
f 9869 9333 9334
f 8994 8995 8506
f 8866 8493 8494
f 8866 8491 8492
f 9790 9298 9299
f 9791 9792 9298
f 9391 9392 8866
f 9383 9384 8866
f 9300 9785 9786
f 9300 9783 9784
f 9781 9782 9300
f 9870 9745 9746
f 9743 9744 9870
f 9870 9737 9738
f 9734 9735 9870
f 9731 9732 9870
f 9727 9728 9870
f 9870 9862 9863
f 9809 9810 8434
f 8448 9802 9803
f 8457 8458 9801
f 8452 8453 9802
f 8438 8439 9805
f 8439 8440 9805
f 9805 8434 8435
f 8561 8562 7276
f 8550 8551 7276
f 8957 8958 7275
f 8948 8949 7275
f 8927 8928 7275
f 9869 9357 9358
f 9353 9354 9869
f 9334 9335 9869
f 8865 8866 8496
f 8492 8493 8866
f 9297 9298 9792
f 9300 9787 9788
f 9784 9785 9300
f 9779 9780 9300
f 9870 9747 9748
f 9744 9745 9870
f 9736 9737 9870
f 9729 9730 9870
f 9870 9861 9862
f 7276 8566 8567
f 9803 9804 8448
f 9804 9805 8448
f 9802 8453 8454
f 9805 8446 8447
f 9805 8444 8445
f 9805 8441 8442
f 8440 8441 9805
f 8435 8436 9805
f 8436 8437 9805
f 8557 8558 7276
f 8951 8952 7275
f 9359 9360 9869
f 9340 9341 9869
f 8495 8496 8866
f 8490 8491 9410
f 9788 9789 9300
f 9782 9783 9300
f 8897 9368 9369
f 9369 8894 8895
f 9870 9754 9755
f 9870 9750 9751
f 9748 9749 9870
f 9739 9740 9870
f 9863 9864 9870
f 7276 8565 8566
f 9801 8464 8465
f 8445 8446 9805
f 8442 8443 9805
f 8443 8444 9805
f 9356 9357 9869
f 9299 9300 9790
f 9786 9787 9300
f 8895 8896 9369
f 9369 8891 8892
f 9369 8887 8888
f 9370 8876 8877
f 9371 8866 8867
f 9755 9756 9870
f 9756 9757 9870
f 9870 9752 9753
f 9749 9750 9870
f 9732 9733 9870
f 8567 8568 7276
f 8447 8448 9805
f 9764 9301 9302
f 8940 8941 7275
f 9789 9790 9300
f 9369 8893 8894
f 9369 8890 8891
f 8888 8889 9369
f 8889 8890 9369
f 9369 8885 8886
f 9370 8880 8881
f 9370 8878 8879
f 9370 8875 8876
f 8877 8878 9370
f 8866 9373 9374
f 8867 9370 9371
f 9371 9372 8866
f 9870 9758 9759
f 9751 9752 9870
f 9764 9300 9301
f 8508 8509 8972
f 8892 8893 9369
f 8886 8887 9369
f 8885 9369 9370
f 8881 8882 9370
f 9370 8873 8874
f 9370 8871 8872
f 8866 9376 9377
f 9374 9375 8866
f 9375 9376 8866
f 9370 8869 8870
f 9372 9373 8866
f 9870 9320 9321
f 9870 9312 9313
f 9870 9309 9310
f 9305 9763 9764
f 9870 9762 9763
f 9759 9760 9870
f 9760 9761 9870
f 9753 9754 9870
f 9746 9747 9870
f 8564 8565 7276
f 9869 9330 9331
f 9370 8883 8884
f 9370 8884 8885
f 8879 8880 9370
f 8872 8873 9370
f 8874 8875 9370
f 8866 9378 9379
f 9377 9378 8866
f 9370 8868 8869
f 8870 8871 9370
f 8867 8868 9370
f 9870 9323 9324
f 9870 9319 9320
f 9321 9322 9870
f 9870 9315 9316
f 9313 9314 9870
f 9314 9315 9870
f 9310 9311 9870
f 9764 9303 9304
f 9764 9304 9305
f 9870 9761 9762
f 9763 9305 9870
f 9757 9758 9870
f 9302 9303 9764
f 9869 9329 9330
f 9331 9332 9869
f 9379 9380 8866
f 9870 9326 9327
f 9324 9325 9870
f 9325 9326 9870
f 9322 9323 9870
f 9316 9317 9870
f 9317 9318 9870
f 9311 9312 9870
f 9870 9307 9308
f 9870 9305 9306
f 9332 9333 9869
f 8882 8883 9370
f 9327 9869 9870
f 9327 9328 9869
f 9318 9319 9870
f 9308 9309 9870
f 9369 8896 8897
f 9328 9329 9869
f 9306 9307 9870
f 9869 9871 9872
f 9872 9870 9869
f 9873 9872 9871
f 9871 9874 9873
f 9875 9876 9873
f 9873 9874 9875
f 9877 9878 9876
f 9876 9875 9877
f 4678 9869 7275
f 6119 6104 7275
f 4678 9875 9869
f 5023 4826 4678
f 6119 6109 6104
f 4678 6104 5023
f 9877 9875 9879
f 4678 6272 9879
f 7275 6104 4678
f 9871 9869 9875
f 6102 9879 6272
f 9879 9875 4678
f 9875 9874 9871
f 9879 9880 9877
f 6272 6103 6102
f 7275 7027 6119
f 5952 7276 9870
f 9873 9876 9870
f 5952 6105 7276
f 9870 9872 9873
f 9870 5953 5952
f 6118 7020 7276
f 9870 9881 5953
f 7276 6105 6118
f 6105 6111 6118
f 9878 9882 9881
f 9881 9876 9878
f 9876 9881 9870
f 9880 9879 9881
f 9881 9882 9880
f 9877 9880 9882
f 9882 9878 9877
f 9883 6914 6915
f 9883 6912 6913
f 9883 6903 6904
f 9883 9884 6901
f 9884 6899 6900
f 9885 6951 6952
f 9886 6930 6931
f 9886 6928 6929
f 9886 6926 6927
f 6913 6914 9883
f 9883 6910 6911
f 9883 6906 6907
f 6904 6905 9883
f 6900 6901 9884
f 6952 6953 9885
f 9886 6945 6946
f 9886 6934 6935
f 6931 6932 9886
f 6927 6928 9886
f 9883 6921 6922
f 9883 6916 6917
f 6911 6912 9883
f 6905 6906 9883
f 6901 6902 9883
f 9887 9888 6853
f 9885 6972 6973
f 9885 6954 6955
f 9885 6950 6951
f 9885 9886 6949
f 9886 6944 6945
f 9886 6939 6940
f 9886 6937 6938
f 6935 6936 9886
f 6929 6930 9886
f 9886 9883 6925
f 9883 6923 6924
f 9883 6920 6921
f 9883 6918 6919
f 6915 6916 9883
f 9883 6908 6909
f 6902 6903 9883
f 9887 6858 6859
f 9887 6855 6856
f 6853 6854 9887
f 9888 6975 6976
f 6973 9888 9885
f 9885 6970 6971
f 9885 6968 6969
f 6953 6954 9885
f 9886 6948 6949
f 6946 6947 9886
f 9886 6942 6943
f 6940 6941 9886
f 6936 6937 9886
f 6932 6933 9886
f 6924 6925 9883
f 6919 6920 9883
f 6909 6910 9883
f 9884 6898 6899
f 9884 6896 6897
f 9887 6873 6874
f 9887 6857 6858
f 6854 6855 9887
f 9888 6849 6850
f 9888 6846 6847
f 9888 6844 6845
f 6976 6977 9888
f 6973 6974 9888
f 6969 6970 9885
f 9885 6966 6967
f 9885 6957 6958
f 6949 6950 9885
f 6943 6944 9886
f 6938 6939 9886
f 6925 6926 9886
f 6917 6918 9883
f 6897 6898 9884
f 9884 6879 6880
f 9887 6872 6873
f 6856 6857 9887
f 9888 6851 6852
f 9888 6848 6849
f 6845 6846 9888
f 9888 6841 6843
f 9888 6982 6983
f 6974 6975 9888
f 6967 6968 9885
f 9885 6956 6957
f 6947 6948 9886
f 6933 6934 9886
f 6907 6908 9883
f 9884 6890 6891
f 6880 6881 9884
f 6874 6875 9887
f 9887 6870 6871
f 6852 6853 9888
f 6847 6848 9888
f 9888 6842 6841
f 6983 6984 9888
f 9888 6980 6981
f 9888 6978 6979
f 6971 6972 9885
f 9885 6964 6965
f 9885 6962 6963
f 6955 6956 9885
f 6922 6923 9883
f 9884 6889 6890
f 9884 6887 6888
f 9884 6885 6886
f 9884 6882 6883
f 9884 6878 6879
f 6871 6872 9887
f 9887 6867 6868
f 9887 6862 6863
f 6850 6851 9888
f 6984 6842 9888
f 6979 6980 9888
f 6965 6966 9885
f 9885 6961 6962
f 9885 6959 6960
f 6941 6942 9886
f 9884 6894 6895
f 6888 6889 9884
f 9884 6884 6885
f 6881 6882 9884
f 9884 9887 6877
f 6875 6876 9887
f 6868 6869 9887
f 9887 6865 6866
f 6863 6864 9887
f 6843 6844 9888
f 6977 6978 9888
f 6960 6961 9885
f 6895 6896 9884
f 6886 6887 9884
f 6877 6878 9884
f 6869 6870 9887
f 6864 6865 9887
f 6981 6982 9888
f 6958 6959 9885
f 9884 6892 6893
f 6883 6884 9884
f 6866 6867 9887
f 9887 6860 6861
f 6963 6964 9885
f 6891 6892 9884
f 6861 6862 9887
f 6893 6894 9884
f 6859 6860 9887
f 6876 6877 9887
f 9886 9889 9890
f 9890 9883 9886
f 9885 9891 9889
f 9889 9886 9885
f 9888 9892 9891
f 9891 9885 9888
f 9887 9893 9892
f 9892 9888 9887
f 9884 9894 9893
f 9893 9887 9884
f 9883 9890 9894
f 9894 9884 9883
f 9895 6804 6805
f 9896 6748 6749
f 9896 6744 6745
f 9897 6723 6724
f 9897 6719 6720
f 9898 6806 6807
f 6805 9898 9895
f 9896 6747 6748
f 9896 6743 6744
f 9896 6741 6742
f 9897 6722 6723
f 6720 6721 9897
f 9897 6717 6718
f 9899 6706 6707
f 9898 6811 6812
f 6805 6806 9898
f 9895 6802 6803
f 9900 9896 6757
f 9896 6753 6754
f 9896 6751 6752
f 9896 6746 6747
f 6742 6743 9896
f 6721 6722 9897
f 9897 6716 6717
f 9897 6713 6714
f 9899 6705 6706
f 9898 6814 6815
f 9898 6810 6811
f 9898 6808 6809
f 6803 6804 9895
f 9900 6770 6771
f 9900 6768 6769
f 9896 6756 6757
f 6754 6755 9896
f 9896 6750 6751
f 6745 6746 9896
f 9897 6730 6731
f 6718 6719 9897
f 6714 6715 9897
f 9897 6709 6710
f 9899 6708 6709
f 9899 6704 6705
f 9899 6702 6703
f 9899 6697 6699
f 9899 6840 6698
f 9898 6825 6826
f 6815 6816 9898
f 6812 6813 9898
f 6807 6808 9898
f 9895 6800 6801
f 9895 6797 6798
f 6769 6770 9900
f 9900 6766 6767
f 6755 6756 9896
f 6749 6750 9896
f 6731 6732 9897
f 9897 6728 6729
f 9897 6725 6726
f 6715 6716 9897
f 9897 6711 6712
f 6709 9897 9899
f 6703 6704 9899
f 6698 6697 9899
f 9899 6838 6839
f 9898 6828 6829
f 9898 6824 6825
f 9898 6822 6823
f 6813 6814 9898
f 6801 6802 9895
f 6798 6799 9895
f 9895 6784 6785
f 9895 9900 6781
f 9900 6772 6773
f 6767 6768 9900
f 9900 6758 6759
f 6752 6753 9896
f 9896 6738 6739
f 9896 6734 6735
f 9896 9897 6733
f 6729 6730 9897
f 6726 6727 9897
f 6712 6713 9897
f 6707 6708 9899
f 9899 6700 6701
f 6839 6840 9899
f 6829 9899 9898
f 6823 6824 9898
f 9898 6820 6821
f 6809 6810 9898
f 9895 6796 6797
f 9895 6787 6788
f 9895 6783 6784
f 6781 6782 9895
f 9900 6775 6776
f 6771 6772 9900
f 9900 6764 6765
f 9900 6761 6762
f 6757 6758 9900
f 6739 6740 9896
f 9896 6736 6737
f 6733 6734 9896
f 6727 6728 9897
f 6710 6711 9897
f 6699 6700 9899
f 9899 6836 6837
f 9899 6831 6832
f 9898 6827 6828
f 6821 6822 9898
f 6799 6800 9895
f 9895 6794 6795
f 9895 6791 6792
f 9895 6786 6787
f 6782 6783 9895
f 9900 6779 6780
f 9900 6777 6778
f 9900 6774 6775
f 6765 6766 9900
f 6762 6763 9900
f 6740 6741 9896
f 6735 6736 9896
f 6724 6725 9897
f 6837 6838 9899
f 9899 6834 6835
f 9899 6830 6831
f 6826 6827 9898
f 9898 6817 6818
f 6795 6796 9895
f 6792 6793 9895
f 9895 6789 6790
f 6785 6786 9895
f 6778 6779 9900
f 6773 6774 9900
f 9900 6760 6761
f 6737 6738 9896
f 6701 6702 9899
f 9899 6833 6834
f 6829 6830 9899
f 6818 6819 9898
f 6793 6794 9895
f 6788 6789 9895
f 6776 6777 9900
f 6759 6760 9900
f 6835 6836 9899
f 6819 6820 9898
f 6790 6791 9895
f 6763 6764 9900
f 6832 6833 9899
f 6780 6781 9900
f 6816 6817 9898
f 6732 6733 9897
f 9897 9901 9902
f 9902 9899 9897
f 9896 9903 9901
f 9901 9897 9896
f 9900 9904 9903
f 9903 9896 9900
f 9895 9905 9904
f 9904 9900 9895
f 9898 9906 9905
f 9905 9895 9898
f 9899 9902 9906
f 9906 9898 9899
f 9892 5962 5960
f 9892 5964 5962
f 9892 5968 5966
f 9892 5994 5992
f 9893 5996 5994
f 5966 5964 9892
f 9892 5972 5970
f 9892 5978 5976
f 9892 5988 5986
f 5994 9892 9893
f 9893 6000 5998
f 9890 6061 6063
f 9890 6049 6051
f 9890 6045 6047
f 9890 6041 6043
f 9892 5958 5956
f 5970 5968 9892
f 5976 5974 9892
f 9892 5982 5980
f 9892 5990 5988
f 5998 5996 9893
f 9890 6059 6061
f 9890 6055 6057
f 6047 6049 9890
f 9890 6039 6041
f 9907 6084 6082
f 5956 5954 9892
f 5974 5972 9892
f 9892 5984 5982
f 5992 5990 9892
f 6063 6065 9890
f 9890 6053 6055
f 6043 6045 9890
f 9890 6035 6037
f 9893 6016 6014
f 6082 6080 9907
f 9907 6090 6088
f 9907 6094 6092
f 9907 6098 6096
f 5960 5958 9892
f 5986 5984 9892
f 9893 6008 6006
f 6057 6059 9890
f 6037 6039 9890
f 9890 6028 6031
f 9893 6018 6016
f 9907 6086 6084
f 6092 6090 9907
f 9907 6100 6098
f 9907 9908 6102
f 9909 9903 9904
f 5953 9910 9904
f 5980 5978 9892
f 9893 6004 6002
f 9893 6010 6008
f 5950 9901 9891
f 9891 9901 9903
f 9890 6069 6026
f 6051 6053 9890
f 6031 6033 9890
f 9893 6020 6018
f 9893 6024 6022
f 9907 6078 6076
f 6088 6086 9907
f 6102 6100 9907
f 5948 5953 9905
f 9909 6028 9903
f 5953 9911 9910
f 6002 6000 9893
f 9893 6012 6010
f 9903 9889 9891
f 9903 6028 9890
f 9890 6067 6069
f 6033 6035 9890
f 6022 6020 9893
f 6024 9893 9894
f 6076 6074 9907
f 6096 6094 9907
f 9905 9906 5948
f 9904 9905 5953
f 6006 6004 9893
f 9890 9889 9903
f 6065 6067 9890
f 9894 6026 6024
f 6080 6078 9907
f 9904 9910 9909
f 9891 9892 5950
f 6014 6012 9893
f 9879 9912 5953
f 9879 6102 9908
f 6074 6072 9907
f 6028 9909 9907
f 5953 9912 9911
f 6026 9894 9890
f 9908 9912 9879
f 9907 6070 6028
f 5950 5948 9902
f 5954 5950 9892
f 6072 6070 9907
f 9906 9902 5948
f 9902 9901 5950
f 5953 9881 9879
f 9913 9914 6685
f 9915 9913 6565
f 9913 6558 6559
f 9913 6556 6557
f 9913 6554 6553
f 9913 6695 6696
f 9913 6687 6688
f 6685 6686 9913
f 9914 6682 6683
f 6565 6566 9915
f 9913 6563 6564
f 9913 6561 6562
f 6559 6560 9913
f 9913 6555 6556
f 6696 6554 9913
f 9913 6693 6694
f 9913 6691 6692
f 9913 6689 6690
f 6686 6687 9913
f 6683 6684 9914
f 9914 6680 6681
f 9915 6571 6572
f 9915 6569 6570
f 9915 6567 6568
f 6564 6565 9913
f 6560 6561 9913
f 6553 6555 9913
f 6692 6693 9913
f 6688 6689 9913
f 6681 6682 9914
f 9914 6678 6679
f 9916 6618 6619
f 6572 6573 9915
f 6568 6569 9915
f 6562 6563 9913
f 6694 6695 9913
f 6684 6685 9914
f 9914 6677 6678
f 9914 6669 6670
f 9917 6645 6646
f 9917 6642 6643
f 9917 6639 6640
f 9916 6617 6618
f 9915 6575 6576
f 6573 6574 9915
f 6566 6567 9915
f 6690 6691 9913
f 9914 6676 6677
f 9914 6674 6675
f 9914 6672 6673
f 6670 6671 9914
f 6646 6647 9917
f 9917 6641 6642
f 9917 6638 6639
f 9917 9916 6637
f 9916 6634 6635
f 9916 6632 6633
f 9916 6616 6617
f 9916 6614 6615
f 9915 6579 6580
f 6574 6575 9915
f 6557 6558 9913
f 6675 6676 9914
f 6671 6672 9914
f 9914 9917 6661
f 9917 6644 6645
f 6640 6641 9917
f 9916 6636 6637
f 6633 6634 9916
f 9916 6626 6627
f 9916 6624 6625
f 9916 6622 6623
f 6615 6616 9916
f 9918 6612 6613
f 9915 6578 6579
f 6570 6571 9915
f 6673 6674 9914
f 9914 6662 6663
f 9917 6660 6661
f 9917 6648 6649
f 6643 6644 9917
f 6635 6636 9916
f 9916 6630 6631
f 6625 6626 9916
f 9916 6621 6622
f 6619 6620 9916
f 6613 9916 9918
f 9918 6609 6610
f 9918 6607 6608
f 9918 6604 6605
f 9915 6582 6583
f 9915 6577 6578
f 6679 6680 9914
f 6661 6662 9914
f 9917 6658 6659
f 6647 6648 9917
f 6631 6632 9916
f 6623 6624 9916
f 6613 6614 9916
f 6610 6611 9918
f 9918 6606 6607
f 9918 6603 6604
f 9918 6600 6601
f 9915 6588 6589
f 9915 6586 6587
f 9915 6581 6582
f 6576 6577 9915
f 9914 6666 6667
f 9914 6664 6665
f 6659 6660 9917
f 6637 6638 9917
f 9916 6628 6629
f 6620 6621 9916
f 6608 6609 9918
f 9918 6602 6603
f 9918 6599 6600
f 6587 6588 9915
f 9915 6584 6585
f 6580 6581 9915
f 6667 6668 9914
f 6663 6664 9914
f 9917 6656 6657
f 9917 6654 6655
f 6629 6630 9916
f 6611 6612 9918
f 6601 6602 9918
f 9918 6597 6598
f 6585 6586 9915
f 6668 6669 9914
f 6657 6658 9917
f 9917 6653 6654
f 9917 6651 6652
f 6627 6628 9916
f 6598 6599 9918
f 9918 6590 6591
f 6583 6584 9915
f 6655 6656 9917
f 9917 6650 6651
f 6605 6606 9918
f 9918 6594 6595
f 9918 6592 6593
f 9918 6589 6590
f 6665 6666 9914
f 6649 6650 9917
f 6595 6596 9918
f 6591 6592 9918
f 6652 6653 9917
f 6593 6594 9918
f 6596 6597 9918
f 6589 9918 9915
f 9917 9912 9908
f 9908 9916 9917
f 9914 9911 9912
f 9912 9917 9914
f 9913 9910 9911
f 9911 9914 9913
f 9915 9909 9910
f 9910 9913 9915
f 9918 9907 9909
f 9909 9915 9918
f 9916 9908 9907
f 9907 9918 9916
f 9919 7563 7562
f 9919 7564 7563
f 9919 7425 7424
f 9920 7527 7526
f 7562 7561 9919
f 9919 7422 7421
f 7424 7423 9919
f 9920 7528 7527
f 9920 9921 7529
f 9921 7533 7532
f 9919 7560 7559
f 7421 7564 9919
f 9919 7426 7425
f 9922 7473 7472
f 7526 7525 9920
f 9921 7530 7529
f 7532 7531 9921
f 7559 7558 9919
f 7423 7422 9919
f 9919 7429 7428
f 9919 9923 7433
f 9923 7455 7454
f 9922 7458 7457
f 9922 7461 7460
f 7472 7471 9922
f 9922 7475 7474
f 9920 7524 7523
f 7529 7528 9920
f 9921 7534 7533
f 9921 7546 7545
f 9919 7557 7556
f 7561 7560 9919
f 7428 7427 9919
f 7433 7432 9919
f 9923 7452 7451
f 9923 7456 7455
f 7457 9923 9922
f 7460 7459 9922
f 9922 7468 7467
f 9922 7470 7469
f 7474 7473 9922
f 9924 7482 7481
f 9920 7518 7517
f 9920 7520 7519
f 7523 7522 9920
f 7531 7530 9921
f 9921 7536 7535
f 9921 7547 7546
f 9921 7550 7549
f 9921 9919 7553
f 7556 7555 9919
f 7427 7426 9919
f 9923 7434 7433
f 9923 7436 7435
f 9923 7439 7438
f 7451 7450 9923
f 7457 7456 9923
f 9922 7462 7461
f 9922 7464 7463
f 7467 7466 9922
f 7471 7470 9922
f 9922 7478 7477
f 9922 7480 7479
f 7481 9922 9924
f 7517 7516 9920
f 9920 7521 7520
f 7525 7524 9920
f 9921 7537 7536
f 9921 7548 7547
f 9921 7551 7550
f 9919 7554 7553
f 7558 7557 9919
f 7435 7434 9923
f 7438 7437 9923
f 9923 7442 7441
f 9923 7449 7448
f 9923 7453 7452
f 7459 7458 9922
f 9922 7465 7464
f 7469 7468 9922
f 7477 7476 9922
f 7481 7480 9922
f 9924 7491 7490
f 9924 7497 7496
f 9920 7506 7505
f 7519 7518 9920
f 7535 7534 9921
f 9921 7542 7541
f 7545 7544 9921
f 9921 7552 7551
f 7555 7554 9919
f 7437 7436 9923
f 7441 7440 9923
f 9923 7446 7445
f 7450 7449 9923
f 7463 7462 9922
f 7476 7475 9922
f 9924 7483 7482
f 9924 7492 7491
f 7496 7495 9924
f 7505 9924 9920
f 7522 7521 9920
f 9921 7539 7538
f 7541 7540 9921
f 7544 7543 9921
f 7553 7552 9921
f 9919 7431 7430
f 7440 7439 9923
f 9923 7444 7443
f 9923 7447 7446
f 7454 7453 9923
f 7479 7478 9922
f 9924 7485 7484
f 9924 7488 7487
f 7490 7489 9924
f 9924 7498 7497
f 9924 7500 7499
f 9924 7503 7502
f 7505 7504 9924
f 7538 7537 9921
f 7543 7542 9921
f 7430 7429 9919
f 7443 7442 9923
f 7448 7447 9923
f 7484 7483 9924
f 7487 7486 9924
f 9924 7493 7492
f 7495 7494 9924
f 9924 7501 7500
f 7504 7503 9924
f 9920 7509 7508
f 7540 7539 9921
f 7432 7431 9919
f 7466 7465 9922
f 7489 7488 9924
f 7499 7498 9924
f 9920 7507 7506
f 9920 7510 7509
f 9920 7512 7511
f 9920 7515 7514
f 7549 7548 9921
f 7486 7485 9924
f 7502 7501 9924
f 7511 7510 9920
f 7514 7513 9920
f 7445 7444 9923
f 7508 7507 9920
f 7516 7515 9920
f 7513 7512 9920
f 7494 7493 9924
f 9924 9925 9926
f 9926 9920 9924
f 9920 9926 9927
f 9927 9921 9920
f 9921 9927 9928
f 9928 9919 9921
f 9919 9928 9929
f 9929 9923 9919
f 9923 9929 9930
f 9930 9922 9923
f 9922 9930 9925
f 9925 9924 9922
f 9928 6114 9931
f 6114 6115 9932
f 9931 9929 9928
f 9929 9931 9933
f 6115 9934 9932
f 9935 6117 9925
f 6116 9927 9926
f 9933 9930 9929
f 9932 9936 6114
f 6117 9935 9934
f 9925 9930 9935
f 6116 9928 9927
f 9936 9931 6114
f 9930 9933 9935
f 9926 6117 6116
f 9934 6115 6117
f 9928 6116 6114
f 9926 9925 6117
f 9937 7386 7385
f 9938 7385 7384
f 9937 7387 7386
f 9939 9940 7313
f 9938 7383 7382
f 7385 9938 9937
f 7313 7312 9939
f 9940 7315 7314
f 7384 7383 9938
f 9937 7389 7388
f 7314 7313 9940
f 9940 7317 7316
f 9938 7381 7380
f 7388 7387 9937
f 9941 7419 7418
f 7316 7315 9940
f 9940 7319 7318
f 7382 7381 9938
f 9937 7391 7390
f 7418 7417 9941
f 9941 7281 7280
f 9939 7309 7308
f 9939 7311 7310
f 7318 7317 9940
f 9942 7338 7337
f 9938 7379 7378
f 7390 7389 9937
f 9941 7420 7419
f 9941 7278 7277
f 9941 7282 7281
f 9939 7297 7296
f 9939 7301 7300
f 9939 7306 7305
f 7308 7307 9939
f 7312 7311 9939
f 9940 7321 7320
f 9940 7334 7333
f 7337 9940 9942
f 9942 7356 7355
f 9938 7377 7376
f 7380 7379 9938
f 9937 7393 7392
f 9941 7411 7410
f 9941 7416 7415
f 7277 7420 9941
f 7280 7279 9941
f 9941 7288 7287
f 9941 9939 7289
f 9939 7291 7290
f 9939 7294 7293
f 7296 7295 9939
f 9939 7302 7301
f 7307 7306 9939
f 7320 7319 9940
f 7333 7332 9940
f 7337 7336 9940
f 9942 7353 7352
f 9942 7357 7356
f 9942 7361 7360
f 7376 7375 9938
f 7392 7391 9937
f 9937 7396 7395
f 9937 7398 7397
f 9937 9941 7409
f 9941 7412 7411
f 7415 7414 9941
f 7279 7278 9941
f 9941 7284 7283
f 7289 7288 9941
f 9939 7292 7291
f 7295 7294 9939
f 7300 7299 9939
f 9939 7304 7303
f 7310 7309 9939
f 9940 7328 7327
f 9940 7330 7329
f 7332 7331 9940
f 7336 7335 9940
f 7352 7351 9942
f 7355 7354 9942
f 7360 7359 9942
f 9938 7364 7363
f 9938 7366 7365
f 9938 7372 7371
f 7378 7377 9938
f 7395 7394 9937
f 9937 7399 7398
f 9937 7403 7402
f 7409 7408 9937
f 9941 7413 7412
f 7417 7416 9941
f 9941 7285 7284
f 7287 7286 9941
f 7293 7292 9939
f 7299 7298 9939
f 7305 7304 9939
f 7329 7328 9940
f 7335 7334 9940
f 9942 7344 7343
f 9942 7347 7346
f 7354 7353 9942
f 7359 7358 9942
f 9938 7362 7361
f 7365 7364 9938
f 9938 7369 7368
f 7371 7370 9938
f 9938 7374 7373
f 7394 7393 9937
f 9937 7400 7399
f 7402 7401 9937
f 9937 7407 7406
f 7410 7409 9941
f 7283 7282 9941
f 7290 7289 9939
f 7303 7302 9939
f 9940 7326 7325
f 7331 7330 9940
f 9942 7341 7340
f 7343 7342 9942
f 9942 7348 7347
f 7351 7350 9942
f 7361 9942 9938
f 9938 7367 7366
f 7370 7369 9938
f 7375 7374 9938
f 7401 7400 9937
f 7406 7405 9937
f 7414 7413 9941
f 7298 7297 9939
f 9940 7323 7322
f 7327 7326 9940
f 7340 7339 9942
f 9942 7345 7344
f 9942 7349 7348
f 7358 7357 9942
f 7368 7367 9938
f 7397 7396 9937
f 7405 7404 9937
f 7286 7285 9941
f 9940 7324 7323
f 7339 7338 9942
f 7346 7345 9942
f 7363 7362 9938
f 7404 7403 9937
f 7322 7321 9940
f 7342 7341 9942
f 7373 7372 9938
f 7325 7324 9940
f 7408 7407 9937
f 7350 7349 9942
f 9938 9935 9933
f 9933 9937 9938
f 9937 9933 9931
f 9931 9941 9937
f 9941 9931 9936
f 9936 9939 9941
f 9939 9936 9932
f 9932 9940 9939
f 9940 9932 9934
f 9934 9942 9940
f 9942 9934 9935
f 9935 9938 9942
