# Blender 4.0.2
# www.blender.org
o arx5_mounter_-_Part_3
v 0.000000 0.022574 0.026518
v 0.000000 0.022500 0.026520
v -0.033000 0.022500 0.026520
v 0.000000 0.022648 0.026514
v -0.033000 0.022574 0.026518
v 0.000000 0.022722 0.026505
v -0.033000 0.022648 0.026514
v 0.000000 0.022795 0.026494
v -0.033000 0.022722 0.026505
v 0.000000 0.022868 0.026480
v -0.033000 0.022795 0.026494
v 0.000000 0.022940 0.026462
v -0.033000 0.022868 0.026480
v 0.000000 0.023011 0.026441
v -0.033000 0.022940 0.026462
v 0.000000 0.023081 0.026417
v -0.033000 0.023011 0.026441
v 0.000000 0.023151 0.026391
v -0.033000 0.023081 0.026417
v 0.000000 0.023218 0.026361
v -0.033000 0.023151 0.026391
v 0.000000 0.023285 0.026328
v -0.033000 0.023219 0.026361
v 0.000000 0.023350 0.026292
v -0.033000 0.023285 0.026328
v 0.000000 0.023413 0.026254
v -0.033000 0.023350 0.026292
v 0.000000 0.023475 0.026213
v -0.033000 0.023413 0.026254
v 0.000000 0.023535 0.026169
v -0.033000 0.023475 0.026213
v 0.000000 0.023593 0.026122
v -0.033000 0.023535 0.026169
v 0.000000 0.023649 0.026073
v -0.033000 0.023593 0.026122
v 0.000000 0.023702 0.026022
v -0.033000 0.023649 0.026073
v 0.000000 0.023753 0.025968
v -0.033000 0.023702 0.026022
v 0.000000 0.023802 0.025913
v -0.033000 0.023753 0.025968
v 0.000000 0.023849 0.025855
v -0.033000 0.023802 0.025913
v 0.000000 0.023893 0.025795
v -0.033000 0.023849 0.025855
v 0.000000 0.023934 0.025733
v -0.033000 0.023893 0.025795
v 0.000000 0.023972 0.025670
v -0.033000 0.023934 0.025733
v 0.000000 0.024008 0.025605
v -0.033000 0.023972 0.025670
v 0.000000 0.024041 0.025538
v -0.033000 0.024008 0.025605
v 0.000000 0.024071 0.025471
v -0.033000 0.024041 0.025538
v 0.000000 0.024098 0.025401
v -0.033000 0.024071 0.025471
v 0.000000 0.024121 0.025331
v -0.033000 0.024098 0.025401
v 0.000000 0.024142 0.025260
v -0.033000 0.024121 0.025331
v 0.000000 0.024160 0.025188
v -0.033000 0.024142 0.025260
v 0.000000 0.024174 0.025115
v -0.033000 0.024160 0.025188
v 0.000000 0.024185 0.025042
v -0.033000 0.024174 0.025115
v 0.000000 0.024193 0.024968
v -0.033000 0.024186 0.025042
v 0.000000 0.024198 0.024894
v -0.033000 0.024194 0.024968
v 0.000000 0.024200 0.024820
v -0.033000 0.024198 0.024894
v 0.000000 0.024198 0.024746
v -0.033000 0.024200 0.024820
v 0.000000 0.024193 0.024672
v -0.033000 0.024198 0.024746
v 0.000000 0.024185 0.024598
v -0.033000 0.024194 0.024672
v 0.000000 0.024174 0.024525
v -0.033000 0.024186 0.024598
v 0.000000 0.024160 0.024452
v -0.033000 0.024174 0.024525
v 0.000000 0.024142 0.024380
v -0.033000 0.024160 0.024452
v 0.000000 0.024121 0.024309
v -0.033000 0.024142 0.024380
v 0.000000 0.024098 0.024239
v -0.033000 0.024121 0.024309
v 0.000000 0.024071 0.024169
v -0.033000 0.024098 0.024239
v 0.000000 0.024041 0.024101
v -0.033000 0.024071 0.024169
v 0.000000 0.024008 0.024035
v -0.033000 0.024041 0.024101
v 0.000000 0.023972 0.023970
v -0.033000 0.024008 0.024035
v 0.000000 0.023934 0.023907
v -0.033000 0.023972 0.023970
v 0.000000 0.023893 0.023845
v -0.033000 0.023934 0.023907
v 0.000000 0.023849 0.023785
v -0.033000 0.023893 0.023845
v 0.000000 0.023802 0.023727
v -0.033000 0.023849 0.023785
v 0.000000 0.023753 0.023672
v -0.033000 0.023802 0.023727
v 0.000000 0.023702 0.023618
v -0.033000 0.023753 0.023672
v 0.000000 0.023649 0.023567
v -0.033000 0.023702 0.023618
v 0.000000 0.023593 0.023518
v -0.033000 0.023649 0.023567
v 0.000000 0.023535 0.023471
v -0.033000 0.023593 0.023518
v 0.000000 0.023475 0.023427
v -0.033000 0.023535 0.023471
v 0.000000 0.023413 0.023386
v -0.033000 0.023475 0.023427
v 0.000000 0.023350 0.023348
v -0.033000 0.023413 0.023386
v 0.000000 0.023285 0.023312
v -0.033000 0.023350 0.023348
v 0.000000 0.023218 0.023279
v -0.033000 0.023285 0.023312
v 0.000000 0.023151 0.023249
v -0.033000 0.023219 0.023279
v 0.000000 0.023081 0.023223
v -0.033000 0.023151 0.023249
v 0.000000 0.023011 0.023199
v -0.033000 0.023081 0.023223
v 0.000000 0.022940 0.023178
v -0.033000 0.023011 0.023199
v 0.000000 0.022868 0.023160
v -0.033000 0.022940 0.023178
v 0.000000 0.022795 0.023146
v -0.033000 0.022868 0.023160
v 0.000000 0.022722 0.023134
v -0.033000 0.022795 0.023146
v 0.000000 0.022648 0.023126
v -0.033000 0.022722 0.023134
v 0.000000 0.022574 0.023122
v -0.033000 0.022648 0.023126
v 0.000000 0.022500 0.023120
v -0.033000 0.022574 0.023122
v 0.000000 0.022426 0.023122
v -0.033000 0.022500 0.023120
v 0.000000 0.022352 0.023126
v -0.033000 0.022426 0.023122
v 0.000000 0.022278 0.023134
v -0.033000 0.022352 0.023126
v 0.000000 0.022205 0.023146
v -0.033000 0.022278 0.023134
v 0.000000 0.022132 0.023160
v -0.033000 0.022205 0.023146
v 0.000000 0.022060 0.023178
v -0.033000 0.022132 0.023160
v 0.000000 0.021989 0.023199
v -0.033000 0.022060 0.023178
v 0.000000 0.021919 0.023223
v -0.033000 0.021989 0.023199
v 0.000000 0.021849 0.023249
v -0.033000 0.021919 0.023223
v 0.000000 0.021782 0.023279
v -0.033000 0.021849 0.023249
v 0.000000 0.021715 0.023312
v -0.033000 0.021782 0.023279
v 0.000000 0.021650 0.023348
v -0.033000 0.021715 0.023312
v 0.000000 0.021587 0.023386
v -0.033000 0.021650 0.023348
v 0.000000 0.021525 0.023427
v -0.033000 0.021587 0.023386
v 0.000000 0.021465 0.023471
v -0.033000 0.021525 0.023427
v 0.000000 0.021407 0.023518
v -0.033000 0.021465 0.023471
v 0.000000 0.021351 0.023567
v -0.033000 0.021407 0.023518
v 0.000000 0.021298 0.023618
v -0.033000 0.021352 0.023567
v 0.000000 0.021247 0.023672
v -0.033000 0.021298 0.023618
v 0.000000 0.021198 0.023727
v -0.033000 0.021247 0.023672
v 0.000000 0.021151 0.023785
v -0.033000 0.021198 0.023727
v 0.000000 0.021107 0.023845
v -0.033000 0.021151 0.023785
v 0.000000 0.021066 0.023907
v -0.033000 0.021107 0.023845
v 0.000000 0.021028 0.023970
v -0.033000 0.021066 0.023907
v 0.000000 0.020992 0.024035
v -0.033000 0.021028 0.023970
v 0.000000 0.020959 0.024101
v -0.033000 0.020992 0.024035
v 0.000000 0.020929 0.024169
v -0.033000 0.020959 0.024101
v 0.000000 0.020902 0.024239
v -0.033000 0.020929 0.024169
v 0.000000 0.020879 0.024309
v -0.033000 0.020903 0.024239
v 0.000000 0.020858 0.024380
v -0.033000 0.020879 0.024309
v 0.000000 0.020840 0.024452
v -0.033000 0.020858 0.024380
v 0.000000 0.020826 0.024525
v -0.033000 0.020840 0.024452
v 0.000000 0.020815 0.024598
v -0.033000 0.020826 0.024525
v 0.000000 0.020807 0.024672
v -0.033000 0.020815 0.024598
v 0.000000 0.020802 0.024746
v -0.033000 0.020807 0.024672
v 0.000000 0.020800 0.024820
v -0.033000 0.020802 0.024746
v 0.000000 0.020802 0.024894
v -0.033000 0.020800 0.024820
v 0.000000 0.020807 0.024968
v -0.033000 0.020802 0.024894
v 0.000000 0.020815 0.025042
v -0.033000 0.020807 0.024968
v 0.000000 0.020826 0.025115
v -0.033000 0.020815 0.025042
v 0.000000 0.020840 0.025188
v -0.033000 0.020826 0.025115
v 0.000000 0.020858 0.025260
v -0.033000 0.020840 0.025188
v 0.000000 0.020879 0.025331
v -0.033000 0.020858 0.025260
v 0.000000 0.020902 0.025401
v -0.033000 0.020879 0.025331
v 0.000000 0.020929 0.025471
v -0.033000 0.020903 0.025401
v 0.000000 0.020959 0.025538
v -0.033000 0.020929 0.025471
v 0.000000 0.020992 0.025605
v -0.033000 0.020959 0.025538
v 0.000000 0.021028 0.025670
v -0.033000 0.020992 0.025605
v 0.000000 0.021066 0.025733
v -0.033000 0.021028 0.025670
v 0.000000 0.021107 0.025795
v -0.033000 0.021066 0.025733
v 0.000000 0.021151 0.025855
v -0.033000 0.021107 0.025795
v 0.000000 0.021198 0.025913
v -0.033000 0.021151 0.025855
v 0.000000 0.021247 0.025968
v -0.033000 0.021198 0.025913
v 0.000000 0.021298 0.026022
v -0.033000 0.021247 0.025968
v 0.000000 0.021351 0.026073
v -0.033000 0.021298 0.026022
v 0.000000 0.021407 0.026122
v -0.033000 0.021352 0.026073
v 0.000000 0.021465 0.026169
v -0.033000 0.021407 0.026122
v 0.000000 0.021525 0.026213
v -0.033000 0.021465 0.026169
v 0.000000 0.021587 0.026254
v -0.033000 0.021525 0.026213
v 0.000000 0.021650 0.026292
v -0.033000 0.021587 0.026254
v 0.000000 0.021715 0.026328
v -0.033000 0.021650 0.026292
v 0.000000 0.021782 0.026361
v -0.033000 0.021715 0.026328
v 0.000000 0.021849 0.026391
v -0.033000 0.021782 0.026361
v 0.000000 0.021919 0.026417
v -0.033000 0.021849 0.026391
v 0.000000 0.021989 0.026441
v -0.033000 0.021919 0.026417
v 0.000000 0.022060 0.026462
v -0.033000 0.021989 0.026441
v 0.000000 0.022132 0.026480
v -0.033000 0.022060 0.026462
v 0.000000 0.022205 0.026494
v -0.033000 0.022132 0.026480
v 0.000000 0.022278 0.026505
v -0.033000 0.022205 0.026494
v 0.000000 0.022352 0.026514
v -0.033000 0.022278 0.026505
v 0.000000 0.022426 0.026518
v -0.033000 0.022352 0.026514
v -0.033000 0.022426 0.026518
v -0.033000 0.019278 0.024396
v -0.033000 0.019262 0.024537
v -0.033000 0.019253 0.024678
v -0.033000 0.019250 0.024820
v -0.033000 0.019253 0.024962
v -0.033000 0.019262 0.025103
v -0.033000 0.019278 0.025244
v -0.033000 0.019299 0.025384
v -0.033000 0.019327 0.025523
v -0.033000 0.019361 0.025661
v -0.033000 0.019838 0.026684
v -0.033000 0.019922 0.026798
v -0.033000 0.020010 0.026909
v -0.033000 0.020754 0.027561
v -0.033000 0.020875 0.027635
v -0.033000 0.020999 0.027703
v -0.033000 0.019446 0.023708
v -0.033000 0.019400 0.023843
v -0.033000 0.019361 0.023979
v -0.033000 0.019299 0.024256
v -0.033000 0.019759 0.026566
v -0.033000 0.020104 0.027016
v -0.033000 0.020202 0.027118
v -0.033000 0.020304 0.027216
v -0.033000 0.020411 0.027310
v -0.033000 0.020636 0.027482
v -0.033000 0.021127 0.027765
v -0.033000 0.019617 0.023319
v -0.033000 0.019555 0.023447
v -0.033000 0.019497 0.023576
v -0.033000 0.019400 0.025797
v -0.033000 0.019555 0.026193
v -0.033000 0.019617 0.026321
v -0.033000 0.019685 0.026445
v -0.033000 0.020522 0.027398
v -0.033000 0.021388 0.027874
v -0.033000 0.021523 0.027920
v -0.033000 0.021659 0.027959
v -0.033000 0.021797 0.027993
v -0.033000 0.023744 0.027823
v -0.033000 0.023874 0.027765
v -0.033000 0.024001 0.027703
v -0.033000 0.024125 0.027635
v -0.033000 0.024364 0.027482
v -0.033000 0.024479 0.027398
v -0.033000 0.024896 0.027016
v -0.033000 0.024990 0.026909
v -0.033000 0.019327 0.024117
v -0.033000 0.019446 0.025931
v -0.033000 0.019497 0.026064
v -0.033000 0.021256 0.027823
v -0.033000 0.022217 0.028058
v -0.033000 0.022358 0.028067
v -0.033000 0.022500 0.028070
v -0.033000 0.022642 0.028067
v -0.033000 0.024246 0.027561
v -0.033000 0.025078 0.026798
v -0.033000 0.025162 0.026684
v -0.033000 0.025241 0.026566
v -0.033000 0.025701 0.024256
v -0.033000 0.025673 0.024117
v -0.033000 0.025600 0.023843
v -0.033000 0.025554 0.023708
v -0.033000 0.020010 0.022731
v -0.033000 0.019922 0.022842
v -0.033000 0.019838 0.022956
v -0.033000 0.019759 0.023074
v -0.033000 0.019685 0.023195
v -0.033000 0.022783 0.028058
v -0.033000 0.022924 0.028042
v -0.033000 0.024589 0.027310
v -0.033000 0.024696 0.027216
v -0.033000 0.024798 0.027118
v -0.033000 0.025315 0.026445
v -0.033000 0.025554 0.025931
v -0.033000 0.025600 0.025797
v -0.033000 0.025738 0.025103
v -0.033000 0.025747 0.024962
v -0.033000 0.025750 0.024820
v -0.033000 0.025747 0.024678
v -0.033000 0.025639 0.023979
v -0.033000 0.025503 0.023576
v -0.033000 0.025446 0.023447
v -0.033000 0.025383 0.023319
v -0.033000 0.025078 0.022842
v -0.033000 0.024990 0.022731
v -0.033000 0.020202 0.022522
v -0.033000 0.020104 0.022624
v -0.033000 0.021936 0.028021
v -0.033000 0.022076 0.028042
v -0.033000 0.025383 0.026321
v -0.033000 0.025446 0.026193
v -0.033000 0.025503 0.026064
v -0.033000 0.025639 0.025661
v -0.033000 0.025673 0.025523
v -0.033000 0.025701 0.025384
v -0.033000 0.025722 0.025244
v -0.033000 0.025738 0.024537
v -0.033000 0.025722 0.024396
v -0.033000 0.025315 0.023195
v -0.033000 0.025162 0.022956
v -0.033000 0.021797 0.021647
v -0.033000 0.021659 0.021681
v -0.033000 0.021523 0.021720
v -0.033000 0.021388 0.021766
v -0.033000 0.021256 0.021817
v -0.033000 0.020304 0.022424
v -0.033000 0.025241 0.023074
v -0.033000 0.024479 0.022242
v -0.033000 0.024364 0.022158
v -0.033000 0.021936 0.021619
v -0.033000 0.023203 0.027993
v -0.033000 0.023341 0.027959
v -0.033000 0.023477 0.027920
v -0.033000 0.023612 0.027874
v -0.033000 0.024696 0.022424
v -0.033000 0.024589 0.022330
v -0.033000 0.024246 0.022079
v -0.033000 0.023612 0.021766
v -0.033000 0.023477 0.021720
v -0.033000 0.022217 0.021582
v -0.033000 0.022076 0.021598
v -0.033000 0.021127 0.021875
v -0.033000 0.020999 0.021937
v -0.033000 0.023064 0.028021
v -0.033000 0.024896 0.022624
v -0.033000 0.024798 0.022522
v -0.033000 0.023341 0.021681
v -0.033000 0.022783 0.021582
v -0.033000 0.022642 0.021573
v -0.033000 0.022500 0.021570
v -0.033000 0.022358 0.021573
v -0.033000 0.020875 0.022005
v -0.033000 0.020754 0.022079
v -0.033000 0.024125 0.022005
v -0.033000 0.024001 0.021937
v -0.033000 0.023874 0.021875
v -0.033000 0.023744 0.021817
v -0.033000 0.023203 0.021647
v -0.033000 0.023064 0.021619
v -0.033000 0.022924 0.021598
v -0.033000 0.020636 0.022158
v -0.033000 0.020522 0.022242
v -0.033000 0.020411 0.022330
v -0.053000 0.022642 0.021573
v -0.053000 0.022500 0.021570
v -0.053000 0.022783 0.021582
v -0.053000 0.022924 0.021598
v -0.053000 0.023064 0.021619
v -0.053000 0.023203 0.021647
v -0.053000 0.023341 0.021681
v -0.053000 0.023477 0.021720
v -0.053000 0.023612 0.021766
v -0.053000 0.023744 0.021817
v -0.053000 0.023874 0.021875
v -0.053000 0.024001 0.021937
v -0.053000 0.024125 0.022005
v -0.053000 0.024246 0.022079
v -0.053000 0.024364 0.022158
v -0.053000 0.024479 0.022242
v -0.053000 0.024589 0.022330
v -0.053000 0.024696 0.022424
v -0.053000 0.024798 0.022522
v -0.053000 0.024896 0.022624
v -0.053000 0.024990 0.022731
v -0.053000 0.025078 0.022842
v -0.053000 0.025162 0.022956
v -0.053000 0.025241 0.023074
v -0.053000 0.025315 0.023195
v -0.053000 0.025383 0.023319
v -0.053000 0.025446 0.023447
v -0.053000 0.025503 0.023576
v -0.053000 0.025554 0.023708
v -0.053000 0.025600 0.023843
v -0.053000 0.025639 0.023979
v -0.053000 0.025673 0.024117
v -0.053000 0.025701 0.024256
v -0.053000 0.025722 0.024396
v -0.053000 0.025738 0.024537
v -0.053000 0.025747 0.024678
v -0.053000 0.025750 0.024820
v -0.053000 0.025747 0.024962
v -0.053000 0.025738 0.025103
v -0.053000 0.025722 0.025244
v -0.053000 0.025701 0.025384
v -0.053000 0.025673 0.025523
v -0.053000 0.025639 0.025661
v -0.053000 0.025600 0.025797
v -0.053000 0.025554 0.025931
v -0.053000 0.025503 0.026064
v -0.053000 0.025446 0.026193
v -0.053000 0.025383 0.026321
v -0.053000 0.025315 0.026445
v -0.053000 0.025241 0.026566
v -0.053000 0.025162 0.026684
v -0.053000 0.025078 0.026798
v -0.053000 0.024990 0.026909
v -0.053000 0.024896 0.027016
v -0.053000 0.024798 0.027118
v -0.053000 0.024696 0.027216
v -0.053000 0.024589 0.027310
v -0.053000 0.024479 0.027398
v -0.053000 0.024364 0.027482
v -0.053000 0.024246 0.027561
v -0.053000 0.024125 0.027635
v -0.053000 0.024001 0.027703
v -0.053000 0.023874 0.027765
v -0.053000 0.023744 0.027823
v -0.053000 0.023612 0.027874
v -0.053000 0.023477 0.027920
v -0.053000 0.023341 0.027959
v -0.053000 0.023203 0.027993
v -0.053000 0.023064 0.028021
v -0.053000 0.022924 0.028042
v -0.053000 0.022783 0.028058
v -0.053000 0.022642 0.028067
v -0.053000 0.022500 0.028070
v -0.053000 0.022358 0.028067
v -0.053000 0.022217 0.028058
v -0.053000 0.022076 0.028042
v -0.053000 0.021936 0.028021
v -0.053000 0.021797 0.027993
v -0.053000 0.021659 0.027959
v -0.053000 0.021523 0.027920
v -0.053000 0.021388 0.027874
v -0.053000 0.021256 0.027823
v -0.053000 0.021127 0.027765
v -0.053000 0.020999 0.027703
v -0.053000 0.020875 0.027635
v -0.053000 0.020754 0.027561
v -0.053000 0.020636 0.027482
v -0.053000 0.020522 0.027398
v -0.053000 0.020411 0.027310
v -0.053000 0.020304 0.027216
v -0.053000 0.020202 0.027118
v -0.053000 0.020104 0.027016
v -0.053000 0.020010 0.026909
v -0.053000 0.019922 0.026798
v -0.053000 0.019838 0.026684
v -0.053000 0.019759 0.026566
v -0.053000 0.019685 0.026445
v -0.053000 0.019617 0.026321
v -0.053000 0.019555 0.026193
v -0.053000 0.019497 0.026064
v -0.053000 0.019446 0.025931
v -0.053000 0.019400 0.025797
v -0.053000 0.019361 0.025661
v -0.053000 0.019327 0.025523
v -0.053000 0.019299 0.025384
v -0.053000 0.019278 0.025244
v -0.053000 0.019262 0.025103
v -0.053000 0.019253 0.024962
v -0.053000 0.019250 0.024820
v -0.053000 0.019253 0.024678
v -0.053000 0.019262 0.024537
v -0.053000 0.019278 0.024396
v -0.053000 0.019299 0.024256
v -0.053000 0.019327 0.024117
v -0.053000 0.019361 0.023979
v -0.053000 0.019400 0.023843
v -0.053000 0.019446 0.023708
v -0.053000 0.019497 0.023576
v -0.053000 0.019555 0.023447
v -0.053000 0.019617 0.023319
v -0.053000 0.019685 0.023195
v -0.053000 0.019759 0.023074
v -0.053000 0.019838 0.022956
v -0.053000 0.019922 0.022842
v -0.053000 0.020010 0.022731
v -0.053000 0.020104 0.022624
v -0.053000 0.020202 0.022522
v -0.053000 0.020304 0.022424
v -0.053000 0.020411 0.022330
v -0.053000 0.020522 0.022242
v -0.053000 0.020636 0.022158
v -0.053000 0.020754 0.022079
v -0.053000 0.020875 0.022005
v -0.053000 0.020999 0.021937
v -0.053000 0.021127 0.021875
v -0.053000 0.021256 0.021817
v -0.053000 0.021388 0.021766
v -0.053000 0.021523 0.021720
v -0.053000 0.021659 0.021681
v -0.053000 0.021797 0.021647
v -0.053000 0.021936 0.021619
v -0.053000 0.022076 0.021598
v -0.053000 0.022217 0.021582
v -0.053000 0.022358 0.021573
v -0.000000 -0.021028 0.025670
v -0.000000 -0.009841 0.027279
v -0.000000 -0.008651 0.027679
v 0.000000 0.028500 0.035000
v -0.000000 -0.004995 0.028567
v -0.000000 -0.007446 0.028028
v -0.000000 -0.006226 0.028324
v -0.000000 -0.011012 0.026828
v -0.000000 -0.003754 0.028756
v -0.000000 -0.015468 0.024530
v -0.000000 -0.020992 0.025605
v 0.000000 0.003754 0.028756
v -0.000000 0.000000 0.029000
v 0.000000 0.001255 0.028973
v -0.000000 -0.002507 0.028891
v -0.000000 -0.001255 0.028973
v -0.000000 -0.013290 0.025776
v -0.000000 -0.012162 0.026326
v -0.000000 -0.016515 0.023838
v 0.000000 0.002507 0.028891
v -0.000000 -0.014392 0.025177
v 0.000000 0.004995 0.028567
v -0.000000 -0.020959 0.025538
v -0.000000 -0.020902 0.025401
v -0.000000 -0.020879 0.025331
v 0.000000 0.009841 0.027279
v 0.000000 0.011012 0.026828
v -0.000000 -0.020929 0.025471
v 0.000000 0.008651 0.027679
v 0.000000 0.006226 0.028324
v 0.000000 0.007446 0.028028
v 0.000000 0.012162 0.026326
v 0.000000 0.013290 0.025776
v 0.000000 0.014392 0.025177
v 0.000000 0.015468 0.024530
v -0.000000 -0.020802 0.024746
v -0.000000 -0.020807 0.024672
v -0.000000 -0.020802 0.024894
v -0.000000 -0.020800 0.024820
v -0.000000 -0.021298 0.026022
v -0.000000 -0.021247 0.025968
v 0.000000 0.016515 0.023838
v -0.000000 -0.020815 0.025042
v -0.000000 -0.020807 0.024968
v -0.000000 -0.020840 0.025188
v -0.000000 -0.020826 0.025115
v -0.000000 -0.020858 0.025260
v -0.000000 -0.021198 0.025913
v -0.000000 -0.021151 0.025855
v -0.000000 -0.021465 0.026169
v -0.000000 -0.021407 0.026122
v -0.000000 -0.021587 0.026254
v -0.000000 -0.021525 0.026213
v -0.000000 -0.021107 0.025795
v -0.000000 -0.021066 0.025733
v -0.000000 -0.021351 0.026073
v 0.000000 0.017531 0.023101
v 0.000000 0.028241 0.006590
v -0.000000 -0.022722 0.023134
v -0.000000 -0.023624 0.016820
v -0.000000 -0.022874 0.017826
v -0.000000 -0.022500 0.023120
v -0.000000 -0.022082 0.018799
v -0.000000 -0.020840 0.024452
v -0.000000 -0.020858 0.024380
v -0.000000 -0.017531 0.023101
v -0.000000 -0.020815 0.024598
v -0.000000 -0.020826 0.024525
v 0.000000 0.018514 0.022321
v 0.000000 0.022082 0.018799
v 0.000000 0.024330 0.015782
v 0.000000 0.028500 0.005362
v -0.000000 -0.028500 0.035000
v -0.000000 -0.023413 0.026254
v -0.000000 -0.023350 0.026292
v -0.000000 -0.022574 0.023122
v -0.000000 -0.022648 0.023126
v -0.000000 -0.022426 0.023122
v -0.000000 -0.019462 0.021500
v -0.000000 -0.021407 0.023518
v -0.000000 -0.021465 0.023471
v -0.000000 -0.020879 0.024309
v -0.000000 -0.021782 0.026361
v -0.000000 -0.021715 0.026328
v -0.000000 -0.022352 0.026514
v -0.000000 -0.022278 0.026505
v 0.000000 0.022874 0.017826
v 0.000000 0.024990 0.014715
v -0.000000 -0.023475 0.026213
v -0.000000 -0.023593 0.026122
v -0.000000 -0.023535 0.026169
v -0.000000 -0.024200 0.024820
v -0.000000 -0.024198 0.024894
v -0.000000 -0.024185 0.024598
v -0.000000 -0.024193 0.024672
v -0.000000 -0.022940 0.023178
v -0.000000 -0.024990 0.014715
v -0.000000 -0.024330 0.015782
v -0.000000 -0.022278 0.023134
v -0.000000 -0.022352 0.023126
v -0.000000 -0.021248 0.019737
v -0.000000 -0.022060 0.023178
v -0.000000 -0.022132 0.023160
v -0.000000 -0.021919 0.023223
v -0.000000 -0.020374 0.020637
v -0.000000 -0.021525 0.023427
v -0.000000 -0.021351 0.023567
v -0.000000 -0.021198 0.023727
v -0.000000 -0.021247 0.023672
v -0.000000 -0.018514 0.022321
v -0.000000 -0.021066 0.023907
v -0.000000 -0.021107 0.023845
v -0.000000 -0.020959 0.024101
v -0.000000 -0.020992 0.024035
v -0.000000 -0.021849 0.026391
v -0.000000 -0.021650 0.026292
v -0.000000 -0.021919 0.026417
v -0.000000 -0.022060 0.026462
v -0.000000 -0.021989 0.026441
v -0.000000 -0.022205 0.026494
v -0.000000 -0.022132 0.026480
v -0.000000 -0.022426 0.026518
v 0.000000 0.023624 0.016820
v 0.000000 0.025603 0.013620
v 0.000000 0.026168 0.012500
v 0.000000 0.026684 0.011356
v 0.000000 0.027151 0.010191
v 0.000000 0.027930 0.007805
v -0.000000 -0.023151 0.026391
v -0.000000 -0.023081 0.026417
v -0.000000 -0.023285 0.026328
v -0.000000 -0.023218 0.026361
v -0.000000 -0.023702 0.026022
v -0.000000 -0.023649 0.026073
v -0.000000 -0.024185 0.025042
v -0.000000 -0.024174 0.025115
v -0.000000 -0.024193 0.024968
v -0.000000 -0.024198 0.024746
v -0.000000 -0.028241 0.006590
v -0.000000 -0.024160 0.024452
v -0.000000 -0.024174 0.024525
v -0.000000 -0.023011 0.023199
v -0.000000 -0.026168 0.012500
v -0.000000 -0.025603 0.013620
v -0.000000 -0.022205 0.023146
v -0.000000 -0.021849 0.023249
v -0.000000 -0.021298 0.023618
v -0.000000 -0.021151 0.023785
v -0.000000 -0.021028 0.023970
v -0.000000 -0.020929 0.024169
v 0.000000 0.027566 0.009006
v -0.000000 -0.023849 0.025855
v -0.000000 -0.023802 0.025913
v -0.000000 -0.024008 0.025605
v -0.000000 -0.023972 0.025670
v -0.000000 -0.024160 0.025188
v -0.000000 -0.024142 0.025260
v -0.000000 -0.028500 0.005362
v -0.000000 -0.024071 0.024169
v -0.000000 -0.024098 0.024239
v -0.000000 -0.023350 0.023348
v -0.000000 -0.027930 0.007805
v -0.000000 -0.027566 0.009006
v -0.000000 -0.023081 0.023223
v -0.000000 -0.027151 0.010191
v -0.000000 -0.026684 0.011356
v -0.000000 -0.022795 0.023146
v -0.000000 -0.022868 0.023160
v -0.000000 -0.021989 0.023199
v -0.000000 -0.022500 0.026520
v 0.000000 0.020374 0.020637
v 0.000000 0.021248 0.019737
v -0.000000 -0.022722 0.026505
v -0.000000 -0.022648 0.026514
v -0.000000 -0.023753 0.025968
v -0.000000 -0.024041 0.025538
v -0.000000 -0.024098 0.025401
v -0.000000 -0.024071 0.025471
v -0.000000 -0.024121 0.024309
v -0.000000 -0.024142 0.024380
v -0.000000 -0.023285 0.023312
v -0.000000 -0.023151 0.023249
v -0.000000 -0.023218 0.023279
v -0.000000 -0.021715 0.023312
v -0.000000 -0.021782 0.023279
v -0.000000 -0.020902 0.024239
v 0.000000 0.019462 0.021500
v -0.000000 -0.022574 0.026518
v -0.000000 -0.022868 0.026480
v -0.000000 -0.022795 0.026494
v -0.000000 -0.023011 0.026441
v -0.000000 -0.022940 0.026462
v -0.000000 -0.024121 0.025331
v -0.000000 -0.023972 0.023970
v -0.000000 -0.024008 0.024035
v -0.000000 -0.023413 0.023386
v -0.000000 -0.023934 0.025733
v -0.000000 -0.023893 0.025795
v -0.000000 -0.024041 0.024101
v -0.000000 -0.023934 0.023907
v -0.000000 -0.023475 0.023427
v -0.000000 -0.021587 0.023386
v -0.000000 -0.021650 0.023348
v -0.000000 -0.023893 0.023845
v -0.000000 -0.023802 0.023727
v -0.000000 -0.023849 0.023785
v -0.000000 -0.023702 0.023618
v -0.000000 -0.023753 0.023672
v -0.000000 -0.023535 0.023471
v -0.000000 -0.023593 0.023518
v -0.000000 -0.023649 0.023567
v -0.053000 0.028500 0.005362
v -0.053000 0.028500 0.035000
v -0.053000 -0.028500 0.005362
v -0.053000 -0.028241 0.006590
v -0.053000 -0.027930 0.007805
v -0.053000 -0.027566 0.009006
v -0.053000 -0.027150 0.010191
v -0.053000 -0.026684 0.011356
v -0.053000 -0.026168 0.012500
v -0.053000 -0.025603 0.013620
v -0.053000 -0.024989 0.014715
v -0.053000 -0.024329 0.015782
v -0.053000 -0.023624 0.016820
v -0.053000 -0.022874 0.017826
v -0.053000 -0.022082 0.018799
v -0.053000 -0.021248 0.019737
v -0.053000 -0.020374 0.020637
v -0.053000 -0.019462 0.021500
v -0.053000 -0.018514 0.022321
v -0.053000 -0.017531 0.023101
v -0.053000 -0.016515 0.023838
v -0.053000 -0.015468 0.024530
v -0.053000 -0.014392 0.025177
v -0.053000 -0.013289 0.025776
v -0.053000 -0.012162 0.026326
v -0.053000 -0.011012 0.026828
v -0.053000 -0.009841 0.027279
v -0.053000 -0.008651 0.027679
v -0.053000 -0.007446 0.028028
v -0.053000 -0.006226 0.028324
v -0.053000 -0.004995 0.028567
v -0.053000 -0.003754 0.028756
v -0.053000 0.002507 0.028891
v -0.053000 0.003754 0.028756
v -0.053000 0.004995 0.028567
v -0.053000 0.006226 0.028324
v -0.053000 0.007446 0.028028
v -0.053000 0.008651 0.027679
v -0.053000 0.009841 0.027279
v -0.053000 0.011012 0.026828
v -0.053000 0.012162 0.026326
v -0.053000 0.013290 0.025776
v -0.053000 0.014392 0.025177
v -0.053000 0.015468 0.024530
v -0.053000 0.016515 0.023838
v -0.053000 0.017531 0.023101
v -0.053000 0.018514 0.022321
v -0.053000 0.019462 0.021500
v -0.053000 0.020374 0.020637
v -0.053000 0.021248 0.019737
v -0.053000 0.022082 0.018799
v -0.053000 0.022874 0.017826
v -0.053000 0.023624 0.016820
v -0.053000 0.024330 0.015782
v -0.053000 0.024990 0.014715
v -0.053000 0.025603 0.013620
v -0.053000 0.026168 0.012500
v -0.053000 0.026684 0.011356
v -0.053000 0.027151 0.010191
v -0.053000 0.027566 0.009006
v -0.053000 0.027930 0.007805
v -0.053000 0.028241 0.006590
v -0.048528 0.000850 0.028988
v -0.048547 0.000882 0.028987
v -0.048475 0.000752 0.028990
v -0.048492 0.000785 0.028989
v -0.048510 0.000818 0.028988
v -0.048444 0.000685 0.028992
v -0.048459 0.000718 0.028991
v -0.048416 0.000616 0.028994
v -0.048429 0.000651 0.028993
v -0.048402 0.000581 0.028994
v -0.048566 0.000913 0.028986
v -0.048349 0.000404 0.028997
v -0.048358 0.000440 0.028997
v -0.048368 0.000476 0.028996
v -0.048379 0.000511 0.028996
v -0.048390 0.000546 0.028995
v -0.048333 0.000332 0.028998
v -0.048340 0.000368 0.028998
v -0.048326 0.000295 0.028998
v -0.048310 0.000185 0.028999
v -0.048315 0.000222 0.028999
v -0.048320 0.000259 0.028999
v -0.048304 0.000111 0.029000
v -0.048306 0.000148 0.029000
v -0.048300 0.000037 0.029000
v -0.048302 0.000074 0.029000
v -0.048300 0.000000 0.029000
v -0.048607 0.000975 0.028984
v -0.048651 0.001035 0.028981
v -0.048698 0.001093 0.028979
v -0.048747 0.001149 0.028977
v -0.048798 0.001202 0.028975
v -0.048852 0.001253 0.028973
v -0.051093 0.001302 0.028971
v -0.051147 0.001255 0.028973
v -0.051035 0.001349 0.028969
v -0.050975 0.001393 0.028966
v -0.050818 0.001490 0.028962
v -0.050850 0.001472 0.028963
v -0.050882 0.001453 0.028964
v -0.050785 0.001508 0.028961
v -0.050719 0.001541 0.028959
v -0.050752 0.001525 0.028960
v -0.050616 0.001584 0.028957
v -0.050651 0.001571 0.028957
v -0.050685 0.001556 0.028958
v -0.050546 0.001610 0.028955
v -0.050581 0.001597 0.028956
v -0.050476 0.001632 0.028954
v -0.050511 0.001621 0.028955
v -0.050404 0.001651 0.028953
v -0.050440 0.001642 0.028954
v -0.050332 0.001667 0.028952
v -0.050368 0.001660 0.028952
v -0.050259 0.001680 0.028951
v -0.050295 0.001674 0.028952
v -0.050222 0.001685 0.028951
v -0.050148 0.001694 0.028950
v -0.050185 0.001690 0.028951
v -0.050037 0.001700 0.028950
v -0.050074 0.001698 0.028950
v -0.050111 0.001696 0.028950
v -0.049963 0.001700 0.028950
v -0.050000 0.001700 0.028950
v -0.049889 0.001696 0.028950
v -0.049926 0.001698 0.028950
v -0.049741 0.001680 0.028951
v -0.049778 0.001685 0.028951
v -0.049668 0.001667 0.028952
v -0.049705 0.001674 0.028952
v -0.049632 0.001660 0.028952
v -0.049815 0.001690 0.028951
v -0.049852 0.001694 0.028950
v -0.049560 0.001642 0.028954
v -0.049596 0.001651 0.028953
v -0.049524 0.001632 0.028954
v -0.050913 0.001434 0.028965
v -0.049454 0.001610 0.028955
v -0.049489 0.001621 0.028955
v -0.049384 0.001584 0.028957
v -0.049419 0.001597 0.028956
v -0.049315 0.001556 0.028958
v -0.049349 0.001571 0.028957
v -0.049248 0.001525 0.028960
v -0.049282 0.001541 0.028959
v -0.049182 0.001490 0.028962
v -0.049215 0.001508 0.028961
v -0.049118 0.001453 0.028964
v -0.049150 0.001472 0.028963
v -0.049087 0.001434 0.028965
v -0.049025 0.001393 0.028966
v -0.048853 0.001255 0.028973
v -0.048907 0.001302 0.028971
v -0.048965 0.001349 0.028969
v -0.053000 0.000000 0.029000
v -0.051696 0.000111 0.029000
v -0.051698 0.000074 0.029000
v -0.051693 0.000148 0.029000
v -0.051700 0.000037 0.029000
v -0.051686 0.000222 0.028999
v -0.051690 0.000185 0.028999
v -0.051667 0.000332 0.028998
v -0.051674 0.000295 0.028998
v -0.051651 0.000404 0.028997
v -0.051660 0.000368 0.028998
v -0.051632 0.000476 0.028996
v -0.051642 0.000440 0.028997
v -0.051610 0.000546 0.028995
v -0.051621 0.000511 0.028996
v -0.051584 0.000616 0.028994
v -0.051597 0.000581 0.028994
v -0.051556 0.000685 0.028992
v -0.051571 0.000651 0.028993
v -0.051541 0.000718 0.028991
v -0.051680 0.000259 0.028999
v -0.051490 0.000818 0.028988
v -0.051508 0.000785 0.028989
v -0.051453 0.000882 0.028987
v -0.051472 0.000850 0.028988
v -0.051434 0.000913 0.028986
v -0.051525 0.000752 0.028990
v -0.051393 0.000975 0.028984
v -0.051349 0.001035 0.028981
v -0.051302 0.001093 0.028979
v -0.051253 0.001149 0.028977
v -0.051202 0.001202 0.028975
v -0.051149 0.001253 0.028973
v -0.053000 0.001255 0.028973
v -0.051700 0.000000 0.029000
v -0.053000 -0.001255 0.028973
v -0.051491 -0.000818 0.028988
v -0.051472 -0.000850 0.028988
v -0.051453 -0.000882 0.028987
v -0.051525 -0.000752 0.028990
v -0.051508 -0.000785 0.028989
v -0.051556 -0.000685 0.028992
v -0.051541 -0.000718 0.028991
v -0.051584 -0.000616 0.028994
v -0.051571 -0.000651 0.028993
v -0.051610 -0.000546 0.028995
v -0.051597 -0.000581 0.028994
v -0.051632 -0.000476 0.028996
v -0.051621 -0.000511 0.028996
v -0.051642 -0.000440 0.028997
v -0.051651 -0.000404 0.028997
v -0.051660 -0.000368 0.028998
v -0.051674 -0.000295 0.028998
v -0.051667 -0.000332 0.028998
v -0.051680 -0.000259 0.028999
v -0.051690 -0.000185 0.028999
v -0.051686 -0.000222 0.028999
v -0.051696 -0.000111 0.029000
v -0.051693 -0.000148 0.029000
v -0.051700 -0.000037 0.029000
v -0.051698 -0.000074 0.029000
v -0.051434 -0.000913 0.028986
v -0.051393 -0.000975 0.028984
v -0.051349 -0.001035 0.028981
v -0.051302 -0.001093 0.028979
v -0.051253 -0.001148 0.028977
v -0.051202 -0.001202 0.028975
v -0.051149 -0.001253 0.028973
v -0.048965 -0.001349 0.028969
v -0.048907 -0.001302 0.028971
v -0.049025 -0.001393 0.028966
v -0.048853 -0.001255 0.028973
v -0.049182 -0.001490 0.028962
v -0.049150 -0.001472 0.028963
v -0.049118 -0.001453 0.028964
v -0.049087 -0.001434 0.028965
v -0.049248 -0.001525 0.028960
v -0.049215 -0.001508 0.028961
v -0.049315 -0.001556 0.028958
v -0.049282 -0.001541 0.028959
v -0.049384 -0.001584 0.028957
v -0.049349 -0.001571 0.028957
v -0.049419 -0.001597 0.028956
v -0.049524 -0.001632 0.028954
v -0.049489 -0.001621 0.028955
v -0.049454 -0.001610 0.028955
v -0.049596 -0.001651 0.028953
v -0.049560 -0.001642 0.028954
v -0.049668 -0.001667 0.028952
v -0.049632 -0.001660 0.028952
v -0.049741 -0.001680 0.028951
v -0.049705 -0.001674 0.028952
v -0.049815 -0.001690 0.028951
v -0.049778 -0.001685 0.028951
v -0.049889 -0.001696 0.028950
v -0.049852 -0.001694 0.028950
v -0.049963 -0.001700 0.028950
v -0.049926 -0.001698 0.028950
v -0.053000 -0.002507 0.028891
v -0.050000 -0.001700 0.028950
v -0.050111 -0.001696 0.028950
v -0.050074 -0.001698 0.028950
v -0.050185 -0.001690 0.028951
v -0.050148 -0.001694 0.028950
v -0.050259 -0.001680 0.028951
v -0.050222 -0.001685 0.028951
v -0.050332 -0.001667 0.028952
v -0.050295 -0.001674 0.028952
v -0.050404 -0.001651 0.028953
v -0.050368 -0.001660 0.028952
v -0.050476 -0.001632 0.028954
v -0.050440 -0.001642 0.028954
v -0.050511 -0.001621 0.028955
v -0.050581 -0.001597 0.028956
v -0.050546 -0.001610 0.028955
v -0.050685 -0.001556 0.028958
v -0.050651 -0.001571 0.028957
v -0.050752 -0.001525 0.028960
v -0.050719 -0.001541 0.028959
v -0.050818 -0.001490 0.028962
v -0.050785 -0.001508 0.028961
v -0.050882 -0.001453 0.028964
v -0.050850 -0.001472 0.028963
v -0.050913 -0.001434 0.028965
v -0.050616 -0.001584 0.028957
v -0.050037 -0.001700 0.028950
v -0.050975 -0.001393 0.028966
v -0.051147 -0.001255 0.028973
v -0.051093 -0.001302 0.028971
v -0.051035 -0.001349 0.028969
v -0.048304 -0.000111 0.029000
v -0.048302 -0.000074 0.029000
v -0.048310 -0.000185 0.028999
v -0.048306 -0.000148 0.029000
v -0.048320 -0.000259 0.028999
v -0.048315 -0.000222 0.028999
v -0.048333 -0.000332 0.028998
v -0.048326 -0.000295 0.028998
v -0.048340 -0.000368 0.028998
v -0.048300 -0.000037 0.029000
v -0.048390 -0.000546 0.028995
v -0.048379 -0.000511 0.028996
v -0.048416 -0.000616 0.028994
v -0.048402 -0.000581 0.028994
v -0.048444 -0.000685 0.028992
v -0.048429 -0.000651 0.028993
v -0.048459 -0.000718 0.028991
v -0.048368 -0.000476 0.028996
v -0.048358 -0.000440 0.028997
v -0.048349 -0.000404 0.028997
v -0.048510 -0.000818 0.028988
v -0.048492 -0.000785 0.028989
v -0.048528 -0.000850 0.028988
v -0.048475 -0.000752 0.028990
v -0.048566 -0.000913 0.028986
v -0.048547 -0.000882 0.028987
v -0.048607 -0.000975 0.028984
v -0.048698 -0.001093 0.028979
v -0.048651 -0.001035 0.028981
v -0.048747 -0.001148 0.028977
v -0.048798 -0.001202 0.028975
v -0.048852 -0.001253 0.028973
v -0.023751 -0.028500 0.035000
v -0.042250 -0.028500 0.035000
v -0.053000 -0.028500 0.035000
v -0.033000 -0.022500 0.026520
v -0.033000 -0.022426 0.026518
v -0.033000 -0.022352 0.026514
v -0.033000 -0.022278 0.026505
v -0.033000 -0.022205 0.026494
v -0.033000 -0.022132 0.026480
v -0.033000 -0.022060 0.026462
v -0.033000 -0.021989 0.026441
v -0.033000 -0.021919 0.026417
v -0.033000 -0.021849 0.026391
v -0.033000 -0.021781 0.026361
v -0.033000 -0.021715 0.026328
v -0.033000 -0.021650 0.026292
v -0.033000 -0.021587 0.026254
v -0.033000 -0.021525 0.026213
v -0.033000 -0.021465 0.026169
v -0.033000 -0.021407 0.026122
v -0.033000 -0.021351 0.026073
v -0.033000 -0.021298 0.026022
v -0.033000 -0.021247 0.025968
v -0.033000 -0.021198 0.025913
v -0.033000 -0.021151 0.025855
v -0.033000 -0.021107 0.025795
v -0.033000 -0.021066 0.025733
v -0.033000 -0.021028 0.025670
v -0.033000 -0.020992 0.025605
v -0.033000 -0.020959 0.025538
v -0.033000 -0.020929 0.025471
v -0.033000 -0.020902 0.025401
v -0.033000 -0.020879 0.025331
v -0.033000 -0.020858 0.025260
v -0.033000 -0.020840 0.025188
v -0.033000 -0.020826 0.025115
v -0.033000 -0.020814 0.025042
v -0.033000 -0.020806 0.024968
v -0.033000 -0.020802 0.024894
v -0.033000 -0.020800 0.024820
v -0.033000 -0.020802 0.024746
v -0.033000 -0.020806 0.024672
v -0.033000 -0.020814 0.024598
v -0.033000 -0.020826 0.024525
v -0.033000 -0.020840 0.024452
v -0.033000 -0.020858 0.024380
v -0.033000 -0.020879 0.024309
v -0.033000 -0.020902 0.024239
v -0.033000 -0.020929 0.024169
v -0.033000 -0.020959 0.024101
v -0.033000 -0.020992 0.024035
v -0.033000 -0.021028 0.023970
v -0.033000 -0.021066 0.023907
v -0.033000 -0.021107 0.023845
v -0.033000 -0.021151 0.023785
v -0.033000 -0.021198 0.023727
v -0.033000 -0.021247 0.023672
v -0.033000 -0.021298 0.023618
v -0.033000 -0.021351 0.023567
v -0.033000 -0.021407 0.023518
v -0.033000 -0.021465 0.023471
v -0.033000 -0.021525 0.023427
v -0.033000 -0.021587 0.023386
v -0.033000 -0.021650 0.023348
v -0.033000 -0.021715 0.023312
v -0.033000 -0.021781 0.023279
v -0.033000 -0.021849 0.023249
v -0.033000 -0.021919 0.023223
v -0.033000 -0.021989 0.023199
v -0.033000 -0.022060 0.023178
v -0.033000 -0.022132 0.023160
v -0.033000 -0.022205 0.023146
v -0.033000 -0.022278 0.023134
v -0.033000 -0.022352 0.023126
v -0.033000 -0.022426 0.023122
v -0.033000 -0.022500 0.023120
v -0.033000 -0.022574 0.023122
v -0.033000 -0.022648 0.023126
v -0.033000 -0.022722 0.023134
v -0.033000 -0.022795 0.023146
v -0.033000 -0.022868 0.023160
v -0.033000 -0.022940 0.023178
v -0.033000 -0.023011 0.023199
v -0.033000 -0.023081 0.023223
v -0.033000 -0.023151 0.023249
v -0.033000 -0.023218 0.023279
v -0.033000 -0.023285 0.023312
v -0.033000 -0.023350 0.023348
v -0.033000 -0.023413 0.023386
v -0.033000 -0.023475 0.023427
v -0.033000 -0.023535 0.023471
v -0.033000 -0.023593 0.023518
v -0.033000 -0.023648 0.023567
v -0.033000 -0.023702 0.023618
v -0.033000 -0.023753 0.023672
v -0.033000 -0.023802 0.023727
v -0.033000 -0.023849 0.023785
v -0.033000 -0.023893 0.023845
v -0.033000 -0.023934 0.023907
v -0.033000 -0.023972 0.023970
v -0.033000 -0.024008 0.024035
v -0.033000 -0.024041 0.024101
v -0.033000 -0.024071 0.024169
v -0.033000 -0.024097 0.024239
v -0.033000 -0.024121 0.024309
v -0.033000 -0.024142 0.024380
v -0.033000 -0.024160 0.024452
v -0.033000 -0.024174 0.024525
v -0.033000 -0.024185 0.024598
v -0.033000 -0.024193 0.024672
v -0.033000 -0.024198 0.024746
v -0.033000 -0.024200 0.024820
v -0.033000 -0.024198 0.024894
v -0.033000 -0.024193 0.024968
v -0.033000 -0.024185 0.025042
v -0.033000 -0.024174 0.025115
v -0.033000 -0.024160 0.025188
v -0.033000 -0.024142 0.025260
v -0.033000 -0.024121 0.025331
v -0.033000 -0.024097 0.025401
v -0.033000 -0.024071 0.025471
v -0.033000 -0.024041 0.025538
v -0.033000 -0.024008 0.025605
v -0.033000 -0.023972 0.025670
v -0.033000 -0.023934 0.025733
v -0.033000 -0.023893 0.025795
v -0.033000 -0.023849 0.025855
v -0.033000 -0.023802 0.025913
v -0.033000 -0.023753 0.025968
v -0.033000 -0.023702 0.026022
v -0.033000 -0.023648 0.026073
v -0.033000 -0.023593 0.026122
v -0.033000 -0.023535 0.026169
v -0.033000 -0.023475 0.026213
v -0.033000 -0.023413 0.026254
v -0.033000 -0.023350 0.026292
v -0.033000 -0.023285 0.026328
v -0.033000 -0.023218 0.026361
v -0.033000 -0.023151 0.026391
v -0.033000 -0.023081 0.026417
v -0.033000 -0.023011 0.026441
v -0.033000 -0.022940 0.026462
v -0.033000 -0.022868 0.026480
v -0.033000 -0.022795 0.026494
v -0.033000 -0.022722 0.026505
v -0.033000 -0.022648 0.026514
v -0.033000 -0.022574 0.026518
v -0.033000 -0.025722 0.024396
v -0.033000 -0.025738 0.024537
v -0.033000 -0.025747 0.024678
v -0.033000 -0.025750 0.024820
v -0.033000 -0.025747 0.024962
v -0.033000 -0.025738 0.025103
v -0.033000 -0.025722 0.025244
v -0.033000 -0.025701 0.025384
v -0.033000 -0.025673 0.025523
v -0.033000 -0.025639 0.025661
v -0.033000 -0.025162 0.026684
v -0.033000 -0.025078 0.026798
v -0.033000 -0.024990 0.026909
v -0.033000 -0.024246 0.027561
v -0.033000 -0.024125 0.027635
v -0.033000 -0.024001 0.027703
v -0.033000 -0.025554 0.023708
v -0.033000 -0.025600 0.023843
v -0.033000 -0.025639 0.023979
v -0.033000 -0.025701 0.024256
v -0.033000 -0.025241 0.026566
v -0.033000 -0.024896 0.027016
v -0.033000 -0.024798 0.027118
v -0.033000 -0.024696 0.027216
v -0.033000 -0.024589 0.027310
v -0.033000 -0.024364 0.027482
v -0.033000 -0.023873 0.027765
v -0.033000 -0.025383 0.023319
v -0.033000 -0.025445 0.023447
v -0.033000 -0.025503 0.023576
v -0.033000 -0.025600 0.025797
v -0.033000 -0.025445 0.026193
v -0.033000 -0.025383 0.026321
v -0.033000 -0.025315 0.026445
v -0.033000 -0.024478 0.027398
v -0.033000 -0.023612 0.027874
v -0.033000 -0.023477 0.027920
v -0.033000 -0.023341 0.027959
v -0.033000 -0.023203 0.027993
v -0.033000 -0.021256 0.027823
v -0.033000 -0.021126 0.027765
v -0.033000 -0.020999 0.027703
v -0.033000 -0.020875 0.027635
v -0.033000 -0.020636 0.027482
v -0.033000 -0.020521 0.027398
v -0.033000 -0.020104 0.027016
v -0.033000 -0.020010 0.026909
v -0.033000 -0.025673 0.024117
v -0.033000 -0.025554 0.025931
v -0.033000 -0.025503 0.026064
v -0.033000 -0.023744 0.027823
v -0.033000 -0.022783 0.028058
v -0.033000 -0.022642 0.028067
v -0.033000 -0.022500 0.028070
v -0.033000 -0.022358 0.028067
v -0.033000 -0.020754 0.027561
v -0.033000 -0.019922 0.026798
v -0.033000 -0.019838 0.026684
v -0.033000 -0.019759 0.026566
v -0.033000 -0.019299 0.024256
v -0.033000 -0.019327 0.024117
v -0.033000 -0.019400 0.023843
v -0.033000 -0.019446 0.023708
v -0.033000 -0.024990 0.022731
v -0.033000 -0.025078 0.022842
v -0.033000 -0.025162 0.022956
v -0.033000 -0.025241 0.023074
v -0.033000 -0.025315 0.023195
v -0.033000 -0.022217 0.028058
v -0.033000 -0.022076 0.028042
v -0.033000 -0.020411 0.027310
v -0.033000 -0.020304 0.027216
v -0.033000 -0.020202 0.027118
v -0.033000 -0.019685 0.026445
v -0.033000 -0.019446 0.025931
v -0.033000 -0.019400 0.025797
v -0.033000 -0.019262 0.025103
v -0.033000 -0.019253 0.024962
v -0.033000 -0.019250 0.024820
v -0.033000 -0.019253 0.024678
v -0.033000 -0.019361 0.023979
v -0.033000 -0.019497 0.023576
v -0.033000 -0.019554 0.023447
v -0.033000 -0.019617 0.023319
v -0.033000 -0.019922 0.022842
v -0.033000 -0.020010 0.022731
v -0.033000 -0.024798 0.022522
v -0.033000 -0.024896 0.022624
v -0.033000 -0.023064 0.028021
v -0.033000 -0.022924 0.028042
v -0.033000 -0.019617 0.026321
v -0.033000 -0.019554 0.026193
v -0.033000 -0.019497 0.026064
v -0.033000 -0.019361 0.025661
v -0.033000 -0.019327 0.025523
v -0.033000 -0.019299 0.025384
v -0.033000 -0.019278 0.025244
v -0.033000 -0.019262 0.024537
v -0.033000 -0.019278 0.024396
v -0.033000 -0.019685 0.023195
v -0.033000 -0.019838 0.022956
v -0.033000 -0.023203 0.021647
v -0.033000 -0.023341 0.021681
v -0.033000 -0.023477 0.021720
v -0.033000 -0.023612 0.021766
v -0.033000 -0.023744 0.021817
v -0.033000 -0.024696 0.022424
v -0.033000 -0.019759 0.023074
v -0.033000 -0.020521 0.022242
v -0.033000 -0.020636 0.022158
v -0.033000 -0.023064 0.021619
v -0.033000 -0.021797 0.027993
v -0.033000 -0.021659 0.027959
v -0.033000 -0.021523 0.027920
v -0.033000 -0.021388 0.027874
v -0.033000 -0.020304 0.022424
v -0.033000 -0.020411 0.022330
v -0.033000 -0.020754 0.022079
v -0.033000 -0.021388 0.021766
v -0.033000 -0.021523 0.021720
v -0.033000 -0.022783 0.021582
v -0.033000 -0.022924 0.021598
v -0.033000 -0.023873 0.021875
v -0.033000 -0.024001 0.021937
v -0.033000 -0.021936 0.028021
v -0.033000 -0.020104 0.022624
v -0.033000 -0.020202 0.022522
v -0.033000 -0.021659 0.021681
v -0.033000 -0.022217 0.021582
v -0.033000 -0.022358 0.021573
v -0.033000 -0.022500 0.021570
v -0.033000 -0.022642 0.021573
v -0.033000 -0.024125 0.022005
v -0.033000 -0.024246 0.022079
v -0.033000 -0.020875 0.022005
v -0.033000 -0.020999 0.021937
v -0.033000 -0.021126 0.021875
v -0.033000 -0.021256 0.021817
v -0.033000 -0.021797 0.021647
v -0.033000 -0.021936 0.021619
v -0.033000 -0.022076 0.021598
v -0.033000 -0.024364 0.022158
v -0.033000 -0.024478 0.022242
v -0.033000 -0.024589 0.022330
v -0.053000 -0.022358 0.021573
v -0.053000 -0.022500 0.021570
v -0.053000 -0.022217 0.021582
v -0.053000 -0.022076 0.021598
v -0.053000 -0.021936 0.021619
v -0.053000 -0.021797 0.021647
v -0.053000 -0.021659 0.021681
v -0.053000 -0.021523 0.021720
v -0.053000 -0.021388 0.021766
v -0.053000 -0.021256 0.021817
v -0.053000 -0.021126 0.021875
v -0.053000 -0.020999 0.021937
v -0.053000 -0.020875 0.022005
v -0.053000 -0.020754 0.022079
v -0.053000 -0.020636 0.022158
v -0.053000 -0.020521 0.022242
v -0.053000 -0.020411 0.022330
v -0.053000 -0.020304 0.022424
v -0.053000 -0.020202 0.022522
v -0.053000 -0.020104 0.022624
v -0.053000 -0.020010 0.022731
v -0.053000 -0.019922 0.022842
v -0.053000 -0.019838 0.022956
v -0.053000 -0.019759 0.023074
v -0.053000 -0.019685 0.023195
v -0.053000 -0.019617 0.023319
v -0.053000 -0.019554 0.023447
v -0.053000 -0.019497 0.023576
v -0.053000 -0.019446 0.023708
v -0.053000 -0.019400 0.023843
v -0.053000 -0.019361 0.023979
v -0.053000 -0.019327 0.024117
v -0.053000 -0.019299 0.024256
v -0.053000 -0.019278 0.024396
v -0.053000 -0.019262 0.024537
v -0.053000 -0.019253 0.024678
v -0.053000 -0.019250 0.024820
v -0.053000 -0.019253 0.024962
v -0.053000 -0.019262 0.025103
v -0.053000 -0.019278 0.025244
v -0.053000 -0.019299 0.025384
v -0.053000 -0.019327 0.025523
v -0.053000 -0.019361 0.025661
v -0.053000 -0.019400 0.025797
v -0.053000 -0.019446 0.025931
v -0.053000 -0.019497 0.026064
v -0.053000 -0.019554 0.026193
v -0.053000 -0.019617 0.026321
v -0.053000 -0.019685 0.026445
v -0.053000 -0.019759 0.026566
v -0.053000 -0.019838 0.026684
v -0.053000 -0.019922 0.026798
v -0.053000 -0.020010 0.026909
v -0.053000 -0.020104 0.027016
v -0.053000 -0.020202 0.027118
v -0.053000 -0.020304 0.027216
v -0.053000 -0.020411 0.027310
v -0.053000 -0.020521 0.027398
v -0.053000 -0.020636 0.027482
v -0.053000 -0.020754 0.027561
v -0.053000 -0.020875 0.027635
v -0.053000 -0.020999 0.027703
v -0.053000 -0.021126 0.027765
v -0.053000 -0.021256 0.027823
v -0.053000 -0.021388 0.027874
v -0.053000 -0.021523 0.027920
v -0.053000 -0.021659 0.027959
v -0.053000 -0.021797 0.027993
v -0.053000 -0.021936 0.028021
v -0.053000 -0.022076 0.028042
v -0.053000 -0.022217 0.028058
v -0.053000 -0.022358 0.028067
v -0.053000 -0.022500 0.028070
v -0.053000 -0.022642 0.028067
v -0.053000 -0.022783 0.028058
v -0.053000 -0.022924 0.028042
v -0.053000 -0.023064 0.028021
v -0.053000 -0.023203 0.027993
v -0.053000 -0.023341 0.027959
v -0.053000 -0.023477 0.027920
v -0.053000 -0.023612 0.027874
v -0.053000 -0.023744 0.027823
v -0.053000 -0.023873 0.027765
v -0.053000 -0.024001 0.027703
v -0.053000 -0.024125 0.027635
v -0.053000 -0.024246 0.027561
v -0.053000 -0.024364 0.027482
v -0.053000 -0.024478 0.027398
v -0.053000 -0.024589 0.027310
v -0.053000 -0.024696 0.027216
v -0.053000 -0.024798 0.027118
v -0.053000 -0.024896 0.027016
v -0.053000 -0.024990 0.026909
v -0.053000 -0.025078 0.026798
v -0.053000 -0.025162 0.026684
v -0.053000 -0.025241 0.026566
v -0.053000 -0.025315 0.026445
v -0.053000 -0.025383 0.026321
v -0.053000 -0.025445 0.026193
v -0.053000 -0.025503 0.026064
v -0.053000 -0.025554 0.025931
v -0.053000 -0.025600 0.025797
v -0.053000 -0.025639 0.025661
v -0.053000 -0.025673 0.025523
v -0.053000 -0.025701 0.025384
v -0.053000 -0.025722 0.025244
v -0.053000 -0.025738 0.025103
v -0.053000 -0.025747 0.024962
v -0.053000 -0.025750 0.024820
v -0.053000 -0.025747 0.024678
v -0.053000 -0.025738 0.024537
v -0.053000 -0.025722 0.024396
v -0.053000 -0.025701 0.024256
v -0.053000 -0.025673 0.024117
v -0.053000 -0.025639 0.023979
v -0.053000 -0.025600 0.023843
v -0.053000 -0.025554 0.023708
v -0.053000 -0.025503 0.023576
v -0.053000 -0.025445 0.023447
v -0.053000 -0.025383 0.023319
v -0.053000 -0.025315 0.023195
v -0.053000 -0.025241 0.023074
v -0.053000 -0.025162 0.022956
v -0.053000 -0.025078 0.022842
v -0.053000 -0.024990 0.022731
v -0.053000 -0.024896 0.022624
v -0.053000 -0.024798 0.022522
v -0.053000 -0.024696 0.022424
v -0.053000 -0.024589 0.022330
v -0.053000 -0.024478 0.022242
v -0.053000 -0.024364 0.022158
v -0.053000 -0.024246 0.022079
v -0.053000 -0.024125 0.022005
v -0.053000 -0.024001 0.021937
v -0.053000 -0.023873 0.021875
v -0.053000 -0.023744 0.021817
v -0.053000 -0.023612 0.021766
v -0.053000 -0.023477 0.021720
v -0.053000 -0.023341 0.021681
v -0.053000 -0.023203 0.021647
v -0.053000 -0.023064 0.021619
v -0.053000 -0.022924 0.021598
v -0.053000 -0.022783 0.021582
v -0.053000 -0.022642 0.021573
v -0.048300 0.000000 0.033000
v -0.048302 -0.000074 0.033000
v -0.048306 -0.000148 0.033000
v -0.048315 -0.000222 0.033000
v -0.048326 -0.000295 0.033000
v -0.048340 -0.000368 0.033000
v -0.048358 -0.000440 0.033000
v -0.048379 -0.000511 0.033000
v -0.048402 -0.000581 0.033000
v -0.048429 -0.000651 0.033000
v -0.048459 -0.000718 0.033000
v -0.048492 -0.000785 0.033000
v -0.048528 -0.000850 0.033000
v -0.048566 -0.000913 0.033000
v -0.048607 -0.000975 0.033000
v -0.048651 -0.001035 0.033000
v -0.048698 -0.001093 0.033000
v -0.048747 -0.001148 0.033000
v -0.048798 -0.001202 0.033000
v -0.048852 -0.001253 0.033000
v -0.048907 -0.001302 0.033000
v -0.048965 -0.001349 0.033000
v -0.049025 -0.001393 0.033000
v -0.049087 -0.001434 0.033000
v -0.049150 -0.001472 0.033000
v -0.049215 -0.001508 0.033000
v -0.049282 -0.001541 0.033000
v -0.049349 -0.001571 0.033000
v -0.049419 -0.001597 0.033000
v -0.049489 -0.001621 0.033000
v -0.049560 -0.001642 0.033000
v -0.049632 -0.001660 0.033000
v -0.049705 -0.001674 0.033000
v -0.049778 -0.001685 0.033000
v -0.049852 -0.001694 0.033000
v -0.049926 -0.001698 0.033000
v -0.050000 -0.001700 0.033000
v -0.050074 -0.001698 0.033000
v -0.050148 -0.001694 0.033000
v -0.050222 -0.001685 0.033000
v -0.050295 -0.001674 0.033000
v -0.050368 -0.001660 0.033000
v -0.050440 -0.001642 0.033000
v -0.050511 -0.001621 0.033000
v -0.050581 -0.001597 0.033000
v -0.050651 -0.001571 0.033000
v -0.050719 -0.001541 0.033000
v -0.050785 -0.001508 0.033000
v -0.050850 -0.001472 0.033000
v -0.050913 -0.001434 0.033000
v -0.050975 -0.001393 0.033000
v -0.051035 -0.001349 0.033000
v -0.051093 -0.001302 0.033000
v -0.051149 -0.001253 0.033000
v -0.051202 -0.001202 0.033000
v -0.051253 -0.001148 0.033000
v -0.051302 -0.001093 0.033000
v -0.051349 -0.001035 0.033000
v -0.051393 -0.000975 0.033000
v -0.051434 -0.000913 0.033000
v -0.051472 -0.000850 0.033000
v -0.051508 -0.000785 0.033000
v -0.051541 -0.000718 0.033000
v -0.051571 -0.000651 0.033000
v -0.051597 -0.000581 0.033000
v -0.051621 -0.000511 0.033000
v -0.051642 -0.000440 0.033000
v -0.051660 -0.000368 0.033000
v -0.051674 -0.000295 0.033000
v -0.051686 -0.000222 0.033000
v -0.051698 -0.000074 0.033000
v -0.051693 -0.000148 0.033000
v -0.051700 0.000000 0.033000
v -0.051698 0.000074 0.033000
v -0.051693 0.000148 0.033000
v -0.051686 0.000222 0.033000
v -0.051674 0.000295 0.033000
v -0.051660 0.000368 0.033000
v -0.051642 0.000440 0.033000
v -0.051621 0.000511 0.033000
v -0.051597 0.000581 0.033000
v -0.051571 0.000651 0.033000
v -0.051541 0.000718 0.033000
v -0.051508 0.000785 0.033000
v -0.051472 0.000850 0.033000
v -0.051434 0.000913 0.033000
v -0.051393 0.000975 0.033000
v -0.051349 0.001035 0.033000
v -0.051302 0.001093 0.033000
v -0.051253 0.001149 0.033000
v -0.051202 0.001202 0.033000
v -0.051149 0.001253 0.033000
v -0.051093 0.001302 0.033000
v -0.051035 0.001349 0.033000
v -0.050975 0.001393 0.033000
v -0.050913 0.001434 0.033000
v -0.050850 0.001472 0.033000
v -0.050785 0.001508 0.033000
v -0.050719 0.001541 0.033000
v -0.050651 0.001571 0.033000
v -0.050581 0.001597 0.033000
v -0.050511 0.001621 0.033000
v -0.050440 0.001642 0.033000
v -0.050368 0.001660 0.033000
v -0.050295 0.001674 0.033000
v -0.050222 0.001685 0.033000
v -0.050148 0.001694 0.033000
v -0.050074 0.001698 0.033000
v -0.050000 0.001700 0.033000
v -0.049926 0.001698 0.033000
v -0.049852 0.001694 0.033000
v -0.049778 0.001685 0.033000
v -0.049705 0.001674 0.033000
v -0.049632 0.001660 0.033000
v -0.049560 0.001642 0.033000
v -0.049489 0.001621 0.033000
v -0.049419 0.001597 0.033000
v -0.049349 0.001571 0.033000
v -0.049282 0.001541 0.033000
v -0.049215 0.001508 0.033000
v -0.049150 0.001472 0.033000
v -0.049087 0.001434 0.033000
v -0.049025 0.001393 0.033000
v -0.048965 0.001349 0.033000
v -0.048907 0.001302 0.033000
v -0.048852 0.001253 0.033000
v -0.048798 0.001202 0.033000
v -0.048747 0.001149 0.033000
v -0.048698 0.001093 0.033000
v -0.048651 0.001035 0.033000
v -0.048607 0.000975 0.033000
v -0.048566 0.000913 0.033000
v -0.048528 0.000850 0.033000
v -0.048492 0.000785 0.033000
v -0.048459 0.000718 0.033000
v -0.048429 0.000651 0.033000
v -0.048402 0.000581 0.033000
v -0.048379 0.000511 0.033000
v -0.048358 0.000440 0.033000
v -0.048340 0.000368 0.033000
v -0.048326 0.000295 0.033000
v -0.048315 0.000222 0.033000
v -0.048302 0.000074 0.033000
v -0.048306 0.000148 0.033000
v -0.053000 -0.001250 0.033000
v -0.053000 0.001250 0.033000
v -0.053000 0.001250 0.035000
v -0.053000 -0.001250 0.035000
v -0.049572 -0.003222 0.033000
v -0.049432 -0.003200 0.033000
v -0.049293 -0.003172 0.033000
v -0.050138 -0.003247 0.033000
v -0.049996 -0.003250 0.033000
v -0.049854 -0.003247 0.033000
v -0.049713 -0.003237 0.033000
v -0.049156 -0.003138 0.033000
v -0.049020 -0.003099 0.033000
v -0.051369 -0.002948 0.033000
v -0.051239 -0.003004 0.033000
v -0.051107 -0.003056 0.033000
v -0.050973 -0.003101 0.033000
v -0.050837 -0.003140 0.033000
v -0.048886 -0.003053 0.033000
v -0.048754 -0.003001 0.033000
v -0.048624 -0.002944 0.033000
v -0.051620 -0.002817 0.033000
v -0.051496 -0.002885 0.033000
v -0.050699 -0.003174 0.033000
v -0.050560 -0.003201 0.033000
v -0.050420 -0.003223 0.033000
v -0.050279 -0.003238 0.033000
v -0.051860 -0.002665 0.033000
v -0.051742 -0.002744 0.033000
v -0.048497 -0.002882 0.033000
v -0.048373 -0.002813 0.033000
v -0.048252 -0.002740 0.033000
v -0.048134 -0.002661 0.033000
v -0.048020 -0.002577 0.033000
v -0.049713 0.003237 0.033000
v -0.049854 0.003247 0.033000
v -0.049293 0.003172 0.033000
v -0.049432 0.003200 0.033000
v -0.049572 0.003222 0.033000
v -0.052085 -0.002493 0.033000
v -0.051974 -0.002582 0.033000
v -0.049020 0.003099 0.033000
v -0.049156 0.003138 0.033000
v -0.052294 -0.002302 0.033000
v -0.052191 -0.002400 0.033000
v -0.049996 0.003250 0.033000
v -0.050138 0.003247 0.033000
v -0.051107 0.003056 0.033000
v -0.051239 0.003004 0.033000
v -0.047909 -0.002488 0.033000
v -0.047803 -0.002395 0.033000
v -0.047700 -0.002297 0.033000
v -0.047603 -0.002194 0.033000
v -0.047509 -0.002088 0.033000
v -0.047421 -0.001977 0.033000
v -0.047337 -0.001863 0.033000
v -0.047258 -0.001745 0.033000
v -0.048252 0.002740 0.033000
v -0.048373 0.002813 0.033000
v -0.048497 0.002882 0.033000
v -0.048624 0.002944 0.033000
v -0.050279 0.003238 0.033000
v -0.050420 0.003223 0.033000
v -0.050837 0.003140 0.033000
v -0.050973 0.003101 0.033000
v -0.051369 0.002948 0.033000
v -0.051496 0.002885 0.033000
v -0.051620 0.002817 0.033000
v -0.052486 -0.002094 0.033000
v -0.052392 -0.002200 0.033000
v -0.047054 -0.001373 0.033000
v -0.046997 -0.001243 0.033000
v -0.046946 -0.001111 0.033000
v -0.046778 -0.000424 0.033000
v -0.046762 -0.000283 0.033000
v -0.046753 -0.000142 0.033000
v -0.046750 0.000000 0.033000
v -0.046753 0.000142 0.033000
v -0.047803 0.002395 0.033000
v -0.047909 0.002488 0.033000
v -0.048020 0.002577 0.033000
v -0.048134 0.002661 0.033000
v -0.048754 0.003001 0.033000
v -0.048886 0.003053 0.033000
v -0.050560 0.003201 0.033000
v -0.050699 0.003174 0.033000
v -0.051742 0.002744 0.033000
v -0.052943 -0.001380 0.033000
v -0.047185 -0.001624 0.033000
v -0.047117 -0.001500 0.033000
v -0.046762 0.000283 0.033000
v -0.046778 0.000424 0.033000
v -0.047421 0.001977 0.033000
v -0.047509 0.002088 0.033000
v -0.047603 0.002194 0.033000
v -0.047700 0.002297 0.033000
v -0.052880 -0.001507 0.033000
v -0.046827 -0.000703 0.033000
v -0.046799 -0.000564 0.033000
v -0.046997 0.001243 0.033000
v -0.047054 0.001373 0.033000
v -0.051860 0.002665 0.033000
v -0.051974 0.002582 0.033000
v -0.052811 -0.001631 0.033000
v -0.052738 -0.001752 0.033000
v -0.052659 -0.001869 0.033000
v -0.052575 -0.001983 0.033000
v -0.046900 -0.000977 0.033000
v -0.046861 -0.000841 0.033000
v -0.046799 0.000564 0.033000
v -0.046827 0.000703 0.033000
v -0.047117 0.001500 0.033000
v -0.052738 0.001752 0.033000
v -0.052811 0.001631 0.033000
v -0.052943 0.001380 0.033000
v -0.047185 0.001624 0.033000
v -0.047258 0.001745 0.033000
v -0.047337 0.001863 0.033000
v -0.052085 0.002493 0.033000
v -0.052191 0.002400 0.033000
v -0.052294 0.002302 0.033000
v -0.052392 0.002200 0.033000
v -0.052486 0.002094 0.033000
v -0.052575 0.001983 0.033000
v -0.052659 0.001869 0.033000
v -0.052880 0.001507 0.033000
v -0.046861 0.000841 0.033000
v -0.046900 0.000977 0.033000
v -0.046946 0.001111 0.033000
v -0.052943 -0.001380 0.035000
v -0.052880 -0.001507 0.035000
v -0.052811 -0.001631 0.035000
v -0.052738 -0.001752 0.035000
v -0.052659 -0.001869 0.035000
v -0.052575 -0.001983 0.035000
v -0.052486 -0.002094 0.035000
v -0.052392 -0.002200 0.035000
v -0.052294 -0.002302 0.035000
v -0.052191 -0.002400 0.035000
v -0.052085 -0.002493 0.035000
v -0.051974 -0.002582 0.035000
v -0.051860 -0.002665 0.035000
v -0.051742 -0.002744 0.035000
v -0.051620 -0.002817 0.035000
v -0.051496 -0.002885 0.035000
v -0.051369 -0.002948 0.035000
v -0.051239 -0.003004 0.035000
v -0.051107 -0.003056 0.035000
v -0.050973 -0.003101 0.035000
v -0.050837 -0.003140 0.035000
v -0.050699 -0.003174 0.035000
v -0.050560 -0.003201 0.035000
v -0.050420 -0.003223 0.035000
v -0.050279 -0.003238 0.035000
v -0.050138 -0.003247 0.035000
v -0.049996 -0.003250 0.035000
v -0.049854 -0.003247 0.035000
v -0.049713 -0.003237 0.035000
v -0.049572 -0.003222 0.035000
v -0.049432 -0.003200 0.035000
v -0.049293 -0.003172 0.035000
v -0.049156 -0.003138 0.035000
v -0.049020 -0.003099 0.035000
v -0.048886 -0.003053 0.035000
v -0.048754 -0.003001 0.035000
v -0.048624 -0.002944 0.035000
v -0.048497 -0.002882 0.035000
v -0.048373 -0.002813 0.035000
v -0.048252 -0.002740 0.035000
v -0.048134 -0.002661 0.035000
v -0.048020 -0.002577 0.035000
v -0.047909 -0.002488 0.035000
v -0.047803 -0.002395 0.035000
v -0.047700 -0.002297 0.035000
v -0.047603 -0.002194 0.035000
v -0.047509 -0.002088 0.035000
v -0.047421 -0.001977 0.035000
v -0.047337 -0.001863 0.035000
v -0.047258 -0.001745 0.035000
v -0.047185 -0.001624 0.035000
v -0.047117 -0.001500 0.035000
v -0.047054 -0.001373 0.035000
v -0.046997 -0.001243 0.035000
v -0.046946 -0.001111 0.035000
v -0.046900 -0.000977 0.035000
v -0.046861 -0.000841 0.035000
v -0.046827 -0.000703 0.035000
v -0.046799 -0.000564 0.035000
v -0.046778 -0.000424 0.035000
v -0.046762 -0.000283 0.035000
v -0.046753 -0.000142 0.035000
v -0.046750 0.000000 0.035000
v -0.046753 0.000142 0.035000
v -0.046762 0.000283 0.035000
v -0.046778 0.000424 0.035000
v -0.046799 0.000564 0.035000
v -0.046827 0.000703 0.035000
v -0.046861 0.000841 0.035000
v -0.046900 0.000977 0.035000
v -0.046946 0.001111 0.035000
v -0.046997 0.001243 0.035000
v -0.047054 0.001373 0.035000
v -0.047117 0.001500 0.035000
v -0.047185 0.001624 0.035000
v -0.047258 0.001745 0.035000
v -0.047337 0.001863 0.035000
v -0.047421 0.001977 0.035000
v -0.047509 0.002088 0.035000
v -0.047603 0.002194 0.035000
v -0.047700 0.002297 0.035000
v -0.047803 0.002395 0.035000
v -0.047909 0.002488 0.035000
v -0.048020 0.002577 0.035000
v -0.048134 0.002661 0.035000
v -0.048252 0.002740 0.035000
v -0.048373 0.002813 0.035000
v -0.048497 0.002882 0.035000
v -0.048624 0.002944 0.035000
v -0.048754 0.003001 0.035000
v -0.048886 0.003053 0.035000
v -0.049020 0.003099 0.035000
v -0.049156 0.003138 0.035000
v -0.049293 0.003172 0.035000
v -0.049432 0.003200 0.035000
v -0.049572 0.003222 0.035000
v -0.049713 0.003237 0.035000
v -0.049854 0.003247 0.035000
v -0.049996 0.003250 0.035000
v -0.050138 0.003247 0.035000
v -0.050279 0.003238 0.035000
v -0.050420 0.003223 0.035000
v -0.050560 0.003201 0.035000
v -0.050699 0.003174 0.035000
v -0.050837 0.003140 0.035000
v -0.050973 0.003101 0.035000
v -0.051107 0.003056 0.035000
v -0.051239 0.003004 0.035000
v -0.051369 0.002948 0.035000
v -0.051496 0.002885 0.035000
v -0.051620 0.002817 0.035000
v -0.051742 0.002744 0.035000
v -0.051860 0.002665 0.035000
v -0.051974 0.002582 0.035000
v -0.052085 0.002493 0.035000
v -0.052191 0.002400 0.035000
v -0.052294 0.002302 0.035000
v -0.052392 0.002200 0.035000
v -0.052486 0.002094 0.035000
v -0.052575 0.001983 0.035000
v -0.052659 0.001869 0.035000
v -0.052738 0.001752 0.035000
v -0.052811 0.001631 0.035000
v -0.052880 0.001507 0.035000
v -0.052943 0.001380 0.035000
v -0.042250 -0.010650 0.035000
v -0.023751 -0.010650 0.035000
v -0.023751 -0.028650 0.035000
v -0.042250 -0.028650 0.035000
v -0.025234 -0.010650 0.036870
v -0.025234 -0.028650 0.036870
v -0.030700 -0.010650 0.042517
v -0.027260 -0.010650 0.041416
v -0.027181 -0.010650 0.041004
v -0.027365 -0.010650 0.042248
v -0.027321 -0.010650 0.041831
v -0.027400 -0.010650 0.043085
v -0.030700 -0.010650 0.047483
v -0.026534 -0.010650 0.039015
v -0.026356 -0.010650 0.038636
v -0.027400 -0.010650 0.056500
v -0.025488 -0.010650 0.037204
v -0.026161 -0.010650 0.038264
v -0.025952 -0.010650 0.037901
v -0.026697 -0.010650 0.039401
v -0.035000 -0.010650 0.040035
v -0.026973 -0.010650 0.040193
v -0.027085 -0.010650 0.040596
v -0.027391 -0.010650 0.042666
v -0.025727 -0.010650 0.037548
v -0.026843 -0.010650 0.039794
v -0.042578 -0.010650 0.038954
v -0.042600 -0.010650 0.040277
v -0.042403 -0.010650 0.036314
v -0.042512 -0.010650 0.037633
v -0.035000 -0.010650 0.049965
v -0.042600 -0.010650 0.056500
v -0.039300 -0.010650 0.047483
v -0.039300 -0.010650 0.042517
v -0.042600 -0.014650 0.040277
v -0.042600 -0.014650 0.056500
v -0.027400 -0.014650 0.056500
v -0.027400 -0.014650 0.043085
v -0.030700 -0.012650 0.047483
v -0.030700 -0.012650 0.042517
v -0.035000 -0.012650 0.049965
v -0.039300 -0.012650 0.047483
v -0.039300 -0.012650 0.042517
v -0.035000 -0.012650 0.040035
v -0.036445 -0.012650 0.042731
v -0.036345 -0.012650 0.042670
v -0.036638 -0.012650 0.042866
v -0.036543 -0.012650 0.042797
v -0.033863 -0.012650 0.047438
v -0.033971 -0.012650 0.047485
v -0.036137 -0.012650 0.042562
v -0.036029 -0.012650 0.042515
v -0.036242 -0.012650 0.042614
v -0.037649 -0.012650 0.044533
v -0.037626 -0.012650 0.044418
v -0.034080 -0.012650 0.047528
v -0.033555 -0.012650 0.047269
v -0.033655 -0.012650 0.047330
v -0.032614 -0.012650 0.046242
v -0.032670 -0.012650 0.046345
v -0.034649 -0.012650 0.042333
v -0.034533 -0.012650 0.042351
v -0.035351 -0.012650 0.042333
v -0.035234 -0.012650 0.042320
v -0.035582 -0.012650 0.042374
v -0.035467 -0.012650 0.042351
v -0.035920 -0.012650 0.042472
v -0.036817 -0.012650 0.043017
v -0.036729 -0.012650 0.042939
v -0.036983 -0.012650 0.043183
v -0.036902 -0.012650 0.043098
v -0.037598 -0.012650 0.044304
v -0.033758 -0.012650 0.047386
v -0.033362 -0.012650 0.047134
v -0.033457 -0.012650 0.047203
v -0.033183 -0.012650 0.046983
v -0.033271 -0.012650 0.047061
v -0.032866 -0.012650 0.046638
v -0.032939 -0.012650 0.046729
v -0.032731 -0.012650 0.046445
v -0.032796 -0.012650 0.046543
v -0.032562 -0.012650 0.046137
v -0.034766 -0.012650 0.042320
v -0.035809 -0.012650 0.042434
v -0.035696 -0.012650 0.042402
v -0.037667 -0.012650 0.044649
v -0.034649 -0.012650 0.047667
v -0.034766 -0.012650 0.047680
v -0.034418 -0.012650 0.047626
v -0.034533 -0.012650 0.047649
v -0.032515 -0.012650 0.046029
v -0.032333 -0.012650 0.045351
v -0.032351 -0.012650 0.045467
v -0.032313 -0.012650 0.045117
v -0.032320 -0.012650 0.045234
v -0.034418 -0.012650 0.042374
v -0.034304 -0.012650 0.042402
v -0.034883 -0.012650 0.042313
v -0.037134 -0.012650 0.043362
v -0.037061 -0.012650 0.043271
v -0.037269 -0.012650 0.043555
v -0.037203 -0.012650 0.043457
v -0.037680 -0.012650 0.044766
v -0.037690 -0.012650 0.045000
v -0.037667 -0.012650 0.045351
v -0.037680 -0.012650 0.045234
v -0.037626 -0.012650 0.045582
v -0.037649 -0.012650 0.045467
v -0.037134 -0.012650 0.046638
v -0.037203 -0.012650 0.046543
v -0.034191 -0.012650 0.047566
v -0.034304 -0.012650 0.047598
v -0.033017 -0.012650 0.046817
v -0.033098 -0.012650 0.046902
v -0.032435 -0.012650 0.045809
v -0.032472 -0.012650 0.045920
v -0.032374 -0.012650 0.045582
v -0.032402 -0.012650 0.045696
v -0.032310 -0.012650 0.045000
v -0.032333 -0.012650 0.044649
v -0.032320 -0.012650 0.044766
v -0.032374 -0.012650 0.044418
v -0.032351 -0.012650 0.044533
v -0.033758 -0.012650 0.042614
v -0.033655 -0.012650 0.042670
v -0.035117 -0.012650 0.042313
v -0.035000 -0.012650 0.042310
v -0.037687 -0.012650 0.044883
v -0.037687 -0.012650 0.045117
v -0.037565 -0.012650 0.045809
v -0.037598 -0.012650 0.045696
v -0.037438 -0.012650 0.046137
v -0.037485 -0.012650 0.046029
v -0.037330 -0.012650 0.046345
v -0.037386 -0.012650 0.046242
v -0.037269 -0.012650 0.046445
v -0.032313 -0.012650 0.044883
v -0.032435 -0.012650 0.044191
v -0.032402 -0.012650 0.044304
v -0.032562 -0.012650 0.043863
v -0.032515 -0.012650 0.043971
v -0.032670 -0.012650 0.043655
v -0.032614 -0.012650 0.043758
v -0.034191 -0.012650 0.042434
v -0.034080 -0.012650 0.042472
v -0.037386 -0.012650 0.043758
v -0.037330 -0.012650 0.043655
v -0.037528 -0.012650 0.044080
v -0.037485 -0.012650 0.043971
v -0.037528 -0.012650 0.045920
v -0.036638 -0.012650 0.047134
v -0.036729 -0.012650 0.047061
v -0.036445 -0.012650 0.047269
v -0.036543 -0.012650 0.047203
v -0.034883 -0.012650 0.047687
v -0.032472 -0.012650 0.044080
v -0.032731 -0.012650 0.043555
v -0.032866 -0.012650 0.043362
v -0.032796 -0.012650 0.043457
v -0.033017 -0.012650 0.043183
v -0.032939 -0.012650 0.043271
v -0.033362 -0.012650 0.042866
v -0.033271 -0.012650 0.042939
v -0.033555 -0.012650 0.042731
v -0.033457 -0.012650 0.042797
v -0.033863 -0.012650 0.042562
v -0.033971 -0.012650 0.042515
v -0.037438 -0.012650 0.043863
v -0.037565 -0.012650 0.044191
v -0.036983 -0.012650 0.046817
v -0.037061 -0.012650 0.046729
v -0.036817 -0.012650 0.046983
v -0.036902 -0.012650 0.046902
v -0.036345 -0.012650 0.047330
v -0.036242 -0.012650 0.047386
v -0.035351 -0.012650 0.047667
v -0.035467 -0.012650 0.047649
v -0.036137 -0.012650 0.047438
v -0.035582 -0.012650 0.047626
v -0.035696 -0.012650 0.047598
v -0.035234 -0.012650 0.047680
v -0.033183 -0.012650 0.043017
v -0.033098 -0.012650 0.043098
v -0.035920 -0.012650 0.047528
v -0.036029 -0.012650 0.047485
v -0.035000 -0.012650 0.047690
v -0.035117 -0.012650 0.047687
v -0.035809 -0.012650 0.047566
v -0.035000 -0.014650 0.047690
v -0.035117 -0.014650 0.047687
v -0.035234 -0.014650 0.047680
v -0.035351 -0.014650 0.047667
v -0.035467 -0.014650 0.047649
v -0.035582 -0.014650 0.047626
v -0.035696 -0.014650 0.047598
v -0.035809 -0.014650 0.047566
v -0.035920 -0.014650 0.047528
v -0.036029 -0.014650 0.047485
v -0.036137 -0.014650 0.047438
v -0.036242 -0.014650 0.047386
v -0.036345 -0.014650 0.047330
v -0.036445 -0.014650 0.047269
v -0.036543 -0.014650 0.047203
v -0.036638 -0.014650 0.047134
v -0.036729 -0.014650 0.047061
v -0.036817 -0.014650 0.046983
v -0.036902 -0.014650 0.046902
v -0.036983 -0.014650 0.046817
v -0.037061 -0.014650 0.046729
v -0.037134 -0.014650 0.046638
v -0.037203 -0.014650 0.046543
v -0.037269 -0.014650 0.046445
v -0.037330 -0.014650 0.046345
v -0.037386 -0.014650 0.046242
v -0.037438 -0.014650 0.046137
v -0.037485 -0.014650 0.046029
v -0.037528 -0.014650 0.045920
v -0.037565 -0.014650 0.045809
v -0.037598 -0.014650 0.045696
v -0.037626 -0.014650 0.045582
v -0.037649 -0.014650 0.045467
v -0.037667 -0.014650 0.045351
v -0.037680 -0.014650 0.045234
v -0.037687 -0.014650 0.045117
v -0.037690 -0.014650 0.045000
v -0.037687 -0.014650 0.044883
v -0.037680 -0.014650 0.044766
v -0.037667 -0.014650 0.044649
v -0.037649 -0.014650 0.044533
v -0.037626 -0.014650 0.044418
v -0.037598 -0.014650 0.044304
v -0.037565 -0.014650 0.044191
v -0.037528 -0.014650 0.044080
v -0.037485 -0.014650 0.043971
v -0.037438 -0.014650 0.043863
v -0.037386 -0.014650 0.043758
v -0.037330 -0.014650 0.043655
v -0.037269 -0.014650 0.043555
v -0.037203 -0.014650 0.043457
v -0.037134 -0.014650 0.043362
v -0.037061 -0.014650 0.043271
v -0.036983 -0.014650 0.043183
v -0.036902 -0.014650 0.043098
v -0.036817 -0.014650 0.043017
v -0.036729 -0.014650 0.042939
v -0.036638 -0.014650 0.042866
v -0.036543 -0.014650 0.042797
v -0.036445 -0.014650 0.042731
v -0.036345 -0.014650 0.042670
v -0.036242 -0.014650 0.042614
v -0.036137 -0.014650 0.042562
v -0.036029 -0.014650 0.042515
v -0.035920 -0.014650 0.042472
v -0.035809 -0.014650 0.042434
v -0.035696 -0.014650 0.042402
v -0.035582 -0.014650 0.042374
v -0.035467 -0.014650 0.042351
v -0.035351 -0.014650 0.042333
v -0.035234 -0.014650 0.042320
v -0.035117 -0.014650 0.042313
v -0.035000 -0.014650 0.042310
v -0.034883 -0.014650 0.042313
v -0.034766 -0.014650 0.042320
v -0.034649 -0.014650 0.042333
v -0.034533 -0.014650 0.042351
v -0.034418 -0.014650 0.042374
v -0.034304 -0.014650 0.042402
v -0.034191 -0.014650 0.042434
v -0.034080 -0.014650 0.042472
v -0.033971 -0.014650 0.042515
v -0.033863 -0.014650 0.042562
v -0.033758 -0.014650 0.042614
v -0.033655 -0.014650 0.042670
v -0.033555 -0.014650 0.042731
v -0.033457 -0.014650 0.042797
v -0.033362 -0.014650 0.042866
v -0.033271 -0.014650 0.042939
v -0.033183 -0.014650 0.043017
v -0.033098 -0.014650 0.043098
v -0.033017 -0.014650 0.043183
v -0.032939 -0.014650 0.043271
v -0.032866 -0.014650 0.043362
v -0.032796 -0.014650 0.043457
v -0.032731 -0.014650 0.043555
v -0.032670 -0.014650 0.043655
v -0.032614 -0.014650 0.043758
v -0.032562 -0.014650 0.043863
v -0.032515 -0.014650 0.043971
v -0.032472 -0.014650 0.044080
v -0.032435 -0.014650 0.044191
v -0.032402 -0.014650 0.044304
v -0.032374 -0.014650 0.044418
v -0.032351 -0.014650 0.044533
v -0.032333 -0.014650 0.044649
v -0.032320 -0.014650 0.044766
v -0.032313 -0.014650 0.044883
v -0.032310 -0.014650 0.045000
v -0.032313 -0.014650 0.045117
v -0.032320 -0.014650 0.045234
v -0.032333 -0.014650 0.045351
v -0.032351 -0.014650 0.045467
v -0.032374 -0.014650 0.045582
v -0.032402 -0.014650 0.045696
v -0.032435 -0.014650 0.045809
v -0.032472 -0.014650 0.045920
v -0.032515 -0.014650 0.046029
v -0.032562 -0.014650 0.046137
v -0.032614 -0.014650 0.046242
v -0.032670 -0.014650 0.046345
v -0.032731 -0.014650 0.046445
v -0.032796 -0.014650 0.046543
v -0.032866 -0.014650 0.046638
v -0.032939 -0.014650 0.046729
v -0.033017 -0.014650 0.046817
v -0.033098 -0.014650 0.046902
v -0.033183 -0.014650 0.046983
v -0.033271 -0.014650 0.047061
v -0.033362 -0.014650 0.047134
v -0.033457 -0.014650 0.047203
v -0.033555 -0.014650 0.047269
v -0.033655 -0.014650 0.047330
v -0.033758 -0.014650 0.047386
v -0.033863 -0.014650 0.047438
v -0.033971 -0.014650 0.047485
v -0.034080 -0.014650 0.047528
v -0.034191 -0.014650 0.047566
v -0.034304 -0.014650 0.047598
v -0.034418 -0.014650 0.047626
v -0.034533 -0.014650 0.047649
v -0.034649 -0.014650 0.047667
v -0.034766 -0.014650 0.047680
v -0.034883 -0.014650 0.047687
v -0.038350 -0.014050 0.056500
v -0.038350 -0.014650 0.056500
v -0.031650 -0.014050 0.056500
v -0.031650 -0.014650 0.056500
v -0.038350 -0.014050 0.054000
v -0.038350 -0.014650 0.054000
v -0.031650 -0.014650 0.054000
v -0.031650 -0.014050 0.054000
v -0.027365 -0.014650 0.042248
v -0.027391 -0.014650 0.042666
v -0.025695 -0.014650 0.037500
v -0.042503 -0.014650 0.037500
v -0.027085 -0.014650 0.040596
v -0.027181 -0.014650 0.041004
v -0.042512 -0.014650 0.037633
v -0.025952 -0.014650 0.037901
v -0.026161 -0.014650 0.038264
v -0.025727 -0.014650 0.037548
v -0.026356 -0.014650 0.038636
v -0.026534 -0.014650 0.039015
v -0.026697 -0.014650 0.039401
v -0.026843 -0.014650 0.039794
v -0.026973 -0.014650 0.040193
v -0.027260 -0.014650 0.041416
v -0.042578 -0.014650 0.038954
v -0.027321 -0.014650 0.041831
v -0.042503 -0.018050 0.037500
v -0.025695 -0.018050 0.037500
v -0.035000 -0.018050 0.042310
v -0.034883 -0.018050 0.042313
v -0.033863 -0.018050 0.042562
v -0.033758 -0.018050 0.042614
v -0.035117 -0.018050 0.042313
v -0.033971 -0.018050 0.042515
v -0.034191 -0.018050 0.042434
v -0.034080 -0.018050 0.042472
v -0.034649 -0.018050 0.042333
v -0.034533 -0.018050 0.042351
v -0.034418 -0.018050 0.042374
v -0.034304 -0.018050 0.042402
v -0.034766 -0.018050 0.042320
v -0.035234 -0.018050 0.042320
v -0.035582 -0.018050 0.042374
v -0.035467 -0.018050 0.042351
v -0.033655 -0.018050 0.042670
v -0.033555 -0.018050 0.042731
v -0.035351 -0.018050 0.042333
v -0.035809 -0.018050 0.042434
v -0.035696 -0.018050 0.042402
v -0.035920 -0.018050 0.042472
v -0.036137 -0.018050 0.042562
v -0.036029 -0.018050 0.042515
v -0.033271 -0.018050 0.042939
v -0.033183 -0.018050 0.043017
v -0.033457 -0.018050 0.042797
v -0.033362 -0.018050 0.042866
v -0.042600 -0.018050 0.053000
v -0.035351 -0.018050 0.047667
v -0.035467 -0.018050 0.047649
v -0.033098 -0.018050 0.043098
v -0.036902 -0.018050 0.043098
v -0.036817 -0.018050 0.043017
v -0.042512 -0.018050 0.037633
v -0.035234 -0.018050 0.047680
v -0.032670 -0.018050 0.043655
v -0.032614 -0.018050 0.043758
v -0.027181 -0.018050 0.041004
v -0.036345 -0.018050 0.042670
v -0.036242 -0.018050 0.042614
v -0.036729 -0.018050 0.042939
v -0.036638 -0.018050 0.042866
v -0.036983 -0.018050 0.043183
v -0.042578 -0.018050 0.038954
v -0.042600 -0.018050 0.040277
v -0.037667 -0.018050 0.044649
v -0.037649 -0.018050 0.044533
v -0.037687 -0.018050 0.044883
v -0.037680 -0.018050 0.044766
v -0.037687 -0.018050 0.045117
v -0.037690 -0.018050 0.045000
v -0.037667 -0.018050 0.045351
v -0.037680 -0.018050 0.045234
v -0.036638 -0.018050 0.047134
v -0.036729 -0.018050 0.047061
v -0.035696 -0.018050 0.047598
v -0.035809 -0.018050 0.047566
v -0.035582 -0.018050 0.047626
v -0.027400 -0.018050 0.053000
v -0.034418 -0.018050 0.047626
v -0.034533 -0.018050 0.047649
v -0.033655 -0.018050 0.047330
v -0.033758 -0.018050 0.047386
v -0.032562 -0.018050 0.043863
v -0.027260 -0.018050 0.041416
v -0.027085 -0.018050 0.040596
v -0.032796 -0.018050 0.043457
v -0.032731 -0.018050 0.043555
v -0.026843 -0.018050 0.039794
v -0.032866 -0.018050 0.043362
v -0.026534 -0.018050 0.039015
v -0.032939 -0.018050 0.043271
v -0.025952 -0.018050 0.037901
v -0.025727 -0.018050 0.037548
v -0.026161 -0.018050 0.038264
v -0.036543 -0.018050 0.042797
v -0.036445 -0.018050 0.042731
v -0.037134 -0.018050 0.043362
v -0.037061 -0.018050 0.043271
v -0.037626 -0.018050 0.044418
v -0.036543 -0.018050 0.047203
v -0.036345 -0.018050 0.047330
v -0.036445 -0.018050 0.047269
v -0.035000 -0.018050 0.047690
v -0.035117 -0.018050 0.047687
v -0.034649 -0.018050 0.047667
v -0.033971 -0.018050 0.047485
v -0.034080 -0.018050 0.047528
v -0.033863 -0.018050 0.047438
v -0.032562 -0.018050 0.046137
v -0.032614 -0.018050 0.046242
v -0.032402 -0.018050 0.045696
v -0.032435 -0.018050 0.045809
v -0.027400 -0.018050 0.043085
v -0.032374 -0.018050 0.045582
v -0.032313 -0.018050 0.045117
v -0.032320 -0.018050 0.045234
v -0.032313 -0.018050 0.044883
v -0.032310 -0.018050 0.045000
v -0.032435 -0.018050 0.044191
v -0.032402 -0.018050 0.044304
v -0.032472 -0.018050 0.044080
v -0.027391 -0.018050 0.042666
v -0.026973 -0.018050 0.040193
v -0.026697 -0.018050 0.039401
v -0.026356 -0.018050 0.038636
v -0.037598 -0.018050 0.044304
v -0.037626 -0.018050 0.045582
v -0.037649 -0.018050 0.045467
v -0.037565 -0.018050 0.045809
v -0.037598 -0.018050 0.045696
v -0.036137 -0.018050 0.047438
v -0.036242 -0.018050 0.047386
v -0.035920 -0.018050 0.047528
v -0.036029 -0.018050 0.047485
v -0.034883 -0.018050 0.047687
v -0.034766 -0.018050 0.047680
v -0.034191 -0.018050 0.047566
v -0.034304 -0.018050 0.047598
v -0.033457 -0.018050 0.047203
v -0.033555 -0.018050 0.047269
v -0.033271 -0.018050 0.047061
v -0.033362 -0.018050 0.047134
v -0.033098 -0.018050 0.046902
v -0.033183 -0.018050 0.046983
v -0.032670 -0.018050 0.046345
v -0.032333 -0.018050 0.045351
v -0.032351 -0.018050 0.045467
v -0.032333 -0.018050 0.044649
v -0.032320 -0.018050 0.044766
v -0.027365 -0.018050 0.042248
v -0.033017 -0.018050 0.043183
v -0.037438 -0.018050 0.043863
v -0.037386 -0.018050 0.043758
v -0.037528 -0.018050 0.044080
v -0.037485 -0.018050 0.043971
v -0.037330 -0.018050 0.046345
v -0.037386 -0.018050 0.046242
v -0.036983 -0.018050 0.046817
v -0.037061 -0.018050 0.046729
v -0.036817 -0.018050 0.046983
v -0.036902 -0.018050 0.046902
v -0.033017 -0.018050 0.046817
v -0.032731 -0.018050 0.046445
v -0.032796 -0.018050 0.046543
v -0.032515 -0.018050 0.046029
v -0.032374 -0.018050 0.044418
v -0.032351 -0.018050 0.044533
v -0.037269 -0.018050 0.043555
v -0.037203 -0.018050 0.043457
v -0.037330 -0.018050 0.043655
v -0.037565 -0.018050 0.044191
v -0.037438 -0.018050 0.046137
v -0.037485 -0.018050 0.046029
v -0.037269 -0.018050 0.046445
v -0.037134 -0.018050 0.046638
v -0.037203 -0.018050 0.046543
v -0.032515 -0.018050 0.043971
v -0.027321 -0.018050 0.041831
v -0.037528 -0.018050 0.045920
v -0.032866 -0.018050 0.046638
v -0.032939 -0.018050 0.046729
v -0.032472 -0.018050 0.045920
v -0.042600 -0.021250 0.053000
v -0.042600 -0.021250 0.040277
v -0.027400 -0.021250 0.043085
v -0.027400 -0.021250 0.053000
v -0.035000 -0.021250 0.047690
v -0.035117 -0.021250 0.047687
v -0.035234 -0.021250 0.047680
v -0.035351 -0.021250 0.047667
v -0.035467 -0.021250 0.047649
v -0.035582 -0.021250 0.047626
v -0.035696 -0.021250 0.047598
v -0.035809 -0.021250 0.047566
v -0.035920 -0.021250 0.047528
v -0.036029 -0.021250 0.047485
v -0.036137 -0.021250 0.047438
v -0.036242 -0.021250 0.047386
v -0.036345 -0.021250 0.047330
v -0.036445 -0.021250 0.047269
v -0.036543 -0.021250 0.047203
v -0.036638 -0.021250 0.047134
v -0.036729 -0.021250 0.047061
v -0.036817 -0.021250 0.046983
v -0.036902 -0.021250 0.046902
v -0.036983 -0.021250 0.046817
v -0.037061 -0.021250 0.046729
v -0.037134 -0.021250 0.046638
v -0.037203 -0.021250 0.046543
v -0.037269 -0.021250 0.046445
v -0.037330 -0.021250 0.046345
v -0.037386 -0.021250 0.046242
v -0.037438 -0.021250 0.046137
v -0.037485 -0.021250 0.046029
v -0.037528 -0.021250 0.045920
v -0.037565 -0.021250 0.045809
v -0.037598 -0.021250 0.045696
v -0.037626 -0.021250 0.045582
v -0.037649 -0.021250 0.045467
v -0.037667 -0.021250 0.045351
v -0.037680 -0.021250 0.045234
v -0.037687 -0.021250 0.045117
v -0.037690 -0.021250 0.045000
v -0.037687 -0.021250 0.044883
v -0.037680 -0.021250 0.044766
v -0.037667 -0.021250 0.044649
v -0.037649 -0.021250 0.044533
v -0.037626 -0.021250 0.044418
v -0.037598 -0.021250 0.044304
v -0.037565 -0.021250 0.044191
v -0.037528 -0.021250 0.044080
v -0.037485 -0.021250 0.043971
v -0.037438 -0.021250 0.043863
v -0.037386 -0.021250 0.043758
v -0.037330 -0.021250 0.043655
v -0.037269 -0.021250 0.043555
v -0.037203 -0.021250 0.043457
v -0.037134 -0.021250 0.043362
v -0.037061 -0.021250 0.043271
v -0.036983 -0.021250 0.043183
v -0.036902 -0.021250 0.043098
v -0.036817 -0.021250 0.043017
v -0.036729 -0.021250 0.042939
v -0.036638 -0.021250 0.042866
v -0.036543 -0.021250 0.042797
v -0.036445 -0.021250 0.042731
v -0.036345 -0.021250 0.042670
v -0.036242 -0.021250 0.042614
v -0.036137 -0.021250 0.042562
v -0.036029 -0.021250 0.042515
v -0.035920 -0.021250 0.042472
v -0.035809 -0.021250 0.042434
v -0.035696 -0.021250 0.042402
v -0.035582 -0.021250 0.042374
v -0.035467 -0.021250 0.042351
v -0.035351 -0.021250 0.042333
v -0.035234 -0.021250 0.042320
v -0.035117 -0.021250 0.042313
v -0.035000 -0.021250 0.042310
v -0.034883 -0.021250 0.042313
v -0.034766 -0.021250 0.042320
v -0.034649 -0.021250 0.042333
v -0.034533 -0.021250 0.042351
v -0.034418 -0.021250 0.042374
v -0.034304 -0.021250 0.042402
v -0.034191 -0.021250 0.042434
v -0.034080 -0.021250 0.042472
v -0.033971 -0.021250 0.042515
v -0.033863 -0.021250 0.042562
v -0.033758 -0.021250 0.042614
v -0.033655 -0.021250 0.042670
v -0.033555 -0.021250 0.042731
v -0.033457 -0.021250 0.042797
v -0.033362 -0.021250 0.042866
v -0.033271 -0.021250 0.042939
v -0.033183 -0.021250 0.043017
v -0.033098 -0.021250 0.043098
v -0.033017 -0.021250 0.043183
v -0.032939 -0.021250 0.043271
v -0.032866 -0.021250 0.043362
v -0.032796 -0.021250 0.043457
v -0.032731 -0.021250 0.043555
v -0.032670 -0.021250 0.043655
v -0.032614 -0.021250 0.043758
v -0.032562 -0.021250 0.043863
v -0.032515 -0.021250 0.043971
v -0.032472 -0.021250 0.044080
v -0.032435 -0.021250 0.044191
v -0.032402 -0.021250 0.044304
v -0.032374 -0.021250 0.044418
v -0.032351 -0.021250 0.044533
v -0.032333 -0.021250 0.044649
v -0.032320 -0.021250 0.044766
v -0.032313 -0.021250 0.044883
v -0.032310 -0.021250 0.045000
v -0.032313 -0.021250 0.045117
v -0.032320 -0.021250 0.045234
v -0.032333 -0.021250 0.045351
v -0.032351 -0.021250 0.045467
v -0.032374 -0.021250 0.045582
v -0.032402 -0.021250 0.045696
v -0.032435 -0.021250 0.045809
v -0.032472 -0.021250 0.045920
v -0.032515 -0.021250 0.046029
v -0.032562 -0.021250 0.046137
v -0.032614 -0.021250 0.046242
v -0.032670 -0.021250 0.046345
v -0.032731 -0.021250 0.046445
v -0.032796 -0.021250 0.046543
v -0.032866 -0.021250 0.046638
v -0.032939 -0.021250 0.046729
v -0.033017 -0.021250 0.046817
v -0.033098 -0.021250 0.046902
v -0.033183 -0.021250 0.046983
v -0.033271 -0.021250 0.047061
v -0.033362 -0.021250 0.047134
v -0.033457 -0.021250 0.047203
v -0.033555 -0.021250 0.047269
v -0.033655 -0.021250 0.047330
v -0.033758 -0.021250 0.047386
v -0.033863 -0.021250 0.047438
v -0.033971 -0.021250 0.047485
v -0.034080 -0.021250 0.047528
v -0.034191 -0.021250 0.047566
v -0.034304 -0.021250 0.047598
v -0.034418 -0.021250 0.047626
v -0.034533 -0.021250 0.047649
v -0.034649 -0.021250 0.047667
v -0.034766 -0.021250 0.047680
v -0.034883 -0.021250 0.047687
v -0.027365 -0.021250 0.042248
v -0.027391 -0.021250 0.042666
v -0.025695 -0.021250 0.037500
v -0.042503 -0.021250 0.037500
v -0.027085 -0.021250 0.040596
v -0.027181 -0.021250 0.041004
v -0.042512 -0.021250 0.037633
v -0.025952 -0.021250 0.037901
v -0.026161 -0.021250 0.038264
v -0.025727 -0.021250 0.037548
v -0.026356 -0.021250 0.038636
v -0.026534 -0.021250 0.039015
v -0.026697 -0.021250 0.039401
v -0.026843 -0.021250 0.039794
v -0.026973 -0.021250 0.040193
v -0.027260 -0.021250 0.041416
v -0.042578 -0.021250 0.038954
v -0.027321 -0.021250 0.041831
v -0.042503 -0.024650 0.037500
v -0.025695 -0.024650 0.037500
v -0.042403 -0.028650 0.036314
v -0.042578 -0.024650 0.038954
v -0.042578 -0.028650 0.038954
v -0.042600 -0.028650 0.040277
v -0.042512 -0.024650 0.037633
v -0.042513 -0.028650 0.037633
v -0.042600 -0.024650 0.040277
v -0.025488 -0.028650 0.037204
v -0.025727 -0.028650 0.037548
v -0.025727 -0.024650 0.037548
v -0.025952 -0.024650 0.037901
v -0.025952 -0.028650 0.037901
v -0.026161 -0.024650 0.038264
v -0.026161 -0.028650 0.038264
v -0.026356 -0.024650 0.038636
v -0.026356 -0.028650 0.038636
v -0.026534 -0.024650 0.039015
v -0.026534 -0.028650 0.039015
v -0.026697 -0.024650 0.039401
v -0.026697 -0.028650 0.039401
v -0.026843 -0.024650 0.039794
v -0.026843 -0.028650 0.039794
v -0.026973 -0.024650 0.040193
v -0.026973 -0.028650 0.040193
v -0.027085 -0.024650 0.040596
v -0.027085 -0.028650 0.040596
v -0.027181 -0.024650 0.041004
v -0.027181 -0.028650 0.041004
v -0.027260 -0.024650 0.041416
v -0.027260 -0.028650 0.041416
v -0.027321 -0.024650 0.041831
v -0.027321 -0.028650 0.041831
v -0.027365 -0.024650 0.042248
v -0.027365 -0.028650 0.042248
v -0.027391 -0.024650 0.042666
v -0.027391 -0.028650 0.042666
v -0.027400 -0.024650 0.043085
v -0.027400 -0.028650 0.043085
v -0.027400 -0.028650 0.056500
v -0.027400 -0.024650 0.056500
v -0.042600 -0.028650 0.056500
v -0.042600 -0.024650 0.056500
v -0.038350 -0.025250 0.056500
v -0.031650 -0.025250 0.056500
v -0.031650 -0.024650 0.056500
v -0.038350 -0.024650 0.056500
v -0.031650 -0.025250 0.054000
v -0.031650 -0.024650 0.054000
v -0.038350 -0.025250 0.054000
v -0.038350 -0.024650 0.054000
v -0.033863 -0.024650 0.042562
v -0.033758 -0.024650 0.042614
v -0.035000 -0.024650 0.042310
v -0.034883 -0.024650 0.042313
v -0.033971 -0.024650 0.042515
v -0.034191 -0.024650 0.042434
v -0.034080 -0.024650 0.042472
v -0.034649 -0.024650 0.042333
v -0.034533 -0.024650 0.042351
v -0.035117 -0.024650 0.042313
v -0.035582 -0.024650 0.042374
v -0.035467 -0.024650 0.042351
v -0.034418 -0.024650 0.042374
v -0.034304 -0.024650 0.042402
v -0.034766 -0.024650 0.042320
v -0.035234 -0.024650 0.042320
v -0.035351 -0.024650 0.042333
v -0.033655 -0.024650 0.042670
v -0.033555 -0.024650 0.042731
v -0.035809 -0.024650 0.042434
v -0.035696 -0.024650 0.042402
v -0.035920 -0.024650 0.042472
v -0.036137 -0.024650 0.042562
v -0.036029 -0.024650 0.042515
v -0.033271 -0.024650 0.042939
v -0.033183 -0.024650 0.043017
v -0.033457 -0.024650 0.042797
v -0.033362 -0.024650 0.042866
v -0.035351 -0.024650 0.047667
v -0.035467 -0.024650 0.047649
v -0.033098 -0.024650 0.043098
v -0.036902 -0.024650 0.043098
v -0.036817 -0.024650 0.043017
v -0.035234 -0.024650 0.047680
v -0.032670 -0.024650 0.043655
v -0.032614 -0.024650 0.043758
v -0.036345 -0.024650 0.042670
v -0.036242 -0.024650 0.042614
v -0.036729 -0.024650 0.042939
v -0.036638 -0.024650 0.042866
v -0.036983 -0.024650 0.043183
v -0.037667 -0.024650 0.044649
v -0.037649 -0.024650 0.044533
v -0.037687 -0.024650 0.044883
v -0.037680 -0.024650 0.044766
v -0.037687 -0.024650 0.045117
v -0.037690 -0.024650 0.045000
v -0.036638 -0.024650 0.047134
v -0.036729 -0.024650 0.047061
v -0.035696 -0.024650 0.047598
v -0.035809 -0.024650 0.047566
v -0.035582 -0.024650 0.047626
v -0.033655 -0.024650 0.047330
v -0.033758 -0.024650 0.047386
v -0.032562 -0.024650 0.046137
v -0.032562 -0.024650 0.043863
v -0.032796 -0.024650 0.043457
v -0.032731 -0.024650 0.043555
v -0.032866 -0.024650 0.043362
v -0.032939 -0.024650 0.043271
v -0.036543 -0.024650 0.042797
v -0.036445 -0.024650 0.042731
v -0.037134 -0.024650 0.043362
v -0.037061 -0.024650 0.043271
v -0.037626 -0.024650 0.044418
v -0.037667 -0.024650 0.045351
v -0.037680 -0.024650 0.045234
v -0.037649 -0.024650 0.045467
v -0.036543 -0.024650 0.047203
v -0.036345 -0.024650 0.047330
v -0.036445 -0.024650 0.047269
v -0.036242 -0.024650 0.047386
v -0.035000 -0.024650 0.047690
v -0.035117 -0.024650 0.047687
v -0.034883 -0.024650 0.047687
v -0.034418 -0.024650 0.047626
v -0.034533 -0.024650 0.047649
v -0.033971 -0.024650 0.047485
v -0.034080 -0.024650 0.047528
v -0.033863 -0.024650 0.047438
v -0.032614 -0.024650 0.046242
v -0.032402 -0.024650 0.045696
v -0.032435 -0.024650 0.045809
v -0.032313 -0.024650 0.045117
v -0.032320 -0.024650 0.045234
v -0.032313 -0.024650 0.044883
v -0.032310 -0.024650 0.045000
v -0.032435 -0.024650 0.044191
v -0.032402 -0.024650 0.044304
v -0.032472 -0.024650 0.044080
v -0.037598 -0.024650 0.044304
v -0.037626 -0.024650 0.045582
v -0.037565 -0.024650 0.045809
v -0.037598 -0.024650 0.045696
v -0.036137 -0.024650 0.047438
v -0.035920 -0.024650 0.047528
v -0.036029 -0.024650 0.047485
v -0.034766 -0.024650 0.047680
v -0.034649 -0.024650 0.047667
v -0.034191 -0.024650 0.047566
v -0.034304 -0.024650 0.047598
v -0.033457 -0.024650 0.047203
v -0.033555 -0.024650 0.047269
v -0.033271 -0.024650 0.047061
v -0.033362 -0.024650 0.047134
v -0.033098 -0.024650 0.046902
v -0.033183 -0.024650 0.046983
v -0.032670 -0.024650 0.046345
v -0.032374 -0.024650 0.045582
v -0.032333 -0.024650 0.045351
v -0.032351 -0.024650 0.045467
v -0.032333 -0.024650 0.044649
v -0.032320 -0.024650 0.044766
v -0.033017 -0.024650 0.043183
v -0.037438 -0.024650 0.043863
v -0.037386 -0.024650 0.043758
v -0.037528 -0.024650 0.044080
v -0.037485 -0.024650 0.043971
v -0.037330 -0.024650 0.046345
v -0.037386 -0.024650 0.046242
v -0.036983 -0.024650 0.046817
v -0.037061 -0.024650 0.046729
v -0.036817 -0.024650 0.046983
v -0.036902 -0.024650 0.046902
v -0.033017 -0.024650 0.046817
v -0.032731 -0.024650 0.046445
v -0.032796 -0.024650 0.046543
v -0.032515 -0.024650 0.046029
v -0.032374 -0.024650 0.044418
v -0.032351 -0.024650 0.044533
v -0.037269 -0.024650 0.043555
v -0.037203 -0.024650 0.043457
v -0.037330 -0.024650 0.043655
v -0.037565 -0.024650 0.044191
v -0.037438 -0.024650 0.046137
v -0.037485 -0.024650 0.046029
v -0.037269 -0.024650 0.046445
v -0.037134 -0.024650 0.046638
v -0.037203 -0.024650 0.046543
v -0.032515 -0.024650 0.043971
v -0.037528 -0.024650 0.045920
v -0.032866 -0.024650 0.046638
v -0.032939 -0.024650 0.046729
v -0.032472 -0.024650 0.045920
v -0.035000 -0.026650 0.047690
v -0.035117 -0.026650 0.047687
v -0.035234 -0.026650 0.047680
v -0.035351 -0.026650 0.047667
v -0.035467 -0.026650 0.047649
v -0.035582 -0.026650 0.047626
v -0.035696 -0.026650 0.047598
v -0.035809 -0.026650 0.047566
v -0.035920 -0.026650 0.047528
v -0.036029 -0.026650 0.047485
v -0.036137 -0.026650 0.047438
v -0.036242 -0.026650 0.047386
v -0.036345 -0.026650 0.047330
v -0.036445 -0.026650 0.047269
v -0.036543 -0.026650 0.047203
v -0.036638 -0.026650 0.047134
v -0.036729 -0.026650 0.047061
v -0.036817 -0.026650 0.046983
v -0.036902 -0.026650 0.046902
v -0.036983 -0.026650 0.046817
v -0.037061 -0.026650 0.046729
v -0.037134 -0.026650 0.046638
v -0.037204 -0.026650 0.046543
v -0.037269 -0.026650 0.046445
v -0.037330 -0.026650 0.046345
v -0.037386 -0.026650 0.046242
v -0.037438 -0.026650 0.046137
v -0.037485 -0.026650 0.046029
v -0.037528 -0.026650 0.045920
v -0.037566 -0.026650 0.045809
v -0.037598 -0.026650 0.045696
v -0.037626 -0.026650 0.045582
v -0.037649 -0.026650 0.045467
v -0.037667 -0.026650 0.045351
v -0.037680 -0.026650 0.045234
v -0.037687 -0.026650 0.045117
v -0.037690 -0.026650 0.045000
v -0.037687 -0.026650 0.044883
v -0.037680 -0.026650 0.044766
v -0.037667 -0.026650 0.044649
v -0.037649 -0.026650 0.044533
v -0.037626 -0.026650 0.044418
v -0.037598 -0.026650 0.044304
v -0.037566 -0.026650 0.044191
v -0.037528 -0.026650 0.044080
v -0.037485 -0.026650 0.043971
v -0.037438 -0.026650 0.043863
v -0.037386 -0.026650 0.043758
v -0.037330 -0.026650 0.043655
v -0.037269 -0.026650 0.043555
v -0.037204 -0.026650 0.043457
v -0.037134 -0.026650 0.043362
v -0.037061 -0.026650 0.043271
v -0.036983 -0.026650 0.043183
v -0.036902 -0.026650 0.043098
v -0.036817 -0.026650 0.043017
v -0.036729 -0.026650 0.042939
v -0.036638 -0.026650 0.042866
v -0.036543 -0.026650 0.042797
v -0.036445 -0.026650 0.042731
v -0.036345 -0.026650 0.042670
v -0.036242 -0.026650 0.042614
v -0.036137 -0.026650 0.042562
v -0.036029 -0.026650 0.042515
v -0.035920 -0.026650 0.042472
v -0.035809 -0.026650 0.042434
v -0.035696 -0.026650 0.042402
v -0.035582 -0.026650 0.042374
v -0.035467 -0.026650 0.042351
v -0.035351 -0.026650 0.042333
v -0.035234 -0.026650 0.042320
v -0.035117 -0.026650 0.042313
v -0.035000 -0.026650 0.042310
v -0.034883 -0.026650 0.042313
v -0.034766 -0.026650 0.042320
v -0.034649 -0.026650 0.042333
v -0.034533 -0.026650 0.042351
v -0.034418 -0.026650 0.042374
v -0.034304 -0.026650 0.042402
v -0.034191 -0.026650 0.042434
v -0.034080 -0.026650 0.042472
v -0.033971 -0.026650 0.042515
v -0.033863 -0.026650 0.042562
v -0.033758 -0.026650 0.042614
v -0.033655 -0.026650 0.042670
v -0.033555 -0.026650 0.042731
v -0.033457 -0.026650 0.042797
v -0.033362 -0.026650 0.042866
v -0.033271 -0.026650 0.042939
v -0.033183 -0.026650 0.043017
v -0.033098 -0.026650 0.043098
v -0.033017 -0.026650 0.043183
v -0.032939 -0.026650 0.043271
v -0.032866 -0.026650 0.043362
v -0.032797 -0.026650 0.043457
v -0.032731 -0.026650 0.043555
v -0.032670 -0.026650 0.043655
v -0.032614 -0.026650 0.043758
v -0.032562 -0.026650 0.043863
v -0.032515 -0.026650 0.043971
v -0.032472 -0.026650 0.044080
v -0.032435 -0.026650 0.044191
v -0.032402 -0.026650 0.044304
v -0.032374 -0.026650 0.044418
v -0.032351 -0.026650 0.044533
v -0.032333 -0.026650 0.044649
v -0.032320 -0.026650 0.044766
v -0.032313 -0.026650 0.044883
v -0.032310 -0.026650 0.045000
v -0.032313 -0.026650 0.045117
v -0.032320 -0.026650 0.045234
v -0.032333 -0.026650 0.045351
v -0.032351 -0.026650 0.045467
v -0.032374 -0.026650 0.045582
v -0.032402 -0.026650 0.045696
v -0.032435 -0.026650 0.045809
v -0.032472 -0.026650 0.045920
v -0.032515 -0.026650 0.046029
v -0.032562 -0.026650 0.046137
v -0.032614 -0.026650 0.046242
v -0.032670 -0.026650 0.046345
v -0.032731 -0.026650 0.046445
v -0.032797 -0.026650 0.046543
v -0.032866 -0.026650 0.046638
v -0.032939 -0.026650 0.046729
v -0.033017 -0.026650 0.046817
v -0.033098 -0.026650 0.046902
v -0.033183 -0.026650 0.046983
v -0.033271 -0.026650 0.047061
v -0.033362 -0.026650 0.047134
v -0.033457 -0.026650 0.047203
v -0.033555 -0.026650 0.047269
v -0.033655 -0.026650 0.047330
v -0.033758 -0.026650 0.047386
v -0.033863 -0.026650 0.047438
v -0.033971 -0.026650 0.047485
v -0.034080 -0.026650 0.047528
v -0.034191 -0.026650 0.047566
v -0.034304 -0.026650 0.047598
v -0.034418 -0.026650 0.047626
v -0.034533 -0.026650 0.047649
v -0.034649 -0.026650 0.047667
v -0.034766 -0.026650 0.047680
v -0.034883 -0.026650 0.047687
v -0.035000 -0.028650 0.040035
v -0.030700 -0.028650 0.047483
v -0.030700 -0.028650 0.042517
v -0.039300 -0.028650 0.042517
v -0.039300 -0.028650 0.047483
v -0.035000 -0.028650 0.049965
v -0.039300 -0.026650 0.042517
v -0.035000 -0.026650 0.040035
v -0.030700 -0.026650 0.047483
v -0.030700 -0.026650 0.042517
v -0.035000 -0.026650 0.049965
v -0.039300 -0.026650 0.047483
s 0
f 1 2 3
f 4 1 5
f 6 4 7
f 8 6 9
f 10 8 11
f 12 10 13
f 14 12 15
f 16 14 17
f 18 16 19
f 20 18 21
f 22 20 23
f 24 22 25
f 26 24 27
f 28 26 29
f 30 28 31
f 32 30 33
f 34 32 35
f 36 34 37
f 38 36 39
f 40 38 41
f 42 40 43
f 44 42 45
f 46 44 47
f 48 46 49
f 50 48 51
f 52 50 53
f 54 52 55
f 56 54 57
f 58 56 59
f 60 58 61
f 62 60 63
f 64 62 65
f 66 64 67
f 68 66 69
f 70 68 71
f 72 70 73
f 74 72 75
f 76 74 77
f 78 76 79
f 80 78 81
f 82 80 83
f 84 82 85
f 86 84 87
f 88 86 89
f 90 88 91
f 92 90 93
f 94 92 95
f 96 94 97
f 98 96 99
f 100 98 101
f 102 100 103
f 104 102 105
f 106 104 107
f 108 106 109
f 110 108 111
f 112 110 113
f 114 112 115
f 116 114 117
f 118 116 119
f 120 118 121
f 122 120 123
f 124 122 125
f 126 124 127
f 128 126 129
f 130 128 131
f 132 130 133
f 134 132 135
f 136 134 137
f 138 136 139
f 140 138 141
f 142 140 143
f 144 142 145
f 146 144 147
f 148 146 149
f 150 148 151
f 152 150 153
f 154 152 155
f 156 154 157
f 158 156 159
f 160 158 161
f 162 160 163
f 164 162 165
f 166 164 167
f 168 166 169
f 170 168 171
f 172 170 173
f 174 172 175
f 176 174 177
f 178 176 179
f 180 178 181
f 182 180 183
f 184 182 185
f 186 184 187
f 188 186 189
f 190 188 191
f 192 190 193
f 194 192 195
f 196 194 197
f 198 196 199
f 200 198 201
f 202 200 203
f 204 202 205
f 206 204 207
f 208 206 209
f 210 208 211
f 212 210 213
f 214 212 215
f 216 214 217
f 218 216 219
f 220 218 221
f 222 220 223
f 224 222 225
f 226 224 227
f 228 226 229
f 230 228 231
f 232 230 233
f 234 232 235
f 236 234 237
f 238 236 239
f 240 238 241
f 242 240 243
f 244 242 245
f 246 244 247
f 248 246 249
f 250 248 251
f 252 250 253
f 254 252 255
f 256 254 257
f 258 256 259
f 260 258 261
f 262 260 263
f 264 262 265
f 266 264 267
f 268 266 269
f 270 268 271
f 272 270 273
f 274 272 275
f 276 274 277
f 278 276 279
f 280 278 281
f 282 280 283
f 284 282 285
f 286 284 287
f 2 286 288
f 288 3 2
f 287 288 286
f 285 287 284
f 283 285 282
f 281 283 280
f 279 281 278
f 277 279 276
f 275 277 274
f 273 275 272
f 271 273 270
f 269 271 268
f 267 269 266
f 265 267 264
f 263 265 262
f 261 263 260
f 259 261 258
f 257 259 256
f 255 257 254
f 253 255 252
f 251 253 250
f 249 251 248
f 247 249 246
f 245 247 244
f 243 245 242
f 241 243 240
f 239 241 238
f 237 239 236
f 235 237 234
f 233 235 232
f 231 233 230
f 229 231 228
f 227 229 226
f 225 227 224
f 223 225 222
f 221 223 220
f 219 221 218
f 217 219 216
f 215 217 214
f 213 215 212
f 211 213 210
f 209 211 208
f 207 209 206
f 205 207 204
f 203 205 202
f 201 203 200
f 199 201 198
f 197 199 196
f 195 197 194
f 193 195 192
f 191 193 190
f 189 191 188
f 187 189 186
f 185 187 184
f 183 185 182
f 181 183 180
f 179 181 178
f 177 179 176
f 175 177 174
f 173 175 172
f 171 173 170
f 169 171 168
f 167 169 166
f 165 167 164
f 163 165 162
f 161 163 160
f 159 161 158
f 157 159 156
f 155 157 154
f 153 155 152
f 151 153 150
f 149 151 148
f 147 149 146
f 145 147 144
f 143 145 142
f 141 143 140
f 139 141 138
f 137 139 136
f 135 137 134
f 133 135 132
f 131 133 130
f 129 131 128
f 127 129 126
f 125 127 124
f 123 125 122
f 121 123 120
f 119 121 118
f 117 119 116
f 115 117 114
f 113 115 112
f 111 113 110
f 109 111 108
f 107 109 106
f 105 107 104
f 103 105 102
f 101 103 100
f 99 101 98
f 97 99 96
f 95 97 94
f 93 95 92
f 91 93 90
f 89 91 88
f 87 89 86
f 85 87 84
f 83 85 82
f 81 83 80
f 79 81 78
f 77 79 76
f 75 77 74
f 73 75 72
f 71 73 70
f 69 71 68
f 67 69 66
f 65 67 64
f 63 65 62
f 61 63 60
f 59 61 58
f 57 59 56
f 55 57 54
f 53 55 52
f 51 53 50
f 49 51 48
f 47 49 46
f 45 47 44
f 43 45 42
f 41 43 40
f 39 41 38
f 37 39 36
f 35 37 34
f 33 35 32
f 31 33 30
f 29 31 28
f 27 29 26
f 25 27 24
f 23 25 22
f 21 23 20
f 19 21 18
f 17 19 16
f 15 17 14
f 13 15 12
f 11 13 10
f 9 11 8
f 7 9 6
f 5 7 4
f 3 5 1
f 289 290 215
f 290 291 217
f 291 292 219
f 292 293 221
f 217 215 290
f 221 219 292
f 293 294 223
f 294 295 225
f 296 297 229
f 297 298 231
f 299 300 249
f 300 301 251
f 302 303 267
f 303 304 269
f 305 306 205
f 306 307 207
f 308 211 209
f 308 289 213
f 219 217 291
f 225 223 294
f 295 296 227
f 231 229 297
f 309 299 247
f 251 249 300
f 301 310 253
f 310 311 255
f 311 312 257
f 312 313 259
f 314 263 261
f 314 302 265
f 269 267 303
f 304 315 271
f 316 197 195
f 316 317 199
f 318 305 203
f 207 205 306
f 213 211 308
f 223 221 293
f 229 227 296
f 298 319 233
f 320 239 237
f 320 321 241
f 321 322 243
f 322 309 245
f 249 247 299
f 255 253 310
f 259 257 312
f 313 323 261
f 265 263 314
f 271 269 304
f 324 275 273
f 324 325 277
f 325 326 279
f 326 327 281
f 328 21 19
f 328 329 23
f 330 25 23
f 331 27 25
f 332 31 29
f 333 33 31
f 334 41 39
f 335 43 41
f 199 197 316
f 317 318 201
f 205 203 305
f 307 336 209
f 215 213 289
f 233 231 298
f 337 235 233
f 337 338 237
f 241 239 320
f 245 243 322
f 253 251 301
f 261 259 313
f 267 265 302
f 315 339 273
f 277 275 324
f 281 279 326
f 340 287 285
f 340 341 288
f 342 3 288
f 342 343 5
f 23 21 328
f 25 330 331
f 344 29 27
f 31 332 333
f 41 334 335
f 345 45 43
f 346 47 45
f 347 49 47
f 348 83 81
f 349 85 83
f 350 89 87
f 351 91 89
f 352 353 189
f 353 354 191
f 354 355 193
f 355 356 195
f 201 199 317
f 209 207 307
f 227 225 295
f 237 235 337
f 243 241 321
f 257 255 311
f 273 271 315
f 279 277 325
f 288 287 340
f 5 3 342
f 357 7 5
f 357 358 9
f 23 329 330
f 29 344 332
f 359 35 33
f 359 360 37
f 361 39 37
f 43 335 345
f 47 346 347
f 362 51 49
f 363 59 57
f 363 364 61
f 365 71 69
f 366 73 71
f 367 75 73
f 368 77 75
f 83 348 349
f 369 87 85
f 89 350 351
f 351 370 93
f 371 95 93
f 372 97 95
f 373 105 103
f 373 374 107
f 375 376 185
f 376 352 187
f 191 189 353
f 195 193 355
f 203 201 318
f 233 319 337
f 247 245 309
f 273 339 324
f 377 283 281
f 377 378 285
f 288 341 342
f 9 7 357
f 27 331 344
f 37 35 359
f 39 361 334
f 49 347 362
f 379 53 51
f 379 380 55
f 381 57 55
f 61 59 363
f 382 63 61
f 383 65 63
f 384 67 65
f 384 385 69
f 71 365 366
f 75 367 368
f 386 79 77
f 387 81 79
f 85 349 369
f 93 91 351
f 95 371 372
f 372 388 99
f 389 103 101
f 107 105 373
f 390 157 155
f 390 391 159
f 392 393 163
f 393 394 165
f 395 181 179
f 395 375 183
f 187 185 376
f 193 191 354
f 209 336 308
f 261 323 314
f 285 283 377
f 5 343 357
f 33 333 359
f 45 345 346
f 55 53 379
f 57 381 363
f 63 382 383
f 69 67 384
f 73 366 367
f 79 386 387
f 87 369 350
f 99 97 372
f 396 101 99
f 103 389 373
f 397 117 115
f 397 398 119
f 399 155 153
f 159 157 390
f 392 161 159
f 165 163 393
f 183 181 395
f 189 187 352
f 237 338 320
f 285 378 340
f 400 13 11
f 400 401 15
f 402 17 15
f 402 403 19
f 37 360 361
f 55 380 381
f 65 383 384
f 77 368 386
f 93 370 371
f 101 396 389
f 404 113 111
f 405 115 113
f 119 117 397
f 398 406 121
f 407 131 129
f 408 133 131
f 409 151 149
f 409 410 153
f 155 399 390
f 163 161 392
f 411 167 165
f 411 412 169
f 185 183 375
f 281 327 377
f 413 11 9
f 15 13 400
f 19 17 402
f 51 362 379
f 69 385 365
f 99 388 396
f 414 109 107
f 415 111 109
f 113 404 405
f 121 119 398
f 131 407 408
f 408 416 135
f 417 143 141
f 417 418 145
f 419 420 149
f 153 151 409
f 159 391 392
f 169 167 411
f 421 171 169
f 421 422 173
f 195 356 316
f 11 413 400
f 19 403 328
f 81 387 348
f 109 414 415
f 115 405 397
f 423 123 121
f 423 424 125
f 425 127 125
f 425 426 129
f 135 133 408
f 416 427 137
f 428 139 137
f 428 429 141
f 145 143 417
f 419 147 145
f 149 420 409
f 165 394 411
f 173 171 421
f 422 430 175
f 9 358 413
f 61 364 382
f 111 415 404
f 125 123 423
f 129 127 425
f 137 135 416
f 141 139 428
f 145 418 419
f 153 410 399
f 175 173 422
f 431 177 175
f 431 432 179
f 15 401 402
f 121 406 423
f 129 426 407
f 141 429 417
f 169 412 421
f 179 177 431
f 107 374 414
f 137 427 428
f 175 430 431
f 125 424 425
f 179 432 395
f 149 147 419
f 433 434 419
f 435 433 418
f 436 435 417
f 437 436 429
f 438 437 428
f 439 438 427
f 440 439 416
f 441 440 408
f 442 441 407
f 443 442 426
f 444 443 425
f 445 444 424
f 446 445 423
f 447 446 406
f 448 447 398
f 449 448 397
f 450 449 405
f 451 450 404
f 452 451 415
f 453 452 414
f 454 453 374
f 455 454 373
f 456 455 389
f 457 456 396
f 458 457 388
f 459 458 372
f 460 459 371
f 461 460 370
f 462 461 351
f 463 462 350
f 464 463 369
f 465 464 349
f 466 465 348
f 467 466 387
f 468 467 386
f 469 468 368
f 470 469 367
f 471 470 366
f 472 471 365
f 473 472 385
f 474 473 384
f 475 474 383
f 476 475 382
f 477 476 364
f 478 477 363
f 479 478 381
f 480 479 380
f 481 480 379
f 482 481 362
f 483 482 347
f 484 483 346
f 485 484 345
f 486 485 335
f 487 486 334
f 488 487 361
f 489 488 360
f 490 489 359
f 491 490 333
f 492 491 332
f 493 492 344
f 494 493 331
f 495 494 330
f 496 495 329
f 497 496 328
f 498 497 403
f 499 498 402
f 500 499 401
f 501 500 400
f 502 501 413
f 503 502 358
f 504 503 357
f 505 504 343
f 506 505 342
f 507 506 341
f 508 507 340
f 509 508 378
f 510 509 377
f 511 510 327
f 512 511 326
f 513 512 325
f 514 513 324
f 515 514 339
f 516 515 315
f 517 516 304
f 518 517 303
f 519 518 302
f 520 519 314
f 521 520 323
f 522 521 313
f 523 522 312
f 524 523 311
f 525 524 310
f 526 525 301
f 527 526 300
f 528 527 299
f 529 528 309
f 530 529 322
f 531 530 321
f 532 531 320
f 533 532 338
f 534 533 337
f 535 534 319
f 536 535 298
f 537 536 297
f 538 537 296
f 539 538 295
f 540 539 294
f 541 540 293
f 542 541 292
f 543 542 291
f 544 543 290
f 545 544 289
f 546 545 308
f 547 546 336
f 548 547 307
f 549 548 306
f 550 549 305
f 551 550 318
f 552 551 317
f 553 552 316
f 554 553 356
f 555 554 355
f 556 555 354
f 557 556 353
f 558 557 352
f 559 558 376
f 560 559 375
f 561 560 395
f 562 561 432
f 563 562 431
f 564 563 430
f 565 564 422
f 566 565 421
f 567 566 412
f 568 567 411
f 569 568 394
f 570 569 393
f 571 570 392
f 572 571 391
f 573 572 390
f 574 573 399
f 575 574 410
f 576 575 409
f 434 576 420
f 420 419 434
f 409 420 576
f 410 409 575
f 399 410 574
f 390 399 573
f 391 390 572
f 392 391 571
f 393 392 570
f 394 393 569
f 411 394 568
f 412 411 567
f 421 412 566
f 422 421 565
f 430 422 564
f 431 430 563
f 432 431 562
f 395 432 561
f 375 395 560
f 376 375 559
f 352 376 558
f 353 352 557
f 354 353 556
f 355 354 555
f 356 355 554
f 316 356 553
f 317 316 552
f 318 317 551
f 305 318 550
f 306 305 549
f 307 306 548
f 336 307 547
f 308 336 546
f 289 308 545
f 290 289 544
f 291 290 543
f 292 291 542
f 293 292 541
f 294 293 540
f 295 294 539
f 296 295 538
f 297 296 537
f 298 297 536
f 319 298 535
f 337 319 534
f 338 337 533
f 320 338 532
f 321 320 531
f 322 321 530
f 309 322 529
f 299 309 528
f 300 299 527
f 301 300 526
f 310 301 525
f 311 310 524
f 312 311 523
f 313 312 522
f 323 313 521
f 314 323 520
f 302 314 519
f 303 302 518
f 304 303 517
f 315 304 516
f 339 315 515
f 324 339 514
f 325 324 513
f 326 325 512
f 327 326 511
f 377 327 510
f 378 377 509
f 340 378 508
f 341 340 507
f 342 341 506
f 343 342 505
f 357 343 504
f 358 357 503
f 413 358 502
f 400 413 501
f 401 400 500
f 402 401 499
f 403 402 498
f 328 403 497
f 329 328 496
f 330 329 495
f 331 330 494
f 344 331 493
f 332 344 492
f 333 332 491
f 359 333 490
f 360 359 489
f 361 360 488
f 334 361 487
f 335 334 486
f 345 335 485
f 346 345 484
f 347 346 483
f 362 347 482
f 379 362 481
f 380 379 480
f 381 380 479
f 363 381 478
f 364 363 477
f 382 364 476
f 383 382 475
f 384 383 474
f 385 384 473
f 365 385 472
f 366 365 471
f 367 366 470
f 368 367 469
f 386 368 468
f 387 386 467
f 348 387 466
f 349 348 465
f 369 349 464
f 350 369 463
f 351 350 462
f 370 351 461
f 371 370 460
f 372 371 459
f 388 372 458
f 396 388 457
f 389 396 456
f 373 389 455
f 374 373 454
f 414 374 453
f 415 414 452
f 404 415 451
f 405 404 450
f 397 405 449
f 398 397 448
f 406 398 447
f 423 406 446
f 424 423 445
f 425 424 444
f 426 425 443
f 407 426 442
f 408 407 441
f 416 408 440
f 427 416 439
f 428 427 438
f 429 428 437
f 417 429 436
f 418 417 435
f 419 418 433
f 577 578 579
f 580 577 581
f 577 582 583
f 577 584 578
f 581 585 580
f 579 582 577
f 586 577 587
f 588 266 268
f 580 589 590
f 580 591 592
f 583 581 577
f 585 591 580
f 577 593 594
f 587 595 586
f 580 596 588
f 592 589 580
f 594 584 577
f 586 597 577
f 590 596 580
f 597 593 577
f 588 260 262
f 258 588 598
f 268 580 588
f 587 599 595
f 262 264 588
f 264 266 588
f 598 256 258
f 595 600 601
f 580 270 272
f 268 270 580
f 258 260 588
f 598 252 254
f 226 602 603
f 595 604 600
f 272 274 580
f 254 256 598
f 598 246 248
f 226 605 602
f 226 606 607
f 222 608 609
f 220 609 610
f 218 610 611
f 595 612 613
f 595 614 615
f 595 599 604
f 580 282 284
f 248 250 598
f 580 616 617
f 607 605 226
f 610 218 220
f 611 214 216
f 212 611 618
f 615 612 595
f 595 619 620
f 595 621 622
f 601 623 595
f 284 286 580
f 580 278 280
f 580 274 276
f 250 252 598
f 617 624 580
f 624 625 580
f 580 626 627
f 580 628 629
f 603 224 226
f 224 603 608
f 611 216 218
f 618 210 212
f 580 74 76
f 580 56 58
f 620 614 595
f 623 621 595
f 280 282 580
f 580 630 631
f 625 630 580
f 629 626 580
f 627 632 580
f 598 236 238
f 234 598 606
f 606 232 234
f 608 222 224
f 212 214 611
f 633 198 200
f 76 634 580
f 580 54 56
f 635 636 637
f 638 637 639
f 640 641 642
f 595 643 644
f 622 619 595
f 276 278 580
f 631 577 580
f 632 616 580
f 238 240 598
f 240 242 598
f 234 236 598
f 609 220 222
f 618 206 208
f 206 618 633
f 200 202 633
f 196 633 645
f 144 146 646
f 132 134 647
f 634 648 580
f 76 78 634
f 580 70 72
f 580 52 54
f 580 36 38
f 649 650 651
f 637 652 653
f 639 654 638
f 655 656 657
f 642 641 658
f 644 640 595
f 286 2 580
f 613 643 595
f 606 228 230
f 208 210 618
f 202 204 633
f 645 192 194
f 580 659 660
f 649 661 662
f 646 146 148
f 663 142 144
f 138 140 663
f 647 664 132
f 72 74 580
f 580 66 68
f 580 62 64
f 58 60 580
f 580 42 44
f 38 40 580
f 649 665 650
f 649 666 667
f 649 668 669
f 649 670 671
f 672 673 674
f 638 652 637
f 639 675 676
f 675 639 677
f 677 678 679
f 680 677 681
f 681 655 682
f 655 683 656
f 655 684 685
f 686 687 688
f 689 690 686
f 642 595 640
f 598 242 244
f 230 232 606
f 633 204 206
f 645 194 196
f 580 691 659
f 660 692 580
f 649 693 691
f 649 694 695
f 649 696 697
f 649 698 661
f 646 663 144
f 663 699 138
f 136 138 699
f 664 700 132
f 130 701 702
f 130 132 700
f 126 128 703
f 704 110 112
f 634 78 80
f 68 70 580
f 60 62 580
f 44 46 580
f 580 34 36
f 580 30 32
f 580 26 28
f 580 20 22
f 580 4 6
f 649 705 706
f 649 707 708
f 667 665 649
f 649 709 710
f 649 711 712
f 669 713 649
f 713 711 649
f 671 714 649
f 714 668 649
f 715 716 717
f 718 719 720
f 672 720 673
f 676 654 639
f 679 721 677
f 681 722 680
f 657 682 655
f 685 723 655
f 686 724 684
f 686 725 687
f 642 726 689
f 196 198 633
f 645 188 190
f 692 628 580
f 695 693 649
f 662 696 649
f 140 142 663
f 134 136 647
f 700 701 130
f 703 727 126
f 128 130 703
f 112 114 704
f 114 116 704
f 704 104 106
f 634 96 98
f 80 82 634
f 82 84 634
f 64 66 580
f 580 48 50
f 40 42 580
f 28 30 580
f 580 18 20
f 580 12 14
f 580 8 10
f 580 1 4
f 708 705 649
f 710 666 649
f 649 728 729
f 649 730 731
f 712 732 649
f 732 733 649
f 649 734 715
f 715 735 736
f 737 738 739
f 740 739 741
f 718 742 719
f 674 743 744
f 743 674 636
f 677 721 675
f 680 745 677
f 723 683 655
f 688 724 686
f 686 642 689
f 244 246 598
f 190 192 645
f 691 580 649
f 649 746 698
f 160 162 747
f 748 152 154
f 150 152 748
f 699 647 136
f 122 124 727
f 106 108 704
f 102 104 704
f 98 100 634
f 100 102 634
f 634 90 92
f 84 86 634
f 50 52 580
f 32 34 580
f 22 24 580
f 14 16 580
f 6 8 580
f 649 749 750
f 651 707 649
f 729 751 649
f 649 752 730
f 649 753 754
f 717 649 715
f 717 670 649
f 736 755 715
f 755 756 715
f 739 757 737
f 739 758 759
f 741 718 740
f 718 741 742
f 636 635 743
f 745 678 677
f 681 760 761
f 684 655 686
f 642 762 726
f 226 228 606
f 697 694 649
f 645 763 184
f 747 170 172
f 747 166 168
f 747 162 164
f 748 158 160
f 748 646 150
f 702 703 130
f 727 704 122
f 108 110 704
f 634 88 90
f 92 94 634
f 86 88 634
f 46 48 580
f 16 18 580
f 580 2 1
f 750 764 649
f 649 765 766
f 649 767 768
f 751 709 649
f 754 752 649
f 649 733 769
f 715 770 771
f 737 772 738
f 740 758 739
f 674 744 672
f 761 722 681
f 690 725 686
f 184 186 645
f 763 180 182
f 168 170 747
f 747 748 160
f 154 156 748
f 124 126 727
f 704 634 102
f 94 96 634
f 10 12 580
f 766 749 649
f 706 767 649
f 649 773 774
f 769 753 649
f 756 716 715
f 771 775 715
f 776 715 738
f 759 757 739
f 772 777 738
f 637 653 635
f 681 778 779
f 658 762 642
f 182 184 763
f 763 176 178
f 164 166 747
f 148 150 646
f 24 26 580
f 768 765 649
f 731 773 649
f 775 735 715
f 738 780 776
f 738 781 782
f 738 783 784
f 738 777 785
f 720 672 718
f 682 778 681
f 178 180 763
f 763 172 174
f 156 158 748
f 704 118 120
f 774 728 649
f 776 770 715
f 784 781 738
f 738 786 787
f 186 188 645
f 172 763 747
f 116 118 704
f 787 783 738
f 779 760 681
f 120 122 704
f 782 780 738
f 764 746 649
f 174 176 763
f 785 786 738
f 788 789 580
f 580 648 788
f 715 734 790
f 738 715 791
f 739 738 792
f 741 739 793
f 742 741 794
f 719 742 795
f 720 719 796
f 673 720 797
f 674 673 798
f 636 674 799
f 637 636 800
f 639 637 801
f 677 639 802
f 681 677 803
f 655 681 804
f 686 655 805
f 642 686 806
f 595 642 807
f 586 595 808
f 597 586 809
f 593 597 810
f 594 593 811
f 584 594 812
f 578 584 813
f 579 578 814
f 582 579 815
f 583 582 816
f 581 583 817
f 585 581 818
f 591 585 819
f 588 596 820
f 598 588 821
f 606 598 822
f 607 606 823
f 605 607 824
f 602 605 825
f 603 602 826
f 608 603 827
f 609 608 828
f 610 609 829
f 611 610 830
f 618 611 831
f 633 618 832
f 645 633 833
f 763 645 834
f 747 763 835
f 748 747 836
f 646 748 837
f 663 646 838
f 699 663 839
f 647 699 840
f 664 647 841
f 700 664 842
f 701 700 843
f 702 701 844
f 703 702 845
f 727 703 846
f 704 727 847
f 634 704 848
f 648 634 849
f 590 850 851
f 590 852 853
f 853 854 590
f 854 850 590
f 590 855 856
f 856 852 590
f 590 857 858
f 858 855 590
f 590 859 857
f 851 860 590
f 590 861 862
f 862 863 590
f 863 864 590
f 864 865 590
f 590 866 867
f 867 861 590
f 590 868 866
f 865 859 590
f 590 869 870
f 870 871 590
f 871 868 590
f 590 872 873
f 873 869 590
f 590 874 875
f 875 872 590
f 589 876 874
f 874 590 589
f 860 877 590
f 877 878 590
f 878 879 590
f 879 880 590
f 880 881 590
f 881 882 590
f 820 883 884
f 820 885 883
f 820 886 885
f 820 887 888
f 888 889 820
f 820 890 887
f 820 891 892
f 892 890 820
f 820 893 894
f 894 895 820
f 820 896 897
f 897 893 820
f 820 898 899
f 899 896 820
f 820 900 901
f 901 898 820
f 820 902 903
f 903 900 820
f 820 904 905
f 905 902 820
f 895 891 820
f 820 906 904
f 820 907 908
f 820 909 910
f 910 911 820
f 820 912 913
f 820 914 915
f 820 916 917
f 820 918 919
f 820 920 918
f 919 916 820
f 917 921 820
f 921 922 820
f 922 914 820
f 915 912 820
f 913 909 820
f 911 907 820
f 908 906 820
f 596 923 924
f 596 925 923
f 924 820 596
f 924 920 820
f 889 926 820
f 596 927 928
f 596 929 930
f 596 931 932
f 596 933 934
f 596 935 936
f 596 937 938
f 596 939 937
f 938 935 596
f 936 933 596
f 934 931 596
f 932 929 596
f 930 927 596
f 928 925 596
f 596 940 939
f 926 886 820
f 596 590 941
f 941 942 596
f 942 943 596
f 943 940 596
f 944 945 946
f 944 947 945
f 946 948 944
f 944 949 950
f 944 951 952
f 944 953 954
f 944 955 956
f 944 957 958
f 944 959 960
f 944 961 962
f 944 963 961
f 962 959 944
f 960 957 944
f 958 955 944
f 956 953 944
f 954 951 944
f 952 964 944
f 964 949 944
f 950 947 944
f 944 965 966
f 944 967 968
f 944 969 967
f 968 965 944
f 966 970 944
f 970 963 944
f 944 971 969
f 944 972 971
f 944 973 972
f 944 974 973
f 944 975 974
f 944 976 975
f 977 884 976
f 976 944 977
f 948 978 944
f 979 980 981
f 981 982 979
f 979 983 984
f 984 980 979
f 979 985 986
f 986 983 979
f 979 987 988
f 988 985 979
f 979 989 990
f 990 987 979
f 979 991 992
f 992 989 979
f 979 993 991
f 979 994 993
f 979 995 994
f 944 996 997
f 944 998 996
f 997 979 944
f 944 999 1000
f 1000 998 944
f 944 1001 1002
f 1002 999 944
f 944 1003 1004
f 1004 1001 944
f 944 978 1003
f 997 995 979
f 982 1005 979
f 1005 1006 979
f 1006 1007 979
f 1007 1008 979
f 1008 1009 979
f 1009 1010 979
f 1010 1011 979
f 592 1012 1013
f 591 1014 1012
f 1012 592 591
f 1013 1015 592
f 591 1016 1017
f 1017 1018 591
f 1018 1019 591
f 591 1020 1021
f 1021 1016 591
f 591 1022 1023
f 1023 1020 591
f 591 1024 1025
f 1025 1022 591
f 591 1026 1024
f 591 1027 1028
f 1028 1029 591
f 1029 1026 591
f 591 1030 1031
f 1031 1027 591
f 591 1032 1033
f 1033 1030 591
f 591 1034 1035
f 1035 1032 591
f 591 1036 1037
f 1037 1034 591
f 591 1038 1039
f 1039 1036 591
f 591 1040 1041
f 1041 1038 591
f 1042 1043 1040
f 1040 591 1042
f 1042 1044 1045
f 1042 1046 1047
f 1042 1048 1049
f 1042 1050 1051
f 1042 1052 1053
f 1042 1054 1055
f 1042 1056 1054
f 1055 1052 1042
f 1053 1050 1042
f 1042 1057 1058
f 1058 1056 1042
f 1051 1048 1042
f 1049 1046 1042
f 1042 1059 1060
f 1042 1061 1062
f 1042 1063 1064
f 1042 1065 1066
f 1042 1067 1065
f 1066 1063 1042
f 1064 1061 1042
f 1062 1059 1042
f 1060 1068 1042
f 1068 1057 1042
f 1047 1044 1042
f 1045 1069 1042
f 1069 1043 1042
f 1042 1070 1067
f 1042 979 1071
f 1071 1072 1042
f 1072 1073 1042
f 1073 1070 1042
f 1019 1014 591
f 589 1074 1075
f 589 1076 1077
f 589 1078 1079
f 589 1080 1081
f 589 1082 1080
f 1081 1078 589
f 1079 1076 589
f 1077 1074 589
f 1075 1083 589
f 589 1084 1085
f 589 1086 1087
f 589 1088 1089
f 589 1090 1088
f 1089 1086 589
f 1087 1084 589
f 1085 1091 589
f 1091 1092 589
f 1092 1093 589
f 1093 1082 589
f 589 1094 1095
f 589 1096 1094
f 1095 1097 589
f 1097 1090 589
f 589 1098 1099
f 1099 1096 589
f 589 1100 1098
f 1083 876 589
f 589 1101 1102
f 589 1103 1101
f 1102 1100 589
f 589 1104 1103
f 589 1105 1104
f 592 1015 1105
f 1105 589 592
f 1011 1071 979
f 884 977 820
f 882 941 590
f 849 788 648
f 848 849 634
f 847 848 704
f 846 847 727
f 845 846 703
f 844 845 702
f 843 844 701
f 842 843 700
f 841 842 664
f 840 841 647
f 839 840 699
f 838 839 663
f 837 838 646
f 836 837 748
f 835 836 747
f 834 835 763
f 833 834 645
f 832 833 633
f 831 832 618
f 830 831 611
f 829 830 610
f 828 829 609
f 827 828 608
f 826 827 603
f 825 826 602
f 824 825 605
f 823 824 607
f 822 823 606
f 821 822 598
f 820 821 588
f 819 1042 591
f 818 819 585
f 817 818 581
f 816 817 583
f 815 816 582
f 814 815 579
f 813 814 578
f 812 813 584
f 811 812 594
f 810 811 593
f 809 810 597
f 808 809 586
f 807 808 595
f 806 807 642
f 805 806 686
f 804 805 655
f 803 804 681
f 802 803 677
f 801 802 639
f 800 801 637
f 799 800 636
f 798 799 674
f 797 798 673
f 796 797 720
f 795 796 719
f 794 795 742
f 793 794 741
f 792 793 739
f 791 792 738
f 790 791 715
f 790 734 1106
f 1106 1107 790
f 734 649 1106
f 1107 1108 790
f 698 746 1109
f 661 698 1110
f 662 661 1111
f 696 662 1112
f 697 696 1113
f 694 697 1114
f 695 694 1115
f 693 695 1116
f 691 693 1117
f 659 691 1118
f 660 659 1119
f 692 660 1120
f 628 692 1121
f 629 628 1122
f 626 629 1123
f 627 626 1124
f 632 627 1125
f 616 632 1126
f 617 616 1127
f 624 617 1128
f 625 624 1129
f 630 625 1130
f 631 630 1131
f 577 631 1132
f 587 577 1133
f 599 587 1134
f 604 599 1135
f 600 604 1136
f 601 600 1137
f 623 601 1138
f 621 623 1139
f 622 621 1140
f 619 622 1141
f 620 619 1142
f 614 620 1143
f 615 614 1144
f 612 615 1145
f 613 612 1146
f 643 613 1147
f 644 643 1148
f 640 644 1149
f 641 640 1150
f 658 641 1151
f 762 658 1152
f 726 762 1153
f 689 726 1154
f 690 689 1155
f 725 690 1156
f 687 725 1157
f 688 687 1158
f 724 688 1159
f 684 724 1160
f 685 684 1161
f 723 685 1162
f 683 723 1163
f 656 683 1164
f 657 656 1165
f 682 657 1166
f 778 682 1167
f 779 778 1168
f 760 779 1169
f 761 760 1170
f 722 761 1171
f 680 722 1172
f 745 680 1173
f 678 745 1174
f 679 678 1175
f 721 679 1176
f 675 721 1177
f 676 675 1178
f 654 676 1179
f 638 654 1180
f 652 638 1181
f 653 652 1182
f 635 653 1183
f 743 635 1184
f 744 743 1185
f 672 744 1186
f 718 672 1187
f 740 718 1188
f 758 740 1189
f 759 758 1190
f 757 759 1191
f 737 757 1192
f 772 737 1193
f 777 772 1194
f 785 777 1195
f 786 785 1196
f 787 786 1197
f 783 787 1198
f 784 783 1199
f 781 784 1200
f 782 781 1201
f 780 782 1202
f 776 780 1203
f 770 776 1204
f 771 770 1205
f 775 771 1206
f 735 775 1207
f 736 735 1208
f 755 736 1209
f 756 755 1210
f 716 756 1211
f 717 716 1212
f 670 717 1213
f 671 670 1214
f 714 671 1215
f 668 714 1216
f 669 668 1217
f 713 669 1218
f 711 713 1219
f 712 711 1220
f 732 712 1221
f 733 732 1222
f 769 733 1223
f 753 769 1224
f 754 753 1225
f 752 754 1226
f 730 752 1227
f 731 730 1228
f 773 731 1229
f 774 773 1230
f 728 774 1231
f 729 728 1232
f 751 729 1233
f 709 751 1234
f 710 709 1235
f 666 710 1236
f 667 666 1237
f 665 667 1238
f 650 665 1239
f 651 650 1240
f 707 651 1241
f 708 707 1242
f 705 708 1243
f 706 705 1244
f 767 706 1245
f 768 767 1246
f 765 768 1247
f 766 765 1248
f 749 766 1249
f 750 749 1250
f 764 750 1251
f 746 764 1252
f 1252 1109 746
f 1251 1252 764
f 1250 1251 750
f 1249 1250 749
f 1248 1249 766
f 1247 1248 765
f 1246 1247 768
f 1245 1246 767
f 1244 1245 706
f 1243 1244 705
f 1242 1243 708
f 1241 1242 707
f 1240 1241 651
f 1239 1240 650
f 1238 1239 665
f 1237 1238 667
f 1236 1237 666
f 1235 1236 710
f 1234 1235 709
f 1233 1234 751
f 1232 1233 729
f 1231 1232 728
f 1230 1231 774
f 1229 1230 773
f 1228 1229 731
f 1227 1228 730
f 1226 1227 752
f 1225 1226 754
f 1224 1225 753
f 1223 1224 769
f 1222 1223 733
f 1221 1222 732
f 1220 1221 712
f 1219 1220 711
f 1218 1219 713
f 1217 1218 669
f 1216 1217 668
f 1215 1216 714
f 1214 1215 671
f 1213 1214 670
f 1212 1213 717
f 1211 1212 716
f 1210 1211 756
f 1209 1210 755
f 1208 1209 736
f 1207 1208 735
f 1206 1207 775
f 1205 1206 771
f 1204 1205 770
f 1203 1204 776
f 1202 1203 780
f 1201 1202 782
f 1200 1201 781
f 1199 1200 784
f 1198 1199 783
f 1197 1198 787
f 1196 1197 786
f 1195 1196 785
f 1194 1195 777
f 1193 1194 772
f 1192 1193 737
f 1191 1192 757
f 1190 1191 759
f 1189 1190 758
f 1188 1189 740
f 1187 1188 718
f 1186 1187 672
f 1185 1186 744
f 1184 1185 743
f 1183 1184 635
f 1182 1183 653
f 1181 1182 652
f 1180 1181 638
f 1179 1180 654
f 1178 1179 676
f 1177 1178 675
f 1176 1177 721
f 1175 1176 679
f 1174 1175 678
f 1173 1174 745
f 1172 1173 680
f 1171 1172 722
f 1170 1171 761
f 1169 1170 760
f 1168 1169 779
f 1167 1168 778
f 1166 1167 682
f 1165 1166 657
f 1164 1165 656
f 1163 1164 683
f 1162 1163 723
f 1161 1162 685
f 1160 1161 684
f 1159 1160 724
f 1158 1159 688
f 1157 1158 687
f 1156 1157 725
f 1155 1156 690
f 1154 1155 689
f 1153 1154 726
f 1152 1153 762
f 1151 1152 658
f 1150 1151 641
f 1149 1150 640
f 1148 1149 644
f 1147 1148 643
f 1146 1147 613
f 1145 1146 612
f 1144 1145 615
f 1143 1144 614
f 1142 1143 620
f 1141 1142 619
f 1140 1141 622
f 1139 1140 621
f 1138 1139 623
f 1137 1138 601
f 1136 1137 600
f 1135 1136 604
f 1134 1135 599
f 1133 1134 587
f 1132 1133 577
f 1131 1132 631
f 1130 1131 630
f 1129 1130 625
f 1128 1129 624
f 1127 1128 617
f 1126 1127 616
f 1125 1126 632
f 1124 1125 627
f 1123 1124 626
f 1122 1123 629
f 1121 1122 628
f 1120 1121 692
f 1119 1120 660
f 1118 1119 659
f 1117 1118 691
f 1116 1117 693
f 1115 1116 695
f 1114 1115 694
f 1113 1114 697
f 1112 1113 696
f 1111 1112 662
f 1110 1111 661
f 1109 1110 698
f 1253 1254 1215
f 1254 1255 1216
f 1255 1256 1217
f 1256 1257 1218
f 1216 1215 1254
f 1218 1217 1256
f 1257 1258 1219
f 1258 1259 1220
f 1260 1261 1222
f 1261 1262 1223
f 1263 1264 1232
f 1264 1265 1233
f 1266 1267 1241
f 1267 1268 1242
f 1269 1270 1210
f 1270 1271 1211
f 1272 1213 1212
f 1272 1253 1214
f 1217 1216 1255
f 1220 1219 1258
f 1259 1260 1221
f 1223 1222 1261
f 1273 1263 1231
f 1233 1232 1264
f 1265 1274 1234
f 1274 1275 1235
f 1275 1276 1236
f 1276 1277 1237
f 1278 1239 1238
f 1278 1266 1240
f 1242 1241 1267
f 1268 1279 1243
f 1280 1206 1205
f 1280 1281 1207
f 1282 1269 1209
f 1211 1210 1270
f 1214 1213 1272
f 1219 1218 1257
f 1222 1221 1260
f 1262 1283 1224
f 1284 1227 1226
f 1284 1285 1228
f 1285 1286 1229
f 1286 1273 1230
f 1232 1231 1263
f 1235 1234 1274
f 1237 1236 1276
f 1277 1287 1238
f 1240 1239 1278
f 1243 1242 1268
f 1288 1245 1244
f 1288 1289 1246
f 1289 1290 1247
f 1290 1291 1248
f 1292 1118 1117
f 1292 1293 1119
f 1294 1120 1119
f 1295 1121 1120
f 1296 1123 1122
f 1297 1124 1123
f 1298 1128 1127
f 1299 1129 1128
f 1207 1206 1280
f 1281 1282 1208
f 1210 1209 1269
f 1271 1300 1212
f 1215 1214 1253
f 1224 1223 1262
f 1301 1225 1224
f 1301 1302 1226
f 1228 1227 1284
f 1230 1229 1286
f 1234 1233 1265
f 1238 1237 1277
f 1241 1240 1266
f 1279 1303 1244
f 1246 1245 1288
f 1248 1247 1290
f 1304 1251 1250
f 1304 1305 1252
f 1306 1109 1252
f 1306 1307 1110
f 1119 1118 1292
f 1120 1294 1295
f 1308 1122 1121
f 1123 1296 1297
f 1128 1298 1299
f 1309 1130 1129
f 1310 1131 1130
f 1311 1132 1131
f 1312 1149 1148
f 1313 1150 1149
f 1314 1152 1151
f 1315 1153 1152
f 1316 1317 1202
f 1317 1318 1203
f 1318 1319 1204
f 1319 1320 1205
f 1208 1207 1281
f 1212 1211 1271
f 1221 1220 1259
f 1226 1225 1301
f 1229 1228 1285
f 1236 1235 1275
f 1244 1243 1279
f 1247 1246 1289
f 1252 1251 1304
f 1110 1109 1306
f 1321 1111 1110
f 1321 1322 1112
f 1119 1293 1294
f 1122 1308 1296
f 1323 1125 1124
f 1323 1324 1126
f 1325 1127 1126
f 1129 1299 1309
f 1131 1310 1311
f 1326 1133 1132
f 1327 1137 1136
f 1327 1328 1138
f 1329 1143 1142
f 1330 1144 1143
f 1331 1145 1144
f 1332 1146 1145
f 1149 1312 1313
f 1333 1151 1150
f 1152 1314 1315
f 1315 1334 1154
f 1335 1155 1154
f 1336 1156 1155
f 1337 1160 1159
f 1337 1338 1161
f 1339 1340 1200
f 1340 1316 1201
f 1203 1202 1317
f 1205 1204 1319
f 1209 1208 1282
f 1224 1283 1301
f 1231 1230 1273
f 1244 1303 1288
f 1341 1249 1248
f 1341 1342 1250
f 1252 1305 1306
f 1112 1111 1321
f 1121 1295 1308
f 1126 1125 1323
f 1127 1325 1298
f 1132 1311 1326
f 1343 1134 1133
f 1343 1344 1135
f 1345 1136 1135
f 1138 1137 1327
f 1346 1139 1138
f 1347 1140 1139
f 1348 1141 1140
f 1348 1349 1142
f 1143 1329 1330
f 1145 1331 1332
f 1350 1147 1146
f 1351 1148 1147
f 1150 1313 1333
f 1154 1153 1315
f 1155 1335 1336
f 1336 1352 1157
f 1353 1159 1158
f 1161 1160 1337
f 1354 1186 1185
f 1354 1355 1187
f 1356 1357 1189
f 1357 1358 1190
f 1359 1198 1197
f 1359 1339 1199
f 1201 1200 1340
f 1204 1203 1318
f 1212 1300 1272
f 1238 1287 1278
f 1250 1249 1341
f 1110 1307 1321
f 1124 1297 1323
f 1130 1309 1310
f 1135 1134 1343
f 1136 1345 1327
f 1139 1346 1347
f 1142 1141 1348
f 1144 1330 1331
f 1147 1350 1351
f 1151 1333 1314
f 1157 1156 1336
f 1360 1158 1157
f 1159 1353 1337
f 1361 1166 1165
f 1361 1362 1167
f 1363 1185 1184
f 1187 1186 1354
f 1356 1188 1187
f 1190 1189 1357
f 1199 1198 1359
f 1202 1201 1316
f 1226 1302 1284
f 1250 1342 1304
f 1364 1114 1113
f 1364 1365 1115
f 1366 1116 1115
f 1366 1367 1117
f 1126 1324 1325
f 1135 1344 1345
f 1140 1347 1348
f 1146 1332 1350
f 1154 1334 1335
f 1158 1360 1353
f 1368 1164 1163
f 1369 1165 1164
f 1167 1166 1361
f 1362 1370 1168
f 1371 1173 1172
f 1372 1174 1173
f 1373 1183 1182
f 1373 1374 1184
f 1185 1363 1354
f 1189 1188 1356
f 1375 1191 1190
f 1375 1376 1192
f 1200 1199 1339
f 1248 1291 1341
f 1377 1113 1112
f 1115 1114 1364
f 1117 1116 1366
f 1133 1326 1343
f 1142 1349 1329
f 1157 1352 1360
f 1378 1162 1161
f 1379 1163 1162
f 1164 1368 1369
f 1168 1167 1362
f 1173 1371 1372
f 1372 1380 1175
f 1381 1179 1178
f 1381 1382 1180
f 1383 1384 1182
f 1184 1183 1373
f 1187 1355 1356
f 1192 1191 1375
f 1385 1193 1192
f 1385 1386 1194
f 1205 1320 1280
f 1113 1377 1364
f 1117 1367 1292
f 1148 1351 1312
f 1162 1378 1379
f 1165 1369 1361
f 1387 1169 1168
f 1387 1388 1170
f 1389 1171 1170
f 1389 1390 1172
f 1175 1174 1372
f 1380 1391 1176
f 1392 1177 1176
f 1392 1393 1178
f 1180 1179 1381
f 1383 1181 1180
f 1182 1384 1373
f 1190 1358 1375
f 1194 1193 1385
f 1386 1394 1195
f 1112 1322 1377
f 1138 1328 1346
f 1163 1379 1368
f 1170 1169 1387
f 1172 1171 1389
f 1176 1175 1380
f 1178 1177 1392
f 1180 1382 1383
f 1184 1374 1363
f 1195 1194 1386
f 1395 1196 1195
f 1395 1396 1197
f 1115 1365 1366
f 1168 1370 1387
f 1172 1390 1371
f 1178 1393 1381
f 1192 1376 1385
f 1197 1196 1395
f 1161 1338 1378
f 1176 1391 1392
f 1195 1394 1395
f 1170 1388 1389
f 1197 1396 1359
f 1182 1181 1383
f 1397 1398 1383
f 1399 1397 1382
f 1400 1399 1381
f 1401 1400 1393
f 1402 1401 1392
f 1403 1402 1391
f 1404 1403 1380
f 1405 1404 1372
f 1406 1405 1371
f 1407 1406 1390
f 1408 1407 1389
f 1409 1408 1388
f 1410 1409 1387
f 1411 1410 1370
f 1412 1411 1362
f 1413 1412 1361
f 1414 1413 1369
f 1415 1414 1368
f 1416 1415 1379
f 1417 1416 1378
f 1418 1417 1338
f 1419 1418 1337
f 1420 1419 1353
f 1421 1420 1360
f 1422 1421 1352
f 1423 1422 1336
f 1424 1423 1335
f 1425 1424 1334
f 1426 1425 1315
f 1427 1426 1314
f 1428 1427 1333
f 1429 1428 1313
f 1430 1429 1312
f 1431 1430 1351
f 1432 1431 1350
f 1433 1432 1332
f 1434 1433 1331
f 1435 1434 1330
f 1436 1435 1329
f 1437 1436 1349
f 1438 1437 1348
f 1439 1438 1347
f 1440 1439 1346
f 1441 1440 1328
f 1442 1441 1327
f 1443 1442 1345
f 1444 1443 1344
f 1445 1444 1343
f 1446 1445 1326
f 1447 1446 1311
f 1448 1447 1310
f 1449 1448 1309
f 1450 1449 1299
f 1451 1450 1298
f 1452 1451 1325
f 1453 1452 1324
f 1454 1453 1323
f 1455 1454 1297
f 1456 1455 1296
f 1457 1456 1308
f 1458 1457 1295
f 1459 1458 1294
f 1460 1459 1293
f 1461 1460 1292
f 1462 1461 1367
f 1463 1462 1366
f 1464 1463 1365
f 1465 1464 1364
f 1466 1465 1377
f 1467 1466 1322
f 1468 1467 1321
f 1469 1468 1307
f 1470 1469 1306
f 1471 1470 1305
f 1472 1471 1304
f 1473 1472 1342
f 1474 1473 1341
f 1475 1474 1291
f 1476 1475 1290
f 1477 1476 1289
f 1478 1477 1288
f 1479 1478 1303
f 1480 1479 1279
f 1481 1480 1268
f 1482 1481 1267
f 1483 1482 1266
f 1484 1483 1278
f 1485 1484 1287
f 1486 1485 1277
f 1487 1486 1276
f 1488 1487 1275
f 1489 1488 1274
f 1490 1489 1265
f 1491 1490 1264
f 1492 1491 1263
f 1493 1492 1273
f 1494 1493 1286
f 1495 1494 1285
f 1496 1495 1284
f 1497 1496 1302
f 1498 1497 1301
f 1499 1498 1283
f 1500 1499 1262
f 1501 1500 1261
f 1502 1501 1260
f 1503 1502 1259
f 1504 1503 1258
f 1505 1504 1257
f 1506 1505 1256
f 1507 1506 1255
f 1508 1507 1254
f 1509 1508 1253
f 1510 1509 1272
f 1511 1510 1300
f 1512 1511 1271
f 1513 1512 1270
f 1514 1513 1269
f 1515 1514 1282
f 1516 1515 1281
f 1517 1516 1280
f 1518 1517 1320
f 1519 1518 1319
f 1520 1519 1318
f 1521 1520 1317
f 1522 1521 1316
f 1523 1522 1340
f 1524 1523 1339
f 1525 1524 1359
f 1526 1525 1396
f 1527 1526 1395
f 1528 1527 1394
f 1529 1528 1386
f 1530 1529 1385
f 1531 1530 1376
f 1532 1531 1375
f 1533 1532 1358
f 1534 1533 1357
f 1535 1534 1356
f 1536 1535 1355
f 1537 1536 1354
f 1538 1537 1363
f 1539 1538 1374
f 1540 1539 1373
f 1398 1540 1384
f 1384 1383 1398
f 1373 1384 1540
f 1374 1373 1539
f 1363 1374 1538
f 1354 1363 1537
f 1355 1354 1536
f 1356 1355 1535
f 1357 1356 1534
f 1358 1357 1533
f 1375 1358 1532
f 1376 1375 1531
f 1385 1376 1530
f 1386 1385 1529
f 1394 1386 1528
f 1395 1394 1527
f 1396 1395 1526
f 1359 1396 1525
f 1339 1359 1524
f 1340 1339 1523
f 1316 1340 1522
f 1317 1316 1521
f 1318 1317 1520
f 1319 1318 1519
f 1320 1319 1518
f 1280 1320 1517
f 1281 1280 1516
f 1282 1281 1515
f 1269 1282 1514
f 1270 1269 1513
f 1271 1270 1512
f 1300 1271 1511
f 1272 1300 1510
f 1253 1272 1509
f 1254 1253 1508
f 1255 1254 1507
f 1256 1255 1506
f 1257 1256 1505
f 1258 1257 1504
f 1259 1258 1503
f 1260 1259 1502
f 1261 1260 1501
f 1262 1261 1500
f 1283 1262 1499
f 1301 1283 1498
f 1302 1301 1497
f 1284 1302 1496
f 1285 1284 1495
f 1286 1285 1494
f 1273 1286 1493
f 1263 1273 1492
f 1264 1263 1491
f 1265 1264 1490
f 1274 1265 1489
f 1275 1274 1488
f 1276 1275 1487
f 1277 1276 1486
f 1287 1277 1485
f 1278 1287 1484
f 1266 1278 1483
f 1267 1266 1482
f 1268 1267 1481
f 1279 1268 1480
f 1303 1279 1479
f 1288 1303 1478
f 1289 1288 1477
f 1290 1289 1476
f 1291 1290 1475
f 1341 1291 1474
f 1342 1341 1473
f 1304 1342 1472
f 1305 1304 1471
f 1306 1305 1470
f 1307 1306 1469
f 1321 1307 1468
f 1322 1321 1467
f 1377 1322 1466
f 1364 1377 1465
f 1365 1364 1464
f 1366 1365 1463
f 1367 1366 1462
f 1292 1367 1461
f 1293 1292 1460
f 1294 1293 1459
f 1295 1294 1458
f 1308 1295 1457
f 1296 1308 1456
f 1297 1296 1455
f 1323 1297 1454
f 1324 1323 1453
f 1325 1324 1452
f 1298 1325 1451
f 1299 1298 1450
f 1309 1299 1449
f 1310 1309 1448
f 1311 1310 1447
f 1326 1311 1446
f 1343 1326 1445
f 1344 1343 1444
f 1345 1344 1443
f 1327 1345 1442
f 1328 1327 1441
f 1346 1328 1440
f 1347 1346 1439
f 1348 1347 1438
f 1349 1348 1437
f 1329 1349 1436
f 1330 1329 1435
f 1331 1330 1434
f 1332 1331 1433
f 1350 1332 1432
f 1351 1350 1431
f 1312 1351 1430
f 1313 1312 1429
f 1333 1313 1428
f 1314 1333 1427
f 1315 1314 1426
f 1334 1315 1425
f 1335 1334 1424
f 1336 1335 1423
f 1352 1336 1422
f 1360 1352 1421
f 1353 1360 1420
f 1337 1353 1419
f 1338 1337 1418
f 1378 1338 1417
f 1379 1378 1416
f 1368 1379 1415
f 1369 1368 1414
f 1361 1369 1413
f 1362 1361 1412
f 1370 1362 1411
f 1387 1370 1410
f 1388 1387 1409
f 1389 1388 1408
f 1390 1389 1407
f 1371 1390 1406
f 1372 1371 1405
f 1380 1372 1404
f 1391 1380 1403
f 1392 1391 1402
f 1393 1392 1401
f 1381 1393 1400
f 1382 1381 1399
f 1383 1382 1397
f 1541 876 1083
f 1083 1542 1541
f 1542 1075 1074
f 1074 1543 1542
f 1544 1543 1077
f 1077 1076 1544
f 1545 1544 1079
f 1079 1078 1545
f 1546 1545 1081
f 1081 1080 1546
f 1547 1546 1082
f 1082 1093 1547
f 1548 1547 1092
f 1092 1091 1548
f 1549 1548 1085
f 1085 1084 1549
f 1550 1549 1087
f 1087 1086 1550
f 1551 1550 1089
f 1089 1088 1551
f 1552 1551 1090
f 1090 1097 1552
f 1553 1552 1095
f 1095 1094 1553
f 1554 1553 1096
f 1096 1099 1554
f 1555 1554 1098
f 1556 1555 1100
f 1557 1556 1102
f 1558 1557 1101
f 1559 1558 1103
f 1560 1559 1104
f 1561 1560 1105
f 1105 1015 1561
f 1562 1561 1013
f 1563 1562 1012
f 1564 1563 1014
f 1565 1564 1019
f 1019 1018 1565
f 1566 1565 1017
f 1017 1016 1566
f 1567 1566 1021
f 1021 1020 1567
f 1568 1567 1023
f 1023 1022 1568
f 1569 1568 1025
f 1025 1024 1569
f 1570 1569 1026
f 1026 1029 1570
f 1571 1570 1028
f 1028 1027 1571
f 1572 1571 1031
f 1031 1030 1572
f 1573 1572 1033
f 1033 1032 1573
f 1574 1573 1035
f 1035 1034 1574
f 1575 1574 1037
f 1037 1036 1575
f 1575 1039 1038
f 1038 1576 1575
f 1576 1041 1040
f 1040 1577 1576
f 1578 1577 1069
f 1577 1043 1069
f 1579 1578 1044
f 1578 1045 1044
f 1579 1046 1049
f 1579 1047 1046
f 1580 1048 1051
f 1580 1049 1048
f 1581 1050 1053
f 1581 1051 1050
f 1582 1052 1055
f 1582 1053 1052
f 1583 1054 1056
f 1583 1055 1054
f 1584 1058 1057
f 1584 1056 1058
f 1585 1068 1060
f 1585 1057 1068
f 1586 1059 1062
f 1586 1060 1059
f 1587 1061 1064
f 1587 1062 1061
f 1588 1063 1066
f 1588 1064 1063
f 1589 1065 1067
f 1589 1066 1065
f 1590 1067 1070
f 1591 1070 1073
f 1592 1073 1072
f 1593 1071 1011
f 1593 1072 1071
f 1594 1011 1010
f 1595 1010 1009
f 1596 1009 1008
f 1597 1008 1007
f 1598 1007 1006
f 1599 1006 1005
f 1600 982 981
f 1600 1005 982
f 1601 980 984
f 1601 981 980
f 1602 983 986
f 1602 984 983
f 1603 985 988
f 1603 986 985
f 1604 987 990
f 1604 988 987
f 1605 989 992
f 1605 990 989
f 1606 991 993
f 1606 992 991
f 1607 994 995
f 1607 993 994
f 1608 997 996
f 1608 995 997
f 1609 998 1000
f 1609 996 998
f 1610 999 1002
f 1610 1000 999
f 1611 1612 1001
f 1612 1002 1001
f 1613 1611 1003
f 1611 1004 1003
f 1613 978 948
f 948 1614 1613
f 1614 946 945
f 945 1615 1614
f 1616 1615 947
f 947 950 1616
f 1617 1616 949
f 949 964 1617
f 1618 1617 952
f 952 951 1618
f 1619 1618 954
f 954 953 1619
f 1620 1619 956
f 956 955 1620
f 1621 1620 958
f 958 957 1621
f 1622 1621 960
f 960 959 1622
f 1623 1622 962
f 962 961 1623
f 1624 1623 963
f 963 970 1624
f 1625 1624 966
f 966 965 1625
f 1626 1625 968
f 968 967 1626
f 1627 1626 969
f 1628 1627 971
f 1629 1628 972
f 1630 1629 973
f 1631 1630 974
f 1632 1631 975
f 1633 1632 976
f 976 884 1633
f 1634 1633 883
f 1635 1634 885
f 1636 1635 886
f 1637 1636 926
f 926 889 1637
f 1638 1637 888
f 888 887 1638
f 1639 1638 890
f 890 892 1639
f 1640 1639 891
f 891 895 1640
f 1641 1640 894
f 894 893 1641
f 1642 1641 897
f 897 896 1642
f 1643 1642 899
f 899 898 1643
f 1644 1643 901
f 901 900 1644
f 1645 1644 903
f 903 902 1645
f 1646 1645 905
f 905 904 1646
f 1647 1646 906
f 906 908 1647
f 1647 907 911
f 911 1648 1647
f 1648 910 909
f 909 1649 1648
f 1650 1649 912
f 1649 913 912
f 1651 1650 914
f 1650 915 914
f 1651 921 917
f 1651 922 921
f 1652 916 919
f 1652 917 916
f 1653 918 920
f 1653 919 918
f 1654 924 923
f 1654 920 924
f 1655 925 928
f 1655 923 925
f 1656 927 930
f 1656 928 927
f 1657 929 932
f 1657 930 929
f 1658 931 934
f 1658 932 931
f 1659 933 936
f 1659 934 933
f 1660 935 938
f 1660 936 935
f 1661 937 939
f 1661 938 937
f 1662 939 940
f 1663 940 943
f 1664 943 942
f 1665 941 882
f 1665 942 941
f 1666 882 881
f 1667 881 880
f 1668 880 879
f 1669 879 878
f 1670 878 877
f 1671 877 860
f 1672 851 850
f 1672 860 851
f 1673 854 853
f 1673 850 854
f 1674 852 856
f 1674 853 852
f 1675 855 858
f 1675 856 855
f 1676 857 859
f 1676 858 857
f 1677 865 864
f 1677 859 865
f 1678 863 862
f 1678 864 863
f 1679 861 867
f 1679 862 861
f 1680 866 868
f 1680 867 866
f 1681 871 870
f 1681 868 871
f 1682 869 873
f 1682 870 869
f 1683 1684 872
f 1684 873 872
f 1541 1683 874
f 1683 875 874
f 874 876 1541
f 872 875 1683
f 873 1684 1682
f 870 1682 1681
f 868 1681 1680
f 867 1680 1679
f 862 1679 1678
f 864 1678 1677
f 859 1677 1676
f 858 1676 1675
f 856 1675 1674
f 853 1674 1673
f 850 1673 1672
f 860 1672 1671
f 877 1671 1670
f 878 1670 1669
f 879 1669 1668
f 880 1668 1667
f 881 1667 1666
f 882 1666 1665
f 942 1665 1664
f 943 1664 1663
f 940 1663 1662
f 939 1662 1661
f 938 1661 1660
f 936 1660 1659
f 934 1659 1658
f 932 1658 1657
f 930 1657 1656
f 928 1656 1655
f 923 1655 1654
f 920 1654 1653
f 919 1653 1652
f 917 1652 1651
f 914 922 1651
f 912 915 1650
f 909 913 1649
f 911 910 1648
f 908 907 1647
f 904 906 1646
f 902 905 1645
f 900 903 1644
f 898 901 1643
f 896 899 1642
f 893 897 1641
f 895 894 1640
f 892 891 1639
f 887 890 1638
f 889 888 1637
f 886 926 1636
f 885 886 1635
f 883 885 1634
f 884 883 1633
f 975 976 1632
f 974 975 1631
f 973 974 1630
f 972 973 1629
f 971 972 1628
f 969 971 1627
f 967 969 1626
f 965 968 1625
f 970 966 1624
f 961 963 1623
f 959 962 1622
f 957 960 1621
f 955 958 1620
f 953 956 1619
f 951 954 1618
f 964 952 1617
f 950 949 1616
f 945 947 1615
f 948 946 1614
f 1003 978 1613
f 1001 1004 1611
f 1002 1612 1610
f 1000 1610 1609
f 996 1609 1608
f 995 1608 1607
f 993 1607 1606
f 992 1606 1605
f 990 1605 1604
f 988 1604 1603
f 986 1603 1602
f 984 1602 1601
f 981 1601 1600
f 1005 1600 1599
f 1006 1599 1598
f 1007 1598 1597
f 1008 1597 1596
f 1009 1596 1595
f 1010 1595 1594
f 1011 1594 1593
f 1072 1593 1592
f 1073 1592 1591
f 1070 1591 1590
f 1067 1590 1589
f 1066 1589 1588
f 1064 1588 1587
f 1062 1587 1586
f 1060 1586 1585
f 1057 1585 1584
f 1056 1584 1583
f 1055 1583 1582
f 1053 1582 1581
f 1051 1581 1580
f 1049 1580 1579
f 1044 1047 1579
f 1069 1045 1578
f 1040 1043 1577
f 1038 1041 1576
f 1036 1039 1575
f 1034 1037 1574
f 1032 1035 1573
f 1030 1033 1572
f 1027 1031 1571
f 1029 1028 1570
f 1024 1026 1569
f 1022 1025 1568
f 1020 1023 1567
f 1016 1021 1566
f 1018 1017 1565
f 1014 1019 1564
f 1012 1014 1563
f 1013 1012 1562
f 1015 1013 1561
f 1104 1105 1560
f 1103 1104 1559
f 1101 1103 1558
f 1102 1101 1557
f 1100 1102 1556
f 1098 1100 1555
f 1099 1098 1554
f 1094 1096 1553
f 1097 1095 1552
f 1088 1090 1551
f 1086 1089 1550
f 1084 1087 1549
f 1091 1085 1548
f 1093 1092 1547
f 1080 1082 1546
f 1078 1081 1545
f 1076 1079 1544
f 1074 1077 1543
f 1083 1075 1542
f 1440 1685 817
f 1438 814 813
f 1685 818 817
f 1685 1042 819
f 1438 815 814
f 1438 817 816
f 819 818 1685
f 816 815 1438
f 1428 808 807
f 1685 979 1042
f 813 1437 1438
f 1437 813 812
f 807 1427 1428
f 534 535 823
f 1685 1442 1443
f 817 1439 1440
f 812 1436 1437
f 1431 809 808
f 1428 1429 808
f 807 1425 1426
f 806 1422 1423
f 833 547 548
f 546 547 833
f 1685 820 977
f 823 1685 534
f 1108 1463 1464
f 1685 1441 1442
f 1438 1439 817
f 1436 812 811
f 1435 811 810
f 808 1430 1431
f 1426 1427 807
f 1423 807 806
f 833 832 546
f 543 544 832
f 536 826 825
f 1685 821 820
f 823 822 1685
f 1534 1535 797
f 790 1511 1512
f 790 1509 1510
f 790 1108 1506
f 1108 1467 1468
f 1464 1465 1108
f 1685 1462 1463
f 1685 1456 1457
f 1685 1454 1455
f 1440 1441 1685
f 810 1434 1435
f 1429 1430 808
f 1423 1424 807
f 835 562 563
f 833 549 550
f 832 545 546
f 831 542 543
f 825 824 536
f 536 537 827
f 822 821 1685
f 797 796 1534
f 790 1513 1514
f 1510 1511 790
f 1512 1513 790
f 1506 1507 790
f 1108 1466 1467
f 1463 1108 1685
f 1685 1460 1461
f 1685 1458 1459
f 1455 1456 1685
f 1685 1444 1445
f 811 1435 1436
f 1433 810 809
f 1424 1425 807
f 806 1420 1421
f 806 1417 1418
f 805 1416 1417
f 804 1406 1407
f 789 473 474
f 788 463 464
f 836 566 567
f 835 561 562
f 548 549 833
f 832 831 543
f 541 542 831
f 537 538 828
f 827 826 536
f 977 944 1685
f 1686 527 528
f 1686 524 525
f 1535 1536 799
f 796 795 1534
f 1533 1534 794
f 792 1530 1531
f 1527 1528 792
f 791 1525 1526
f 1507 1508 790
f 1108 1491 1492
f 1108 1488 1489
f 1108 1477 1478
f 1465 1466 1108
f 1459 1460 1685
f 1461 1462 1685
f 1685 1453 1454
f 1685 1451 1452
f 1685 1446 1447
f 1443 1444 1685
f 809 1432 1433
f 1421 1422 806
f 1417 806 805
f 1407 1408 804
f 804 803 1405
f 803 1402 1403
f 789 478 479
f 789 475 476
f 789 472 473
f 788 466 467
f 464 465 788
f 788 461 462
f 837 569 570
f 836 568 569
f 836 565 566
f 836 563 564
f 835 560 561
f 835 834 557
f 544 545 832
f 830 540 541
f 539 540 830
f 538 539 829
f 824 823 536
f 944 979 1685
f 533 1685 1686
f 528 529 1686
f 525 526 1686
f 1538 1539 801
f 799 798 1535
f 794 793 1533
f 1532 1533 793
f 792 1529 1530
f 792 791 1527
f 791 1524 1525
f 1522 1523 791
f 1508 1509 790
f 1108 1504 1505
f 1108 1500 1501
f 1108 1498 1499
f 1492 1493 1108
f 1489 1490 1108
f 1108 1476 1477
f 1108 1473 1474
f 1452 1453 1685
f 1685 1448 1449
f 1445 1446 1685
f 1431 1432 809
f 805 1415 1416
f 805 804 1411
f 804 1409 1410
f 1405 1406 804
f 1403 1404 803
f 1400 1401 803
f 802 1397 1399
f 789 477 478
f 474 475 789
f 467 789 788
f 467 468 789
f 462 463 788
f 788 458 459
f 443 848 847
f 440 844 843
f 440 846 845
f 439 842 841
f 838 574 575
f 574 838 837
f 570 571 837
f 567 568 836
f 563 836 835
f 557 558 835
f 834 833 551
f 831 830 541
f 829 828 538
f 535 536 823
f 1686 531 532
f 526 527 1686
f 1686 520 521
f 1686 518 519
f 1686 513 514
f 1686 511 512
f 1686 503 504
f 801 800 1538
f 1537 1538 800
f 795 794 1534
f 1531 1532 792
f 1526 1527 791
f 790 1521 1522
f 1505 1506 1108
f 1108 1502 1503
f 1499 1500 1108
f 1108 1495 1496
f 1490 1491 1108
f 1108 1484 1485
f 1108 1482 1483
f 1108 1475 1476
f 1108 1472 1473
f 1108 1469 1470
f 1457 1458 1685
f 1449 1450 1685
f 1433 1434 810
f 1418 1419 806
f 1411 1412 805
f 1408 1409 804
f 803 1401 1402
f 1399 1400 802
f 1687 789 500
f 789 495 496
f 789 492 493
f 789 490 491
f 476 477 789
f 789 470 471
f 465 466 788
f 459 460 788
f 847 442 443
f 845 844 440
f 439 843 842
f 837 573 574
f 571 572 837
f 564 565 836
f 558 559 835
f 834 555 556
f 550 551 833
f 828 827 537
f 1686 532 533
f 529 530 1686
f 519 520 1686
f 512 513 1686
f 514 515 1686
f 1686 509 510
f 1686 506 507
f 1686 502 503
f 504 505 1686
f 1686 500 501
f 800 799 1537
f 798 797 1535
f 1528 1529 792
f 791 790 1522
f 790 1519 1520
f 1514 1515 790
f 1501 1502 1108
f 1496 1497 1108
f 1493 1494 1108
f 1483 1484 1108
f 1474 1475 1108
f 1470 1471 1108
f 1450 1451 1685
f 1419 1420 806
f 805 1413 1414
f 1410 1411 804
f 803 802 1400
f 1398 1397 802
f 789 499 500
f 496 497 789
f 491 492 789
f 789 480 481
f 471 472 789
f 460 461 788
f 788 456 457
f 788 453 454
f 453 788 849
f 447 849 848
f 443 444 848
f 441 847 846
f 841 438 439
f 436 840 839
f 572 573 837
f 559 560 835
f 834 554 555
f 834 552 553
f 830 829 539
f 530 531 1686
f 1686 517 518
f 1686 515 516
f 510 511 1686
f 507 508 1686
f 508 509 1686
f 501 502 1686
f 1536 1537 799
f 1523 1524 791
f 790 1518 1519
f 790 1516 1517
f 1503 1504 1108
f 1494 1495 1108
f 1108 1481 1482
f 1108 1479 1480
f 1471 1472 1108
f 1447 1448 1685
f 1412 1413 805
f 802 801 1398
f 789 498 499
f 789 494 495
f 789 489 490
f 789 487 488
f 789 482 483
f 479 480 789
f 789 468 469
f 457 458 788
f 849 452 453
f 848 445 446
f 847 441 442
f 444 445 848
f 843 439 440
f 437 841 840
f 839 433 435
f 434 839 838
f 569 837 836
f 553 554 834
f 533 534 1685
f 1686 522 523
f 516 517 1686
f 505 506 1686
f 793 792 1532
f 1517 1518 790
f 1497 1498 1108
f 1108 1486 1487
f 1480 1481 1108
f 1468 1469 1108
f 1404 1405 803
f 497 498 789
f 488 489 789
f 789 484 485
f 481 482 789
f 849 451 452
f 454 455 788
f 849 447 448
f 841 437 438
f 839 435 436
f 575 576 838
f 551 552 834
f 521 522 1686
f 1539 1540 801
f 1515 1516 790
f 1485 1486 1108
f 1414 1415 805
f 493 494 789
f 485 486 789
f 469 470 789
f 849 449 450
f 848 446 447
f 840 436 437
f 556 557 834
f 1520 1521 790
f 1478 1479 1108
f 486 487 789
f 455 456 788
f 448 449 849
f 839 434 433
f 523 524 1686
f 1487 1488 1108
f 483 484 789
f 846 440 441
f 1540 1398 801
f 450 451 849
f 1108 1688 1685
f 838 576 434
f 500 1686 1687
f 1689 1690 1573
f 1690 1691 1572
f 1692 1693 1577
f 1693 1694 1576
f 1695 1689 1574
f 1572 1573 1690
f 1691 1696 1571
f 1696 1697 1570
f 1698 1699 1586
f 1699 1700 1585
f 1700 1701 1584
f 1701 1702 1583
f 1576 1577 1693
f 1694 1695 1575
f 1573 1574 1689
f 1570 1571 1696
f 1703 1704 1568
f 1704 1705 1567
f 1706 1707 1588
f 1707 1698 1587
f 1585 1586 1699
f 1583 1584 1701
f 1708 1709 1581
f 1709 1710 1580
f 1575 1576 1694
f 1571 1572 1691
f 1697 1703 1569
f 1567 1568 1704
f 1587 1588 1707
f 1584 1585 1700
f 1702 1708 1582
f 1580 1581 1709
f 1710 1711 1579
f 1711 1692 1578
f 1574 1575 1695
f 1568 1569 1703
f 1712 1713 1590
f 1713 1706 1589
f 1586 1587 1698
f 1581 1582 1708
f 1578 1579 1711
f 1569 1570 1697
f 1705 1714 1566
f 1714 1715 1565
f 1589 1590 1713
f 1582 1583 1702
f 1577 1578 1692
f 1565 1566 1714
f 1716 1717 1563
f 1717 1718 1562
f 1719 1651 1652
f 1720 1650 1651
f 1588 1589 1706
f 1566 1567 1705
f 1715 1716 1564
f 1562 1563 1717
f 1721 1654 1655
f 1722 1653 1654
f 1723 1652 1653
f 1651 1719 1720
f 1724 1725 1592
f 1725 1712 1591
f 1579 1580 1710
f 1563 1564 1716
f 1726 1656 1657
f 1727 1655 1656
f 1654 1721 1722
f 1652 1723 1719
f 1728 1729 1594
f 1729 1724 1593
f 1591 1592 1725
f 1564 1565 1715
f 1656 1726 1727
f 1653 1722 1723
f 1730 1649 1650
f 1731 1648 1649
f 1732 1641 1642
f 1733 1640 1641
f 1593 1594 1729
f 1590 1591 1712
f 1718 1734 1561
f 1734 1735 1560
f 1736 1737 1558
f 1737 1738 1557
f 1739 1740 1555
f 1740 1741 1554
f 1742 1662 1663
f 1743 1661 1662
f 1744 1660 1661
f 1745 1659 1660
f 1655 1727 1721
f 1649 1730 1731
f 1746 1647 1648
f 1747 1646 1647
f 1748 1643 1644
f 1749 1642 1643
f 1641 1732 1733
f 1750 1639 1640
f 1751 1638 1639
f 1752 1637 1638
f 1753 1754 1596
f 1754 1728 1595
f 1592 1593 1724
f 1560 1561 1734
f 1735 1736 1559
f 1557 1558 1737
f 1738 1739 1556
f 1554 1555 1740
f 1755 1756 1550
f 1756 1757 1549
f 1758 1759 1543
f 1759 1760 1542
f 1760 1761 1541
f 1762 1683 1541
f 1763 1666 1667
f 1764 1665 1666
f 1765 1664 1665
f 1766 1663 1664
f 1662 1742 1743
f 1660 1744 1745
f 1767 1658 1659
f 1768 1657 1658
f 1650 1720 1730
f 1647 1746 1747
f 1769 1645 1646
f 1770 1644 1645
f 1643 1748 1749
f 1640 1733 1750
f 1638 1751 1752
f 1771 1636 1637
f 1685 1772 1603
f 1595 1596 1754
f 1561 1562 1718
f 1558 1559 1736
f 1555 1556 1739
f 1741 1773 1553
f 1773 1774 1552
f 1774 1755 1551
f 1549 1550 1756
f 1542 1543 1759
f 1541 1761 1762
f 1775 1684 1683
f 1776 1682 1684
f 1777 1670 1671
f 1778 1669 1670
f 1779 1668 1669
f 1780 1667 1668
f 1666 1763 1764
f 1664 1765 1766
f 1661 1743 1744
f 1658 1767 1768
f 1648 1731 1746
f 1645 1769 1770
f 1642 1749 1732
f 1637 1752 1771
f 1603 1604 1685
f 1772 1781 1602
f 1594 1595 1728
f 1556 1557 1738
f 1552 1553 1773
f 1550 1551 1755
f 1782 1783 1545
f 1783 1758 1544
f 1541 1542 1760
f 1684 1775 1776
f 1784 1676 1677
f 1785 1675 1676
f 1670 1777 1778
f 1668 1779 1780
f 1665 1764 1765
f 1659 1745 1767
f 1646 1747 1769
f 1639 1750 1751
f 1786 1635 1636
f 1787 1634 1635
f 1686 1622 1623
f 1602 1603 1772
f 1781 1788 1601
f 1788 1789 1600
f 1789 1790 1599
f 1790 1791 1598
f 1791 1753 1597
f 1559 1560 1735
f 1551 1552 1774
f 1792 1793 1547
f 1793 1782 1546
f 1544 1545 1783
f 1683 1762 1775
f 1794 1681 1682
f 1795 1680 1681
f 1676 1784 1785
f 1796 1674 1675
f 1669 1778 1779
f 1663 1766 1742
f 1644 1770 1748
f 1635 1786 1787
f 1797 1626 1627
f 1798 1625 1626
f 1799 1623 1624
f 1686 1621 1622
f 1601 1602 1781
f 1599 1600 1789
f 1597 1598 1791
f 1553 1554 1741
f 1757 1792 1548
f 1546 1547 1793
f 1543 1544 1758
f 1681 1794 1795
f 1675 1785 1796
f 1800 1673 1674
f 1801 1672 1673
f 1802 1671 1672
f 1667 1780 1763
f 1636 1771 1786
f 1803 1633 1634
f 1804 1632 1633
f 1805 1631 1632
f 1806 1630 1631
f 1807 1629 1630
f 1808 1628 1629
f 1809 1627 1628
f 1626 1797 1798
f 1810 1624 1625
f 1623 1799 1686
f 1600 1601 1788
f 1596 1597 1753
f 1547 1548 1792
f 1682 1776 1794
f 1811 1679 1680
f 1812 1678 1679
f 1674 1796 1800
f 1672 1801 1802
f 1657 1768 1726
f 1633 1803 1804
f 1631 1805 1806
f 1629 1807 1808
f 1627 1809 1797
f 1624 1810 1799
f 1685 1611 1613
f 1685 1610 1612
f 1598 1599 1790
f 1545 1546 1782
f 1679 1811 1812
f 1813 1677 1678
f 1673 1800 1801
f 1634 1787 1803
f 1630 1806 1807
f 1625 1798 1810
f 1612 1611 1685
f 1685 1608 1609
f 1685 1606 1607
f 1548 1549 1757
f 1678 1812 1813
f 1671 1802 1777
f 1628 1808 1809
f 1686 1614 1615
f 1609 1610 1685
f 1685 1605 1606
f 1680 1795 1811
f 1632 1804 1805
f 1686 1618 1619
f 1686 1616 1617
f 1686 1613 1614
f 1607 1608 1685
f 1677 1813 1784
f 1619 1620 1686
f 1615 1616 1686
f 1604 1605 1685
f 1617 1618 1686
f 1620 1621 1686
f 1613 1686 1685
f 1772 1685 1688
f 1781 1772 1814
f 1788 1781 1815
f 1789 1788 1816
f 1790 1789 1817
f 1791 1790 1818
f 1753 1791 1819
f 1754 1753 1820
f 1728 1754 1821
f 1729 1728 1822
f 1724 1729 1823
f 1725 1724 1824
f 1712 1725 1825
f 1713 1712 1826
f 1706 1713 1827
f 1707 1706 1828
f 1698 1707 1829
f 1699 1698 1830
f 1700 1699 1831
f 1701 1700 1832
f 1702 1701 1833
f 1708 1702 1834
f 1709 1708 1835
f 1710 1709 1836
f 1711 1710 1837
f 1692 1711 1838
f 1693 1692 1839
f 1694 1693 1840
f 1695 1694 1841
f 1689 1695 1842
f 1690 1689 1843
f 1691 1690 1844
f 1696 1691 1845
f 1697 1696 1846
f 1703 1697 1847
f 1704 1703 1848
f 1705 1704 1849
f 1714 1705 1850
f 1715 1714 1851
f 1716 1715 1852
f 1717 1716 1853
f 1718 1717 1854
f 1734 1718 1855
f 1735 1734 1856
f 1736 1735 1857
f 1737 1736 1858
f 1738 1737 1859
f 1739 1738 1860
f 1740 1739 1861
f 1741 1740 1862
f 1773 1741 1863
f 1774 1773 1864
f 1755 1774 1865
f 1756 1755 1866
f 1757 1756 1867
f 1792 1757 1868
f 1793 1792 1869
f 1782 1793 1870
f 1783 1782 1871
f 1758 1783 1872
f 1759 1758 1873
f 1760 1759 1874
f 1761 1760 1875
f 1762 1761 1876
f 1775 1762 1877
f 1776 1775 1878
f 1794 1776 1879
f 1795 1794 1880
f 1811 1795 1881
f 1812 1811 1882
f 1813 1812 1883
f 1784 1813 1884
f 1785 1784 1885
f 1796 1785 1886
f 1800 1796 1887
f 1801 1800 1888
f 1802 1801 1889
f 1777 1802 1890
f 1778 1777 1891
f 1779 1778 1892
f 1780 1779 1893
f 1763 1780 1894
f 1764 1763 1895
f 1765 1764 1896
f 1766 1765 1897
f 1742 1766 1898
f 1743 1742 1899
f 1744 1743 1900
f 1745 1744 1901
f 1767 1745 1902
f 1768 1767 1903
f 1726 1768 1904
f 1727 1726 1905
f 1721 1727 1906
f 1722 1721 1907
f 1723 1722 1908
f 1719 1723 1909
f 1720 1719 1910
f 1730 1720 1911
f 1731 1730 1912
f 1746 1731 1913
f 1747 1746 1914
f 1769 1747 1915
f 1770 1769 1916
f 1748 1770 1917
f 1749 1748 1918
f 1732 1749 1919
f 1733 1732 1920
f 1750 1733 1921
f 1751 1750 1922
f 1752 1751 1923
f 1771 1752 1924
f 1786 1771 1925
f 1787 1786 1926
f 1803 1787 1927
f 1804 1803 1928
f 1805 1804 1929
f 1806 1805 1930
f 1807 1806 1931
f 1808 1807 1932
f 1809 1808 1933
f 1797 1809 1934
f 1798 1797 1935
f 1810 1798 1936
f 1799 1810 1937
f 1686 1799 1938
f 1938 1687 1686
f 1937 1938 1799
f 1936 1937 1810
f 1935 1936 1798
f 1934 1935 1797
f 1933 1934 1809
f 1932 1933 1808
f 1931 1932 1807
f 1930 1931 1806
f 1929 1930 1805
f 1928 1929 1804
f 1927 1928 1803
f 1926 1927 1787
f 1925 1926 1786
f 1924 1925 1771
f 1923 1924 1752
f 1922 1923 1751
f 1921 1922 1750
f 1920 1921 1733
f 1919 1920 1732
f 1918 1919 1749
f 1917 1918 1748
f 1916 1917 1770
f 1915 1916 1769
f 1914 1915 1747
f 1913 1914 1746
f 1912 1913 1731
f 1911 1912 1730
f 1910 1911 1720
f 1909 1910 1719
f 1908 1909 1723
f 1907 1908 1722
f 1906 1907 1721
f 1905 1906 1727
f 1904 1905 1726
f 1903 1904 1768
f 1902 1903 1767
f 1901 1902 1745
f 1900 1901 1744
f 1899 1900 1743
f 1898 1899 1742
f 1897 1898 1766
f 1896 1897 1765
f 1895 1896 1764
f 1894 1895 1763
f 1893 1894 1780
f 1892 1893 1779
f 1891 1892 1778
f 1890 1891 1777
f 1889 1890 1802
f 1888 1889 1801
f 1887 1888 1800
f 1886 1887 1796
f 1885 1886 1785
f 1884 1885 1784
f 1883 1884 1813
f 1882 1883 1812
f 1881 1882 1811
f 1880 1881 1795
f 1879 1880 1794
f 1878 1879 1776
f 1877 1878 1775
f 1876 1877 1762
f 1875 1876 1761
f 1874 1875 1760
f 1873 1874 1759
f 1872 1873 1758
f 1871 1872 1783
f 1870 1871 1782
f 1869 1870 1793
f 1868 1869 1792
f 1867 1868 1757
f 1866 1867 1756
f 1865 1866 1755
f 1864 1865 1774
f 1863 1864 1773
f 1862 1863 1741
f 1861 1862 1740
f 1860 1861 1739
f 1859 1860 1738
f 1858 1859 1737
f 1857 1858 1736
f 1856 1857 1735
f 1855 1856 1734
f 1854 1855 1718
f 1853 1854 1717
f 1852 1853 1716
f 1851 1852 1715
f 1850 1851 1714
f 1849 1850 1705
f 1848 1849 1704
f 1847 1848 1703
f 1846 1847 1697
f 1845 1846 1696
f 1844 1845 1691
f 1843 1844 1690
f 1842 1843 1689
f 1841 1842 1695
f 1840 1841 1694
f 1839 1840 1693
f 1838 1839 1692
f 1837 1838 1711
f 1836 1837 1710
f 1835 1836 1709
f 1834 1835 1708
f 1833 1834 1702
f 1832 1833 1701
f 1831 1832 1700
f 1830 1831 1699
f 1829 1830 1698
f 1828 1829 1707
f 1827 1828 1706
f 1826 1827 1713
f 1825 1826 1712
f 1824 1825 1725
f 1823 1824 1724
f 1822 1823 1729
f 1821 1822 1728
f 1820 1821 1754
f 1819 1820 1753
f 1818 1819 1791
f 1817 1818 1790
f 1816 1817 1789
f 1815 1816 1788
f 1814 1815 1781
f 1688 1814 1772
f 789 1912 1911
f 789 1914 1913
f 789 1917 1916
f 580 1895 1894
f 580 1899 1898
f 1913 1912 789
f 1916 1915 789
f 789 1925 1924
f 1894 1893 580
f 1893 1892 580
f 580 1897 1896
f 580 1900 1899
f 1898 1897 580
f 580 789 1902
f 789 1906 1905
f 789 1908 1907
f 789 1910 1909
f 1915 1914 789
f 789 1919 1918
f 789 1921 1920
f 1924 1923 789
f 580 1891 1890
f 1892 1891 580
f 1896 1895 580
f 1902 1901 580
f 1907 1906 789
f 1911 1910 789
f 1920 1919 789
f 1923 1922 789
f 1901 1900 580
f 1909 1908 789
f 1922 1921 789
f 789 1930 1929
f 1939 1846 1845
f 1939 1850 1849
f 580 1888 1887
f 789 1904 1903
f 1918 1917 789
f 1929 1928 789
f 789 1932 1931
f 1108 1840 1839
f 1108 1939 1842
f 1939 1844 1843
f 1939 1847 1846
f 1849 1848 1939
f 1939 1855 1854
f 1861 1860 1939
f 1887 1886 580
f 1890 1889 580
f 1905 1904 789
f 1931 1930 789
f 789 1934 1933
f 1108 1836 1835
f 1108 1838 1837
f 1108 1841 1840
f 1108 1107 1939
f 1845 1844 1939
f 1939 1851 1850
f 1854 1853 1939
f 1939 1859 1858
f 1939 1940 1861
f 1940 1863 1862
f 1940 1866 1865
f 1940 1868 1867
f 1886 1885 580
f 1903 1902 789
f 1933 1932 789
f 789 1936 1935
f 1837 1836 1108
f 1842 1841 1108
f 1848 1847 1939
f 1853 1852 1939
f 1939 1857 1856
f 1860 1859 1939
f 1940 1864 1863
f 1867 1866 1940
f 580 1882 1881
f 580 1884 1883
f 1889 1888 580
f 789 1927 1926
f 1935 1934 789
f 1108 1825 1824
f 1108 1834 1833
f 1839 1838 1108
f 1852 1851 1939
f 1858 1857 1939
f 1865 1864 1940
f 1940 1870 1869
f 1940 1872 1871
f 1940 1874 1873
f 580 1878 1877
f 1881 1880 580
f 1880 1879 580
f 1885 1884 580
f 1928 1927 789
f 789 1687 1938
f 1108 1820 1819
f 1108 1822 1821
f 1824 1823 1108
f 1108 1827 1826
f 1108 1830 1829
f 1108 1832 1831
f 1835 1834 1108
f 1856 1855 1939
f 1869 1868 1940
f 1873 1872 1940
f 1940 1876 1875
f 1877 1940 580
f 1879 1878 580
f 1926 1925 789
f 1938 1937 789
f 1937 1936 789
f 1821 1820 1108
f 1826 1825 1108
f 1829 1828 1108
f 1833 1832 1108
f 1862 1861 1940
f 1875 1874 1940
f 1883 1882 580
f 1108 1818 1817
f 1823 1822 1108
f 1831 1830 1108
f 1871 1870 1940
f 1817 1816 1108
f 1816 1815 1108
f 1828 1827 1108
f 649 580 1940
f 1877 1876 1940
f 1108 1815 1814
f 1819 1818 1108
f 1843 1842 1939
f 1814 1688 1108
f 1940 1106 649
f 1941 1942 1107
f 1107 1106 1941
f 1943 1944 1106
f 1944 1941 1106
f 1106 1940 1943
f 1945 1946 1947
f 1945 1948 1949
f 1950 1945 1951
f 1939 1952 1953
f 1949 1946 1945
f 1951 1954 1950
f 1939 1955 1943
f 1939 1956 1957
f 1939 1958 1952
f 1959 1945 1960
f 1947 1961 1945
f 1950 1962 1945
f 1939 1963 1955
f 1953 1956 1939
f 1964 1939 1959
f 1959 1965 1966
f 1959 1967 1968
f 1954 1951 1969
f 1962 1948 1945
f 1957 1963 1939
f 1960 1964 1959
f 1968 1965 1959
f 1966 1970 1971
f 1961 1960 1945
f 1964 1958 1939
f 1959 1939 1967
f 1970 1969 1971
f 1943 1940 1939
f 1971 1972 1966
f 1966 1972 1959
f 1969 1970 1954
f 1966 1973 1974
f 1974 1970 1966
f 1954 1975 1976
f 1976 1950 1954
f 1977 1951 1945
f 1945 1978 1977
f 1979 1969 1951
f 1951 1977 1979
f 1980 1971 1969
f 1969 1979 1980
f 1981 1972 1971
f 1971 1980 1981
f 1982 1959 1972
f 1972 1981 1982
f 1978 1945 1959
f 1959 1982 1978
f 1981 1983 1984
f 1981 1985 1986
f 1979 1987 1988
f 1982 1989 1990
f 1982 1984 1991
f 1986 1983 1981
f 1981 1992 1993
f 1988 1994 1979
f 1977 1995 1996
f 1977 1997 1998
f 1982 1999 2000
f 1982 2001 2002
f 1982 2003 2004
f 1990 2005 1982
f 1984 1982 1981
f 1981 2006 2007
f 1981 2008 2009
f 1993 2010 1981
f 1979 2011 1987
f 1996 1979 1977
f 1977 2012 2013
f 1977 2014 2015
f 1977 2016 2017
f 1977 2018 2019
f 1977 2020 1997
f 1982 2021 1999
f 2004 2001 1982
f 1982 2022 2023
f 1991 1989 1982
f 2009 2006 1981
f 1981 2024 1992
f 1979 2025 2026
f 1979 2027 2028
f 1996 2011 1979
f 2015 2012 1977
f 2019 2016 1977
f 1977 2029 2020
f 1977 2030 2031
f 1977 2032 2033
f 1982 2034 2035
f 1982 2036 2021
f 2023 2003 1982
f 2007 1985 1981
f 1981 2037 2038
f 1981 2039 2040
f 1981 2041 2024
f 1981 1980 2042
f 1980 2043 2044
f 1980 2045 2046
f 1980 2047 2048
f 2028 2025 1979
f 1979 2049 2050
f 2013 1995 1977
f 1977 2051 2052
f 1998 2018 1977
f 1977 2053 2054
f 1977 2055 2056
f 2033 2030 1977
f 1977 1978 2057
f 1978 2058 2059
f 1978 2060 2061
f 1982 2062 2063
f 2000 2034 1982
f 1982 2064 2065
f 2005 2022 1982
f 2040 2037 1981
f 1981 2066 2041
f 1980 2067 2042
f 2046 2043 1980
f 1980 2068 2069
f 1980 2070 2071
f 1980 2072 2073
f 2048 2074 1980
f 2050 2027 1979
f 2052 2014 1977
f 2054 2029 1977
f 2031 2055 1977
f 1978 2075 2057
f 2061 2058 1978
f 1978 2076 2077
f 1978 2078 2079
f 1978 2080 2081
f 2063 1978 1982
f 1982 2082 2083
f 2065 2036 1982
f 2038 2008 1981
f 1981 2084 2085
f 1981 2086 2087
f 2042 2066 1981
f 2069 2045 1980
f 2071 2088 1980
f 2074 2072 1980
f 1980 2089 2090
f 1980 2091 2092
f 2026 2093 1979
f 2017 2051 1977
f 2057 2032 1977
f 2077 2060 1978
f 2079 2094 1978
f 1978 2095 2080
f 1978 2096 2097
f 1978 2098 2099
f 1978 2100 2101
f 1978 2102 2103
f 1982 2104 2062
f 2083 2105 1982
f 2002 2064 1982
f 1981 2106 2084
f 1981 2107 2086
f 2044 2067 1980
f 2073 2070 1980
f 1980 2108 2109
f 1980 2110 2111
f 2092 2089 1980
f 1980 1979 2112
f 1994 2049 1979
f 2059 2075 1978
f 2081 2078 1978
f 2099 2096 1978
f 2103 2100 1978
f 2105 2104 1982
f 2085 2039 1981
f 2010 2107 1981
f 2109 2047 1980
f 2090 2110 1980
f 1979 2113 2112
f 1979 2114 2115
f 2056 2053 1977
f 2097 2095 1978
f 2063 2102 1978
f 2087 2106 1981
f 2111 2108 1980
f 1979 2116 2113
f 1979 2117 2118
f 1979 2119 2114
f 2094 2076 1978
f 1978 2120 2121
f 2035 2082 1982
f 2112 2091 1980
f 1979 2122 2123
f 2115 2117 1979
f 1979 2124 2125
f 2121 2098 1978
f 2088 2068 1980
f 1979 2126 2122
f 2125 2119 1979
f 2101 2120 1978
f 2118 2126 1979
f 2123 2116 1979
f 2093 2124 1979
f 2125 2124 2127
f 2119 2125 2128
f 2114 2119 2129
f 2115 2114 2130
f 2117 2115 2131
f 2118 2117 2132
f 2126 2118 2133
f 2122 2126 2134
f 2123 2122 2135
f 2116 2123 2136
f 2113 2116 2137
f 2112 2113 2138
f 2091 2112 2139
f 2092 2091 2140
f 2089 2092 2141
f 2090 2089 2142
f 2110 2090 2143
f 2111 2110 2144
f 2108 2111 2145
f 2109 2108 2146
f 2047 2109 2147
f 2048 2047 2148
f 2074 2048 2149
f 2072 2074 2150
f 2073 2072 2151
f 2070 2073 2152
f 2071 2070 2153
f 2088 2071 2154
f 2068 2088 2155
f 2069 2068 2156
f 2045 2069 2157
f 2046 2045 2158
f 2043 2046 2159
f 2044 2043 2160
f 2067 2044 2161
f 2042 2067 2162
f 2066 2042 2163
f 2041 2066 2164
f 2024 2041 2165
f 1992 2024 2166
f 1993 1992 2167
f 2010 1993 2168
f 2107 2010 2169
f 2086 2107 2170
f 2087 2086 2171
f 2106 2087 2172
f 2084 2106 2173
f 2085 2084 2174
f 2039 2085 2175
f 2040 2039 2176
f 2037 2040 2177
f 2038 2037 2178
f 2008 2038 2179
f 2009 2008 2180
f 2006 2009 2181
f 2007 2006 2182
f 1985 2007 2183
f 1986 1985 2184
f 1983 1986 2185
f 1984 1983 2186
f 1991 1984 2187
f 1989 1991 2188
f 1990 1989 2189
f 2005 1990 2190
f 2022 2005 2191
f 2023 2022 2192
f 2003 2023 2193
f 2004 2003 2194
f 2001 2004 2195
f 2002 2001 2196
f 2064 2002 2197
f 2065 2064 2198
f 2036 2065 2199
f 2021 2036 2200
f 1999 2021 2201
f 2000 1999 2202
f 2034 2000 2203
f 2035 2034 2204
f 2082 2035 2205
f 2083 2082 2206
f 2105 2083 2207
f 2104 2105 2208
f 2062 2104 2209
f 2063 2062 2210
f 2102 2063 2211
f 2103 2102 2212
f 2100 2103 2213
f 2101 2100 2214
f 2120 2101 2215
f 2121 2120 2216
f 2098 2121 2217
f 2099 2098 2218
f 2096 2099 2219
f 2097 2096 2220
f 2095 2097 2221
f 2080 2095 2222
f 2081 2080 2223
f 2078 2081 2224
f 2079 2078 2225
f 2094 2079 2226
f 2076 2094 2227
f 2077 2076 2228
f 2060 2077 2229
f 2061 2060 2230
f 2058 2061 2231
f 2059 2058 2232
f 2075 2059 2233
f 2057 2075 2234
f 2032 2057 2235
f 2033 2032 2236
f 2030 2033 2237
f 2031 2030 2238
f 2055 2031 2239
f 2056 2055 2240
f 2053 2056 2241
f 2054 2053 2242
f 2029 2054 2243
f 2020 2029 2244
f 1997 2020 2245
f 1998 1997 2246
f 2018 1998 2247
f 2019 2018 2248
f 2016 2019 2249
f 2017 2016 2250
f 2051 2017 2251
f 2052 2051 2252
f 2014 2052 2253
f 2015 2014 2254
f 2012 2015 2255
f 2013 2012 2256
f 1995 2013 2257
f 1996 1995 2258
f 2011 1996 2259
f 1987 2011 2260
f 1988 1987 2261
f 1994 1988 2262
f 2049 1994 2263
f 2050 2049 2264
f 2027 2050 2265
f 2028 2027 2266
f 2025 2028 2267
f 2026 2025 2268
f 2093 2026 2269
f 2124 2093 2270
f 2270 2127 2124
f 2269 2270 2093
f 2268 2269 2026
f 2267 2268 2025
f 2266 2267 2028
f 2265 2266 2027
f 2264 2265 2050
f 2263 2264 2049
f 2262 2263 1994
f 2261 2262 1988
f 2260 2261 1987
f 2259 2260 2011
f 2258 2259 1996
f 2257 2258 1995
f 2256 2257 2013
f 2255 2256 2012
f 2254 2255 2015
f 2253 2254 2014
f 2252 2253 2052
f 2251 2252 2051
f 2250 2251 2017
f 2249 2250 2016
f 2248 2249 2019
f 2247 2248 2018
f 2246 2247 1998
f 2245 2246 1997
f 2244 2245 2020
f 2243 2244 2029
f 2242 2243 2054
f 2241 2242 2053
f 2240 2241 2056
f 2239 2240 2055
f 2238 2239 2031
f 2237 2238 2030
f 2236 2237 2033
f 2235 2236 2032
f 2234 2235 2057
f 2233 2234 2075
f 2232 2233 2059
f 2231 2232 2058
f 2230 2231 2061
f 2229 2230 2060
f 2228 2229 2077
f 2227 2228 2076
f 2226 2227 2094
f 2225 2226 2079
f 2224 2225 2078
f 2223 2224 2081
f 2222 2223 2080
f 2221 2222 2095
f 2220 2221 2097
f 2219 2220 2096
f 2218 2219 2099
f 2217 2218 2098
f 2216 2217 2121
f 2215 2216 2120
f 2214 2215 2101
f 2213 2214 2100
f 2212 2213 2103
f 2211 2212 2102
f 2210 2211 2063
f 2209 2210 2062
f 2208 2209 2104
f 2207 2208 2105
f 2206 2207 2083
f 2205 2206 2082
f 2204 2205 2035
f 2203 2204 2034
f 2202 2203 2000
f 2201 2202 1999
f 2200 2201 2021
f 2199 2200 2036
f 2198 2199 2065
f 2197 2198 2064
f 2196 2197 2002
f 2195 2196 2001
f 2194 2195 2004
f 2193 2194 2003
f 2192 2193 2023
f 2191 2192 2022
f 2190 2191 2005
f 2189 2190 1990
f 2188 2189 1989
f 2187 2188 1991
f 2186 2187 1984
f 2185 2186 1983
f 2184 2185 1986
f 2183 2184 1985
f 2182 2183 2007
f 2181 2182 2006
f 2180 2181 2009
f 2179 2180 2008
f 2178 2179 2038
f 2177 2178 2037
f 2176 2177 2040
f 2175 2176 2039
f 2174 2175 2085
f 2173 2174 2084
f 2172 2173 2106
f 2171 2172 2087
f 2170 2171 2086
f 2169 2170 2107
f 2168 2169 2010
f 2167 2168 1993
f 2166 2167 1992
f 2165 2166 2024
f 2164 2165 2041
f 2163 2164 2066
f 2162 2163 2042
f 2161 2162 2067
f 2160 2161 2044
f 2159 2160 2043
f 2158 2159 2046
f 2157 2158 2045
f 2156 2157 2069
f 2155 2156 2068
f 2154 2155 2088
f 2153 2154 2071
f 2152 2153 2070
f 2151 2152 2073
f 2150 2151 2072
f 2149 2150 2074
f 2148 2149 2048
f 2147 2148 2047
f 2146 2147 2109
f 2145 2146 2108
f 2144 2145 2111
f 2143 2144 2110
f 2142 2143 2090
f 2141 2142 2089
f 2140 2141 2092
f 2139 2140 2091
f 2138 2139 2112
f 2137 2138 2113
f 2136 2137 2116
f 2135 2136 2123
f 2134 2135 2122
f 2133 2134 2126
f 2132 2133 2118
f 2131 2132 2117
f 2130 2131 2115
f 2129 2130 2114
f 2128 2129 2119
f 2127 2128 2125
f 1954 1970 2271
f 1974 2272 2271
f 1975 1954 2273
f 2271 1970 1974
f 2271 2273 1954
f 2273 2274 1975
f 2275 2271 2272
f 2272 2276 2275
f 2276 2277 2278
f 2278 2275 2276
f 2277 2274 2273
f 2273 2278 2277
f 2278 2273 2271
f 2271 2275 2278
f 2277 2276 2127
f 2276 2129 2128
f 2276 2132 2131
f 2277 2261 2260
f 2277 2268 2267
f 2128 2127 2276
f 2131 2130 2276
f 2277 2262 2261
f 2277 2264 2263
f 2277 2269 2268
f 2127 2270 2277
f 2276 2133 2132
f 2276 2135 2134
f 2227 2279 2280
f 2228 2280 1976
f 2277 2246 2245
f 2263 2262 2277
f 2277 2266 2265
f 2270 2269 2277
f 2134 2133 2276
f 2281 2211 2210
f 1976 2229 2228
f 1976 2234 2233
f 1976 2236 2235
f 2277 2247 2246
f 2277 2255 2254
f 2277 2257 2256
f 2277 2259 2258
f 2265 2264 2277
f 2130 2129 2276
f 2281 2204 2203
f 2281 2208 2207
f 2210 2209 2281
f 1976 2230 2229
f 1976 2232 2231
f 2235 2234 1976
f 1976 2238 2237
f 1976 2243 2242
f 2277 2248 2247
f 2254 2253 2277
f 2258 2257 2277
f 2267 2266 2277
f 2276 2137 2136
f 2276 2144 2143
f 2282 2196 2195
f 2203 2202 2281
f 2281 2206 2205
f 2209 2208 2281
f 2231 2230 1976
f 2237 2236 1976
f 1976 2240 2239
f 2242 2241 1976
f 2245 1976 2277
f 2277 2250 2249
f 2256 2255 2277
f 2136 2135 2276
f 2276 2141 2140
f 2143 2142 2276
f 1973 2164 2163
f 1973 2166 2165
f 1973 2168 2167
f 2282 2194 2193
f 2282 2197 2196
f 2282 2199 2198
f 2282 2281 2200
f 2202 2201 2281
f 2207 2206 2281
f 2281 2213 2212
f 2233 2232 1976
f 2241 2240 1976
f 2249 2248 2277
f 2277 2252 2251
f 2260 2259 2277
f 2276 2139 2138
f 2142 2141 2276
f 1973 2162 2161
f 2165 2164 1973
f 1973 2169 2168
f 2193 2192 2282
f 2198 2197 2282
f 2201 2200 2281
f 2212 2211 2281
f 2223 2283 2284
f 2239 2238 1976
f 2245 2244 1976
f 2253 2252 2277
f 2140 2139 2276
f 1973 2158 2157
f 1973 2160 2159
f 2163 2162 1973
f 1973 2170 2169
f 2181 2180 2285
f 2282 2183 2182
f 2282 2191 2190
f 2195 2194 2282
f 2205 2204 2281
f 2281 2215 2214
f 2281 2217 2216
f 2219 2286 2287
f 2219 2281 2288
f 2220 2289 2290
f 2221 2291 2292
f 2223 2293 2283
f 2224 2284 2294
f 2244 2243 1976
f 2138 2137 2276
f 2276 2146 2145
f 2276 2148 2147
f 2276 2153 2152
f 2159 2158 1973
f 2167 2166 1973
f 1973 2173 2172
f 2180 2179 2295
f 2182 2181 2282
f 2282 2185 2184
f 2282 2189 2188
f 2192 2191 2282
f 2214 2213 2281
f 2281 2218 2217
f 2288 2286 2219
f 2220 2287 2289
f 2221 2290 2291
f 2222 2292 2293
f 2294 2225 2224
f 2251 2250 2277
f 2147 2146 2276
f 2276 2150 2149
f 2152 2151 2276
f 2276 2155 2154
f 2276 1973 2156
f 2161 2160 1973
f 2172 2171 1973
f 1973 2175 2174
f 2178 2177 1973
f 2295 2285 2180
f 2184 2183 2282
f 2282 2187 2186
f 2190 2189 2282
f 2216 2215 2281
f 2287 2220 2219
f 2292 2222 2221
f 2284 2224 2223
f 2145 2144 2276
f 2151 2150 2276
f 2156 2155 2276
f 2171 2170 1973
f 1973 2176 2175
f 1973 2295 2178
f 2285 2282 2181
f 2188 2187 2282
f 2219 2218 2281
f 2293 2223 2222
f 2225 2294 2296
f 2226 2296 2279
f 2149 2148 2276
f 2157 2156 1973
f 2177 2176 1973
f 2186 2185 2282
f 2290 2221 2220
f 2279 2227 2226
f 2154 2153 2276
f 2179 2178 2295
f 2296 2226 2225
f 2174 2173 1973
f 2280 2228 2227
f 1975 2274 2277
f 1974 1973 2276
f 2277 1976 1975
f 2200 2199 2282
f 2276 2272 1974
f 2282 2297 2298
f 2298 2281 2282
f 2297 2299 2300
f 2298 2301 2302
f 2297 2303 2299
f 2298 2304 2301
f 2298 2305 2306
f 2298 2307 2308
f 2300 2298 2297
f 2306 2304 2298
f 2298 2309 2310
f 2298 2311 2307
f 2297 2312 2303
f 2297 2313 2314
f 2298 2315 2316
f 2310 2305 2298
f 2300 2311 2298
f 2314 2317 2297
f 2302 2315 2298
f 2317 2312 2297
f 2297 2318 2319
f 2308 2309 2298
f 2297 2320 2318
f 2319 2313 2297
f 2297 2321 2322
f 2298 2323 2324
f 2298 2325 2326
f 2322 2320 2297
f 2327 2328 2329
f 2324 2330 2298
f 2316 2325 2298
f 2297 2331 2332
f 2331 2297 2333
f 2327 2334 2328
f 2335 2336 2337
f 2326 2323 2298
f 2297 2338 2339
f 2297 2340 2341
f 2333 2342 2331
f 2342 2333 2343
f 2344 2345 2346
f 2344 2347 2348
f 2344 2349 2350
f 2327 2351 2352
f 2327 2353 2354
f 2327 2355 2356
f 2329 2357 2327
f 2358 2359 2360
f 2358 2361 2362
f 2336 2363 2364
f 2337 2365 2335
f 2366 2367 2368
f 2369 2366 2370
f 2371 2372 2373
f 2371 2369 2374
f 2339 2321 2297
f 2297 2375 2376
f 2332 2340 2297
f 2343 2377 2378
f 2346 2379 2344
f 2350 2347 2344
f 2352 2344 2327
f 2327 2380 2353
f 2327 2381 2382
f 2357 2355 2327
f 2327 2383 2384
f 2360 2385 2358
f 2358 2386 2387
f 2362 2388 2358
f 2358 2389 2390
f 2358 2391 2392
f 2393 2394 2391
f 2393 2395 2396
f 2393 2397 2398
f 2399 2400 2393
f 2401 2399 2402
f 2365 2403 2335
f 2367 2335 2403
f 2368 2404 2366
f 2370 2405 2369
f 2374 2372 2371
f 2376 2338 2297
f 2343 2378 2342
f 2379 2406 2344
f 2352 2349 2344
f 2327 2407 2408
f 2327 2409 2410
f 2382 2380 2327
f 2327 2411 2412
f 2327 2413 2414
f 2384 2334 2327
f 2358 2415 2383
f 2385 2416 2358
f 2358 2417 2418
f 2388 2386 2358
f 2358 2419 2420
f 2358 2421 2422
f 2358 2423 2424
f 2390 2425 2358
f 2391 2358 2393
f 2393 2426 2427
f 2398 2395 2393
f 2393 2428 2429
f 2402 2430 2401
f 2403 2368 2367
f 2405 2374 2369
f 2298 2431 2371
f 2341 2375 2297
f 2377 2343 2344
f 2344 2432 2433
f 2344 2434 2435
f 2348 2345 2344
f 2410 2407 2327
f 2327 2436 2437
f 2327 2438 2439
f 2327 2440 2441
f 2412 2381 2327
f 2356 2413 2327
f 2416 2415 2358
f 2387 2417 2358
f 2422 2419 2358
f 2358 2442 2423
f 2358 2443 2444
f 2358 2445 2389
f 2427 2394 2393
f 2429 2397 2393
f 2393 2446 2447
f 2393 2402 2399
f 2404 2370 2366
f 2330 2431 2298
f 2344 2448 2449
f 2433 2450 2344
f 2344 2451 2434
f 2408 2351 2327
f 2327 2452 2453
f 2327 2454 2436
f 2327 2455 2456
f 2441 2438 2327
f 2414 2411 2327
f 2418 2359 2358
f 2424 2421 2358
f 2425 2443 2358
f 2396 2426 2393
f 2400 2446 2393
f 2457 2401 2430
f 2363 2457 2458
f 2373 2298 2371
f 2450 2448 2344
f 2406 2451 2344
f 2453 2459 2327
f 2456 2454 2327
f 2354 2440 2327
f 2420 2361 2358
f 2358 2460 2461
f 2358 2462 2445
f 2447 2428 2393
f 2458 2364 2363
f 2344 2449 2377
f 2459 2409 2327
f 2439 2455 2327
f 2461 2442 2358
f 2392 2462 2358
f 2364 2337 2336
f 2437 2452 2327
f 2444 2460 2358
f 2435 2432 2344
f 2430 2458 2457
f 2383 2327 2358
f 2463 2327 2344
f 2344 2464 2463
f 2465 2393 2358
f 2358 2466 2465
f 2463 2466 2358
f 2358 2327 2463
f 2384 2383 2467
f 2334 2384 2468
f 2328 2334 2469
f 2329 2328 2470
f 2357 2329 2471
f 2355 2357 2472
f 2356 2355 2473
f 2413 2356 2474
f 2414 2413 2475
f 2411 2414 2476
f 2412 2411 2477
f 2381 2412 2478
f 2382 2381 2479
f 2380 2382 2480
f 2353 2380 2481
f 2354 2353 2482
f 2440 2354 2483
f 2441 2440 2484
f 2438 2441 2485
f 2439 2438 2486
f 2455 2439 2487
f 2456 2455 2488
f 2454 2456 2489
f 2436 2454 2490
f 2437 2436 2491
f 2452 2437 2492
f 2453 2452 2493
f 2459 2453 2494
f 2409 2459 2495
f 2410 2409 2496
f 2407 2410 2497
f 2408 2407 2498
f 2351 2408 2499
f 2352 2351 2500
f 2349 2352 2501
f 2350 2349 2502
f 2347 2350 2503
f 2348 2347 2504
f 2345 2348 2505
f 2346 2345 2506
f 2379 2346 2507
f 2406 2379 2508
f 2451 2406 2509
f 2434 2451 2510
f 2435 2434 2511
f 2432 2435 2512
f 2433 2432 2513
f 2450 2433 2514
f 2448 2450 2515
f 2449 2448 2516
f 2377 2449 2517
f 2378 2377 2518
f 2342 2378 2519
f 2331 2342 2520
f 2332 2331 2521
f 2340 2332 2522
f 2341 2340 2523
f 2375 2341 2524
f 2376 2375 2525
f 2338 2376 2526
f 2339 2338 2527
f 2321 2339 2528
f 2322 2321 2529
f 2320 2322 2530
f 2318 2320 2531
f 2319 2318 2532
f 2313 2319 2533
f 2314 2313 2534
f 2317 2314 2535
f 2312 2317 2536
f 2303 2312 2537
f 2299 2303 2538
f 2300 2299 2539
f 2311 2300 2540
f 2307 2311 2541
f 2308 2307 2542
f 2309 2308 2543
f 2310 2309 2544
f 2305 2310 2545
f 2306 2305 2546
f 2304 2306 2547
f 2301 2304 2548
f 2302 2301 2549
f 2315 2302 2550
f 2316 2315 2551
f 2325 2316 2552
f 2326 2325 2553
f 2323 2326 2554
f 2324 2323 2555
f 2330 2324 2556
f 2431 2330 2557
f 2371 2431 2558
f 2369 2371 2559
f 2366 2369 2560
f 2367 2366 2561
f 2335 2367 2562
f 2336 2335 2563
f 2363 2336 2564
f 2457 2363 2565
f 2401 2457 2566
f 2399 2401 2567
f 2400 2399 2568
f 2446 2400 2569
f 2447 2446 2570
f 2428 2447 2571
f 2429 2428 2572
f 2397 2429 2573
f 2398 2397 2574
f 2395 2398 2575
f 2396 2395 2576
f 2426 2396 2577
f 2427 2426 2578
f 2394 2427 2579
f 2391 2394 2580
f 2392 2391 2581
f 2462 2392 2582
f 2445 2462 2583
f 2389 2445 2584
f 2390 2389 2585
f 2425 2390 2586
f 2443 2425 2587
f 2444 2443 2588
f 2460 2444 2589
f 2461 2460 2590
f 2442 2461 2591
f 2423 2442 2592
f 2424 2423 2593
f 2421 2424 2594
f 2422 2421 2595
f 2419 2422 2596
f 2420 2419 2597
f 2361 2420 2598
f 2362 2361 2599
f 2388 2362 2600
f 2386 2388 2601
f 2387 2386 2602
f 2417 2387 2603
f 2418 2417 2604
f 2359 2418 2605
f 2360 2359 2606
f 2385 2360 2607
f 2416 2385 2608
f 2415 2416 2609
f 2383 2415 2610
f 2610 2467 2383
f 2609 2610 2415
f 2608 2609 2416
f 2607 2608 2385
f 2606 2607 2360
f 2605 2606 2359
f 2604 2605 2418
f 2603 2604 2417
f 2602 2603 2387
f 2601 2602 2386
f 2600 2601 2388
f 2599 2600 2362
f 2598 2599 2361
f 2597 2598 2420
f 2596 2597 2419
f 2595 2596 2422
f 2594 2595 2421
f 2593 2594 2424
f 2592 2593 2423
f 2591 2592 2442
f 2590 2591 2461
f 2589 2590 2460
f 2588 2589 2444
f 2587 2588 2443
f 2586 2587 2425
f 2585 2586 2390
f 2584 2585 2389
f 2583 2584 2445
f 2582 2583 2462
f 2581 2582 2392
f 2580 2581 2391
f 2579 2580 2394
f 2578 2579 2427
f 2577 2578 2426
f 2576 2577 2396
f 2575 2576 2395
f 2574 2575 2398
f 2573 2574 2397
f 2572 2573 2429
f 2571 2572 2428
f 2570 2571 2447
f 2569 2570 2446
f 2568 2569 2400
f 2567 2568 2399
f 2566 2567 2401
f 2565 2566 2457
f 2564 2565 2363
f 2563 2564 2336
f 2562 2563 2335
f 2561 2562 2367
f 2560 2561 2366
f 2559 2560 2369
f 2558 2559 2371
f 2557 2558 2431
f 2556 2557 2330
f 2555 2556 2324
f 2554 2555 2323
f 2553 2554 2326
f 2552 2553 2325
f 2551 2552 2316
f 2550 2551 2315
f 2549 2550 2302
f 2548 2549 2301
f 2547 2548 2304
f 2546 2547 2306
f 2545 2546 2305
f 2544 2545 2310
f 2543 2544 2309
f 2542 2543 2308
f 2541 2542 2307
f 2540 2541 2311
f 2539 2540 2300
f 2538 2539 2299
f 2537 2538 2303
f 2536 2537 2312
f 2535 2536 2317
f 2534 2535 2314
f 2533 2534 2313
f 2532 2533 2319
f 2531 2532 2318
f 2530 2531 2320
f 2529 2530 2322
f 2528 2529 2321
f 2527 2528 2339
f 2526 2527 2338
f 2525 2526 2376
f 2524 2525 2375
f 2523 2524 2341
f 2522 2523 2340
f 2521 2522 2332
f 2520 2521 2331
f 2519 2520 2342
f 2518 2519 2378
f 2517 2518 2377
f 2516 2517 2449
f 2515 2516 2448
f 2514 2515 2450
f 2513 2514 2433
f 2512 2513 2432
f 2511 2512 2435
f 2510 2511 2434
f 2509 2510 2451
f 2508 2509 2406
f 2507 2508 2379
f 2506 2507 2346
f 2505 2506 2345
f 2504 2505 2348
f 2503 2504 2347
f 2502 2503 2350
f 2501 2502 2349
f 2500 2501 2352
f 2499 2500 2351
f 2498 2499 2408
f 2497 2498 2407
f 2496 2497 2410
f 2495 2496 2409
f 2494 2495 2459
f 2493 2494 2453
f 2492 2493 2452
f 2491 2492 2437
f 2490 2491 2436
f 2489 2490 2454
f 2488 2489 2456
f 2487 2488 2455
f 2486 2487 2439
f 2485 2486 2438
f 2484 2485 2441
f 2483 2484 2440
f 2482 2483 2354
f 2481 2482 2353
f 2480 2481 2380
f 2479 2480 2382
f 2478 2479 2381
f 2477 2478 2412
f 2476 2477 2411
f 2475 2476 2414
f 2474 2475 2413
f 2473 2474 2356
f 2472 2473 2355
f 2471 2472 2357
f 2470 2471 2329
f 2469 2470 2328
f 2468 2469 2334
f 2467 2468 2384
f 2466 2608 2607
f 2463 2472 2471
f 2466 2601 2600
f 2466 2609 2608
f 2466 2463 2467
f 2463 2469 2468
f 2471 2470 2463
f 2466 2602 2601
f 2466 2604 2603
f 2466 2610 2609
f 2468 2467 2463
f 2463 2473 2472
f 2463 2475 2474
f 2567 2611 2612
f 2568 2612 2465
f 2603 2602 2466
f 2466 2606 2605
f 2467 2610 2466
f 2474 2473 2463
f 2613 2551 2550
f 2465 2569 2568
f 2465 2574 2573
f 2465 2576 2575
f 2466 2587 2586
f 2466 2595 2594
f 2466 2597 2596
f 2466 2599 2598
f 2605 2604 2466
f 2470 2469 2463
f 2613 2548 2547
f 2550 2549 2613
f 2465 2570 2569
f 2465 2572 2571
f 2575 2574 2465
f 2465 2578 2577
f 2465 2466 2581
f 2466 2583 2582
f 2466 2588 2587
f 2594 2593 2466
f 2598 2597 2466
f 2607 2606 2466
f 2463 2477 2476
f 2463 2484 2483
f 2614 2536 2535
f 2614 2613 2540
f 2613 2544 2543
f 2613 2546 2545
f 2549 2548 2613
f 2571 2570 2465
f 2577 2576 2465
f 2465 2580 2579
f 2582 2581 2466
f 2586 2585 2466
f 2466 2590 2589
f 2596 2595 2466
f 2476 2475 2463
f 2463 2481 2480
f 2483 2482 2463
f 2463 2464 2501
f 2464 2504 2503
f 2464 2506 2505
f 2464 2508 2507
f 2614 2534 2533
f 2614 2537 2536
f 2614 2539 2538
f 2613 2541 2540
f 2543 2542 2613
f 2547 2546 2613
f 2613 2553 2552
f 2573 2572 2465
f 2581 2580 2465
f 2589 2588 2466
f 2466 2592 2591
f 2600 2599 2466
f 2463 2479 2478
f 2482 2481 2463
f 2464 2502 2501
f 2505 2504 2464
f 2464 2509 2508
f 2533 2532 2614
f 2538 2537 2614
f 2542 2541 2613
f 2552 2551 2613
f 2563 2615 2616
f 2579 2578 2465
f 2585 2584 2466
f 2593 2592 2466
f 2480 2479 2463
f 2463 2498 2497
f 2463 2500 2499
f 2503 2502 2464
f 2464 2510 2509
f 2521 2520 2617
f 2614 2523 2522
f 2614 2531 2530
f 2535 2534 2614
f 2545 2544 2613
f 2613 2555 2554
f 2613 2557 2556
f 2559 2618 2619
f 2559 2613 2620
f 2560 2621 2622
f 2561 2623 2624
f 2563 2625 2615
f 2564 2616 2626
f 2584 2583 2466
f 2478 2477 2463
f 2463 2486 2485
f 2463 2488 2487
f 2463 2493 2492
f 2499 2498 2463
f 2507 2506 2464
f 2464 2513 2512
f 2520 2519 2627
f 2522 2521 2614
f 2614 2525 2524
f 2614 2529 2528
f 2532 2531 2614
f 2554 2553 2613
f 2613 2558 2557
f 2620 2618 2559
f 2560 2619 2621
f 2561 2622 2623
f 2562 2624 2625
f 2626 2565 2564
f 2591 2590 2466
f 2487 2486 2463
f 2463 2490 2489
f 2492 2491 2463
f 2463 2495 2494
f 2501 2500 2463
f 2512 2511 2464
f 2464 2515 2514
f 2518 2517 2464
f 2627 2617 2520
f 2524 2523 2614
f 2614 2527 2526
f 2530 2529 2614
f 2556 2555 2613
f 2619 2560 2559
f 2624 2562 2561
f 2616 2564 2563
f 2485 2484 2463
f 2491 2490 2463
f 2463 2496 2495
f 2511 2510 2464
f 2464 2516 2515
f 2464 2627 2518
f 2617 2614 2521
f 2528 2527 2614
f 2559 2558 2613
f 2625 2563 2562
f 2565 2626 2628
f 2566 2628 2611
f 2489 2488 2463
f 2497 2496 2463
f 2517 2516 2464
f 2526 2525 2614
f 2622 2561 2560
f 2611 2567 2566
f 2494 2493 2463
f 2519 2518 2627
f 2628 2566 2565
f 2514 2513 2464
f 2612 2568 2567
f 2540 2539 2614
f 2613 2614 2629
f 2629 2630 2613
f 1967 1939 1107
f 1107 2631 1967
f 2632 2633 2634
f 2635 2636 2633
f 2343 2627 2464
f 2333 2617 2627
f 1968 1967 2282
f 1967 2631 2297
f 2297 2282 1967
f 2333 2297 2614
f 2631 2629 2614
f 2614 2297 2631
f 2614 2617 2333
f 2636 2635 2629
f 2629 2631 2636
f 1968 2285 2295
f 1965 2295 1973
f 1973 1966 1965
f 2295 1965 1968
f 2282 2285 1968
f 2627 2343 2333
f 2464 2344 2343
f 2633 2632 2635
f 2634 2637 2632
f 1107 1942 2631
f 1943 1955 2638
f 1962 1950 1976
f 1948 1962 2280
f 1949 1948 2279
f 1946 1949 2296
f 1947 1946 2294
f 1961 1947 2284
f 1960 1961 2283
f 1964 1960 2293
f 1958 1964 2292
f 1952 1958 2291
f 1953 1952 2290
f 1956 1953 2289
f 1957 1956 2287
f 1963 1957 2286
f 2402 2393 2465
f 2430 2402 2612
f 2458 2430 2611
f 2364 2458 2628
f 2337 2364 2626
f 2365 2337 2616
f 2403 2365 2615
f 2368 2403 2625
f 2404 2368 2624
f 2370 2404 2623
f 2405 2370 2622
f 2374 2405 2621
f 2372 2374 2619
f 2373 2372 2618
f 2639 2638 2630
f 2638 2298 2613
f 2613 2630 2638
f 2620 2613 2298
f 2298 2373 2620
f 1955 2281 2298
f 2298 2638 1955
f 1963 2288 2281
f 2281 1955 1963
f 2640 2641 2642
f 2641 2643 2644
f 2643 2645 2646
f 2645 2647 2648
f 2647 2649 2650
f 2649 2651 2652
f 2651 2653 2654
f 2653 2655 2656
f 2655 2657 2658
f 2657 2659 2660
f 2659 2661 2662
f 2661 2663 2664
f 2663 2665 2666
f 2665 2667 2668
f 2668 2666 2665
f 2666 2664 2663
f 2664 2662 2661
f 2662 2660 2659
f 2660 2658 2657
f 2658 2656 2655
f 2656 2654 2653
f 2654 2652 2651
f 2652 2650 2649
f 2650 2648 2647
f 2648 2646 2645
f 2646 2644 2643
f 2644 2642 2641
f 2642 2639 2640
f 2630 2640 2639
f 2618 2620 2373
f 2619 2618 2372
f 2621 2619 2374
f 2622 2621 2405
f 2623 2622 2370
f 2624 2623 2404
f 2625 2624 2368
f 2615 2625 2403
f 2616 2615 2365
f 2626 2616 2337
f 2628 2626 2364
f 2611 2628 2458
f 2612 2611 2430
f 2465 2612 2402
f 2286 2288 1963
f 2287 2286 1957
f 2289 2287 1956
f 2290 2289 1953
f 2291 2290 1952
f 2292 2291 1958
f 2293 2292 1964
f 2283 2293 1960
f 2284 2283 1961
f 2294 2284 1947
f 2296 2294 1946
f 2279 2296 1949
f 2280 2279 1948
f 1976 2280 1962
f 2638 1944 1943
f 2669 2668 2667
f 2667 2670 2669
f 2634 2671 2672
f 2672 2637 2634
f 2672 2671 2673
f 2671 2669 2674
f 2674 2673 2671
f 2670 2675 2674
f 2674 2669 2670
f 2673 2676 2672
f 2677 2674 2675
f 2675 2678 2677
f 2679 2673 2674
f 2674 2677 2679
f 2680 2676 2673
f 2673 2679 2680
f 2680 2679 2677
f 2677 2678 2680
f 2630 2681 2682
f 2629 2683 2684
f 2630 2685 2681
f 2630 2686 2687
f 2630 2688 2689
f 2629 2690 2683
f 2629 2691 2692
f 2687 2685 2630
f 2630 2693 2694
f 2630 2695 2688
f 2629 2696 2690
f 2692 2697 2629
f 2630 2698 2699
f 2694 2686 2630
f 2630 2684 2695
f 2697 2696 2629
f 2682 2698 2630
f 2684 2630 2629
f 2629 2700 2701
f 2689 2693 2630
f 2629 2702 2700
f 2701 2691 2629
f 2629 2703 2704
f 2630 2705 2706
f 2630 2707 2708
f 2704 2702 2629
f 2680 2709 2710
f 2706 2711 2630
f 2699 2707 2630
f 2629 2712 2713
f 2712 2629 2635
f 2680 2714 2709
f 2715 2716 2657
f 2708 2705 2630
f 2629 2717 2718
f 2629 2719 2720
f 2635 2721 2712
f 2721 2635 2632
f 2637 2722 2723
f 2637 2724 2725
f 2637 2726 2727
f 2672 2728 2729
f 2680 2730 2731
f 2710 2732 2680
f 2678 2733 2734
f 2678 2667 2735
f 2716 2736 2659
f 2657 2655 2715
f 2737 2738 2651
f 2739 2737 2647
f 2740 2641 2640
f 2740 2739 2643
f 2718 2703 2629
f 2629 2741 2742
f 2713 2719 2629
f 2632 2743 2744
f 2723 2745 2637
f 2727 2724 2637
f 2637 2746 2747
f 2637 2672 2748
f 2672 2749 2728
f 2672 2750 2751
f 2752 2672 2680
f 2732 2730 2680
f 2680 2753 2754
f 2678 2755 2753
f 2678 2756 2757
f 2678 2758 2759
f 2734 2760 2678
f 2735 2761 2678
f 2667 2762 2763
f 2667 2764 2765
f 2667 2766 2767
f 2768 2769 2667
f 2770 2768 2665
f 2655 2653 2715
f 2738 2715 2653
f 2651 2649 2737
f 2647 2645 2739
f 2643 2641 2740
f 2742 2717 2629
f 2632 2744 2721
f 2745 2771 2637
f 2747 2726 2637
f 2672 2772 2748
f 2672 2773 2774
f 2751 2749 2672
f 2680 2775 2752
f 2680 2776 2777
f 2754 2714 2680
f 2678 2778 2755
f 2757 2779 2678
f 2678 2780 2781
f 2760 2758 2678
f 2678 2782 2783
f 2678 2784 2785
f 2678 2786 2787
f 2761 2788 2678
f 2667 2789 2762
f 2667 2790 2791
f 2767 2764 2667
f 2667 2792 2793
f 2665 2663 2770
f 2653 2651 2738
f 2645 2643 2739
f 2630 2794 2740
f 2720 2741 2629
f 2743 2632 2637
f 2637 2795 2796
f 2637 2797 2798
f 2725 2722 2637
f 2774 2772 2672
f 2672 2799 2800
f 2672 2801 2802
f 2672 2803 2804
f 2752 2750 2672
f 2731 2776 2680
f 2779 2778 2678
f 2759 2780 2678
f 2785 2782 2678
f 2678 2805 2786
f 2678 2806 2807
f 2667 2808 2735
f 2791 2789 2667
f 2793 2766 2667
f 2667 2809 2810
f 2667 2665 2768
f 2649 2647 2737
f 2711 2794 2630
f 2637 2811 2812
f 2796 2813 2637
f 2637 2814 2797
f 2748 2746 2637
f 2672 2815 2816
f 2672 2817 2799
f 2672 2818 2819
f 2804 2801 2672
f 2777 2775 2680
f 2781 2756 2678
f 2787 2784 2678
f 2788 2806 2678
f 2765 2790 2667
f 2769 2809 2667
f 2820 2770 2663
f 2736 2820 2661
f 2640 2630 2740
f 2813 2811 2637
f 2771 2814 2637
f 2816 2821 2672
f 2819 2817 2672
f 2729 2803 2672
f 2783 2733 2678
f 2678 2822 2823
f 2667 2824 2808
f 2810 2792 2667
f 2661 2659 2736
f 2637 2812 2743
f 2821 2773 2672
f 2802 2818 2672
f 2823 2805 2678
f 2763 2824 2667
f 2659 2657 2716
f 2800 2815 2672
f 2807 2822 2678
f 2798 2795 2637
f 2663 2661 2820
f 2670 2667 2678
f 2672 2676 2680
f 2753 2680 2678
f 2678 2675 2670
f 2754 2753 2825
f 2714 2754 2826
f 2709 2714 2827
f 2710 2709 2828
f 2732 2710 2829
f 2730 2732 2830
f 2731 2730 2831
f 2776 2731 2832
f 2777 2776 2833
f 2775 2777 2834
f 2752 2775 2835
f 2750 2752 2836
f 2751 2750 2837
f 2749 2751 2838
f 2728 2749 2839
f 2729 2728 2840
f 2803 2729 2841
f 2804 2803 2842
f 2801 2804 2843
f 2802 2801 2844
f 2818 2802 2845
f 2819 2818 2846
f 2817 2819 2847
f 2799 2817 2848
f 2800 2799 2849
f 2815 2800 2850
f 2816 2815 2851
f 2821 2816 2852
f 2773 2821 2853
f 2774 2773 2854
f 2772 2774 2855
f 2748 2772 2856
f 2746 2748 2857
f 2747 2746 2858
f 2726 2747 2859
f 2727 2726 2860
f 2724 2727 2861
f 2725 2724 2862
f 2722 2725 2863
f 2723 2722 2864
f 2745 2723 2865
f 2771 2745 2866
f 2814 2771 2867
f 2797 2814 2868
f 2798 2797 2869
f 2795 2798 2870
f 2796 2795 2871
f 2813 2796 2872
f 2811 2813 2873
f 2812 2811 2874
f 2743 2812 2875
f 2744 2743 2876
f 2721 2744 2877
f 2712 2721 2878
f 2713 2712 2879
f 2719 2713 2880
f 2720 2719 2881
f 2741 2720 2882
f 2742 2741 2883
f 2717 2742 2884
f 2718 2717 2885
f 2703 2718 2886
f 2704 2703 2887
f 2702 2704 2888
f 2700 2702 2889
f 2701 2700 2890
f 2691 2701 2891
f 2692 2691 2892
f 2697 2692 2893
f 2696 2697 2894
f 2690 2696 2895
f 2683 2690 2896
f 2684 2683 2897
f 2695 2684 2898
f 2688 2695 2899
f 2689 2688 2900
f 2693 2689 2901
f 2694 2693 2902
f 2686 2694 2903
f 2687 2686 2904
f 2685 2687 2905
f 2681 2685 2906
f 2682 2681 2907
f 2698 2682 2908
f 2699 2698 2909
f 2707 2699 2910
f 2708 2707 2911
f 2705 2708 2912
f 2706 2705 2913
f 2711 2706 2914
f 2794 2711 2915
f 2740 2794 2916
f 2739 2740 2917
f 2737 2739 2918
f 2738 2737 2919
f 2715 2738 2920
f 2716 2715 2921
f 2736 2716 2922
f 2820 2736 2923
f 2770 2820 2924
f 2768 2770 2925
f 2769 2768 2926
f 2809 2769 2927
f 2810 2809 2928
f 2792 2810 2929
f 2793 2792 2930
f 2766 2793 2931
f 2767 2766 2932
f 2764 2767 2933
f 2765 2764 2934
f 2790 2765 2935
f 2791 2790 2936
f 2789 2791 2937
f 2762 2789 2938
f 2763 2762 2939
f 2824 2763 2940
f 2808 2824 2941
f 2735 2808 2942
f 2761 2735 2943
f 2788 2761 2944
f 2806 2788 2945
f 2807 2806 2946
f 2822 2807 2947
f 2823 2822 2948
f 2805 2823 2949
f 2786 2805 2950
f 2787 2786 2951
f 2784 2787 2952
f 2785 2784 2953
f 2782 2785 2954
f 2783 2782 2955
f 2733 2783 2956
f 2734 2733 2957
f 2760 2734 2958
f 2758 2760 2959
f 2759 2758 2960
f 2780 2759 2961
f 2781 2780 2962
f 2756 2781 2963
f 2757 2756 2964
f 2779 2757 2965
f 2778 2779 2966
f 2755 2778 2967
f 2753 2755 2968
f 2968 2825 2753
f 2967 2968 2755
f 2966 2967 2778
f 2965 2966 2779
f 2964 2965 2757
f 2963 2964 2756
f 2962 2963 2781
f 2961 2962 2780
f 2960 2961 2759
f 2959 2960 2758
f 2958 2959 2760
f 2957 2958 2734
f 2956 2957 2733
f 2955 2956 2783
f 2954 2955 2782
f 2953 2954 2785
f 2952 2953 2784
f 2951 2952 2787
f 2950 2951 2786
f 2949 2950 2805
f 2948 2949 2823
f 2947 2948 2822
f 2946 2947 2807
f 2945 2946 2806
f 2944 2945 2788
f 2943 2944 2761
f 2942 2943 2735
f 2941 2942 2808
f 2940 2941 2824
f 2939 2940 2763
f 2938 2939 2762
f 2937 2938 2789
f 2936 2937 2791
f 2935 2936 2790
f 2934 2935 2765
f 2933 2934 2764
f 2932 2933 2767
f 2931 2932 2766
f 2930 2931 2793
f 2929 2930 2792
f 2928 2929 2810
f 2927 2928 2809
f 2926 2927 2769
f 2925 2926 2768
f 2924 2925 2770
f 2923 2924 2820
f 2922 2923 2736
f 2921 2922 2716
f 2920 2921 2715
f 2919 2920 2738
f 2918 2919 2737
f 2917 2918 2739
f 2916 2917 2740
f 2915 2916 2794
f 2914 2915 2711
f 2913 2914 2706
f 2912 2913 2705
f 2911 2912 2708
f 2910 2911 2707
f 2909 2910 2699
f 2908 2909 2698
f 2907 2908 2682
f 2906 2907 2681
f 2905 2906 2685
f 2904 2905 2687
f 2903 2904 2686
f 2902 2903 2694
f 2901 2902 2693
f 2900 2901 2689
f 2899 2900 2688
f 2898 2899 2695
f 2897 2898 2684
f 2896 2897 2683
f 2895 2896 2690
f 2894 2895 2696
f 2893 2894 2697
f 2892 2893 2692
f 2891 2892 2691
f 2890 2891 2701
f 2889 2890 2700
f 2888 2889 2702
f 2887 2888 2704
f 2886 2887 2703
f 2885 2886 2718
f 2884 2885 2717
f 2883 2884 2742
f 2882 2883 2741
f 2881 2882 2720
f 2880 2881 2719
f 2879 2880 2713
f 2878 2879 2712
f 2877 2878 2721
f 2876 2877 2744
f 2875 2876 2743
f 2874 2875 2812
f 2873 2874 2811
f 2872 2873 2813
f 2871 2872 2796
f 2870 2871 2795
f 2869 2870 2798
f 2868 2869 2797
f 2867 2868 2814
f 2866 2867 2771
f 2865 2866 2745
f 2864 2865 2723
f 2863 2864 2722
f 2862 2863 2725
f 2861 2862 2724
f 2860 2861 2727
f 2859 2860 2726
f 2858 2859 2747
f 2857 2858 2746
f 2856 2857 2748
f 2855 2856 2772
f 2854 2855 2774
f 2853 2854 2773
f 2852 2853 2821
f 2851 2852 2816
f 2850 2851 2815
f 2849 2850 2800
f 2848 2849 2799
f 2847 2848 2817
f 2846 2847 2819
f 2845 2846 2818
f 2844 2845 2802
f 2843 2844 2801
f 2842 2843 2804
f 2841 2842 2803
f 2840 2841 2729
f 2839 2840 2728
f 2838 2839 2749
f 2837 2838 2751
f 2836 2837 2750
f 2835 2836 2752
f 2834 2835 2775
f 2833 2834 2777
f 2832 2833 2776
f 2831 2832 2731
f 2830 2831 2730
f 2829 2830 2732
f 2828 2829 2710
f 2827 2828 2709
f 2826 2827 2714
f 2825 2826 2754
f 1942 2644 2646
f 2969 2652 2654
f 2646 2648 1942
f 1942 2639 2642
f 1942 1941 1944
f 2668 2669 2970
f 2971 2660 2662
f 2971 2656 2658
f 2654 2971 2969
f 2642 2644 1942
f 1944 2638 1942
f 2971 2666 2668
f 2658 2660 2971
f 1942 2650 2652
f 2638 2639 1942
f 2971 2664 2666
f 2971 2654 2656
f 2969 2633 2636
f 2969 2972 2634
f 2648 2650 1942
f 2662 2664 2971
f 2634 2972 2973
f 2634 2633 2969
f 2970 2971 2668
f 2669 2671 2974
f 2973 2671 2634
f 2636 2631 2969
f 2974 2970 2669
f 2631 1942 2969
f 2973 2974 2671
f 2969 1942 2652
f 2975 2884 2883
f 2975 2976 2885
f 2977 2946 2945
f 2975 2867 2866
f 2885 2884 2975
f 2976 2887 2886
f 2976 2889 2888
f 2978 2930 2929
f 2978 2932 2931
f 2945 2944 2977
f 2977 2948 2947
f 2977 2950 2949
f 2979 2961 2960
f 2975 2868 2867
f 2975 2880 2879
f 2975 2882 2881
f 2886 2885 2976
f 2976 2890 2889
f 2976 2894 2893
f 2976 2896 2895
f 2976 2902 2901
f 2976 2978 2909
f 2978 2923 2922
f 2978 2925 2924
f 2978 2928 2927
f 2931 2930 2978
f 2978 2977 2933
f 2977 2936 2935
f 2977 2938 2937
f 2944 2943 2977
f 2949 2948 2977
f 2977 2979 2957
f 2979 2962 2961
f 2979 2830 2829
f 2980 2848 2847
f 2866 2865 2975
f 2881 2880 2975
f 2888 2887 2976
f 2976 2892 2891
f 2895 2894 2976
f 2901 2900 2976
f 2976 2906 2905
f 2978 2910 2909
f 2978 2918 2917
f 2978 2920 2919
f 2922 2921 2978
f 2978 2926 2925
f 2929 2928 2978
f 2977 2934 2933
f 2937 2936 2977
f 2977 2940 2939
f 2977 2942 2941
f 2947 2946 2977
f 2977 2954 2953
f 2977 2956 2955
f 2979 2958 2957
f 2960 2959 2979
f 2979 2966 2965
f 2979 2968 2967
f 2979 2827 2826
f 2829 2828 2979
f 2979 2832 2831
f 2980 2849 2848
f 2980 2851 2850
f 2980 2853 2852
f 2980 2858 2857
f 2980 2860 2859
f 2980 2975 2861
f 2865 2864 2975
f 2975 2876 2875
f 2975 2878 2877
f 2883 2882 2975
f 2893 2892 2976
f 2900 2899 2976
f 2976 2904 2903
f 2976 2907 2906
f 2909 2908 2976
f 2978 2912 2911
f 2978 2914 2913
f 2919 2918 2978
f 2924 2923 2978
f 2933 2932 2978
f 2939 2938 2977
f 2943 2942 2977
f 2977 2952 2951
f 2955 2954 2977
f 2959 2958 2979
f 2979 2964 2963
f 2967 2966 2979
f 2826 2825 2979
f 2831 2830 2979
f 2980 2840 2839
f 2980 2842 2841
f 2850 2849 2980
f 2980 2854 2853
f 2980 2856 2855
f 2859 2858 2980
f 2975 2862 2861
f 2864 2863 2975
f 2877 2876 2975
f 2891 2890 2976
f 2903 2902 2976
f 2908 2907 2976
f 2913 2912 2978
f 2921 2920 2978
f 2935 2934 2977
f 2951 2950 2977
f 2957 2956 2977
f 2965 2964 2979
f 2828 2827 2979
f 2979 2835 2834
f 2980 2838 2837
f 2841 2840 2980
f 2980 2844 2843
f 2980 2846 2845
f 2852 2851 2980
f 2857 2856 2980
f 2863 2862 2975
f 2975 2871 2870
f 2975 2874 2873
f 2879 2878 2975
f 2899 2898 2976
f 2911 2910 2978
f 2927 2926 2978
f 2953 2952 2977
f 2825 2968 2979
f 2834 2833 2979
f 2837 2979 2980
f 2843 2842 2980
f 2847 2846 2980
f 2861 2860 2980
f 2870 2869 2975
f 2873 2872 2975
f 2976 2897 2896
f 2905 2904 2976
f 2978 2916 2915
f 2941 2940 2977
f 2833 2832 2979
f 2837 2836 2979
f 2845 2844 2980
f 2869 2868 2975
f 2875 2874 2975
f 2915 2914 2978
f 2963 2962 2979
f 2839 2838 2980
f 2872 2871 2975
f 2917 2916 2978
f 2855 2854 2980
f 2836 2835 2979
f 2898 2897 2976
f 2979 2974 2973
f 2973 2980 2979
f 2977 2970 2974
f 2974 2979 2977
f 2978 2971 2970
f 2970 2977 2978
f 2976 2969 2971
f 2971 2978 2976
f 2975 2972 2969
f 2969 2976 2975
f 2980 2973 2972
f 2972 2975 2980
