# Blender 4.0.2
# www.blender.org
o one_piece_wide_grasp_finray_finger
v 0.013500 -0.002232 0.008000
v 0.013415 -0.002232 0.007353
v 0.011082 -0.002232 0.014327
v 0.013165 -0.002232 0.006750
v -0.008909 -0.002232 0.014909
v 0.008909 -0.002232 0.014909
v 0.011000 -0.002232 0.005500
v 0.010500 -0.002232 0.014250
v 0.012768 -0.002232 0.006232
v 0.012250 -0.002232 0.005835
v 0.011625 -0.002232 0.014551
v 0.012091 -0.002232 0.014909
v 0.012449 -0.002232 0.015375
v -0.009918 -0.002232 0.018673
v -0.010500 -0.002232 0.018750
v -0.011000 -0.002232 0.022500
v 0.015000 -0.001432 -0.000000
v 0.010700 -0.017932 0.000000
v 0.010700 -0.001432 -0.000000
v -0.011647 -0.002232 0.022415
v -0.011082 -0.002232 0.018673
v -0.012250 -0.002232 0.022165
v -0.013500 -0.002232 0.020000
v -0.012091 -0.002232 0.018091
v -0.012449 -0.002232 0.017625
v -0.009375 -0.002232 0.014551
v -0.009918 -0.002232 0.014327
v -0.011000 -0.002232 0.005500
v 0.011277 -0.010432 0.019398
v 0.015000 -0.010432 0.023000
v 0.014000 -0.010432 0.024000
v 0.012673 -0.002232 0.015918
v 0.012750 -0.002232 0.016500
v 0.013500 -0.002232 0.020000
v 0.012673 -0.002232 0.017082
v 0.012449 -0.002232 0.017625
v 0.012091 -0.002232 0.018091
v 0.013415 -0.002232 0.020647
v 0.011625 -0.002232 0.018449
v 0.013165 -0.002232 0.021250
v 0.008551 -0.002232 0.015375
v -0.008551 -0.002232 0.015375
v -0.008327 -0.002232 0.015918
v 0.009375 -0.002232 0.014551
v 0.011647 -0.002232 0.005585
v -0.010500 -0.002232 0.014250
v 0.009918 -0.002232 0.014327
v -0.012768 -0.001432 0.021768
v -0.014000 -0.001432 0.024000
v -0.012250 -0.001432 0.022165
v -0.012768 -0.002232 0.021768
v -0.011625 -0.002232 0.018449
v -0.013165 -0.002232 0.021250
v -0.012673 -0.002232 0.017082
v -0.012750 -0.002232 0.016500
v -0.013500 -0.002232 0.008000
v -0.012673 -0.002232 0.015918
v -0.012449 -0.002232 0.015375
v -0.012091 -0.002232 0.014909
v -0.011625 -0.002232 0.014551
v -0.013415 -0.002232 0.007353
v -0.011082 -0.002232 0.014327
v 0.012768 -0.002232 0.021768
v -0.013415 -0.002232 0.020647
v -0.011647 -0.002232 0.005585
v -0.012250 -0.002232 0.005835
v 0.006700 -0.001432 -0.000000
v -0.011000 -0.001432 0.005500
v 0.011000 -0.001432 0.005500
v -0.012768 -0.002232 0.006232
v -0.013165 -0.002232 0.006750
v 0.012250 -0.002232 0.022165
v 0.011082 -0.002232 0.018673
v 0.011647 -0.002232 0.022415
v 0.010500 -0.002232 0.018750
v 0.009918 -0.002232 0.018673
v 0.011000 -0.002232 0.022500
v 0.009375 -0.002232 0.018449
v 0.008909 -0.002232 0.018091
v 0.008551 -0.002232 0.017625
v -0.008909 -0.002232 0.018091
v -0.008551 -0.002232 0.017625
v 0.008327 -0.002232 0.017082
v 0.008327 -0.002232 0.015918
v -0.009375 -0.002232 0.018449
v 0.011082 -0.003232 0.018673
v 0.010500 -0.003232 0.018121
v 0.010500 -0.003232 0.018750
v -0.008250 -0.002232 0.016500
v -0.008327 -0.002232 0.017082
v -0.008327 -0.003232 0.017082
v -0.009096 -0.003232 0.017310
v -0.008551 -0.003232 0.017625
v -0.009354 -0.003232 0.017646
v -0.008909 -0.003232 0.018091
v -0.009689 -0.003232 0.017904
v -0.009375 -0.003232 0.018449
v -0.009918 -0.003232 0.018673
v -0.010080 -0.003232 0.018066
v -0.011082 -0.003232 0.018673
v -0.010500 -0.003232 0.018121
v -0.010919 -0.003232 0.018066
v 0.012000 -0.007432 0.013902
v 0.010920 -0.007432 0.014934
v 0.011277 -0.007432 0.013602
v -0.012091 -0.003232 0.014909
v -0.011310 -0.003232 0.015096
v -0.011625 -0.003232 0.014551
v -0.012091 -0.003232 0.018091
v -0.011310 -0.003232 0.017904
v -0.011646 -0.003232 0.017646
v 0.011082 -0.003232 0.014327
v 0.011311 -0.003232 0.015096
v 0.011625 -0.003232 0.014551
v -0.012673 -0.003232 0.017082
v -0.012121 -0.003232 0.016500
v -0.012750 -0.003232 0.016500
v -0.012673 -0.003232 0.015918
v -0.012066 -0.003232 0.016080
v -0.011904 -0.003232 0.015689
v -0.012449 -0.003232 0.015375
v 0.013500 -0.007432 0.016500
v 0.012066 -0.007432 0.016080
v 0.013398 -0.007432 0.015723
v 0.007500 -0.007432 0.016500
v 0.008934 -0.007432 0.016080
v 0.008879 -0.007432 0.016500
v 0.012673 -0.003232 0.015918
v 0.011904 -0.003232 0.015689
v 0.012066 -0.003232 0.016080
v -0.010500 -0.003232 0.014250
v -0.010919 -0.003232 0.014934
v -0.010500 -0.003232 0.014879
v -0.010500 -0.003232 0.018750
v -0.009918 -0.003232 0.014327
v -0.009689 -0.003232 0.015096
v -0.009375 -0.003232 0.014551
v -0.008909 -0.003232 0.014909
v -0.009354 -0.003232 0.015354
v -0.011904 -0.003232 0.017310
v -0.012449 -0.003232 0.017625
v -0.008379 -0.007432 0.014379
v -0.009096 -0.007432 0.015689
v -0.009354 -0.007432 0.015354
v 0.008379 -0.007432 0.018621
v 0.009096 -0.007432 0.017310
v 0.009354 -0.007432 0.017646
v -0.012621 -0.007432 0.014379
v -0.011904 -0.007432 0.015689
v -0.013098 -0.007432 0.015000
v 0.012673 -0.003232 0.017082
v 0.011904 -0.003232 0.017310
v 0.012449 -0.003232 0.017625
v 0.012091 -0.003232 0.018091
v 0.011646 -0.003232 0.017646
v 0.011311 -0.003232 0.017904
v 0.011625 -0.003232 0.018449
v 0.010920 -0.003232 0.018066
v 0.010500 -0.007432 0.019500
v 0.010081 -0.007432 0.018066
v 0.010500 -0.007432 0.018121
v 0.010081 -0.003232 0.018066
v 0.009918 -0.003232 0.018673
v -0.011082 -0.003232 0.014327
v 0.012621 -0.007432 0.018621
v 0.011904 -0.007432 0.017310
v 0.013098 -0.007432 0.018000
v 0.010500 -0.003232 0.014250
v 0.010920 -0.003232 0.014934
v -0.008327 -0.003232 0.015918
v -0.009096 -0.003232 0.015689
v -0.008934 -0.003232 0.016080
v 0.008327 -0.003232 0.017082
v 0.008879 -0.003232 0.016500
v 0.008250 -0.003232 0.016500
v 0.008327 -0.003232 0.015918
v 0.008934 -0.003232 0.016080
v 0.009096 -0.003232 0.015689
v 0.008551 -0.003232 0.015375
v 0.009354 -0.003232 0.015354
v 0.008909 -0.003232 0.014909
v 0.012121 -0.003232 0.016500
v 0.012750 -0.003232 0.016500
v 0.009690 -0.003232 0.017904
v 0.009375 -0.003232 0.018449
v 0.010081 -0.003232 0.014934
v 0.010500 -0.003232 0.014879
v 0.008250 -0.002232 0.016500
v -0.012066 -0.003232 0.016919
v 0.012091 -0.003232 0.014909
v 0.011646 -0.003232 0.015354
v 0.012449 -0.003232 0.015375
v 0.012066 -0.007432 0.016919
v 0.013398 -0.007432 0.017276
v 0.008551 -0.003232 0.017625
v 0.009354 -0.003232 0.017646
v 0.009096 -0.003232 0.017310
v -0.008551 -0.003232 0.015375
v -0.012768 -0.001432 0.006232
v -0.012250 -0.001432 0.005835
v 0.011647 -0.001432 0.005585
v 0.008909 -0.003232 0.018091
v 0.010920 -0.007432 0.018066
v 0.011311 -0.007432 0.017904
v 0.014000 -0.019432 0.009000
v 0.015000 -0.018432 0.000000
v 0.015000 -0.018432 0.009000
v 0.009690 -0.007432 0.017904
v 0.007602 -0.010432 0.015723
v 0.007500 -0.010432 0.016500
v 0.013165 -0.001432 0.021250
v 0.012768 -0.001432 0.021768
v 0.014000 -0.001432 0.024000
v 0.012250 -0.001432 0.005835
v -0.012066 -0.007432 0.016080
v -0.009000 -0.010432 0.019098
v -0.009724 -0.007432 0.019398
v -0.009000 -0.007432 0.019098
v -0.010500 -0.007432 0.014879
v -0.010919 -0.007432 0.014934
v -0.010080 -0.007432 0.014934
v -0.009689 -0.007432 0.015096
v -0.010080 -0.003232 0.014934
v 0.011647 -0.001432 0.022415
v 0.011000 -0.001432 0.022500
v 0.013098 -0.010432 0.018000
v 0.013398 -0.010432 0.017276
v 0.009354 -0.007432 0.015354
v 0.009096 -0.007432 0.015689
v -0.008934 -0.007432 0.016919
v -0.008879 -0.003232 0.016500
v -0.008879 -0.007432 0.016500
v -0.008379 -0.010432 0.014379
v -0.009000 -0.007432 0.013902
v -0.009000 -0.010432 0.013902
v -0.010080 -0.007432 0.018066
v -0.009689 -0.007432 0.017904
v -0.010500 -0.007432 0.018121
v -0.011646 -0.007432 0.017646
v -0.011310 -0.007432 0.017904
v 0.007902 -0.010432 0.015000
v 0.007602 -0.007432 0.015723
v -0.008379 -0.010432 0.018621
v -0.008379 -0.007432 0.018621
v 0.010500 -0.007432 0.014879
v 0.009724 -0.010432 0.019398
v 0.010500 -0.010432 0.019500
v 0.009918 -0.003232 0.014327
v 0.009375 -0.003232 0.014551
v 0.013500 -0.001432 0.020000
v 0.013415 -0.001432 0.020647
v 0.013398 -0.010432 0.015723
v 0.013098 -0.007432 0.015000
v 0.013098 -0.010432 0.015000
v 0.007602 -0.010432 0.017276
v 0.007902 -0.007432 0.018000
v 0.007902 -0.010432 0.018000
v 0.010700 -0.001432 -0.013051
v 0.010700 -0.017932 -0.013051
v -0.013398 -0.010432 0.015724
v -0.013500 -0.007432 0.016500
v -0.013500 -0.010432 0.016500
v -0.010500 -0.010432 0.019500
v -0.011276 -0.007432 0.019398
v -0.010500 -0.007432 0.019500
v 0.006700 -0.017932 0.000000
v 0.006700 -0.001432 -0.013051
v 0.006700 -0.017932 -0.013051
v -0.011276 -0.010432 0.013602
v -0.012000 -0.007432 0.013902
v -0.012000 -0.010432 0.013902
v -0.007902 -0.010432 0.018000
v -0.007902 -0.007432 0.018000
v -0.012621 -0.010432 0.014379
v 0.012066 -0.003232 0.016919
v -0.013098 -0.010432 0.015000
v -0.013398 -0.007432 0.015724
v 0.011904 -0.007432 0.015689
v 0.011646 -0.007432 0.015354
v 0.008379 -0.010432 0.018621
v 0.009000 -0.007432 0.019098
v 0.009000 -0.010432 0.019098
v -0.011625 -0.003232 0.018449
v -0.007602 -0.010432 0.015723
v -0.007902 -0.007432 0.015000
v -0.007902 -0.010432 0.015000
v -0.007602 -0.010432 0.017276
v -0.007500 -0.007432 0.016500
v -0.007500 -0.010432 0.016500
v 0.012000 -0.010432 0.013902
v 0.011277 -0.010432 0.013602
v -0.014000 -0.019432 0.009000
v -0.015000 -0.018432 0.000000
v -0.014000 -0.019432 0.000000
v 0.013500 -0.001432 0.008000
v 0.012250 -0.001432 0.022165
v -0.013500 -0.001432 0.008000
v -0.013500 -0.001432 0.020000
v -0.009096 -0.007432 0.017310
v 0.011311 -0.007432 0.015096
v -0.011276 -0.010432 0.019398
v -0.012000 -0.007432 0.019098
v 0.009690 -0.007432 0.015096
v -0.011646 -0.007432 0.015354
v -0.011647 -0.001432 0.005585
v 0.012768 -0.001432 0.006232
v -0.013415 -0.001432 0.020647
v -0.007602 -0.007432 0.015723
v -0.008934 -0.007432 0.016080
v -0.009724 -0.007432 0.013602
v -0.008250 -0.003232 0.016500
v 0.009690 -0.003232 0.015096
v -0.012066 -0.007432 0.016919
v -0.013398 -0.007432 0.017276
v -0.011310 -0.007432 0.015096
v 0.011646 -0.007432 0.017646
v -0.007602 -0.007432 0.017276
v -0.012121 -0.007432 0.016500
v -0.013098 -0.007432 0.018000
v -0.011904 -0.007432 0.017310
v -0.012621 -0.007432 0.018621
v -0.010919 -0.007432 0.018066
v -0.010500 -0.007432 0.013500
v -0.011276 -0.007432 0.013602
v 0.009000 -0.007432 0.013902
v 0.010081 -0.007432 0.014934
v -0.009354 -0.007432 0.017646
v 0.012621 -0.007432 0.014379
v 0.012121 -0.007432 0.016500
v 0.008934 -0.007432 0.016919
v 0.007602 -0.007432 0.017276
v 0.012000 -0.007432 0.019098
v 0.010500 -0.007432 0.013500
v 0.009724 -0.007432 0.013602
v 0.009724 -0.007432 0.019398
v 0.008379 -0.007432 0.014379
v 0.007902 -0.007432 0.015000
v -0.011646 -0.003232 0.015354
v 0.011277 -0.007432 0.019398
v -0.008934 -0.003232 0.016919
v -0.013415 -0.001432 0.007353
v -0.013165 -0.001432 0.006750
v 0.008379 -0.010432 0.014379
v -0.012000 -0.010432 0.019098
v 0.012621 -0.010432 0.014379
v 0.010500 -0.010432 0.013500
v -0.009724 -0.010432 0.013602
v -0.010500 -0.010432 0.013500
v -0.015000 -0.010432 0.009000
v -0.015000 -0.018432 0.009000
v 0.013500 -0.010432 0.016500
v 0.009724 -0.010432 0.013602
v 0.009000 -0.010432 0.013902
v 0.012621 -0.010432 0.018621
v 0.013415 -0.001432 0.007353
v -0.013398 -0.010432 0.017276
v -0.012621 -0.010432 0.018621
v -0.013098 -0.010432 0.018000
v -0.013165 -0.001432 0.021250
v 0.014000 -0.019432 0.000000
v 0.008934 -0.003232 0.016919
v -0.011647 -0.001432 0.022415
v 0.013165 -0.001432 0.006750
v -0.014000 -0.010432 0.024000
v -0.015000 -0.001432 0.023000
v -0.015000 -0.010432 0.023000
v 0.012000 -0.010432 0.019098
v 0.015000 -0.010432 0.009000
v -0.009724 -0.010432 0.019398
v -0.015000 -0.001432 -0.000000
v 0.015000 -0.001432 0.023000
v -0.011000 -0.001432 0.022500
v -0.013300 -0.000555 0.034290
v -0.017000 -0.000141 0.033178
v -0.017000 -0.000555 0.034290
v -0.014150 -0.028500 0.016500
v -0.015200 -0.028500 0.014500
v -0.014150 -0.028500 0.014500
v -0.017000 -0.013724 0.039964
v -0.013300 -0.016585 0.041641
v -0.013300 -0.013724 0.039964
v -0.017000 -0.029851 0.063636
v -0.013300 -0.029337 0.060360
v -0.017000 -0.029337 0.060360
v -0.017000 -0.025691 0.051147
v -0.013300 -0.023824 0.048406
v -0.017000 -0.023824 0.048406
v -0.017000 -0.007537 0.037603
v -0.013300 -0.004286 0.036949
v -0.017000 -0.004286 0.036949
v -0.017000 -0.010696 0.038612
v -0.013300 -0.007537 0.037603
v -0.013300 -0.010696 0.038612
v -0.017000 -0.016585 0.041641
v -0.013300 -0.019243 0.043624
v -0.013300 -0.033197 0.071664
v -0.017000 -0.032131 0.071095
v -0.017000 -0.033197 0.071664
v -0.013300 -0.034370 0.071960
v -0.017000 -0.034370 0.071960
v -0.017000 -0.030134 0.068151
v -0.013300 -0.030000 0.066949
v -0.017000 -0.030000 0.066949
v -0.013300 -0.036755 0.071682
v -0.017000 -0.035579 0.071966
v -0.017000 -0.036755 0.071682
v 0.011445 -0.030526 0.020026
v 0.017000 -0.033621 0.023121
v 0.010976 -0.030619 0.020119
v -0.013300 -0.039854 0.068200
v -0.017000 -0.039424 0.069331
v -0.017000 -0.039854 0.068200
v 0.017000 -0.028464 0.057161
v 0.013300 -0.029337 0.060360
v 0.017000 -0.029337 0.060360
v 0.000000 -0.015000 0.013000
v 0.006850 -0.025500 0.013000
v -0.000000 -0.025500 0.013000
v -0.013300 -0.035579 0.071966
v 0.015200 -0.012750 0.009201
v 0.000000 -0.013061 0.009439
v 0.000000 -0.012750 0.009201
v -0.013300 -0.037827 0.071124
v -0.017000 -0.037827 0.071124
v -0.013300 -0.038735 0.070324
v -0.017000 -0.038735 0.070324
v 0.014150 -0.025500 0.013000
v 0.014150 -0.025500 0.016500
v 0.012492 -0.025500 0.015350
v 0.000000 -0.005500 0.014894
v 0.008508 -0.005500 0.015350
v 0.008874 -0.005500 0.014874
v 0.007304 -0.028906 0.018255
v 0.007919 -0.025500 0.019081
v 0.007520 -0.029145 0.018570
v 0.008200 -0.025500 0.016500
v 0.008278 -0.005500 0.015905
v 0.008200 -0.005500 0.016500
v -0.017000 -0.040000 0.027000
v -0.013154 -0.040000 0.027146
v -0.013233 -0.040000 0.027250
v -0.012800 -0.040000 0.027000
v -0.012929 -0.040000 0.027017
v -0.013050 -0.040000 0.027067
v -0.013300 -0.040000 0.027500
v -0.013283 -0.040000 0.027371
v -0.013233 0.000000 0.027250
v -0.013154 0.000000 0.027146
v -0.017000 0.000000 0.027000
v -0.013283 0.000000 0.027371
v -0.013050 0.000000 0.027067
v -0.012929 0.000000 0.027017
v -0.012800 0.000000 0.027000
v 0.017000 -0.030134 0.068151
v 0.013300 -0.030553 0.069285
v 0.017000 -0.030553 0.069285
v -0.013300 0.000000 0.027500
v -0.006850 -0.028061 0.013439
v -0.000000 -0.027750 0.013201
v -0.000000 -0.028061 0.013439
v 0.017000 -0.000141 0.033178
v 0.013300 -0.000555 0.034290
v 0.017000 -0.000555 0.034290
v 0.006850 -0.025500 0.016500
v 0.008278 -0.025500 0.015905
v 0.015334 -0.016875 0.016000
v 0.015493 -0.027121 0.016207
v 0.015334 -0.027207 0.016000
v 0.012126 -0.005500 0.014874
v 0.015200 -0.005500 0.009000
v 0.011650 -0.005500 0.014508
v 0.015200 -0.005500 0.021526
v 0.012800 -0.005500 0.016500
v 0.015234 -0.005500 0.021820
v 0.017000 -0.040000 0.067000
v 0.017000 -0.027244 0.054077
v 0.008508 -0.005500 0.017650
v 0.000000 -0.005500 0.018126
v 0.008874 -0.005500 0.018126
v -0.012722 -0.005500 0.017095
v -0.012800 -0.025500 0.016500
v -0.012800 -0.005500 0.016500
v 0.012325 -0.030161 0.019661
v 0.011897 -0.030372 0.019872
v -0.000000 -0.027000 0.013000
v -0.012492 -0.005500 0.017650
v -0.012126 -0.025500 0.018126
v -0.012492 -0.025500 0.017650
v -0.011650 -0.005500 0.018492
v -0.012126 -0.005500 0.018126
v -0.011095 -0.005500 0.018722
v -0.010500 -0.025500 0.018800
v -0.011095 -0.025500 0.018722
v -0.011650 -0.025500 0.018492
v -0.012722 -0.005500 0.015905
v -0.012492 -0.025500 0.015350
v -0.012492 -0.005500 0.015350
v -0.010500 -0.005500 0.018800
v -0.009905 -0.025500 0.018722
v -0.009350 -0.005500 0.018492
v -0.009905 -0.005500 0.018722
v -0.008874 -0.025500 0.018126
v -0.009350 -0.025500 0.018492
v -0.011095 -0.005500 0.014278
v -0.010500 -0.025500 0.014200
v -0.010500 -0.005500 0.014200
v -0.009350 -0.005500 0.014508
v -0.008874 -0.025500 0.014874
v -0.008874 -0.005500 0.014874
v -0.009905 -0.025500 0.014278
v -0.009905 -0.005500 0.014278
v -0.008508 -0.025500 0.015350
v -0.008508 -0.005500 0.015350
v 0.015493 -0.005500 0.022328
v 0.015200 -0.005500 0.022661
v 0.015591 -0.005500 0.022426
v -0.008278 -0.005500 0.017095
v -0.008508 -0.025500 0.017650
v -0.008508 -0.005500 0.017650
v 0.013300 -0.007537 0.037603
v 0.017000 -0.010696 0.038612
v 0.017000 -0.007537 0.037603
v -0.011650 -0.005500 0.014508
v -0.011095 -0.025500 0.014278
v -0.012126 -0.005500 0.014874
v -0.011650 -0.025500 0.014508
v -0.012126 -0.025500 0.014874
v -0.015200 -0.027750 0.013201
v -0.014150 -0.027388 0.013051
v -0.014150 -0.027750 0.013201
v -0.014150 -0.028061 0.013439
v -0.014150 -0.028299 0.013750
v -0.015200 -0.028061 0.013439
v 0.014150 -0.027750 0.013201
v 0.014150 -0.027388 0.013051
v 0.015591 -0.016948 0.016293
v 0.015493 -0.016926 0.016207
v 0.008874 -0.025500 0.018126
v 0.006850 -0.028500 0.014500
v 0.006850 -0.028500 0.015712
v 0.017000 -0.040000 0.027000
v 0.013283 -0.040000 0.027371
v 0.013233 -0.040000 0.027250
v 0.015817 -0.005500 0.022574
v 0.015941 -0.016991 0.016466
v 0.015817 -0.016981 0.016424
v -0.000000 -0.029574 0.019074
v -0.007520 -0.029145 0.018570
v -0.000000 -0.029125 0.018546
v 0.016070 -0.005500 0.022651
v 0.016200 -0.017000 0.016500
v 0.016070 -0.016998 0.016491
v -0.015493 -0.005500 0.022328
v -0.015591 -0.016948 0.016293
v -0.015591 -0.005500 0.022426
v -0.015200 -0.027000 0.013000
v -0.015200 -0.016749 0.015500
v -0.015200 -0.015000 0.013000
v -0.015661 -0.028815 0.018077
v -0.015540 -0.028709 0.017857
v -0.013811 -0.028790 0.018011
v -0.015759 -0.028902 0.018257
v -0.013570 -0.029045 0.018444
v -0.013326 -0.029315 0.018796
v -0.016200 -0.029379 0.018879
v -0.015942 -0.029087 0.018534
v -0.012722 -0.025500 0.017095
v -0.015200 -0.028299 0.013750
v -0.015200 -0.028449 0.014112
v -0.015200 -0.027414 0.015500
v -0.015200 -0.028500 0.016586
v -0.015200 -0.005500 0.021526
v -0.015200 -0.013939 0.012561
v -0.015200 -0.014250 0.012799
v -0.015200 -0.014612 0.012949
v 0.015200 -0.012000 0.009000
v 0.015200 -0.013449 0.010112
v 0.015200 -0.013299 0.009750
v -0.015200 -0.027388 0.013051
v -0.015200 -0.013449 0.010112
v -0.015200 -0.013500 0.010500
v -0.015200 -0.012000 0.009000
v -0.015200 -0.013500 0.011500
v -0.015200 -0.005500 0.009000
v -0.015200 -0.013551 0.011888
v -0.015200 -0.013701 0.012250
v -0.015200 -0.012388 0.009051
v -0.015200 -0.012750 0.009201
v -0.015200 -0.013061 0.009439
v -0.015200 -0.013299 0.009750
v -0.015941 -0.016991 0.016466
v -0.016069 -0.027004 0.016491
v -0.016069 -0.016998 0.016491
v -0.014141 -0.028500 0.016757
v 0.000000 -0.005500 0.015307
v 0.017000 -0.029851 0.063636
v 0.000000 -0.013500 0.010500
v 0.015200 -0.013500 0.011500
v 0.000000 -0.013500 0.011500
v 0.012325 -0.025500 0.019661
v 0.006850 -0.027750 0.013201
v 0.006850 -0.028061 0.013439
v 0.013300 -0.001220 0.035273
v 0.017000 -0.001220 0.035273
v 0.010500 -0.005500 0.014200
v 0.011095 -0.005500 0.014278
v 0.009905 -0.025500 0.014278
v 0.010500 -0.025500 0.014200
v 0.017000 -0.017000 0.016500
v 0.016200 -0.005500 0.022661
v 0.017000 -0.003000 0.024000
v 0.011095 -0.025500 0.014278
v 0.015200 -0.013551 0.011888
v 0.015334 -0.005500 0.022093
v 0.009905 -0.005500 0.014278
v 0.017000 -0.030000 0.066949
v 0.013300 -0.030134 0.068151
v 0.013326 -0.029315 0.018796
v 0.013068 -0.029568 0.019068
v 0.013081 -0.025500 0.019081
v 0.017000 -0.037827 0.071124
v 0.013300 -0.038735 0.070324
v 0.017000 -0.038735 0.070324
v 0.011650 -0.025500 0.014508
v 0.015200 -0.014612 0.012949
v 0.000000 -0.014612 0.012949
v 0.013154 -0.040000 0.027146
v 0.013050 -0.040000 0.027067
v -0.000000 -0.028904 0.018256
v -0.017000 -0.031231 0.070286
v -0.013300 -0.030553 0.069285
v -0.017000 -0.030553 0.069285
v 0.017000 -0.035579 0.071966
v 0.013300 -0.036755 0.071682
v 0.017000 -0.036755 0.071682
v -0.000000 -0.027388 0.013051
v 0.006850 -0.027000 0.013000
v 0.006850 -0.027388 0.013051
v 0.012722 -0.025500 0.015905
v -0.013300 -0.039424 0.069331
v -0.000000 -0.028500 0.015712
v -0.006850 -0.028500 0.014500
v -0.000000 -0.028500 0.014500
v 0.012929 -0.040000 0.027017
v 0.013050 0.000000 0.027067
v 0.012929 0.000000 0.027017
v 0.011650 -0.025500 0.018492
v 0.012126 -0.025500 0.018126
v 0.000000 -0.005500 0.017650
v 0.008278 -0.005500 0.017095
v 0.000000 -0.005500 0.017095
v 0.012492 -0.025500 0.017650
v 0.012126 -0.005500 0.018126
v 0.012492 -0.005500 0.017650
v 0.017000 -0.034076 0.023494
v -0.000000 -0.033621 0.023121
v -0.017000 -0.040000 0.067000
v -0.013300 -0.040000 0.067000
v 0.000000 -0.000102 0.026224
v 0.000000 0.000000 0.027000
v 0.012800 0.000000 0.027000
v 0.015700 -0.027055 0.016366
v 0.015700 -0.016966 0.016366
v 0.012722 -0.005500 0.017095
v 0.012126 -0.025500 0.014874
v -0.000000 -0.030135 0.019635
v 0.008278 -0.029896 0.019396
v 0.008675 -0.030161 0.019661
v 0.009350 -0.025500 0.018492
v 0.009350 -0.005500 0.018492
v 0.015200 -0.012388 0.009051
v 0.000000 -0.012388 0.009051
v 0.015700 -0.005500 0.022509
v 0.007919 -0.029581 0.019081
v 0.008675 -0.025500 0.019661
v -0.013300 -0.021666 0.045889
v 0.014150 -0.027000 0.013000
v 0.015200 -0.013939 0.012561
v 0.015200 -0.016749 0.015500
v 0.015200 -0.014250 0.012799
v -0.000000 -0.028512 0.016832
v -0.006854 -0.028500 0.016271
v -0.000000 -0.028500 0.016271
v -0.015200 -0.003000 0.024000
v -0.016200 -0.005500 0.022661
v -0.017000 -0.003000 0.024000
v 0.015942 -0.029087 0.018534
v 0.016200 -0.027000 0.016500
v 0.016200 -0.029379 0.018879
v 0.017000 -0.039598 0.025500
v -0.000000 -0.039121 0.024879
v 0.017000 -0.039121 0.024879
v 0.013233 0.000000 0.027250
v 0.000000 -0.005500 0.024000
v 0.000000 -0.005500 0.018498
v -0.015700 -0.005500 0.022509
v -0.015817 -0.016981 0.016424
v -0.015817 -0.005500 0.022574
v 0.015941 -0.027014 0.016466
v 0.015661 -0.028815 0.018077
v 0.015817 -0.027032 0.016424
v 0.017000 -0.000879 0.024879
v 0.000000 -0.001500 0.024402
v 0.000000 -0.000879 0.024879
v 0.013300 -0.040000 0.027500
v 0.013300 -0.010696 0.038612
v 0.017000 -0.013724 0.039964
v 0.009555 -0.025500 0.020026
v 0.009905 -0.025500 0.018722
v 0.017000 -0.027000 0.016500
v 0.011095 -0.025500 0.018722
v 0.015200 -0.013061 0.009439
v 0.009103 -0.030372 0.019872
v 0.013154 0.000000 0.027146
v 0.017000 0.000000 0.027000
v 0.014026 -0.025500 0.017445
v 0.013942 -0.028660 0.017670
v 0.013661 -0.025500 0.018325
v 0.013811 -0.028790 0.018011
v 0.015540 -0.028709 0.017857
v -0.000000 -0.030571 0.020071
v 0.009555 -0.030526 0.020026
v 0.010024 -0.030619 0.020119
v 0.017000 0.000000 0.032000
v 0.013300 0.000000 0.027500
v 0.013300 0.000000 0.032000
v 0.012722 -0.029896 0.019396
v 0.013570 -0.029045 0.018444
v 0.012800 -0.025500 0.016500
v 0.012800 -0.040000 0.027000
v -0.000000 -0.040000 0.027000
v -0.000000 -0.039898 0.026224
v -0.000000 -0.035743 0.024000
v 0.017000 -0.037000 0.024000
v -0.000000 -0.037000 0.024000
v 0.015200 -0.005500 0.024000
v 0.010500 -0.005500 0.018800
v 0.009905 -0.005500 0.018722
v 0.008508 -0.025500 0.015350
v -0.015941 -0.005500 0.022622
v -0.015253 -0.028518 0.017023
v -0.015214 -0.028503 0.016795
v 0.007339 -0.025500 0.018325
v 0.008278 -0.025500 0.017095
v 0.008508 -0.025500 0.017650
v 0.017000 -0.037776 0.024102
v -0.015328 -0.028560 0.017299
v -0.014099 -0.028520 0.017106
v -0.014035 -0.028574 0.017387
v 0.017000 -0.003140 0.036641
v 0.013300 -0.004286 0.036949
v 0.017000 -0.004286 0.036949
v 0.015200 -0.015000 0.013000
v 0.013300 -0.030000 0.066949
v -0.008278 -0.025500 0.015905
v -0.008278 -0.005500 0.015905
v 0.015759 -0.028902 0.018257
v 0.013300 -0.013724 0.039964
v 0.017000 -0.016585 0.041641
v 0.000000 -0.013701 0.012250
v 0.000000 -0.013551 0.011888
v -0.017000 -0.002223 0.024102
v 0.000000 -0.002223 0.024102
v 0.015253 -0.028518 0.017023
v -0.006850 -0.025500 0.013000
v -0.015200 -0.005500 0.022661
v 0.000000 -0.012000 0.009000
v 0.015200 -0.027000 0.013000
v 0.016069 -0.027004 0.016491
v 0.017000 -0.035157 0.023942
v 0.017000 -0.035743 0.024000
v -0.015234 -0.005500 0.021820
v -0.015334 -0.005500 0.022093
v -0.016069 -0.005500 0.022651
v -0.008675 -0.025500 0.019661
v 0.007134 -0.028731 0.017912
v 0.006979 -0.028585 0.017444
v 0.015200 -0.028500 0.014500
v 0.014150 -0.028500 0.016500
v 0.014150 -0.028500 0.014500
v 0.011095 -0.005500 0.018722
v -0.015200 -0.005500 0.024000
v 0.000000 -0.005500 0.009000
v -0.000000 -0.034595 0.023772
v 0.017000 -0.034595 0.023772
v 0.010500 -0.025500 0.018800
v 0.015200 -0.027414 0.015500
v 0.015200 -0.028299 0.013750
v 0.015200 -0.028061 0.013439
v -0.017000 -0.027000 0.016500
v -0.016200 -0.027000 0.016500
v -0.011445 -0.030526 0.020026
v -0.010976 -0.030619 0.020119
v -0.017000 -0.033621 0.023121
v -0.010500 -0.030650 0.020150
v -0.010024 -0.030619 0.020119
v -0.013069 -0.029568 0.019068
v -0.012722 -0.029896 0.019396
v 0.015234 -0.016814 0.015759
v 0.014141 -0.028500 0.016757
v -0.012325 -0.030161 0.019661
v -0.011897 -0.030372 0.019872
v 0.017000 -0.039898 0.026224
v -0.000000 -0.039598 0.025500
v -0.000000 -0.030276 0.019776
v -0.008675 -0.030161 0.019661
v -0.009103 -0.030372 0.019872
v -0.000000 -0.030447 0.019947
v -0.009555 -0.030526 0.020026
v 0.000000 -0.005500 0.014572
v 0.009350 -0.005500 0.014508
v -0.016200 -0.017000 0.016500
v -0.017000 -0.017000 0.016500
v 0.013300 -0.021666 0.045888
v 0.017000 -0.023824 0.048406
v 0.017000 -0.021666 0.045888
v 0.014150 -0.028449 0.014112
v 0.006854 -0.028500 0.016271
v -0.006974 -0.025500 0.017445
v -0.006979 -0.028585 0.017444
v -0.007339 -0.025500 0.018325
v -0.015941 -0.027014 0.016466
v -0.014150 -0.025500 0.016500
v -0.013661 -0.025500 0.018325
v -0.013942 -0.028660 0.017670
v -0.015234 -0.016814 0.015759
v -0.015334 -0.027207 0.016000
v -0.015334 -0.016874 0.016000
v -0.014026 -0.025500 0.017445
v -0.015234 -0.027307 0.015759
v -0.013081 -0.025500 0.019081
v -0.012325 -0.025500 0.019661
v -0.011445 -0.025500 0.020026
v 0.017000 -0.000402 0.025500
v 0.000000 -0.000402 0.025500
v -0.009555 -0.025500 0.020026
v 0.006883 -0.028512 0.016832
v -0.000000 -0.028582 0.017444
v -0.008278 -0.029896 0.019396
v -0.007134 -0.028731 0.017912
v -0.007304 -0.028906 0.018255
v -0.007919 -0.025500 0.019081
v -0.007919 -0.029581 0.019081
v -0.006850 -0.025500 0.016500
v -0.006850 -0.028500 0.015712
v -0.009350 -0.025500 0.014508
v -0.014150 -0.025500 0.013000
v -0.012722 -0.025500 0.015905
v 0.006974 -0.025500 0.017445
v 0.015591 -0.027086 0.016293
v 0.015328 -0.028560 0.017299
v 0.009350 -0.025500 0.014508
v 0.013300 -0.000141 0.033178
v -0.000000 -0.028299 0.013750
v 0.006850 -0.028449 0.014112
v -0.000000 -0.028449 0.014112
v -0.008200 -0.025500 0.016500
v 0.012492 -0.005500 0.015350
v 0.015200 -0.028449 0.014112
v -0.010500 -0.025500 0.020150
v 0.015234 -0.027307 0.015759
v -0.000000 -0.028731 0.017912
v 0.013300 -0.031231 0.070286
v 0.017000 -0.031231 0.070286
v 0.017000 -0.025691 0.051147
v 0.013300 -0.027244 0.054077
v 0.015200 -0.027750 0.013201
v 0.014035 -0.028574 0.017387
v 0.015403 -0.028611 0.017509
v -0.000000 -0.035157 0.023942
v -0.008278 -0.025500 0.017095
v 0.013283 0.000000 0.027371
v 0.017000 -0.002223 0.024102
v 0.015200 -0.003000 0.024000
v 0.010500 -0.025500 0.020150
v 0.011650 -0.005500 0.018492
v 0.015200 -0.013701 0.012250
v 0.015941 -0.005500 0.022622
v 0.011445 -0.025500 0.020026
v 0.017000 -0.034370 0.071960
v 0.013300 -0.035579 0.071966
v 0.013300 -0.039854 0.068200
v 0.013300 -0.040000 0.067000
v 0.017000 -0.019243 0.043624
v 0.017000 -0.038500 0.024402
v -0.000000 -0.037776 0.024102
v -0.006883 -0.028512 0.016832
v 0.010500 -0.030650 0.020150
v 0.013300 -0.032131 0.071095
v 0.017000 -0.032131 0.071095
v 0.013300 -0.033197 0.071664
v 0.013300 -0.034370 0.071960
v 0.008874 -0.025500 0.014874
v 0.014150 -0.028061 0.013439
v 0.000000 -0.014250 0.012799
v 0.000000 -0.013939 0.012561
v 0.017000 -0.039424 0.069331
v 0.017000 -0.039854 0.068200
v 0.015200 -0.027388 0.013051
v 0.012722 -0.025500 0.017095
v -0.017000 -0.003140 0.036641
v -0.006850 -0.027388 0.013051
v 0.012722 -0.005500 0.015905
v 0.013300 -0.002098 0.036072
v 0.017000 -0.002098 0.036072
v -0.000000 -0.038500 0.024402
v -0.017000 -0.027244 0.054077
v -0.013300 -0.025691 0.051147
v 0.015200 -0.013500 0.010500
v 0.017000 -0.000102 0.026224
v 0.000000 -0.005500 0.015905
v -0.014150 -0.028449 0.014112
v -0.013300 -0.029851 0.063636
v -0.014150 -0.027000 0.013000
v -0.017000 -0.037000 0.024000
v -0.013300 0.000000 0.032000
v -0.017000 0.000000 0.032000
v 0.013300 -0.003140 0.036641
v 0.013300 -0.016585 0.041641
v -0.017000 -0.028464 0.057161
v -0.013300 -0.027244 0.054077
v -0.008200 -0.005500 0.016500
v -0.013300 -0.032131 0.071095
v -0.008874 -0.005500 0.018126
v 0.015200 -0.028500 0.016586
v 0.013300 -0.037827 0.071124
v 0.015214 -0.028503 0.016795
v 0.014099 -0.028520 0.017106
v -0.017000 -0.021666 0.045889
v -0.017000 -0.019243 0.043624
v 0.014150 -0.028299 0.013750
v -0.015700 -0.016966 0.016366
v -0.015493 -0.027121 0.016207
v -0.015493 -0.016926 0.016207
v -0.015817 -0.027032 0.016424
v -0.015700 -0.027055 0.016366
v -0.015591 -0.027086 0.016293
v 0.013300 -0.023824 0.048406
v 0.017000 -0.001500 0.024402
v 0.006850 -0.028299 0.013750
v -0.015403 -0.028611 0.017509
v 0.000000 -0.013299 0.009750
v -0.006850 -0.027000 0.013000
v -0.006850 -0.027750 0.013201
v -0.006850 -0.028299 0.013750
v -0.006850 -0.028449 0.014112
v -0.013300 -0.028464 0.057161
v -0.017000 -0.002098 0.036072
v -0.013300 -0.001220 0.035273
v -0.017000 -0.001220 0.035273
v -0.017000 -0.035157 0.023942
v 0.017000 -0.033197 0.071664
v 0.000000 -0.013449 0.010112
v -0.013300 -0.003140 0.036641
v -0.017000 -0.000402 0.025500
v -0.017000 -0.000102 0.026224
v -0.017000 -0.000879 0.024879
v -0.017000 -0.039121 0.024879
v -0.017000 -0.038500 0.024402
v 0.013300 -0.025691 0.051147
v -0.017000 -0.035743 0.024000
v -0.017000 -0.037776 0.024102
v 0.000000 -0.003000 0.024000
v 0.000000 -0.005500 0.016500
v 0.013300 -0.039424 0.069331
v -0.000000 -0.029896 0.019396
v -0.017000 -0.001500 0.024402
v -0.017000 -0.034076 0.023494
v -0.017000 -0.034595 0.023772
v -0.000000 -0.034076 0.023494
v -0.017000 -0.039598 0.025500
v -0.017000 -0.039898 0.026224
v -0.018794 -0.034694 0.067306
v -0.018794 -0.034174 0.067826
v -0.018794 -0.033887 0.067306
v -0.018794 -0.034694 0.068113
v -0.017910 -0.034694 0.067000
v -0.018794 -0.033831 0.067000
v -0.017910 -0.034694 0.067306
v -0.018699 -0.034357 0.068552
v -0.018515 -0.035000 0.068836
v -0.018515 -0.034297 0.068696
v -0.018283 -0.033635 0.068365
v -0.018283 -0.034261 0.068784
v -0.018283 -0.035000 0.068931
v -0.017910 -0.035000 0.067306
v -0.017910 -0.035000 0.067000
v -0.018794 -0.035306 0.067306
v -0.018794 -0.036113 0.067306
v -0.018794 -0.035826 0.067826
v -0.018794 -0.035306 0.068113
v -0.017910 -0.035306 0.067000
v -0.017910 -0.035306 0.067306
v -0.018699 -0.036552 0.067643
v -0.018515 -0.036836 0.067000
v -0.018515 -0.036696 0.067703
v -0.018791 -0.036395 0.067578
v -0.018791 -0.036068 0.068068
v -0.018791 -0.035000 0.068509
v -0.018699 -0.035000 0.068680
v -0.018699 -0.033448 0.067643
v -0.018791 -0.033932 0.068068
v -0.018699 -0.033812 0.068188
v -0.018515 -0.036298 0.068298
v -0.018283 -0.036365 0.068365
v -0.018283 -0.036784 0.067739
v -0.016996 -0.034223 0.068875
v -0.018515 -0.033702 0.068298
v -0.018699 -0.035643 0.068552
v -0.018515 -0.035702 0.068696
v -0.018791 -0.034422 0.068395
v -0.018794 -0.034694 0.066694
v -0.018794 -0.033887 0.066694
v -0.018794 -0.034174 0.066174
v -0.018794 -0.034694 0.065887
v -0.017910 -0.034694 0.066694
v -0.017910 -0.035000 0.066694
v -0.018794 -0.035306 0.066694
v -0.018794 -0.035826 0.066174
v -0.018794 -0.036113 0.066694
v -0.018794 -0.035306 0.065887
v -0.018794 -0.036169 0.067000
v -0.017910 -0.035306 0.066694
v -0.018515 -0.033164 0.067000
v -0.018515 -0.033304 0.067703
v -0.016996 -0.032970 0.067000
v -0.018283 -0.033216 0.067739
v -0.016996 -0.033125 0.067777
v -0.016996 -0.035000 0.069029
v -0.018283 -0.035739 0.068784
v -0.018791 -0.033605 0.067578
v -0.016996 -0.036435 0.068435
v -0.016996 -0.035777 0.068875
v -0.016996 -0.033565 0.068435
v -0.018699 -0.036188 0.068188
v -0.018515 -0.036298 0.065702
v -0.018699 -0.036552 0.066357
v -0.018699 -0.036188 0.065812
v -0.018791 -0.035000 0.065491
v -0.018699 -0.034357 0.065448
v -0.018699 -0.035000 0.065320
v -0.018791 -0.033490 0.067000
v -0.016996 -0.034223 0.065125
v -0.018283 -0.033635 0.065635
v -0.016996 -0.033565 0.065565
v -0.018515 -0.034297 0.065304
v -0.018699 -0.033812 0.065812
v -0.018515 -0.033702 0.065702
v -0.018283 -0.036931 0.067000
v -0.018515 -0.035702 0.065304
v -0.018699 -0.035643 0.065448
v -0.018791 -0.033932 0.065932
v -0.018515 -0.035000 0.065164
v -0.018283 -0.034261 0.065216
v -0.018283 -0.035000 0.065069
v -0.018791 -0.035578 0.068395
v -0.016996 -0.037029 0.067000
v -0.016996 -0.036875 0.067777
v -0.018791 -0.033605 0.066422
v -0.018791 -0.034422 0.065605
v -0.018515 -0.033304 0.066298
v -0.016996 -0.035000 0.064971
v -0.018791 -0.036510 0.067000
v -0.018283 -0.033216 0.066261
v -0.016996 -0.033125 0.066223
v -0.018283 -0.033069 0.067000
v -0.018283 -0.035739 0.065216
v -0.018699 -0.033320 0.067000
v -0.018791 -0.036068 0.065932
v -0.018791 -0.035578 0.065605
v -0.018794 -0.035000 0.068113
v -0.018791 -0.036395 0.066422
v -0.016996 -0.035777 0.065125
v -0.018283 -0.036365 0.065635
v -0.018515 -0.036696 0.066298
v -0.018699 -0.033448 0.066357
v -0.016996 -0.036435 0.065565
v -0.018283 -0.036784 0.066261
v -0.018699 -0.036680 0.067000
v -0.016996 -0.036875 0.066223
v -0.018794 -0.035000 0.065887
v -0.018799 -0.034694 0.032306
v -0.018799 -0.034174 0.032826
v -0.018799 -0.033887 0.032306
v -0.018799 -0.034694 0.033113
v -0.017914 -0.034694 0.032000
v -0.018799 -0.033831 0.032000
v -0.017914 -0.034694 0.032306
v -0.018519 -0.034297 0.033696
v -0.018703 -0.035000 0.033680
v -0.018519 -0.035000 0.033836
v -0.018287 -0.033635 0.033365
v -0.018287 -0.034261 0.033784
v -0.018287 -0.035000 0.033931
v -0.017914 -0.035000 0.032306
v -0.017914 -0.035000 0.032000
v -0.018799 -0.035306 0.032306
v -0.018799 -0.036113 0.032306
v -0.018799 -0.035826 0.032826
v -0.018799 -0.035306 0.033113
v -0.017914 -0.035306 0.032000
v -0.017914 -0.035306 0.032306
v -0.018519 -0.036696 0.032703
v -0.018703 -0.036680 0.032000
v -0.018519 -0.036836 0.032000
v -0.018795 -0.036395 0.032578
v -0.018795 -0.036068 0.033068
v -0.018703 -0.034357 0.033552
v -0.018795 -0.035000 0.033509
v -0.018703 -0.033448 0.032643
v -0.018795 -0.033932 0.033068
v -0.018703 -0.033812 0.033188
v -0.018519 -0.036298 0.033298
v -0.018703 -0.036552 0.032643
v -0.018287 -0.036784 0.032739
v -0.018287 -0.036365 0.033365
v -0.017000 -0.034223 0.033875
v -0.018519 -0.035702 0.033696
v -0.018703 -0.036188 0.033188
v -0.018795 -0.034422 0.033395
v -0.018799 -0.034694 0.031694
v -0.018799 -0.033887 0.031694
v -0.018799 -0.034174 0.031174
v -0.018799 -0.034694 0.030887
v -0.017914 -0.034694 0.031694
v -0.017914 -0.035000 0.031694
v -0.018799 -0.035306 0.031694
v -0.018799 -0.035826 0.031174
v -0.018799 -0.036113 0.031694
v -0.018799 -0.035306 0.030887
v -0.018799 -0.036169 0.032000
v -0.017914 -0.035306 0.031694
v -0.018519 -0.033304 0.032703
v -0.018703 -0.033320 0.032000
v -0.017000 -0.032970 0.032000
v -0.018287 -0.033216 0.032739
v -0.017000 -0.033125 0.032777
v -0.017000 -0.035000 0.034029
v -0.018287 -0.035739 0.033784
v -0.018795 -0.033605 0.032578
v -0.018703 -0.035643 0.033552
v -0.017000 -0.035777 0.033875
v -0.017000 -0.036435 0.033435
v -0.017000 -0.033565 0.033435
v -0.018287 -0.033069 0.032000
v -0.018519 -0.036696 0.031298
v -0.018703 -0.036188 0.030812
v -0.018519 -0.036298 0.030702
v -0.018795 -0.035000 0.030491
v -0.018703 -0.034357 0.030448
v -0.018703 -0.035000 0.030320
v -0.018795 -0.033490 0.032000
v -0.017000 -0.034223 0.030125
v -0.018287 -0.033635 0.030635
v -0.017000 -0.033565 0.030565
v -0.018519 -0.034297 0.030304
v -0.018703 -0.033812 0.030812
v -0.018519 -0.033702 0.030702
v -0.018287 -0.036930 0.032000
v -0.018519 -0.035702 0.030304
v -0.018703 -0.035643 0.030448
v -0.018795 -0.033932 0.030932
v -0.018287 -0.035000 0.030069
v -0.018287 -0.034261 0.030216
v -0.018795 -0.035578 0.033395
v -0.017000 -0.037029 0.032000
v -0.017000 -0.036875 0.032777
v -0.018519 -0.035000 0.030164
v -0.018795 -0.033605 0.031422
v -0.018519 -0.033702 0.033298
v -0.018795 -0.034422 0.030605
v -0.018519 -0.033304 0.031298
v -0.017000 -0.035000 0.029971
v -0.018795 -0.036510 0.032000
v -0.018287 -0.033216 0.031261
v -0.017000 -0.033125 0.031223
v -0.018287 -0.035739 0.030216
v -0.018703 -0.033448 0.031357
v -0.018519 -0.033164 0.032000
v -0.018795 -0.036068 0.030932
v -0.018795 -0.035578 0.030605
v -0.018799 -0.035000 0.033113
v -0.018703 -0.036552 0.031357
v -0.018795 -0.036395 0.031422
v -0.017000 -0.035777 0.030125
v -0.018287 -0.036784 0.031261
v -0.018287 -0.036365 0.030635
v -0.017000 -0.036435 0.030565
v -0.017000 -0.036875 0.031223
v -0.018799 -0.035000 0.030887
v -0.018799 -0.004694 0.032306
v -0.018799 -0.004174 0.032826
v -0.018799 -0.003887 0.032306
v -0.018799 -0.004694 0.033113
v -0.017914 -0.004694 0.032000
v -0.018799 -0.003831 0.032000
v -0.017914 -0.004694 0.032306
v -0.018519 -0.004297 0.033696
v -0.018703 -0.005000 0.033680
v -0.018519 -0.005000 0.033836
v -0.018287 -0.003635 0.033365
v -0.018287 -0.004261 0.033784
v -0.018287 -0.005000 0.033931
v -0.017914 -0.005000 0.032306
v -0.017914 -0.005000 0.032000
v -0.018799 -0.005306 0.032306
v -0.018799 -0.006113 0.032306
v -0.018799 -0.005826 0.032826
v -0.018799 -0.005306 0.033113
v -0.017914 -0.005306 0.032000
v -0.017914 -0.005306 0.032306
v -0.018519 -0.006696 0.032703
v -0.018703 -0.006680 0.032000
v -0.018519 -0.006836 0.032000
v -0.018795 -0.006395 0.032578
v -0.018795 -0.006068 0.033068
v -0.018703 -0.004357 0.033552
v -0.018795 -0.005000 0.033509
v -0.018703 -0.003448 0.032643
v -0.018795 -0.003932 0.033068
v -0.018703 -0.003812 0.033188
v -0.018519 -0.006298 0.033298
v -0.018703 -0.006552 0.032643
v -0.018287 -0.006784 0.032739
v -0.018287 -0.006365 0.033365
v -0.017000 -0.004223 0.033875
v -0.018519 -0.005702 0.033696
v -0.018703 -0.006188 0.033188
v -0.018795 -0.004422 0.033395
v -0.018799 -0.004694 0.031694
v -0.018799 -0.003887 0.031694
v -0.018799 -0.004174 0.031174
v -0.018799 -0.004694 0.030887
v -0.017914 -0.004694 0.031694
v -0.017914 -0.005000 0.031694
v -0.018799 -0.005306 0.031694
v -0.018799 -0.005826 0.031174
v -0.018799 -0.006113 0.031694
v -0.018799 -0.005306 0.030887
v -0.018799 -0.006169 0.032000
v -0.017914 -0.005306 0.031694
v -0.018519 -0.003304 0.032703
v -0.018703 -0.003320 0.032000
v -0.017000 -0.002970 0.032000
v -0.018287 -0.003216 0.032739
v -0.017000 -0.003125 0.032777
v -0.017000 -0.005000 0.034029
v -0.018287 -0.005739 0.033784
v -0.018795 -0.003605 0.032578
v -0.018703 -0.005643 0.033552
v -0.017000 -0.006435 0.033435
v -0.017000 -0.005777 0.033875
v -0.017000 -0.003565 0.033435
v -0.018287 -0.003069 0.032000
v -0.018519 -0.006298 0.030702
v -0.018703 -0.006552 0.031357
v -0.018703 -0.006188 0.030812
v -0.018795 -0.005578 0.033395
v -0.018795 -0.005000 0.030491
v -0.018703 -0.004357 0.030448
v -0.018703 -0.005000 0.030320
v -0.018795 -0.003490 0.032000
v -0.017000 -0.004223 0.030125
v -0.018287 -0.003635 0.030635
v -0.017000 -0.003565 0.030565
v -0.018519 -0.004297 0.030304
v -0.018703 -0.003812 0.030812
v -0.018519 -0.003702 0.030702
v -0.018287 -0.006930 0.032000
v -0.018519 -0.005702 0.030304
v -0.018703 -0.005643 0.030448
v -0.018795 -0.003932 0.030932
v -0.018287 -0.005000 0.030069
v -0.018287 -0.004261 0.030216
v -0.017000 -0.007029 0.032000
v -0.017000 -0.006875 0.032777
v -0.018519 -0.005000 0.030164
v -0.018795 -0.003605 0.031422
v -0.018519 -0.003702 0.033298
v -0.018795 -0.004422 0.030605
v -0.018519 -0.003304 0.031297
v -0.017000 -0.005000 0.029971
v -0.018795 -0.006510 0.032000
v -0.018287 -0.003216 0.031261
v -0.017000 -0.003125 0.031223
v -0.018287 -0.005739 0.030216
v -0.018703 -0.003448 0.031357
v -0.018519 -0.003164 0.032000
v -0.018795 -0.006068 0.030932
v -0.018795 -0.005578 0.030605
v -0.018799 -0.005000 0.033113
v -0.018795 -0.006395 0.031422
v -0.017000 -0.005777 0.030125
v -0.018287 -0.006784 0.031261
v -0.018287 -0.006365 0.030635
v -0.017000 -0.006435 0.030565
v -0.018519 -0.006696 0.031297
v -0.017000 -0.006875 0.031223
v -0.018799 -0.005000 0.030887
v 0.018795 -0.034694 0.067306
v 0.018795 -0.033887 0.067306
v 0.018795 -0.034174 0.067826
v 0.018795 -0.034694 0.068113
v 0.017910 -0.034694 0.067000
v 0.017910 -0.034694 0.067306
v 0.018515 -0.035000 0.068836
v 0.018699 -0.034357 0.068552
v 0.018515 -0.034297 0.068696
v 0.018283 -0.033635 0.068365
v 0.018283 -0.034261 0.068784
v 0.018283 -0.035000 0.068931
v 0.017910 -0.035000 0.067306
v 0.017910 -0.035000 0.067000
v 0.018795 -0.035306 0.067306
v 0.018795 -0.035826 0.067826
v 0.018795 -0.036113 0.067306
v 0.018795 -0.035306 0.068113
v 0.017910 -0.035306 0.067000
v 0.018795 -0.036169 0.067000
v 0.017910 -0.035306 0.067306
v 0.018515 -0.036696 0.067703
v 0.018699 -0.036680 0.067000
v 0.018699 -0.036552 0.067643
v 0.018791 -0.036395 0.067578
v 0.018791 -0.036068 0.068068
v 0.018791 -0.035000 0.068509
v 0.018699 -0.035000 0.068680
v 0.018791 -0.033932 0.068068
v 0.018699 -0.033448 0.067643
v 0.018699 -0.033812 0.068188
v 0.018515 -0.036298 0.068298
v 0.018699 -0.036188 0.068188
v 0.018283 -0.036365 0.068365
v 0.016996 -0.034223 0.068875
v 0.016996 -0.033565 0.068435
v 0.018515 -0.033702 0.068298
v 0.018515 -0.035702 0.068696
v 0.018699 -0.035643 0.068552
v 0.018795 -0.034694 0.066694
v 0.018795 -0.034174 0.066174
v 0.018795 -0.033887 0.066694
v 0.018795 -0.034694 0.065887
v 0.018795 -0.033831 0.067000
v 0.017910 -0.034694 0.066694
v 0.017910 -0.035000 0.066694
v 0.018795 -0.035306 0.066694
v 0.018795 -0.036113 0.066694
v 0.018795 -0.035826 0.066174
v 0.018795 -0.035306 0.065887
v 0.017910 -0.035306 0.066694
v 0.018515 -0.033304 0.067703
v 0.018699 -0.033320 0.067000
v 0.018515 -0.033164 0.067000
v 0.016996 -0.033125 0.067777
v 0.018283 -0.033069 0.067000
v 0.016996 -0.032970 0.067000
v 0.016996 -0.035000 0.069029
v 0.018283 -0.035739 0.068784
v 0.018791 -0.033605 0.067578
v 0.016996 -0.036435 0.068435
v 0.016996 -0.035777 0.068875
v 0.018791 -0.035578 0.068395
v 0.018283 -0.033216 0.067739
v 0.018699 -0.036188 0.065812
v 0.018515 -0.036696 0.066297
v 0.018515 -0.036298 0.065702
v 0.018699 -0.034357 0.065448
v 0.018791 -0.035000 0.065491
v 0.018699 -0.035000 0.065320
v 0.018791 -0.033490 0.067000
v 0.016996 -0.034223 0.065125
v 0.018283 -0.033635 0.065635
v 0.018283 -0.034261 0.065216
v 0.018515 -0.033702 0.065702
v 0.018515 -0.034297 0.065304
v 0.018283 -0.036784 0.067739
v 0.018515 -0.036836 0.067000
v 0.018699 -0.035643 0.065448
v 0.018515 -0.035702 0.065304
v 0.018791 -0.033932 0.065932
v 0.018791 -0.034422 0.065605
v 0.018515 -0.035000 0.065164
v 0.018283 -0.035000 0.065069
v 0.016996 -0.036875 0.067777
v 0.018283 -0.036931 0.067000
v 0.018791 -0.033605 0.066422
v 0.018515 -0.033304 0.066297
v 0.018699 -0.033812 0.065812
v 0.018795 -0.035000 0.068113
v 0.016996 -0.035000 0.064971
v 0.018791 -0.036510 0.067000
v 0.018795 -0.035000 0.065887
v 0.016996 -0.033565 0.065565
v 0.018283 -0.033216 0.066261
v 0.018283 -0.035739 0.065216
v 0.018283 -0.036365 0.065635
v 0.018699 -0.033448 0.066357
v 0.016996 -0.033125 0.066223
v 0.018791 -0.036068 0.065932
v 0.018791 -0.034422 0.068395
v 0.018699 -0.036552 0.066357
v 0.018791 -0.035578 0.065605
v 0.016996 -0.035777 0.065125
v 0.018283 -0.036784 0.066261
v 0.018791 -0.036395 0.066422
v 0.016996 -0.036435 0.065565
v 0.016996 -0.036875 0.066223
v 0.016996 -0.037029 0.067000
v 0.018799 -0.034694 0.032306
v 0.018799 -0.033887 0.032306
v 0.018799 -0.034174 0.032826
v 0.018799 -0.034694 0.033113
v 0.017914 -0.034694 0.032000
v 0.017914 -0.034694 0.032306
v 0.018519 -0.035000 0.033836
v 0.018703 -0.034357 0.033552
v 0.018519 -0.034297 0.033696
v 0.018287 -0.034261 0.033784
v 0.018519 -0.033702 0.033298
v 0.018287 -0.033635 0.033365
v 0.018287 -0.035000 0.033931
v 0.017914 -0.035000 0.032306
v 0.017914 -0.035000 0.032000
v 0.018799 -0.035306 0.032306
v 0.018799 -0.035826 0.032826
v 0.018799 -0.036113 0.032306
v 0.018799 -0.035306 0.033113
v 0.017914 -0.035306 0.032000
v 0.018799 -0.036169 0.032000
v 0.017914 -0.035306 0.032306
v 0.018519 -0.036836 0.032000
v 0.018703 -0.036552 0.032643
v 0.018519 -0.036696 0.032703
v 0.018795 -0.036395 0.032578
v 0.018795 -0.036068 0.033068
v 0.018795 -0.035000 0.033509
v 0.018703 -0.035000 0.033680
v 0.018795 -0.033932 0.033068
v 0.018703 -0.033448 0.032643
v 0.018703 -0.033812 0.033188
v 0.018703 -0.036188 0.033188
v 0.018519 -0.036298 0.033298
v 0.018287 -0.036784 0.032739
v 0.018287 -0.036365 0.033365
v 0.017000 -0.034223 0.033875
v 0.017000 -0.033565 0.033435
v 0.018519 -0.035702 0.033696
v 0.018703 -0.035643 0.033552
v 0.018799 -0.034694 0.031694
v 0.018799 -0.034174 0.031174
v 0.018799 -0.033887 0.031694
v 0.018799 -0.034694 0.030887
v 0.018799 -0.033831 0.032000
v 0.017914 -0.034694 0.031694
v 0.017914 -0.035000 0.031694
v 0.018799 -0.035306 0.031694
v 0.018799 -0.036113 0.031694
v 0.018799 -0.035826 0.031174
v 0.018799 -0.035306 0.030887
v 0.017914 -0.035306 0.031694
v 0.018519 -0.033164 0.032000
v 0.018519 -0.033304 0.032703
v 0.017000 -0.033125 0.032777
v 0.018287 -0.033069 0.032000
v 0.017000 -0.032970 0.032000
v 0.017000 -0.035000 0.034029
v 0.018287 -0.035739 0.033784
v 0.018795 -0.033605 0.032578
v 0.017000 -0.035777 0.033875
v 0.018287 -0.033216 0.032739
v 0.018795 -0.035578 0.033395
v 0.018519 -0.036298 0.030702
v 0.018703 -0.036552 0.031357
v 0.018519 -0.036696 0.031297
v 0.018703 -0.034357 0.030448
v 0.018795 -0.035000 0.030491
v 0.018703 -0.035000 0.030320
v 0.018795 -0.033490 0.032000
v 0.018703 -0.033320 0.032000
v 0.017000 -0.034223 0.030125
v 0.018287 -0.033635 0.030635
v 0.018287 -0.034261 0.030216
v 0.018519 -0.034297 0.030304
v 0.018703 -0.033812 0.030812
v 0.018287 -0.036930 0.032000
v 0.018519 -0.035702 0.030304
v 0.018703 -0.036188 0.030812
v 0.018795 -0.033932 0.030932
v 0.018795 -0.034422 0.030605
v 0.018287 -0.035000 0.030069
v 0.018519 -0.035000 0.030164
v 0.017000 -0.036875 0.032777
v 0.018795 -0.033605 0.031422
v 0.018519 -0.033702 0.030702
v 0.018703 -0.033448 0.031357
v 0.018799 -0.035000 0.033113
v 0.017000 -0.035000 0.029971
v 0.018703 -0.035643 0.030448
v 0.018795 -0.036510 0.032000
v 0.018287 -0.033216 0.031261
v 0.018799 -0.035000 0.030887
v 0.017000 -0.036435 0.033435
v 0.017000 -0.033565 0.030565
v 0.018519 -0.033304 0.031297
v 0.018287 -0.036365 0.030635
v 0.018287 -0.035739 0.030216
v 0.017000 -0.033125 0.031223
v 0.018795 -0.036068 0.030932
v 0.018795 -0.034422 0.033395
v 0.018703 -0.036680 0.032000
v 0.018795 -0.035578 0.030605
v 0.017000 -0.035777 0.030125
v 0.018287 -0.036784 0.031261
v 0.018795 -0.036395 0.031422
v 0.017000 -0.036435 0.030565
v 0.017000 -0.036875 0.031223
v 0.017000 -0.037029 0.032000
v 0.018799 -0.004694 0.032306
v 0.018799 -0.003887 0.032306
v 0.018799 -0.004174 0.032826
v 0.018799 -0.004694 0.033113
v 0.017914 -0.004694 0.032000
v 0.017914 -0.004694 0.032306
v 0.018519 -0.004297 0.033696
v 0.018703 -0.005000 0.033680
v 0.018703 -0.004357 0.033552
v 0.018287 -0.004261 0.033784
v 0.018519 -0.003702 0.033298
v 0.018287 -0.003635 0.033365
v 0.018519 -0.005000 0.033836
v 0.018287 -0.005000 0.033931
v 0.017914 -0.005000 0.032306
v 0.017914 -0.005000 0.032000
v 0.018799 -0.005306 0.032306
v 0.018799 -0.005826 0.032826
v 0.018799 -0.006113 0.032306
v 0.018799 -0.005306 0.033113
v 0.017914 -0.005306 0.032000
v 0.018799 -0.006169 0.032000
v 0.017914 -0.005306 0.032306
v 0.018519 -0.006836 0.032000
v 0.018703 -0.006552 0.032643
v 0.018519 -0.006696 0.032702
v 0.018795 -0.006395 0.032578
v 0.018795 -0.006068 0.033068
v 0.018795 -0.005000 0.033509
v 0.018795 -0.003932 0.033068
v 0.018703 -0.003448 0.032643
v 0.018703 -0.003812 0.033188
v 0.018519 -0.006298 0.033298
v 0.018703 -0.006188 0.033188
v 0.018287 -0.006365 0.033365
v 0.017000 -0.004223 0.033875
v 0.017000 -0.003565 0.033435
v 0.018519 -0.005702 0.033696
v 0.018703 -0.005643 0.033552
v 0.018799 -0.004694 0.031694
v 0.018799 -0.004174 0.031174
v 0.018799 -0.003887 0.031694
v 0.018799 -0.004694 0.030887
v 0.018799 -0.003831 0.032000
v 0.017914 -0.004694 0.031694
v 0.017914 -0.005000 0.031694
v 0.018799 -0.005306 0.031694
v 0.018799 -0.006113 0.031694
v 0.018799 -0.005826 0.031174
v 0.018799 -0.005306 0.030887
v 0.017914 -0.005306 0.031694
v 0.018519 -0.003164 0.032000
v 0.018519 -0.003304 0.032702
v 0.018287 -0.003216 0.032739
v 0.017000 -0.002971 0.032000
v 0.017000 -0.003125 0.032777
v 0.017000 -0.005000 0.034029
v 0.018287 -0.005739 0.033784
v 0.018795 -0.003605 0.032578
v 0.017000 -0.006435 0.033435
v 0.017000 -0.005777 0.033875
v 0.018795 -0.005578 0.033395
v 0.018287 -0.003069 0.032000
v 0.018519 -0.006298 0.030702
v 0.018703 -0.006552 0.031357
v 0.018519 -0.006696 0.031297
v 0.018703 -0.004357 0.030448
v 0.018795 -0.005000 0.030491
v 0.018703 -0.005000 0.030320
v 0.018795 -0.003490 0.032000
v 0.018703 -0.003320 0.032000
v 0.017000 -0.004223 0.030125
v 0.018287 -0.003635 0.030635
v 0.018287 -0.004261 0.030216
v 0.018519 -0.003702 0.030702
v 0.018519 -0.004297 0.030304
v 0.018287 -0.006930 0.032000
v 0.018287 -0.006784 0.032739
v 0.018519 -0.005702 0.030304
v 0.018703 -0.006188 0.030812
v 0.018795 -0.003932 0.030932
v 0.018795 -0.004422 0.030605
v 0.018287 -0.005000 0.030069
v 0.018519 -0.005000 0.030164
v 0.017000 -0.007029 0.032000
v 0.017000 -0.006875 0.032777
v 0.018795 -0.003605 0.031422
v 0.018703 -0.003448 0.031357
v 0.018703 -0.003812 0.030812
v 0.018799 -0.005000 0.033113
v 0.017000 -0.005000 0.029971
v 0.018703 -0.005643 0.030448
v 0.018795 -0.006510 0.032000
v 0.018287 -0.003216 0.031261
v 0.018799 -0.005000 0.030887
v 0.017000 -0.003565 0.030565
v 0.018519 -0.003304 0.031297
v 0.018287 -0.005739 0.030216
v 0.018287 -0.006365 0.030635
v 0.017000 -0.003125 0.031223
v 0.018795 -0.006068 0.030932
v 0.018795 -0.005578 0.030605
v 0.018795 -0.004422 0.033395
v 0.018703 -0.006680 0.032000
v 0.017000 -0.005777 0.030125
v 0.018287 -0.006784 0.031261
v 0.018795 -0.006395 0.031422
v 0.017000 -0.006435 0.030565
v 0.017000 -0.006875 0.031223
v -0.013300 -0.000141 0.033178
v -0.013300 -0.030134 0.068151
v 0.013300 -0.028464 0.057161
v 0.013300 -0.029851 0.063636
v -0.013300 -0.031231 0.070286
v -0.013300 -0.002098 0.036072
v 0.013300 -0.019243 0.043624
vn -0.0000 1.0000 -0.0000
vn -0.0000 -0.0000 -1.0000
vn -0.0000 -1.0000 -0.0000
vn 0.7071 -0.0000 0.7071
vn 0.5000 -0.0000 0.8660
vn -0.0654 -0.0000 0.9979
vn -0.2588 -0.0000 0.9659
vn 0.8660 -0.0000 -0.5000
vn 0.7071 -0.0000 -0.7071
vn -0.2588 -0.0000 -0.9659
vn -0.5001 -0.0000 -0.8660
vn 0.7071 -0.7071 -0.0000
vn 0.2588 -0.0000 -0.9659
vn 0.5001 -0.0000 -0.8660
vn 0.5000 -0.0000 -0.8660
vn 0.9659 -0.0000 0.2588
vn 1.0000 -0.0000 -0.0000
vn -0.8660 -0.0000 -0.5000
vn -0.7071 -0.0000 -0.7071
vn -0.0000 -0.0000 1.0000
vn -0.4999 -0.0000 0.8661
vn 0.8660 -0.0000 0.5001
vn -0.8660 -0.0000 0.5000
vn -0.7071 -0.0000 0.7071
vn -0.5000 -0.0000 -0.8660
vn 0.2588 -0.0000 0.9659
vn -0.5000 -0.0000 0.8660
vn -0.0654 -0.0000 -0.9979
vn -0.9659 -0.0000 -0.2588
vn 0.8660 -0.0000 0.5000
vn -1.0000 -0.0000 -0.0000
vn 0.9659 -0.0000 -0.2588
vn -0.9979 -0.0000 -0.0654
vn -0.9659 -0.0000 0.2588
vn -0.4999 -0.0000 -0.8661
vn 0.5000 -0.0000 -0.8661
vn -0.8660 -0.0000 -0.5001
vn 0.4999 -0.0000 -0.8661
vn -0.8661 -0.0000 -0.4999
vn 0.4999 -0.0000 0.8661
vn 0.0654 -0.0000 -0.9979
vn -0.7071 -0.7071 -0.0000
vn -0.9979 -0.0000 0.0654
vn 0.8661 -0.0000 0.4999
vn 0.9979 -0.0000 -0.0654
vn 0.9979 -0.0000 0.0654
vn 0.0654 -0.0000 0.9979
vn 0.8661 -0.0000 -0.4999
vn -0.8660 -0.0000 0.5001
vn -0.8661 -0.0000 0.4999
vn 0.5001 -0.0000 0.8660
vn 0.8661 -0.0000 -0.5000
vn -0.5001 -0.0000 0.8660
vn 0.8660 -0.0000 -0.5001
vn -0.0000 0.8889 0.4581
vn -0.0000 0.9718 0.2357
vn 0.0004 -1.0000 -0.0026
vn -0.0000 -0.9979 -0.0654
vn -0.0000 0.4574 0.8893
vn -0.0000 0.5528 0.8333
vn -0.0000 0.9950 0.1002
vn -0.0000 0.9778 0.2094
vn -0.0000 0.8563 0.5165
vn -0.0000 0.7941 0.6078
vn -0.0000 0.2512 0.9679
vn -0.0000 0.2284 0.9736
vn -0.0000 0.3565 0.9343
vn -0.0000 0.6414 0.7672
vn -0.0000 0.3605 0.9328
vn -0.0000 0.5739 0.8189
vn -0.0000 0.1260 0.9920
vn -0.0000 0.9732 0.2301
vn -0.0000 0.9970 0.0779
vn -0.0000 -0.3509 0.9364
vn -0.0000 -0.1158 0.9933
vn 0.0001 -0.7070 -0.7072
vn 0.0001 -0.6717 -0.7408
vn -0.0000 -0.9707 0.2401
vn -0.0000 -0.8847 0.4661
vn -0.0000 0.9488 0.3160
vn -0.0000 -0.0654 -0.9979
vn -0.0000 -0.5000 -0.8660
vn -0.0000 -0.7071 -0.7071
vn -0.0000 -0.5655 0.8248
vn -0.0000 -0.7469 0.6649
vn -0.0000 -0.5654 0.8248
vn 0.8389 -0.0001 -0.5443
vn 0.7189 -0.0025 -0.6951
vn 0.7936 -0.0001 -0.6084
vn -0.0000 -0.9921 -0.1253
vn -0.0000 -1.0000 -0.0001
vn -0.0000 0.9979 -0.0654
vn -0.0000 0.9921 -0.1253
vn -0.0000 0.8895 0.4570
vn 0.8809 0.1152 -0.4591
vn 0.7421 -0.0000 -0.6703
vn 0.8798 -0.0000 -0.4754
vn 0.0001 -0.6718 -0.7408
vn -0.0000 -0.2588 -0.9659
vn -0.0000 -0.8660 -0.5000
vn -0.9981 -0.0042 -0.0614
vn 0.7136 0.3308 -0.6175
vn 0.6254 0.1899 -0.7568
vn 0.7477 0.1616 -0.6440
vn 0.9986 -0.0000 -0.0535
vn 1.0000 0.0008 -0.0031
vn 0.3747 0.4378 -0.8173
vn 0.2689 0.2344 -0.9342
vn 0.3965 0.2235 -0.8904
vn -0.0000 -0.7352 -0.6778
vn 0.0001 -0.7733 -0.6340
vn -0.0001 -0.7790 -0.6270
vn 0.1275 0.4684 -0.8743
vn 0.0339 0.2433 -0.9694
vn 0.1358 0.2412 -0.9609
vn -0.7136 0.3308 -0.6176
vn -0.6254 0.1900 -0.7568
vn -0.5981 0.3784 -0.7064
vn -0.9986 0.0130 -0.0520
vn -0.0084 -0.8833 -0.4688
vn -0.0051 -0.9219 -0.3875
vn -0.0096 -0.9048 -0.4256
vn -0.0083 -0.8472 -0.5313
vn -0.0044 -0.8210 -0.5709
vn 0.0080 -0.7421 -0.6703
vn -0.0129 -0.7165 -0.6975
vn -0.0098 -0.7831 -0.6218
vn -0.0083 -0.8472 -0.5312
vn -0.9991 -0.0162 -0.0402
vn -0.9960 -0.0644 -0.0622
vn -0.9963 0.0406 -0.0757
vn -0.9986 0.0131 -0.0520
vn -1.0000 -0.0001 -0.0000
vn -0.9963 0.0405 -0.0757
vn -0.2689 0.2344 -0.9342
vn -0.1327 -0.0000 -0.9912
vn -0.1359 0.2412 -0.9609
vn 0.0010 -0.9994 -0.0342
vn 0.0005 -1.0000 -0.0029
vn -0.4957 -0.0016 -0.8685
vn -0.3903 -0.0028 -0.9207
vn -0.4828 -0.0043 -0.8757
vn -0.0000 0.7559 0.6547
vn -0.0000 0.2434 -0.9699
vn 0.0161 0.4722 -0.8814
vn -0.0000 0.3064 -0.9519
vn -0.0000 1.0000 0.0001
vn -0.7551 0.0017 -0.6556
vn -0.7018 0.0044 -0.7124
vn -0.7048 -0.0034 -0.7094
vn -0.0002 -0.8336 -0.5524
vn -0.0003 -0.7790 -0.6270
vn -0.0000 -0.8477 -0.5305
vn -0.0000 0.7537 0.6572
vn -0.0000 -0.5556 -0.8315
vn -0.0000 -0.6716 -0.7409
vn -0.0000 -0.6717 -0.7408
vn -0.0000 -0.9982 0.0606
vn -0.0000 0.9659 -0.2588
vn -0.0000 0.9914 -0.1305
vn 0.5072 -0.0000 -0.8618
vn 0.6254 0.1900 -0.7568
vn 0.5159 0.2085 -0.8309
vn 0.6800 -0.0034 -0.7332
vn 0.4991 -0.0043 -0.8665
vn 0.5809 -0.0017 -0.8140
vn 0.9941 -0.0000 0.1087
vn 0.9986 0.0130 -0.0520
vn -0.0000 -0.9976 -0.0689
vn -0.0000 -0.9999 -0.0113
vn -0.0000 -0.9999 -0.0110
vn -0.0000 0.1864 -0.9825
vn -0.0161 0.4722 -0.8814
vn 0.1499 -0.6977 -0.7005
vn 0.0607 -0.7050 -0.7066
vn 0.0129 -0.7165 -0.6975
vn -0.9538 -0.0000 0.3006
vn -0.9064 -0.0000 0.4224
vn -0.4904 0.4116 -0.7682
vn -0.3964 0.2235 -0.8904
vn -0.3747 0.4378 -0.8173
vn 0.3609 -0.6593 -0.6596
vn 0.4501 -0.6312 -0.6316
vn 0.4730 -0.6217 -0.6243
vn -0.0000 0.7071 -0.7071
vn -0.0000 0.5000 -0.8660
vn 0.0606 -0.7050 -0.7066
vn 0.3903 -0.0028 -0.9207
vn 0.4827 -0.0000 -0.8758
vn -0.9675 -0.0049 -0.2527
vn -0.9313 -0.0048 -0.3643
vn -0.8729 -0.0030 -0.4879
vn 0.0084 -0.8833 -0.4688
vn 0.0096 -0.9049 -0.4256
vn 0.0051 -0.9219 -0.3875
vn -0.0000 -0.7069 -0.7073
vn -0.0000 -0.7072 -0.7070
vn -0.0000 0.9982 0.0594
vn -0.6196 -0.0021 -0.7849
vn 0.0129 -0.7165 -0.6974
vn 0.0044 -0.8210 -0.5709
vn 0.0098 -0.7831 -0.6218
vn -0.0000 0.2435 -0.9699
vn -0.0000 -0.9914 -0.1305
vn -0.0000 -0.9659 -0.2588
vn -0.0000 -0.0491 -0.9988
vn -0.8276 -0.0001 -0.5613
vn -0.8729 -0.0023 -0.4879
vn -0.9003 0.0006 -0.4353
vn -0.0080 -0.7421 -0.6703
vn -0.2531 0.4568 -0.8528
vn 0.0034 -0.9927 -0.1203
vn 0.0010 -0.9993 -0.0361
vn 0.0034 -0.9742 -0.2257
vn 0.0035 -0.9923 -0.1236
vn 0.0033 -0.9735 -0.2288
vn -0.0000 0.3721 0.9282
vn 0.0083 -0.8472 -0.5312
vn -0.0000 0.2588 -0.9659
vn 0.8109 -0.4088 -0.4188
vn 0.8793 -0.3321 -0.3415
vn 0.9078 -0.2928 -0.3002
vn 0.1327 -0.0000 -0.9912
vn 0.2630 -0.0000 -0.9648
vn -0.0000 -0.1951 -0.9808
vn 0.9202 -0.0083 -0.3915
vn 0.9517 -0.0083 -0.3069
vn 0.8874 -0.0005 -0.4610
vn 0.5537 -0.5871 -0.5905
vn 0.6202 -0.5534 -0.5559
vn -0.0004 -1.0000 -0.0026
vn -0.0000 -0.3827 -0.9239
vn -0.0000 -0.5555 -0.8315
vn 0.9991 -0.0161 -0.0401
vn -0.0606 -0.7050 -0.7066
vn -0.0001 -0.7070 -0.7072
vn -0.0001 -0.6718 -0.7408
vn -0.0000 -0.7072 -0.7071
vn -0.0001 -0.6717 -0.7408
vn -0.0000 -0.7071 -0.7072
vn 0.0162 -0.7148 -0.6991
vn 0.9548 0.1404 -0.2621
vn 0.8809 0.1152 -0.4592
vn 0.9725 0.0567 -0.2260
vn -0.9998 -0.0000 -0.0177
vn -0.9964 -0.0048 -0.0847
vn -0.0000 -0.6718 -0.7408
vn -0.0000 -0.6716 -0.7410
vn -0.0000 -0.7068 -0.7074
vn -0.0339 0.2433 -0.9694
vn -0.0000 0.7221 0.6918
vn -0.0162 -0.7148 -0.6991
vn -0.0000 -0.9999 -0.0111
vn 0.9963 0.0406 -0.0757
vn -0.9774 0.0007 -0.2114
vn -0.9517 -0.0083 -0.3069
vn -0.8874 -0.0005 -0.4610
vn -0.3965 0.2235 -0.8904
vn -0.2630 -0.0000 -0.9648
vn -0.2689 0.2345 -0.9342
vn 0.9981 -0.0042 -0.0615
vn 0.9964 -0.0048 -0.0848
vn 0.9998 -0.0000 -0.0177
vn 0.8276 -0.0001 -0.5613
vn 0.9003 0.0006 -0.4353
vn 0.8729 -0.0023 -0.4879
vn 0.9313 -0.0049 -0.3643
vn -0.9725 0.0567 -0.2260
vn -0.8798 -0.0000 -0.4754
vn -0.8809 0.1152 -0.4591
vn 0.9675 -0.0049 -0.2527
vn 0.9524 -0.0003 -0.3050
vn 0.9844 -0.0038 -0.1761
vn -0.9736 -0.0000 -0.2284
vn 0.7552 0.0017 -0.6555
vn 0.7048 -0.0034 -0.7094
vn 0.7018 0.0044 -0.7124
vn 0.6196 -0.0021 -0.7849
vn 0.4957 -0.0016 -0.8685
vn 0.4828 -0.0043 -0.8757
vn 0.2656 -0.0018 -0.9641
vn 0.2399 -0.0041 -0.9708
vn 0.1457 -0.0023 -0.9893
vn -0.0000 0.8660 -0.5000
vn -0.1457 -0.0023 -0.9893
vn -0.2399 -0.0041 -0.9708
vn -0.2656 -0.0018 -0.9641
vn -0.4991 -0.0043 -0.8665
vn -0.4827 -0.0000 -0.8758
vn -0.0001 -0.9974 -0.0720
vn -0.0000 -0.9779 -0.2090
vn -0.5809 -0.0017 -0.8140
vn -0.9202 -0.0083 -0.3915
vn -0.8389 -0.0002 -0.5443
vn -0.7189 -0.0026 -0.6951
vn -0.7936 -0.0001 -0.6084
vn -0.6800 -0.0033 -0.7332
vn -0.9986 0.0009 -0.0524
vn -0.9986 -0.0000 -0.0535
vn -1.0000 0.0008 -0.0031
vn 0.3886 -0.0000 -0.9214
vn 0.9774 0.0014 -0.2113
vn 0.7365 -0.4769 -0.4797
vn 0.7855 -0.4315 -0.4436
vn 0.9964 -0.0048 -0.0847
vn -0.8389 -0.0001 -0.5443
vn -0.7188 -0.0026 -0.6952
vn -0.0000 -0.0041 -1.0000
vn 0.9986 0.0131 -0.0520
vn 0.9736 -0.0000 -0.2284
vn 0.2399 -0.0040 -0.9708
vn -0.0000 -0.9260 -0.3774
vn 0.0002 -0.9751 -0.2218
vn 0.0004 -0.9779 -0.2090
vn 0.8471 0.2510 -0.4685
vn 0.7047 -0.0034 -0.7094
vn -0.0000 0.9081 0.4188
vn -0.0033 -0.9735 -0.2288
vn 0.0037 -0.9557 -0.2943
vn 0.0043 -0.9548 -0.2972
vn -0.9548 0.1404 -0.2621
vn -0.0000 0.3063 -0.9519
vn 0.0083 -0.8472 -0.5313
vn 0.2531 0.4568 -0.8528
vn 0.1359 0.2412 -0.9609
vn 0.2689 0.2345 -0.9342
vn -0.0653 -0.0000 0.9979
vn -0.0000 -0.9708 0.2401
vn -0.9816 0.0005 -0.1910
vn -0.0001 -0.7072 -0.7070
vn 0.0002 -0.8336 -0.5524
vn -0.0000 -0.7790 -0.6270
vn -0.2589 -0.0000 0.9659
vn 0.6168 -0.0000 -0.7871
vn 0.7421 -0.0000 -0.6702
vn 0.9064 -0.0000 0.4224
vn 0.9538 -0.0000 0.3005
vn -0.0000 0.5803 0.8144
vn 0.9816 0.0005 -0.1910
vn 0.9774 0.0007 -0.2113
vn -0.0330 -0.0000 -0.9995
vn 0.0096 -0.9048 -0.4256
vn 0.5981 0.3784 -0.7064
vn 0.5159 0.2086 -0.8309
vn 0.0330 -0.0000 -0.9995
vn -0.0002 -0.9752 -0.2215
vn -0.0004 -0.9260 -0.3774
vn -0.0000 -0.9779 -0.2091
vn -0.9313 -0.0049 -0.3643
vn -0.0005 -1.0000 -0.0029
vn -0.0010 -0.9994 -0.0342
vn 0.9608 -0.1949 -0.1974
vn -0.0035 -0.9923 -0.1236
vn -0.0034 -0.9742 -0.2257
vn 0.3122 -0.6712 -0.6723
vn 0.2014 -0.6914 -0.6938
vn -0.9844 -0.0038 -0.1761
vn 0.9960 -0.0644 -0.0622
vn 0.9784 -0.1461 -0.1461
vn 0.9608 -0.1949 -0.1973
vn -0.8471 0.2510 -0.4685
vn -0.1276 0.4684 -0.8743
vn -0.1275 0.4684 -0.8743
vn -0.5159 0.2085 -0.8309
vn -0.4903 0.4116 -0.7682
vn -0.7421 -0.0000 -0.6702
vn -0.7477 0.1616 -0.6440
vn -0.5159 0.2086 -0.8309
vn -0.3886 -0.0000 -0.9214
vn -0.5072 -0.0000 -0.8618
vn -0.6168 -0.0000 -0.7871
vn -0.6254 0.1899 -0.7568
vn -0.9941 -0.0000 0.1087
vn 0.7221 -0.4892 -0.4891
vn -0.9538 -0.0000 0.3005
vn -0.9764 -0.0000 0.2162
vn -0.9524 -0.0003 -0.3049
vn 0.9764 -0.0000 0.2161
vn 0.9963 0.0405 -0.0757
vn -0.0002 -0.9189 -0.3944
vn -0.7136 0.3308 -0.6175
vn -0.1498 -0.6977 -0.7005
vn -0.2014 -0.6915 -0.6938
vn -0.5537 -0.5871 -0.5905
vn -0.4729 -0.6218 -0.6243
vn -0.6200 -0.5546 -0.5550
vn -0.7367 -0.4758 -0.4805
vn -0.7855 -0.4315 -0.4436
vn -0.7221 -0.4892 -0.4891
vn -0.3609 -0.6593 -0.6597
vn -0.4501 -0.6312 -0.6316
vn -0.3122 -0.6712 -0.6723
vn -0.6200 -0.5546 -0.5549
vn 0.9313 -0.0048 -0.3643
vn -0.9078 -0.2928 -0.3002
vn -0.9608 -0.1949 -0.1974
vn -0.8793 -0.3321 -0.3415
vn -0.8111 -0.4077 -0.4195
vn 0.4903 0.4116 -0.7682
vn -0.7047 -0.0034 -0.7094
vn 0.2589 -0.0000 0.9659
vn 0.0653 -0.0000 0.9979
vn -0.0000 0.5739 0.8190
vn -0.0000 0.9487 0.3160
vn 0.7189 -0.0026 -0.6951
vn 0.6800 -0.0033 -0.7332
vn -0.0000 0.0654 -0.9979
vn -0.0034 -0.9927 -0.1204
vn -0.0001 -0.7071 -0.7071
vn 0.9986 0.0009 -0.0524
vn -0.0000 -0.7245 -0.6893
vn 0.0001 -0.9974 -0.0720
vn 0.0002 -0.9751 -0.2217
vn -0.0001 -0.7733 -0.6340
vn 0.0001 -0.7352 -0.6778
vn -0.9784 -0.1461 -0.1461
vn -0.9991 -0.0161 -0.0402
vn 0.0002 -0.9190 -0.3943
vn -0.0000 -0.7070 -0.7072
vn -0.3123 -0.6712 -0.6723
vn -0.3609 -0.6593 -0.6596
vn -0.0037 -0.9557 -0.2943
vn -0.0043 -0.9548 -0.2972
vn -1.0000 0.0040 0.0040
vn -1.0000 0.0071 0.0022
vn -1.0000 0.0021 0.0071
vn -0.6866 -0.7270 -0.0000
vn -0.6851 -0.7255 -0.0660
vn -0.7652 0.2463 0.5948
vn -0.5106 -0.0000 0.8598
vn -0.5106 0.3290 0.7944
vn -0.2261 0.6888 0.6888
vn -0.2261 0.3728 0.9000
vn -0.2261 -0.0000 0.9741
vn -0.6742 -0.0000 -0.7386
vn -1.0000 -0.0071 0.0022
vn -1.0000 -0.0040 0.0040
vn -1.0000 -0.0023 0.0071
vn -0.6866 0.7271 -0.0000
vn -0.6851 0.7255 -0.0660
vn -0.7652 -0.5948 0.2464
vn -0.5106 -0.8598 -0.0000
vn -0.5106 -0.7944 0.3291
vn -0.9606 -0.2569 0.1065
vn -0.9604 -0.1971 0.1971
vn -0.9606 -0.0000 0.2781
vn -0.7653 -0.0000 0.6437
vn -0.7652 0.5948 0.2464
vn -0.9604 0.1971 0.1971
vn -0.7650 0.4554 0.4554
vn -0.5106 -0.6080 0.6080
vn -0.5106 -0.7944 0.3290
vn -0.2261 -0.6888 0.6888
vn -0.2261 -0.9000 0.3728
vn -0.0767 0.3816 0.9212
vn -0.5106 0.6080 0.6080
vn -0.5106 0.3291 0.7944
vn -0.7652 -0.2463 0.5948
vn -0.5106 -0.3290 0.7944
vn -0.9605 0.1064 0.2570
vn -1.0000 0.0071 -0.0022
vn -1.0000 0.0040 -0.0040
vn -1.0000 0.0022 -0.0071
vn -0.6851 -0.7255 0.0660
vn -0.6742 -0.0000 0.7386
vn -1.0000 -0.0040 -0.0040
vn -1.0000 -0.0072 -0.0025
vn -1.0000 -0.0022 -0.0071
vn -0.6851 0.7255 0.0660
vn -0.6742 -0.0000 0.7385
vn -0.5106 0.8598 -0.0000
vn -0.5106 0.7944 0.3291
vn -0.0767 0.9971 -0.0000
vn -0.2261 0.9000 0.3728
vn -0.0767 0.9212 0.3815
vn -0.0767 -0.0000 0.9971
vn -0.2260 0.3728 0.9000
vn -0.2261 -0.3728 0.9000
vn -0.9606 0.2569 0.1064
vn -0.0767 -0.7050 0.7050
vn -0.0767 -0.3816 0.9212
vn -0.0767 0.7050 0.7050
vn -0.7653 -0.4552 0.4552
vn -0.2260 0.9000 0.3728
vn -0.5106 -0.6080 -0.6080
vn -0.7652 -0.5948 -0.2464
vn -0.7650 -0.4554 -0.4554
vn -0.9606 -0.0000 0.2780
vn -0.7652 -0.2463 0.5947
vn -0.9606 -0.0000 -0.2781
vn -0.7652 0.2463 -0.5948
vn -0.7653 -0.0000 -0.6437
vn -0.9603 0.2788 -0.0000
vn -0.9606 0.2569 0.1065
vn -0.0767 0.3816 -0.9212
vn -0.2261 0.6888 -0.6888
vn -0.0767 0.7050 -0.7050
vn -0.5105 0.3290 -0.7944
vn -0.7650 0.4554 -0.4554
vn -0.5105 0.6080 -0.6080
vn -0.2261 -0.9741 -0.0000
vn -0.5106 -0.3291 -0.7944
vn -0.7652 -0.2463 -0.5948
vn -0.9605 0.1967 -0.1968
vn -0.5106 -0.0000 -0.8598
vn -0.2260 0.3728 -0.9000
vn -0.2260 -0.0000 -0.9741
vn -0.9605 -0.1064 0.2570
vn -0.0767 -0.9971 -0.0000
vn -0.0767 -0.9212 0.3816
vn -0.5105 0.3291 -0.7944
vn -0.5106 0.3290 -0.7944
vn -0.9604 0.2573 -0.1067
vn -0.5106 0.7944 0.3290
vn -0.9605 0.1064 -0.2570
vn -0.5105 0.7944 -0.3290
vn -1.0000 -0.0022 0.0072
vn -0.0767 -0.0000 -0.9971
vn -0.2261 0.3728 -0.9000
vn -0.0767 0.3815 -0.9212
vn -0.9605 0.1968 -0.1967
vn -0.9603 -0.2788 -0.0000
vn -0.2261 0.9000 -0.3728
vn -1.0000 0.0022 -0.0072
vn -0.0767 0.9212 -0.3816
vn -0.5106 0.7944 -0.3291
vn -0.2261 0.9741 -0.0000
vn -0.2261 -0.3728 -0.9000
vn -0.5106 -0.3290 -0.7944
vn -0.5106 0.7944 -0.3290
vn -0.7653 0.6436 -0.0000
vn -0.0767 0.9212 -0.3815
vn -0.9605 -0.1968 -0.1968
vn -0.9606 -0.1064 -0.2569
vn -0.7653 -0.2463 -0.5947
vn -0.5105 -0.0000 -0.8599
vn -1.0000 -0.0000 0.0094
vn -0.9604 -0.2788 -0.0000
vn -0.9606 -0.2569 -0.1065
vn -1.0000 -0.0024 -0.0072
vn -0.0767 -0.3815 -0.9212
vn -0.2261 -0.0000 -0.9741
vn -0.2261 -0.6888 -0.6888
vn -0.5106 -0.7944 -0.3290
vn -0.9605 0.1967 -0.1967
vn -0.7652 0.5948 -0.2463
vn -0.9606 -0.2569 -0.1064
vn -0.0767 -0.7050 -0.7050
vn -0.0767 -0.3816 -0.9212
vn -0.5105 0.6080 0.6080
vn -0.2261 -0.9000 -0.3728
vn -0.7650 -0.6440 -0.0000
vn -0.0767 -0.9212 -0.3816
vn -0.9604 0.2788 -0.0000
vn -1.0000 -0.0000 -0.0095
vn -1.0000 0.0018 0.0069
vn -0.6866 -0.7271 -0.0000
vn -0.6742 -0.0000 -0.7385
vn -1.0000 -0.0072 0.0025
vn -1.0000 -0.0021 0.0071
vn -0.6866 0.7270 -0.0000
vn -0.9604 -0.2573 0.1067
vn -0.9605 -0.1967 0.1966
vn -0.9605 0.1968 0.1968
vn -0.7653 0.4551 0.4551
vn -0.5105 -0.7944 0.3291
vn -0.7650 -0.4554 0.4554
vn -1.0000 0.0073 -0.0026
vn -1.0000 0.0018 -0.0069
vn -1.0000 -0.0035 -0.0035
vn -1.0000 -0.0071 -0.0022
vn -1.0000 -0.0021 -0.0070
vn -0.5105 0.7944 0.3291
vn -0.7653 0.6437 -0.0000
vn -0.7653 -0.2463 0.5948
vn -0.2260 0.9741 -0.0000
vn -0.9605 -0.1967 0.1967
vn -0.5105 -0.6080 -0.6080
vn -0.7653 0.2463 -0.5948
vn -0.0766 -0.3816 0.9212
vn -0.0766 0.3816 -0.9212
vn -0.5106 0.6080 -0.6080
vn -0.5105 -0.7944 0.3290
vn -0.2260 -0.9741 -0.0000
vn -0.9605 0.1968 -0.1968
vn -0.5106 0.3291 -0.7944
vn -0.9606 -0.1966 0.1967
vn -0.0766 -0.9971 -0.0000
vn -0.0767 -0.9212 0.3815
vn -0.9606 0.2568 -0.1065
vn -1.0000 -0.0021 0.0072
vn -0.9606 -0.1064 0.2569
vn -0.9606 0.2569 -0.1064
vn -1.0000 -0.0073 0.0025
vn -0.2260 0.9000 -0.3728
vn -1.0000 0.0018 -0.0070
vn -0.9606 0.1064 -0.2569
vn -0.9604 -0.1971 -0.1971
vn -0.9605 -0.1064 -0.2570
vn -1.0000 0.0018 0.0070
vn -1.0000 -0.0000 0.0096
vn -0.2260 -0.9000 -0.3728
vn -0.7652 0.5948 -0.2464
vn -0.9606 -0.2568 -0.1065
vn -0.0766 -0.3816 -0.9212
vn -0.2260 -0.6888 -0.6888
vn -0.5106 -0.7944 -0.3291
vn -0.5105 -0.8599 -0.0000
vn -0.5105 -0.7944 -0.3290
vn -1.0000 0.0072 0.0022
vn -0.9606 0.1064 0.2570
vn -0.0767 -0.9212 -0.3815
vn -1.0000 -0.0021 -0.0071
vn -1.0000 -0.0000 -0.0094
vn -1.0000 0.0073 0.0026
vn -1.0000 -0.0018 0.0069
vn -0.7653 -0.6437 -0.0000
vn -0.9606 -0.2569 0.1064
vn -0.9605 -0.1969 0.1969
vn -0.0766 0.3816 0.9212
vn -0.2260 0.6888 0.6888
vn -0.7653 0.4551 0.4552
vn -0.7652 -0.4552 0.4552
vn -0.9606 0.1064 0.2569
vn -1.0000 0.0072 -0.0025
vn -0.7652 0.6437 -0.0000
vn -0.7652 0.5948 0.2463
vn -0.0766 0.7050 0.7050
vn -0.7652 -0.5947 -0.2464
vn -0.7653 -0.4551 -0.4551
vn -0.9606 -0.1064 0.2570
vn -0.2260 0.6888 -0.6888
vn -0.9604 0.1971 -0.1971
vn -0.2260 -0.9000 0.3728
vn -0.0766 -0.9212 0.3816
vn -0.9605 0.2572 -0.1066
vn -1.0000 -0.0018 0.0070
vn -1.0000 -0.0073 0.0022
vn -0.9605 -0.2783 -0.0000
vn -0.2260 -0.6888 0.6888
vn -1.0000 -0.0023 -0.0071
vn -1.0000 -0.0073 -0.0025
vn -0.2260 -0.3728 -0.9000
vn -0.9605 -0.2782 -0.0000
vn -0.0766 -0.9212 -0.3816
vn -1.0000 0.0074 0.0026
vn -0.9606 0.2568 0.1065
vn -1.0000 0.0022 0.0070
vn -1.0000 -0.0022 -0.0072
vn 1.0000 0.0072 0.0025
vn 1.0000 0.0040 0.0040
vn 1.0000 0.0018 0.0069
vn 0.6866 -0.7270 -0.0000
vn 0.6851 -0.7255 -0.0661
vn 0.6851 -0.7255 -0.0660
vn 0.5106 -0.0000 0.8598
vn 0.7653 0.2463 0.5947
vn 0.5105 0.3290 0.7944
vn 0.5105 0.3291 0.7944
vn 0.2261 0.6888 0.6888
vn 0.2260 0.3728 0.9000
vn 0.2261 -0.0000 0.9741
vn 0.6742 -0.0000 -0.7386
vn 1.0000 -0.0040 0.0040
vn 1.0000 -0.0073 0.0026
vn 1.0000 -0.0018 0.0069
vn 0.6866 0.7270 -0.0000
vn 0.6851 0.7255 -0.0661
vn 0.5106 -0.7944 0.3291
vn 0.7650 -0.6440 -0.0000
vn 0.7652 -0.5948 0.2464
vn 0.9605 -0.2572 0.1066
vn 0.9605 -0.1967 0.1967
vn 0.9606 -0.0000 0.2780
vn 0.7652 0.2463 0.5948
vn 0.7653 -0.0000 0.6437
vn 0.9604 0.1971 0.1971
vn 0.7652 0.5948 0.2464
vn 0.7650 0.4554 0.4554
vn 0.5105 -0.6080 0.6080
vn 0.7652 -0.5948 0.2463
vn 0.7653 -0.4552 0.4552
vn 0.2261 -0.6888 0.6888
vn 0.5106 -0.7944 0.3290
vn 0.5106 -0.6080 0.6080
vn 0.0767 0.3816 0.9212
vn 0.0767 0.7050 0.7050
vn 0.5106 0.3290 0.7944
vn 0.5105 0.6080 0.6080
vn 0.5105 -0.3290 0.7944
vn 0.7652 -0.2463 0.5948
vn 1.0000 0.0040 -0.0040
vn 1.0000 0.0073 -0.0026
vn 1.0000 0.0018 -0.0069
vn 0.6851 -0.7255 0.0661
vn 0.6742 -0.0000 0.7385
vn 1.0000 -0.0073 -0.0026
vn 1.0000 -0.0040 -0.0040
vn 1.0000 -0.0018 -0.0069
vn 0.6851 0.7255 0.0660
vn 0.6742 -0.0000 0.7386
vn 0.5106 0.7944 0.3290
vn 0.7650 0.6440 -0.0000
vn 0.5106 0.8598 -0.0000
vn 0.0767 0.9212 0.3815
vn 0.2261 0.9741 -0.0000
vn 0.0767 0.9971 -0.0000
vn 0.0767 -0.0000 0.9971
vn 0.2261 0.3728 0.9000
vn 0.0767 0.3815 0.9212
vn 0.2261 -0.3728 0.9000
vn 0.5106 -0.3290 0.7944
vn 0.9606 0.2569 0.1064
vn 0.0767 -0.7050 0.7050
vn 0.0767 -0.3816 0.9212
vn 0.0767 0.9212 0.3816
vn 0.9606 -0.1064 0.2569
vn 0.2260 0.9000 0.3728
vn 0.2260 0.9741 -0.0000
vn 0.7650 -0.4554 -0.4554
vn 0.5106 -0.7944 -0.3290
vn 0.5106 -0.6080 -0.6080
vn 0.2260 -0.0000 0.9741
vn 0.5105 -0.0000 0.8599
vn 0.7652 0.2463 -0.5948
vn 0.9606 -0.0000 -0.2780
vn 0.7653 -0.0000 -0.6437
vn 0.9605 0.2784 -0.0000
vn 0.0767 -0.3815 0.9212
vn 0.0767 0.3816 -0.9212
vn 0.2261 0.6888 -0.6888
vn 0.2260 0.3728 -0.9000
vn 0.5105 0.6080 -0.6080
vn 0.5105 0.3290 -0.7944
vn 0.2261 -0.9000 0.3728
vn 0.5105 -0.8598 -0.0000
vn 0.7652 -0.2463 -0.5948
vn 0.5105 -0.3290 -0.7944
vn 0.9605 0.1968 -0.1968
vn 0.9606 0.1064 -0.2569
vn 0.2261 0.3728 -0.9000
vn 0.5105 -0.0000 -0.8599
vn 0.2261 -0.0000 -0.9741
vn 0.9605 -0.1064 0.2570
vn 1.0000 -0.0019 0.0070
vn 0.0767 -0.9212 0.3816
vn 0.2261 -0.9741 -0.0000
vn 0.2260 0.6888 -0.6888
vn 0.5106 0.3290 -0.7944
vn 0.5105 -0.0000 -0.8598
vn 1.0000 0.0078 -0.0025
vn 0.9606 0.2569 -0.1065
vn 0.5106 0.6080 0.6080
vn 0.9606 0.1063 -0.2569
vn 0.5106 0.7944 -0.3290
vn 0.7650 0.4554 -0.4554
vn 1.0000 -0.0000 0.0095
vn 0.0767 -0.0000 -0.9971
vn 0.5105 -0.3291 -0.7944
vn 0.7652 -0.2463 -0.5947
vn 0.9606 0.2569 -0.1064
vn 0.9604 -0.2788 -0.0000
vn 0.5105 0.7944 -0.3291
vn 0.5106 0.6080 -0.6080
vn 1.0000 0.0018 -0.0070
vn 1.0000 -0.0000 -0.0095
vn 0.0767 0.7050 -0.7050
vn 0.2260 0.9000 -0.3728
vn 0.2261 0.9000 -0.3728
vn 0.5106 0.7944 -0.3291
vn 0.2261 -0.3728 -0.9000
vn 0.2261 -0.6888 -0.6888
vn 0.7652 0.5948 -0.2464
vn 0.0767 0.9212 -0.3815
vn 0.9605 -0.1968 -0.1968
vn 0.2260 -0.0000 -0.9741
vn 0.9606 0.1064 0.2569
vn 0.7652 -0.5948 -0.2464
vn 0.9603 -0.2788 -0.0000
vn 0.9606 -0.1064 -0.2569
vn 0.0767 -0.3816 -0.9212
vn 0.2261 -0.9000 -0.3728
vn 0.9605 -0.2572 -0.1066
vn 0.0767 -0.7050 -0.7050
vn 0.7652 -0.5948 -0.2463
vn 0.5106 -0.8598 -0.0000
vn 0.5106 -0.7944 -0.3291
vn 0.0767 -0.9212 -0.3815
vn 0.9605 0.2783 -0.0000
vn 0.9606 0.2569 0.1065
vn 0.9606 0.2568 -0.1065
vn 0.0767 -0.9971 -0.0000
vn 0.0767 -0.9212 -0.3816
vn 1.0000 0.0071 0.0022
vn 1.0000 0.0021 0.0070
vn 0.6866 -0.7271 -0.0000
vn 0.5106 0.3291 0.7944
vn 0.2260 0.6888 0.6888
vn 0.6742 -0.0000 -0.7385
vn 1.0000 -0.0072 0.0025
vn 1.0000 -0.0021 0.0071
vn 0.6866 0.7271 -0.0000
vn 0.6851 0.7255 -0.0660
vn 0.5105 -0.7944 0.3290
vn 0.9604 -0.1971 0.1971
vn 0.9606 -0.0000 0.2781
vn 0.9605 0.1969 0.1969
vn 0.7650 -0.4554 0.4554
vn 0.2260 -0.9000 0.3728
vn 0.0766 0.3816 0.9212
vn 0.5106 -0.3291 0.7944
vn 1.0000 0.0071 -0.0022
vn 0.6851 -0.7255 0.0660
vn 1.0000 -0.0071 -0.0022
vn 0.5105 0.7944 0.3290
vn 0.5105 -0.3291 0.7944
vn 0.9606 0.2568 0.1065
vn 0.0766 -0.3816 0.9212
vn 0.2260 -0.6888 0.6888
vn 0.2261 0.9000 0.3728
vn 0.5106 0.7944 0.3291
vn 0.5105 -0.6080 -0.6080
vn 0.5105 -0.7944 -0.3290
vn 0.9604 0.2788 -0.0000
vn 0.7653 0.2463 -0.5947
vn 0.2260 -0.9741 -0.0000
vn 0.5106 -0.3290 -0.7944
vn 0.9604 0.1971 -0.1971
vn 0.5106 0.3291 -0.7944
vn 0.5106 -0.0000 -0.8598
vn 0.0767 -0.9212 0.3815
vn 0.5105 0.3291 -0.7944
vn 1.0000 0.0070 -0.0022
vn 1.0000 0.0019 -0.0070
vn 0.7652 0.5947 -0.2464
vn 1.0000 -0.0021 0.0070
vn 0.5106 -0.3291 -0.7944
vn 1.0000 0.0039 -0.0040
vn 0.9605 -0.2571 0.1066
vn 1.0000 0.0017 -0.0070
vn 1.0000 -0.0000 -0.0094
vn 0.0766 0.9971 -0.0000
vn 0.7653 -0.2463 -0.5948
vn 0.9606 -0.0000 -0.2781
vn 1.0000 0.0021 0.0071
vn 0.7652 -0.5947 -0.2464
vn 0.0766 -0.3816 -0.9212
vn 1.0000 -0.0039 -0.0040
vn 0.9604 -0.2573 -0.1067
vn 0.9604 -0.2572 -0.1067
vn 0.5105 -0.7944 -0.3291
vn 0.5105 -0.8599 -0.0000
vn 0.9605 0.1064 0.2570
vn 1.0000 -0.0018 -0.0071
vn 0.9606 -0.1064 -0.2570
vn 1.0000 -0.0071 0.0022
vn 1.0000 -0.0039 0.0040
vn 0.9605 -0.1968 0.1968
vn 0.9605 0.1967 0.1966
vn 0.9606 0.1966 0.1966
vn 0.7652 0.5948 0.2463
vn 0.2260 -0.3728 0.9000
vn 1.0000 0.0039 0.0040
vn 0.9605 0.2572 0.1066
vn 0.9603 0.2788 -0.0000
vn 0.7653 0.6437 -0.0000
vn 0.0766 -0.0000 0.9971
vn 0.0766 0.3816 -0.9212
vn 0.9606 0.1966 -0.1967
vn 1.0000 -0.0040 0.0039
vn 0.0766 -0.9212 0.3816
vn 0.9605 0.1064 -0.2570
vn 1.0000 -0.0017 0.0070
vn 1.0000 -0.0000 0.0094
vn 0.9605 0.1967 -0.1967
vn 0.0766 0.7050 -0.7050
vn 0.7652 0.6437 -0.0000
vn 0.7652 0.5948 -0.2463
vn 0.9605 -0.1967 -0.1967
vn 1.0000 0.0019 0.0080
vn 0.9606 0.1064 0.2570
vn 0.9606 0.1966 -0.1966
vn 0.9606 -0.2569 -0.1065
vn 0.2260 -0.6888 -0.6888
vn 0.0766 -0.9212 -0.3816
vn 0.5000 -0.0000 0.8661
vn -0.5000 -0.0000 0.8661
vn -0.5000 -0.0000 -0.8661
vn -0.0000 0.9970 0.0780
vn 0.0001 -0.7071 -0.7071
vn 0.0001 -0.8660 -0.5000
vn 0.7136 0.3308 -0.6176
vn -0.0000 -0.7244 -0.6893
vn -0.0096 -0.9049 -0.4256
vn 0.0005 -1.0000 -0.0030
vn -0.0000 -0.7791 -0.6270
vn -0.0000 0.9921 -0.1254
vn 0.5072 -0.0000 -0.8619
vn -0.0000 0.4722 -0.8815
vn 0.2014 -0.6903 -0.6949
vn -0.0001 -0.8660 -0.5000
vn -0.4904 0.4115 -0.7682
vn 0.3609 -0.6593 -0.6597
vn -0.0001 -0.9659 -0.2588
vn 0.5537 -0.5871 -0.5906
vn -0.0000 -0.9976 -0.0690
vn -0.9517 -0.0083 -0.3070
vn -0.0001 -0.9974 -0.0719
vn 0.9517 -0.0083 -0.3070
vn -0.7189 -0.0025 -0.6951
vn -0.2399 -0.0040 -0.9708
vn 0.7048 -0.0035 -0.7094
vn -0.0033 -0.9735 -0.2289
vn 0.1276 0.4684 -0.8743
vn 0.0003 -0.8477 -0.5305
vn 0.4904 0.4116 -0.7682
vn 0.5159 0.2086 -0.8308
vn -0.0002 -0.9752 -0.2214
vn -0.0002 -0.9189 -0.3945
vn -0.0011 -0.9993 -0.0361
vn -0.0010 -0.9994 -0.0341
vn -0.0034 -0.9927 -0.1203
vn 0.3123 -0.6712 -0.6723
vn 0.3607 -0.6609 -0.6581
vn 0.2014 -0.6915 -0.6938
vn -0.9981 -0.0042 -0.0613
vn -0.6800 -0.0034 -0.7332
vn -0.5809 -0.0017 -0.8139
vn -0.5159 0.2085 -0.8308
vn -0.7477 0.1616 -0.6441
vn 0.6203 -0.5534 -0.5559
vn -0.9764 -0.0000 0.2161
vn 0.0001 -0.9999 -0.0113
vn 0.9538 -0.0000 0.3006
vn -0.7477 0.1617 -0.6440
vn -0.1499 -0.6977 -0.7005
vn -0.7367 -0.4758 -0.4804
vn -0.4730 -0.6218 -0.6243
vn 0.9524 -0.0003 -0.3049
vn 0.4903 0.4116 -0.7683
vn -0.7551 0.0018 -0.6556
vn -0.7048 -0.0035 -0.7094
vn -0.0010 -0.9993 -0.0361
vn -0.0000 -0.9921 -0.1254
vn -0.0001 -0.5000 -0.8660
vn 0.0002 -0.9190 -0.3944
vn -0.0000 -0.7077 -0.7065
vn -0.0000 -0.7076 -0.7066
vn -0.0000 -0.7069 -0.7074
vn -0.2014 -0.6914 -0.6938
vn -0.0036 -0.9557 -0.2942
vn -0.7652 -0.0000 0.6437
vn -0.5105 0.3291 0.7944
vn -0.5105 -0.0000 0.8599
vn -1.0000 -0.0071 0.0023
vn -0.7652 -0.5948 0.2463
vn -0.6867 -0.7270 -0.0000
vn -0.5105 -0.0000 0.8598
vn -0.0767 0.9212 0.3816
vn -0.2260 -0.0000 0.9741
vn -0.0767 -0.3815 0.9212
vn -0.5105 -0.0000 -0.8598
vn -1.0000 0.0074 -0.0021
vn -1.0000 0.0100 -0.0001
vn -1.0000 0.0024 -0.0072
vn -1.0000 -0.0000 0.0095
vn -1.0000 -0.0022 0.0071
vn -1.0000 0.0071 -0.0023
vn -1.0000 -0.0100 -0.0000
vn -0.5105 -0.3290 -0.7944
vn -1.0000 0.0021 0.0072
vn -1.0000 -0.0072 -0.0024
vn -1.0000 -0.0100 -0.0001
vn -0.5105 -0.8598 -0.0000
vn -1.0000 0.0100 -0.0000
vn -0.5105 -0.6080 0.6080
vn -0.5106 -0.3291 0.7944
vn -0.5105 0.8599 -0.0000
vn -0.0766 0.9971 -0.0000
vn -0.0766 0.3815 0.9212
vn -0.5105 0.8598 -0.0000
vn -0.5105 0.7944 0.3290
vn -0.5105 -0.7944 -0.3291
vn -1.0000 0.0019 -0.0070
vn -0.5105 0.7944 -0.3291
vn -1.0000 -0.0020 0.0071
vn -0.7652 -0.0000 -0.6437
vn -1.0000 0.0079 -0.0043
vn -0.9606 0.2569 -0.1065
vn -1.0000 -0.0100 0.0001
vn -1.0000 0.0017 -0.0070
vn -0.9606 -0.0000 -0.2780
vn -1.0000 -0.0036 -0.0035
vn -0.7652 -0.5947 0.2464
vn -1.0000 0.0073 0.0027
vn -0.2260 -0.3728 0.9000
vn -0.7652 -0.5948 -0.2463
vn -0.0766 -0.3815 0.9212
vn -1.0000 -0.0020 0.0070
vn -0.9606 0.0001 0.2781
vn -0.0766 -0.0000 -0.9971
vn -1.0000 0.0073 -0.0027
vn -0.0766 0.7050 -0.7050
vn -1.0000 0.0018 0.0074
vn -1.0000 -0.0039 -0.0039
vn -0.0766 -0.7050 -0.7050
vn -1.0000 0.0100 0.0001
vn 0.6867 -0.7270 -0.0000
vn 0.6851 -0.7254 -0.0661
vn 1.0000 -0.0073 0.0027
vn 0.7653 0.2463 0.5948
vn 0.7652 -0.4552 0.4552
vn 1.0000 0.0072 0.0026
vn 0.7652 -0.2463 0.5947
vn 0.7653 -0.2463 0.5948
vn 1.0000 0.0100 -0.0000
vn 1.0000 -0.0018 0.0070
vn 1.0000 0.0073 -0.0027
vn 0.9999 -0.0103 0.0001
vn 0.0767 0.9212 -0.3816
vn 0.5105 0.8598 -0.0000
vn 0.9606 -0.1063 -0.2569
vn 1.0000 -0.0022 -0.0071
vn 0.0767 -0.3815 -0.9212
vn 1.0000 -0.0079 -0.0043
vn 0.9999 -0.0103 -0.0001
vn 1.0000 0.0073 0.0025
vn 1.0000 0.0100 0.0002
vn 1.0000 0.0022 0.0071
vn 1.0000 -0.0017 -0.0070
vn 0.5105 -0.0000 0.8598
vn 0.5105 0.8599 -0.0000
vn 0.9606 0.2568 0.1064
vn 0.7652 -0.5947 0.2464
vn 0.7653 -0.2463 -0.5947
vn 0.7653 0.2463 -0.5948
vn 0.5105 0.7944 0.3291
vn 0.5105 0.7944 -0.3290
vn 0.0766 0.3815 -0.9212
vn 0.9606 0.2568 -0.1064
vn 0.9999 -0.0103 -0.0000
vn 0.9606 0.1064 -0.2570
vn 1.0000 -0.0019 -0.0070
vn 0.2260 -0.9000 -0.3728
vn 0.0766 -0.9971 -0.0000
vn 1.0000 -0.0071 0.0023
vn 0.9605 0.1967 0.1967
vn 0.9606 0.1967 0.1966
vn 0.6867 0.7270 -0.0000
vn 0.0766 0.7050 0.7050
vn 0.7653 -0.2463 0.5947
vn 0.9999 0.0103 -0.0001
vn 0.9605 0.1967 -0.1966
vn 1.0000 -0.0100 -0.0000
vn 1.0000 0.0019 -0.0081
vn 1.0000 0.0017 0.0070
vn 1.0000 -0.0015 -0.0068
vn 1.0000 -0.0040 -0.0039
vn 1.0000 -0.0077 -0.0038
vn 1.0000 -0.0100 -0.0002
vn 0.0766 -0.7050 -0.7050
vn 0.9999 0.0103 0.0001
vn 1.0000 0.0019 0.0070
vt 0.106264 0.359682
vt 0.106711 0.356282
vt 0.118926 0.392840
vt 0.108021 0.353113
vt 0.223906 0.395978
vt 0.130342 0.395939
vt 0.119383 0.346534
vt 0.121986 0.392448
vt 0.110106 0.350391
vt 0.112823 0.348301
vt 0.116073 0.394007
vt 0.113621 0.395871
vt 0.111736 0.398304
vt 0.229213 0.415747
vt 0.232273 0.416149
vt 0.234900 0.435850
vt 0.874883 0.384026
vt 0.788214 0.361440
vt 0.874883 0.361440
vt 0.238300 0.435402
vt 0.235331 0.415746
vt 0.241468 0.434089
vt 0.248031 0.422710
vt 0.240630 0.412686
vt 0.242509 0.410239
vt 0.226353 0.394101
vt 0.229202 0.392921
vt 0.234903 0.346575
vt 0.628711 0.904911
vt 0.609784 0.924474
vt 0.604527 0.919216
vt 0.110547 0.401138
vt 0.110119 0.404335
vt 0.106161 0.422715
vt 0.110521 0.407391
vt 0.111700 0.410240
vt 0.113579 0.412687
vt 0.106614 0.426118
vt 0.116029 0.414565
vt 0.107931 0.429288
vt 0.132217 0.398393
vt 0.222029 0.398426
vt 0.220850 0.401276
vt 0.127895 0.394051
vt 0.115987 0.346986
vt 0.232259 0.392518
vt 0.125045 0.392861
vt 0.317673 0.750240
vt 0.302214 0.758773
vt 0.314922 0.746654
vt 0.244188 0.432000
vt 0.238183 0.414565
vt 0.246274 0.429279
vt 0.243690 0.407389
vt 0.244094 0.404331
vt 0.248031 0.359707
vt 0.243660 0.401271
vt 0.242483 0.398423
vt 0.240608 0.395977
vt 0.238163 0.394100
vt 0.247584 0.356310
vt 0.235315 0.392920
vt 0.110023 0.432010
vt 0.247585 0.426110
vt 0.238301 0.347023
vt 0.241468 0.348336
vt 0.468423 0.615419
vt 0.430333 0.737997
vt 0.430333 0.585640
vt 0.244187 0.350423
vt 0.246273 0.353143
vt 0.112748 0.434096
vt 0.118883 0.415745
vt 0.115920 0.435406
vt 0.121946 0.416147
vt 0.125009 0.415744
vt 0.119323 0.435850
vt 0.127864 0.414563
vt 0.130316 0.412682
vt 0.132200 0.410230
vt 0.223914 0.412689
vt 0.222035 0.410242
vt 0.133386 0.407376
vt 0.133394 0.401249
vt 0.226362 0.414567
vt 0.200151 0.245996
vt 0.196574 0.243224
vt 0.200173 0.243244
vt 0.220449 0.404334
vt 0.220853 0.407392
vt 0.676949 0.130247
vt 0.673802 0.127236
vt 0.677227 0.127513
vt 0.673823 0.124617
vt 0.677377 0.124763
vt 0.673768 0.121933
vt 0.677463 0.121986
vt 0.677454 0.119201
vt 0.673848 0.119227
vt 0.677376 0.113755
vt 0.673889 0.116525
vt 0.673932 0.113828
vt 0.160035 0.272228
vt 0.168336 0.274410
vt 0.160337 0.275273
vt 0.677291 0.092007
vt 0.673719 0.089226
vt 0.677369 0.089282
vt 0.677311 0.108331
vt 0.673748 0.111108
vt 0.673822 0.108385
vt 0.200228 0.273319
vt 0.196554 0.270631
vt 0.200210 0.270596
vt 0.677248 0.102907
vt 0.673637 0.100186
vt 0.677285 0.100193
vt 0.677262 0.097467
vt 0.673764 0.097450
vt 0.673656 0.094705
vt 0.677325 0.094735
vt 0.159362 0.260041
vt 0.167655 0.262824
vt 0.159420 0.263125
vt 0.165426 0.296365
vt 0.170592 0.290523
vt 0.171228 0.292918
vt 0.200092 0.262466
vt 0.196517 0.265182
vt 0.196646 0.262452
vt 0.677409 0.083818
vt 0.673893 0.086492
vt 0.673835 0.083773
vt 0.677428 0.116458
vt 0.677416 0.081045
vt 0.673675 0.078314
vt 0.677403 0.078236
vt 0.677293 0.075435
vt 0.673712 0.075610
vt 0.673663 0.105654
vt 0.677293 0.105616
vt 0.638964 0.072769
vt 0.646693 0.071804
vt 0.646141 0.074370
vt 0.161439 0.232476
vt 0.169214 0.231439
vt 0.168681 0.234022
vt 0.636744 0.091002
vt 0.644696 0.094276
vt 0.636609 0.094034
vt 0.200119 0.257037
vt 0.196423 0.254227
vt 0.200155 0.254262
vt 0.200106 0.251503
vt 0.196574 0.251468
vt 0.196488 0.248710
vt 0.200171 0.248752
vt 0.196650 0.245958
vt 0.160043 0.241616
vt 0.168268 0.239561
vt 0.167896 0.242379
vt 0.196496 0.240482
vt 0.200158 0.240452
vt 0.677366 0.086550
vt 0.159432 0.250816
vt 0.167432 0.254003
vt 0.159334 0.253857
vt 0.200240 0.276001
vt 0.196691 0.273352
vt 0.676854 0.069923
vt 0.673675 0.072969
vt 0.673559 0.070401
vt 0.199488 0.229273
vt 0.195819 0.227326
vt 0.199016 0.226347
vt 0.199841 0.289602
vt 0.196329 0.291507
vt 0.196633 0.289161
vt 0.196712 0.286642
vt 0.200099 0.286900
vt 0.196722 0.284048
vt 0.200232 0.284182
vt 0.196556 0.259734
vt 0.200107 0.259772
vt 0.196371 0.237737
vt 0.200119 0.237625
vt 0.196754 0.278708
vt 0.196835 0.276036
vt 0.133793 0.404313
vt 0.673765 0.102922
vt 0.200136 0.267879
vt 0.196652 0.267908
vt 0.200146 0.265171
vt 0.167553 0.256948
vt 0.159294 0.256950
vt 0.199791 0.232032
vt 0.196384 0.235019
vt 0.196322 0.232364
vt 0.677129 0.072671
vt 0.425262 0.750240
vt 0.428014 0.746654
vt 0.429743 0.581159
vt 0.204806 0.234490
vt 0.199983 0.234810
vt 0.167854 0.245268
vt 0.167584 0.248164
vt 0.017190 0.892257
vt 0.009762 0.939530
vt 0.009762 0.892257
vt 0.168442 0.236756
vt 0.152339 0.296585
vt 0.153228 0.299770
vt 0.321259 0.570646
vt 0.317673 0.573397
vt 0.931922 0.297007
vt 0.884648 0.149935
vt 0.931922 0.149935
vt 0.428014 0.576983
vt 0.644781 0.097218
vt 0.204351 0.292992
vt 0.199413 0.292448
vt 0.204712 0.267790
vt 0.626798 0.126852
vt 0.638130 0.121526
vt 0.638663 0.124524
vt 0.645281 0.082686
vt 0.645209 0.085565
vt 0.645680 0.079882
vt 0.645880 0.077090
vt 0.673777 0.081046
vt 0.313192 0.581159
vt 0.312602 0.585640
vt 0.147251 0.253737
vt 0.147246 0.257048
vt 0.169495 0.285470
vt 0.170091 0.288013
vt 0.647477 0.130914
vt 0.673379 0.132146
vt 0.648091 0.133330
vt 0.626828 0.070271
vt 0.638345 0.075747
vt 0.626241 0.073676
vt 0.204598 0.231559
vt 0.682091 0.075164
vt 0.645906 0.120351
vt 0.646135 0.123120
vt 0.645482 0.117561
vt 0.644750 0.108942
vt 0.645056 0.111832
vt 0.151468 0.293306
vt 0.164165 0.293200
vt 0.627453 0.130169
vt 0.639289 0.127475
vt 0.168467 0.277256
vt 0.204644 0.290036
vt 0.148239 0.236977
vt 0.147890 0.240367
vt 0.200286 0.278695
vt 0.204954 0.281437
vt 0.200307 0.281440
vt 0.329916 0.568326
vt 0.325435 0.568916
vt 0.147407 0.263656
vt 0.159585 0.266202
vt 0.147574 0.266954
vt 0.150625 0.223251
vt 0.162142 0.229395
vt 0.149869 0.226705
vt 0.292851 0.812474
vt 0.206183 0.881026
vt 0.206183 0.812474
vt 0.624497 0.097064
vt 0.636557 0.100212
vt 0.624502 0.100363
vt 0.681914 0.072247
vt 0.625766 0.120202
vt 0.637353 0.115475
vt 0.637732 0.118497
vt 0.185173 0.881026
vt 0.098505 0.812474
vt 0.185173 0.812474
vt 0.625057 0.083797
vt 0.636898 0.087965
vt 0.624826 0.087136
vt 0.628202 0.133482
vt 0.640018 0.130493
vt 0.204839 0.248766
vt 0.204882 0.245988
vt 0.624659 0.090455
vt 0.204954 0.240334
vt 0.196494 0.256993
vt 0.624549 0.093761
vt 0.636529 0.097122
vt 0.167635 0.265757
vt 0.167641 0.268668
vt 0.149222 0.230149
vt 0.160854 0.235484
vt 0.148680 0.233571
vt 0.204688 0.259737
vt 0.681838 0.100167
vt 0.677377 0.111050
vt 0.681985 0.113633
vt 0.204770 0.254293
vt 0.204792 0.251541
vt 0.681988 0.089322
vt 0.682053 0.086576
vt 0.628326 0.063458
vt 0.639664 0.069706
vt 0.627536 0.066871
vt 0.682179 0.080972
vt 0.629036 0.136793
vt 0.642210 0.136740
vt 0.629889 0.140009
vt 0.312602 0.737997
vt 0.204833 0.287140
vt 0.148082 0.273536
vt 0.148436 0.276834
vt 0.682178 0.078082
vt 0.681925 0.110934
vt 0.681896 0.094772
vt 0.681925 0.092058
vt 0.164263 0.892257
vt 0.171691 0.939530
vt 0.164263 0.939530
vt 0.682139 0.119142
vt 0.413020 0.568326
vt 0.314922 0.576983
vt 0.681855 0.097471
vt 0.329916 0.755311
vt 0.413020 0.755311
vt 0.646999 0.128384
vt 0.167975 0.271549
vt 0.625381 0.116879
vt 0.637092 0.112420
vt 0.169178 0.282785
vt 0.204756 0.270488
vt 0.644638 0.091348
vt 0.429743 0.742478
vt 0.425262 0.573397
vt 0.325435 0.754721
vt 0.313192 0.742478
vt 0.681881 0.108252
vt 0.681840 0.105562
vt 0.204671 0.262418
vt 0.640643 0.066641
vt 0.641893 0.063444
vt 0.647151 0.069269
vt 0.637832 0.078774
vt 0.673221 0.067950
vt 0.676413 0.067006
vt 0.196663 0.281391
vt 0.644818 0.103094
vt 0.636572 0.103298
vt 0.644910 0.088450
vt 0.167342 0.251071
vt 0.640977 0.133538
vt 0.644628 0.100155
vt 0.636693 0.106386
vt 0.644770 0.106028
vt 0.636901 0.109407
vt 0.645384 0.114705
vt 0.637464 0.081839
vt 0.637119 0.084885
vt 0.161757 0.284267
vt 0.168920 0.280030
vt 0.646425 0.125820
vt 0.159802 0.269217
vt 0.167434 0.259887
vt 0.164316 0.223071
vt 0.169653 0.228888
vt 0.163091 0.226303
vt 0.159549 0.247770
vt 0.160755 0.278280
vt 0.161189 0.281292
vt 0.160376 0.238534
vt 0.162415 0.287195
vt 0.163176 0.290186
vt 0.673802 0.091968
vt 0.159734 0.244678
vt 0.673705 0.129780
vt 0.648045 0.805754
vt 0.643907 0.885072
vt 0.643965 0.806290
vt 0.417501 0.754721
vt 0.421677 0.752991
vt 0.204725 0.257030
vt 0.147626 0.243737
vt 0.647755 0.066911
vt 0.150680 0.290023
vt 0.204853 0.275902
vt 0.625075 0.113561
vt 0.204932 0.284277
vt 0.147798 0.270245
vt 0.681832 0.102865
vt 0.148867 0.280135
vt 0.625756 0.077066
vt 0.625365 0.080441
vt 0.151476 0.219786
vt 0.629209 0.060034
vt 0.204685 0.265100
vt 0.725375 0.924452
vt 0.683362 0.766903
vt 0.725375 0.766903
vt 0.682146 0.124876
vt 0.204929 0.243187
vt 0.681644 0.069337
vt 0.147298 0.260355
vt 0.149381 0.283436
vt 0.149985 0.286734
vt 0.682126 0.083802
vt 0.204924 0.237424
vt 0.204297 0.228637
vt 0.147315 0.250420
vt 0.417501 0.568916
vt 0.681499 0.133715
vt 0.676494 0.133126
vt 0.681818 0.130719
vt 0.624561 0.103659
vt 0.624841 0.110250
vt 0.624676 0.106952
vt 0.321259 0.752991
vt 0.682179 0.121990
vt 0.017190 0.939530
vt 0.170239 0.226513
vt 0.196181 0.229785
vt 0.421677 0.570646
vt 0.204913 0.278639
vt 0.884648 0.297007
vt 0.931922 0.304435
vt 0.884648 0.304435
vt 0.292851 0.791464
vt 0.206183 0.791464
vt 0.204803 0.273197
vt 0.884648 0.142507
vt 0.147438 0.247089
vt 0.628173 0.900833
vt 0.651835 0.914469
vt 0.655102 0.911962
vt 0.683362 0.924452
vt 0.657610 0.908697
vt 0.632795 0.911973
vt 0.636061 0.914477
vt 0.657527 0.892938
vt 0.655030 0.889679
vt 0.655114 0.801678
vt 0.659192 0.794613
vt 0.659728 0.790534
vt 0.659191 0.786456
vt 0.628747 0.786448
vt 0.609833 0.766884
vt 0.630322 0.782648
vt 0.630288 0.908711
vt 0.657617 0.782655
vt 0.655113 0.779391
vt 0.651850 0.776885
vt 0.639865 0.916049
vt 0.643947 0.916584
vt 0.648030 0.916045
vt 0.630318 0.798407
vt 0.628745 0.794606
vt 0.604578 0.772134
vt 0.628209 0.790527
vt 0.632822 0.801671
vt 0.636085 0.804176
vt 0.639885 0.805751
vt 0.659189 0.904895
vt 0.659730 0.900815
vt 0.659197 0.896735
vt 0.636092 0.776881
vt 0.632828 0.779385
vt 0.657618 0.798414
vt 0.651774 0.887178
vt 0.647980 0.885607
vt 0.651848 0.804181
vt 0.648050 0.775310
vt 0.643971 0.774772
vt 0.639892 0.775308
vt 0.639834 0.885611
vt 0.636038 0.887186
vt 0.632779 0.889692
vt 0.630280 0.892956
vt 0.628707 0.896756
vt 0.730627 0.772155
vt 0.730627 0.919200
vt 0.682062 0.116357
vt 0.827608 0.105639
vt 0.874882 0.105639
vt 0.827609 0.179175
vt 0.874882 0.226448
vt 0.785588 0.179175
vt 0.785588 0.226448
vt 0.626236 0.123528
vt 0.468423 0.765699
vt 0.309140 0.765699
vt 0.302214 0.564864
vt 0.313861 0.881026
vt 0.292851 0.881026
vt 0.468423 0.557938
vt 0.309140 0.557938
vt 0.842637 0.057033
vt 0.842637 0.009760
vt 0.884658 0.057033
vt 0.931931 0.009760
vt 0.884658 0.130569
vt 0.931931 0.130569
vt 0.874882 0.340429
vt 0.780335 0.231701
vt 0.788214 0.340429
vt 0.780335 0.378773
vt 0.785588 0.384026
vt 0.682029 0.127782
vt 0.890449 0.353604
vt 0.909736 0.347417
vt 0.909736 0.353604
vt 0.203625 0.617586
vt 0.193243 0.623037
vt 0.193243 0.617586
vt 0.909736 0.430209
vt 0.890448 0.447496
vt 0.890448 0.430209
vt 0.909736 0.585788
vt 0.890448 0.568502
vt 0.909736 0.568502
vt 0.909736 0.516642
vt 0.890448 0.499356
vt 0.909736 0.499356
vt 0.909736 0.395636
vt 0.890448 0.378350
vt 0.909736 0.378350
vt 0.909736 0.412923
vt 0.890448 0.395636
vt 0.890448 0.412923
vt 0.909736 0.447496
vt 0.890448 0.464782
vt 0.890448 0.634593
vt 0.909735 0.628290
vt 0.909735 0.634593
vt 0.890448 0.640897
vt 0.909735 0.640897
vt 0.909736 0.609379
vt 0.890448 0.603075
vt 0.909736 0.603075
vt 0.944700 0.016070
vt 0.963987 0.009767
vt 0.963987 0.016070
vt 0.225772 0.483885
vt 0.248776 0.454745
vt 0.226462 0.486344
vt 0.944700 0.041285
vt 0.963987 0.034981
vt 0.963987 0.041285
vt 0.941724 0.410573
vt 0.922436 0.393285
vt 0.941724 0.393285
vt 0.118752 0.544129
vt 0.173259 0.508565
vt 0.173267 0.544128
vt 0.890448 0.647201
vt 0.909735 0.647201
vt 0.093230 0.465220
vt 0.095266 0.544130
vt 0.093233 0.544130
vt 0.944700 0.022373
vt 0.963987 0.022373
vt 0.944700 0.028677
vt 0.963987 0.028677
vt 0.729185 0.096993
vt 0.710932 0.096993
vt 0.716930 0.088346
vt 0.894281 0.832954
vt 0.896662 0.877321
vt 0.894178 0.879228
vt 0.752754 0.229276
vt 0.770512 0.234668
vt 0.751507 0.231266
vt 0.323623 0.865892
vt 0.427920 0.862759
vt 0.427920 0.865890
vt 0.963987 0.256094
vt 0.943937 0.255331
vt 0.944351 0.254791
vt 0.942097 0.256487
vt 0.942768 0.256105
vt 0.943397 0.255745
vt 0.944700 0.253488
vt 0.944611 0.254162
vt 0.890099 0.316470
vt 0.889686 0.315930
vt 0.909736 0.315167
vt 0.890360 0.317099
vt 0.889145 0.315516
vt 0.888279 0.315152
vt 0.885118 0.314672
vt 0.941724 0.352404
vt 0.922436 0.346100
vt 0.941724 0.346100
vt 0.890449 0.317774
vt 0.187146 0.579694
vt 0.185122 0.544128
vt 0.187155 0.544128
vt 0.941724 0.614389
vt 0.922436 0.608202
vt 0.941724 0.608202
vt 0.710932 0.058924
vt 0.729185 0.058924
vt 0.714037 0.066373
vt 0.966284 0.710078
vt 0.972286 0.768980
vt 0.970668 0.769595
vt 0.894182 0.896195
vt 0.863546 0.912216
vt 0.892275 0.893710
vt 0.928864 0.912232
vt 0.902667 0.899712
vt 0.930409 0.912383
vt 0.725519 0.673992
vt 0.717523 0.749793
vt 0.719411 0.657174
vt 0.908658 0.877320
vt 0.911135 0.832953
vt 0.911143 0.879226
vt 0.541987 0.900328
vt 0.437690 0.897196
vt 0.541987 0.897196
vt 0.223070 0.479263
vt 0.224635 0.481511
vt 0.181055 0.544128
vt 0.541987 0.903459
vt 0.437690 0.906590
vt 0.437690 0.903459
vt 0.541987 0.909721
vt 0.541987 0.906590
vt 0.541987 0.912852
vt 0.437690 0.915983
vt 0.437690 0.912852
vt 0.437690 0.909721
vt 0.541987 0.894065
vt 0.437690 0.890934
vt 0.541987 0.890934
vt 0.541987 0.915983
vt 0.437690 0.919115
vt 0.541987 0.922245
vt 0.541987 0.919114
vt 0.437690 0.925377
vt 0.437690 0.922246
vt 0.541987 0.881541
vt 0.437690 0.878409
vt 0.541987 0.878410
vt 0.541987 0.872148
vt 0.437690 0.869015
vt 0.541987 0.869016
vt 0.437690 0.875278
vt 0.541987 0.875279
vt 0.437690 0.865884
vt 0.541987 0.865885
vt 0.982646 0.648365
vt 0.982362 0.645533
vt 0.983717 0.648257
vt 0.541987 0.931639
vt 0.437690 0.928508
vt 0.541987 0.928507
vt 0.922436 0.566166
vt 0.941724 0.548878
vt 0.941724 0.566166
vt 0.541987 0.884672
vt 0.437690 0.881541
vt 0.541987 0.887803
vt 0.437690 0.884672
vt 0.437690 0.887803
vt 0.185112 0.623037
vt 0.183079 0.617586
vt 0.185112 0.617586
vt 0.187145 0.617586
vt 0.189177 0.617586
vt 0.187145 0.623037
vt 0.758816 0.296608
vt 0.770527 0.279388
vt 0.760704 0.297387
vt 0.968691 0.710249
vt 0.967637 0.710164
vt 0.323623 0.875285
vt 0.427920 0.872153
vt 0.427921 0.875284
vt 0.754898 0.209315
vt 0.770532 0.219761
vt 0.754892 0.215635
vt 0.010348 0.951257
vt 0.012280 0.970630
vt 0.011651 0.970891
vt 0.985875 0.648242
vt 0.971837 0.710518
vt 0.970792 0.710426
vt 0.218618 0.544128
vt 0.215149 0.583186
vt 0.215014 0.544128
vt 0.987893 0.648701
vt 0.973922 0.710707
vt 0.972877 0.710612
vt 0.269292 0.778267
vt 0.255337 0.716383
vt 0.270364 0.778376
vt 0.239737 0.659659
vt 0.250193 0.716749
vt 0.236418 0.723662
vt 0.212058 0.625432
vt 0.210790 0.624806
vt 0.211691 0.615828
vt 0.213095 0.625944
vt 0.214298 0.614576
vt 0.216598 0.613304
vt 0.217174 0.628223
vt 0.214824 0.626889
vt 0.437690 0.900328
vt 0.243262 0.651781
vt 0.245238 0.650689
vt 0.254140 0.655909
vt 0.247430 0.650133
vt 0.259233 0.647812
vt 0.264826 0.776566
vt 0.233396 0.728663
vt 0.234896 0.727205
vt 0.235893 0.725534
vt 0.928535 0.693050
vt 0.935136 0.698403
vt 0.933337 0.698117
vt 0.239810 0.657412
vt 0.221783 0.728230
vt 0.223595 0.728419
vt 0.215182 0.733582
vt 0.228120 0.729502
vt 0.208141 0.762997
vt 0.229932 0.729692
vt 0.231732 0.729405
vt 0.240457 0.655258
vt 0.241633 0.653338
vt 0.215834 0.731881
vt 0.216904 0.730406
vt 0.218319 0.729258
vt 0.219983 0.728516
vt 0.258483 0.716114
vt 0.263560 0.659139
vt 0.259524 0.716020
vt 0.204961 0.617539
vt 0.204070 0.623037
vt 0.896433 0.832954
vt 0.899555 0.876123
vt 0.941724 0.375997
vt 0.101364 0.544130
vt 0.106553 0.465220
vt 0.106555 0.544130
vt 0.746201 0.259535
vt 0.745097 0.257046
vt 0.770508 0.259513
vt 0.185112 0.508562
vt 0.187145 0.508562
vt 0.922436 0.602015
vt 0.941724 0.602015
vt 0.890666 0.887711
vt 0.891076 0.890817
vt 0.722518 0.074854
vt 0.722927 0.077958
vt 0.787869 0.117096
vt 0.783697 0.049061
vt 0.787869 0.034271
vt 0.427920 0.922252
vt 0.323623 0.919120
vt 0.427921 0.919121
vt 0.941474 0.697130
vt 0.921494 0.663636
vt 0.943286 0.696941
vt 0.981022 0.648834
vt 0.891074 0.884606
vt 0.941724 0.358708
vt 0.922436 0.352404
vt 0.989012 0.649205
vt 0.750619 0.266460
vt 0.749299 0.264509
vt 0.770513 0.264481
vt 0.244041 0.951257
vt 0.237738 0.970542
vt 0.237738 0.951257
vt 0.323623 0.915989
vt 0.427921 0.915990
vt 0.116717 0.465220
vt 0.116719 0.544129
vt 0.011111 0.971305
vt 0.010698 0.971845
vt 0.213096 0.506192
vt 0.213121 0.544128
vt 0.909735 0.621986
vt 0.890448 0.615682
vt 0.909735 0.615682
vt 0.256646 0.951257
vt 0.250343 0.970542
vt 0.250343 0.951257
vt 0.183088 0.544128
vt 0.181046 0.508563
vt 0.183079 0.508563
vt 0.714037 0.089544
vt 0.944700 0.034981
vt 0.199550 0.544128
vt 0.193245 0.579695
vt 0.193255 0.544128
vt 0.009921 0.660251
vt 0.196417 0.656995
vt 0.196444 0.660251
vt 0.697473 0.091418
vt 0.700545 0.083956
vt 0.702451 0.086439
vt 0.908651 0.832953
vt 0.905765 0.876122
vt 0.905758 0.832953
vt 0.323623 0.897203
vt 0.427921 0.894071
vt 0.427921 0.897203
vt 0.251868 0.454747
vt 0.248707 0.544127
vt 0.963987 0.047588
vt 0.944700 0.047588
vt 0.699214 0.013850
vt 0.699214 0.009766
vt 0.765966 0.009766
vt 0.974160 0.768352
vt 0.969743 0.710337
vt 0.905774 0.899302
vt 0.934794 0.912206
vt 0.721320 0.083956
vt 0.719414 0.086439
vt 0.222738 0.544128
vt 0.220942 0.501130
vt 0.222888 0.499067
vt 0.323623 0.878416
vt 0.427921 0.878415
vt 0.091197 0.465220
vt 0.091200 0.544130
vt 0.783697 0.117096
vt 0.984806 0.648204
vt 0.749230 0.234643
vt 0.770506 0.239637
vt 0.747584 0.237130
vt 0.498456 0.754329
vt 0.509558 0.741744
vt 0.594792 0.848819
vt 0.762729 0.297651
vt 0.946750 0.697969
vt 0.963546 0.709883
vt 0.948250 0.699427
vt 0.205368 0.544128
vt 0.202439 0.579720
vt 0.202454 0.544128
vt 0.619948 0.034270
vt 0.614733 0.049060
vt 0.610561 0.034270
vt 0.986022 0.784736
vt 0.977810 0.767227
vt 0.989012 0.786439
vt 0.284216 0.454770
vt 0.280041 0.544127
vt 0.280099 0.454767
vt 0.757195 0.203786
vt 0.758817 0.202545
vt 0.009839 0.650485
vt 0.009885 0.647230
vt 0.196362 0.650485
vt 0.941767 0.832950
vt 0.913050 0.881710
vt 0.913070 0.832953
vt 0.271453 0.778429
vt 0.257439 0.716206
vt 0.272521 0.778390
vt 0.976006 0.767770
vt 0.982532 0.782834
vt 0.975088 0.768056
vt 0.787869 0.022018
vt 0.699214 0.026102
vt 0.699214 0.022018
vt 0.218829 0.951257
vt 0.012954 0.970542
vt 0.922436 0.548878
vt 0.941724 0.531590
vt 0.692547 0.073032
vt 0.700545 0.071961
vt 0.699347 0.074854
vt 0.199625 0.454703
vt 0.217279 0.458917
vt 0.199622 0.458902
vt 0.694448 0.087476
vt 0.699347 0.081063
vt 0.097296 0.465220
vt 0.095263 0.465220
vt 0.745096 0.242108
vt 0.746199 0.239619
vt 0.921672 0.645879
vt 0.941724 0.646643
vt 0.921132 0.646293
vt 0.770523 0.274420
vt 0.754041 0.273180
vt 0.770519 0.269451
vt 0.212058 0.462822
vt 0.211691 0.472427
vt 0.210790 0.463448
vt 0.225941 0.544127
vt 0.225562 0.494493
vt 0.226458 0.491345
vt 0.941724 0.620576
vt 0.922436 0.644036
vt 0.922436 0.620576
vt 0.747586 0.262023
vt 0.217173 0.460031
vt 0.214298 0.473679
vt 0.214824 0.461366
vt 0.323623 0.903465
vt 0.427921 0.900334
vt 0.427921 0.903465
vt 0.787869 0.169245
vt 0.292434 0.476851
vt 0.292391 0.544127
vt 0.288274 0.544127
vt 0.261077 0.544127
vt 0.267750 0.454759
vt 0.267689 0.544127
vt 0.752031 0.268691
vt 0.753364 0.271272
vt 0.941776 0.912207
vt 0.914659 0.887708
vt 0.914249 0.884603
vt 0.323623 0.937907
vt 0.427920 0.934777
vt 0.427920 0.937908
vt 0.216598 0.474951
vt 0.716930 0.067571
vt 0.273552 0.778229
vt 0.206340 0.623313
vt 0.205159 0.623109
vt 0.772254 0.159916
vt 0.745165 0.128460
vt 0.764766 0.132289
vt 0.701415 0.061474
vt 0.707828 0.066373
vt 0.704935 0.067571
vt 0.949247 0.701099
vt 0.271867 0.454762
vt 0.207791 0.623702
vt 0.206775 0.617323
vt 0.208257 0.616989
vt 0.941724 0.589641
vt 0.922436 0.583454
vt 0.941724 0.583454
vt 0.949772 0.702971
vt 0.922436 0.358708
vt 0.437690 0.862753
vt 0.541987 0.862754
vt 0.213095 0.462310
vt 0.922436 0.531590
vt 0.941724 0.514302
vt 0.110621 0.544129
vt 0.108590 0.623036
vt 0.108588 0.544129
vt 0.610561 0.030186
vt 0.699214 0.030186
vt 0.975306 0.779571
vt 0.173260 0.579691
vt 0.010334 0.972710
vt 0.902660 0.875714
vt 0.905715 0.766597
vt 0.902604 0.766191
vt 0.934786 0.753658
vt 0.908615 0.767793
vt 0.089168 0.544130
vt 0.089164 0.465221
vt 0.899498 0.766605
vt 0.863530 0.753730
vt 0.896611 0.767809
vt 0.894132 0.769720
vt 0.922086 0.645339
vt 0.181045 0.465218
vt 0.173258 0.470669
vt 0.118750 0.465219
vt 0.976913 0.767494
vt 0.258051 0.454752
vt 0.261142 0.454754
vt 0.928776 0.753668
vt 0.930403 0.753479
vt 0.266195 0.776911
vt 0.267668 0.777799
vt 0.269008 0.781100
vt 0.274539 0.777932
vt 0.275658 0.777428
vt 0.808189 0.064602
vt 0.807153 0.056599
vt 0.810673 0.062696
vt 0.890634 0.778208
vt 0.891047 0.781314
vt 0.892249 0.784208
vt 0.930257 0.696227
vt 0.931673 0.697374
vt 0.896643 0.788592
vt 0.753671 0.227278
vt 0.754438 0.224708
vt 0.770518 0.229699
vt 0.980910 0.781989
vt 0.193242 0.465218
vt 0.203625 0.470668
vt 0.193242 0.470669
vt 0.914251 0.890813
vt 0.913032 0.784182
vt 0.941769 0.753662
vt 0.914227 0.781288
vt 0.914632 0.778182
vt 0.892231 0.772207
vt 0.891038 0.775102
vt 0.863550 0.832958
vt 0.254892 0.544127
vt 0.254959 0.454750
vt 0.323623 0.884678
vt 0.427921 0.881547
vt 0.427921 0.884678
vt 0.914219 0.775077
vt 0.913016 0.772183
vt 0.911105 0.769698
vt 0.967494 0.770724
vt 0.956616 0.774851
vt 0.954986 0.773294
vt 0.199628 0.633552
vt 0.199624 0.629353
vt 0.217281 0.629337
vt 0.225774 0.604369
vt 0.226463 0.601911
vt 0.248778 0.633509
vt 0.226693 0.599410
vt 0.226459 0.596910
vt 0.218672 0.612898
vt 0.221104 0.611078
vt 0.979548 0.649721
vt 0.964915 0.709983
vt 0.754882 0.279409
vt 0.754881 0.278066
vt 0.216725 0.614252
vt 0.223071 0.608992
vt 0.224637 0.606743
vt 0.754896 0.289839
vt 0.288332 0.454773
vt 0.284158 0.544127
vt 0.223774 0.544128
vt 0.222889 0.589188
vt 0.224438 0.591413
vt 0.225030 0.544128
vt 0.225563 0.593762
vt 0.892600 0.832954
vt 0.892272 0.881712
vt 0.614733 0.117096
vt 0.610561 0.117096
vt 0.694448 0.068441
vt 0.702451 0.069477
vt 0.941776 0.740626
vt 0.922436 0.479726
vt 0.941724 0.462437
vt 0.941724 0.479726
vt 0.218670 0.475356
vt 0.221102 0.477177
vt 0.755165 0.291863
vt 0.202439 0.508535
vt 0.106557 0.623037
vt 0.978179 0.650067
vt 0.989775 0.311295
vt 0.973687 0.311317
vt 0.989767 0.306326
vt 0.262653 0.658862
vt 0.989776 0.256636
vt 0.974130 0.257959
vt 0.974131 0.256616
vt 0.971280 0.267334
vt 0.972613 0.264753
vt 0.989768 0.266574
vt 0.973290 0.262845
vt 0.251562 0.716649
vt 0.257315 0.657037
vt 0.252931 0.716554
vt 0.989771 0.261605
vt 0.973743 0.261291
vt 0.974022 0.259791
vt 0.255711 0.656452
vt 0.969868 0.269565
vt 0.989762 0.271543
vt 0.968548 0.271516
vt 0.966835 0.274001
vt 0.965450 0.276490
vt 0.989756 0.276512
vt 0.964346 0.278979
vt 0.963545 0.281468
vt 0.989753 0.281481
vt 0.963058 0.283958
vt 0.787869 0.017934
vt 0.699214 0.017934
vt 0.963057 0.288937
vt 0.989752 0.291419
vt 0.963544 0.291427
vt 0.964345 0.293917
vt 0.989755 0.296388
vt 0.965448 0.296406
vt 0.205353 0.508384
vt 0.208569 0.544128
vt 0.966833 0.298895
vt 0.972920 0.308746
vt 0.972003 0.306749
vt 0.989761 0.301357
vt 0.970756 0.304758
vt 0.968479 0.301382
vt 0.974138 0.317474
vt 0.989781 0.316264
vt 0.974141 0.320390
vt 0.797636 0.091335
vt 0.808189 0.081564
vt 0.810673 0.083470
vt 0.822667 0.083470
vt 0.825151 0.081564
vt 0.835705 0.091335
vt 0.827058 0.079080
vt 0.835705 0.073083
vt 0.797636 0.073083
vt 0.805085 0.076187
vt 0.806283 0.079080
vt 0.813566 0.084669
vt 0.816670 0.085077
vt 0.819775 0.084669
vt 0.828256 0.076187
vt 0.828665 0.073083
vt 0.919828 0.647035
vt 0.920503 0.646653
vt 0.770526 0.224730
vt 0.973226 0.768660
vt 0.977126 0.780277
vt 0.835056 0.068156
vt 0.323623 0.928514
vt 0.427920 0.925383
vt 0.427920 0.928515
vt 0.922436 0.614389
vt 0.189188 0.544128
vt 0.191211 0.508561
vt 0.191221 0.544128
vt 0.929187 0.694752
vt 0.804676 0.073083
vt 0.427920 0.931646
vt 0.896667 0.898103
vt 0.958591 0.775944
vt 0.960784 0.776499
vt 0.989752 0.286450
vt 0.969065 0.770181
vt 0.211118 0.544128
vt 0.208550 0.580370
vt 0.922436 0.339796
vt 0.941724 0.339796
vt 0.908666 0.898101
vt 0.941724 0.445149
vt 0.922436 0.427862
vt 0.941724 0.427862
vt 0.953810 0.771375
vt 0.208257 0.471265
vt 0.208915 0.464164
vt 0.209796 0.471743
vt 0.257985 0.544127
vt 0.755167 0.207291
vt 0.806283 0.067086
vt 0.798285 0.068156
vt 0.800186 0.063566
vt 0.816670 0.061089
vt 0.811744 0.054697
vt 0.816670 0.054048
vt 0.803211 0.059624
vt 0.813566 0.061497
vt 0.822667 0.062696
vt 0.830130 0.059623
vt 0.825151 0.064602
vt 0.821597 0.054697
vt 0.819775 0.061497
vt 0.826188 0.056599
vt 0.827058 0.067086
vt 0.833155 0.063566
vt 0.828256 0.069978
vt 0.805085 0.069978
vt 0.922347 0.644711
vt 0.787869 0.030186
vt 0.778482 0.034271
vt 0.770503 0.249575
vt 0.743808 0.247087
vt 0.770503 0.244606
vt 0.323623 0.894072
vt 0.427921 0.890941
vt 0.009854 0.975870
vt 0.762729 0.201501
vt 0.760704 0.201765
vt 0.945085 0.697227
vt 0.986906 0.648403
vt 0.196472 0.663506
vt 0.009948 0.723193
vt 0.009948 0.663506
vt 0.323623 0.869023
vt 0.427920 0.869022
vt 0.770504 0.254544
vt 0.744296 0.254556
vt 0.941724 0.320883
vt 0.922436 0.314579
vt 0.941724 0.314579
vt 0.216723 0.474003
vt 0.225132 0.970542
vt 0.218829 0.970542
vt 0.427921 0.912859
vt 0.323623 0.909727
vt 0.427921 0.909727
vt 0.108586 0.465220
vt 0.941724 0.497014
vt 0.953090 0.766973
vt 0.743809 0.252067
vt 0.275983 0.454764
vt 0.271807 0.544127
vt 0.974069 0.314543
vt 0.226692 0.488845
vt 0.922436 0.333491
vt 0.941724 0.333491
vt 0.323623 0.922252
vt 0.191209 0.470669
vt 0.722518 0.081063
vt 0.922436 0.327188
vt 0.922436 0.320883
vt 0.719414 0.069477
vt 0.323623 0.881547
vt 0.213097 0.582063
vt 0.757195 0.295367
vt 0.193245 0.508560
vt 0.905748 0.789780
vt 0.112652 0.465220
vt 0.114686 0.544129
vt 0.112654 0.544129
vt 0.231435 0.951257
vt 0.225132 0.951257
vt 0.710932 0.065964
vt 0.953164 0.769220
vt 0.199536 0.508558
vt 0.710932 0.089953
vt 0.706006 0.096344
vt 0.707828 0.089544
vt 0.698938 0.077958
vt 0.909736 0.372163
vt 0.183080 0.579693
vt 0.899562 0.899302
vt 0.692547 0.082885
vt 0.101366 0.623037
vt 0.183078 0.470669
vt 0.185111 0.465218
vt 0.185111 0.470669
vt 0.009764 0.795900
vt 0.196287 0.795900
vt 0.009791 0.799155
vt 0.437690 0.894065
vt 0.941775 0.925242
vt 0.922436 0.595828
vt 0.941724 0.595828
vt 0.275924 0.544127
vt 0.909736 0.533929
vt 0.890448 0.516642
vt 0.323623 0.890941
vt 0.427921 0.887809
vt 0.754820 0.221481
vt 0.614733 0.169245
vt 0.610561 0.169245
vt 0.936948 0.698213
vt 0.427921 0.906596
vt 0.787869 0.013850
vt 0.114688 0.623036
vt 0.112655 0.623036
vt 0.116721 0.623036
vt 0.899550 0.832954
vt 0.191210 0.623037
vt 0.191210 0.617586
vt 0.009810 0.792645
vt 0.196333 0.792645
vt 0.110619 0.465220
vt 0.890448 0.585788
vt 0.183079 0.623037
vt 0.181047 0.617586
vt 0.267752 0.633494
vt 0.744295 0.244597
vt 0.890449 0.341231
vt 0.909736 0.341231
vt 0.922436 0.589641
vt 0.323623 0.906596
vt 0.894157 0.786689
vt 0.922436 0.514302
vt 0.909736 0.551215
vt 0.890448 0.533929
vt 0.541987 0.937901
vt 0.437690 0.934771
vt 0.541987 0.934770
vt 0.913054 0.893707
vt 0.911149 0.896192
vt 0.902643 0.790192
vt 0.899538 0.789787
vt 0.208549 0.507886
vt 0.009856 0.789390
vt 0.196379 0.789390
vt 0.890448 0.628290
vt 0.743646 0.249577
vt 0.541987 0.925376
vt 0.204070 0.465217
vt 0.204961 0.470716
vt 0.224437 0.496842
vt 0.244041 0.970542
vt 0.009902 0.786135
vt 0.196426 0.786135
vt 0.181045 0.470669
vt 0.973874 0.779139
vt 0.206775 0.470931
vt 0.207790 0.464553
vt 0.983843 0.783519
vt 0.721320 0.071961
vt 0.754773 0.276234
vt 0.972586 0.778820
vt 0.909736 0.482069
vt 0.890448 0.482069
vt 0.704935 0.088346
vt 0.909736 0.464783
vt 0.260569 0.715925
vt 0.187144 0.470669
vt 0.189176 0.465218
vt 0.189176 0.470669
vt 0.256390 0.716296
vt 0.258933 0.657653
vt 0.254284 0.716468
vt 0.264457 0.659406
vt 0.962895 0.286448
vt 0.261734 0.658576
vt 0.260807 0.658280
vt 0.259872 0.657973
vt 0.723060 0.605266
vt 0.841840 0.581324
vt 0.842538 0.598166
vt 0.978548 0.780887
vt 0.787869 0.026102
vt 0.196381 0.643975
vt 0.196408 0.647230
vt 0.754494 0.274734
vt 0.199537 0.579698
vt 0.755950 0.205405
vt 0.755949 0.293749
vt 0.196315 0.799155
vt 0.009819 0.802410
vt 0.770551 0.297641
vt 0.323623 0.931645
vt 0.211095 0.507077
vt 0.055424 0.544131
vt 0.055421 0.465222
vt 0.272668 0.641897
vt 0.267556 0.644643
vt 0.263772 0.646356
vt 0.265195 0.645745
vt 0.269178 0.643798
vt 0.270490 0.643114
vt 0.260521 0.647494
vt 0.261953 0.647061
vt 0.191209 0.465218
vt 0.114684 0.465220
vt 0.009866 0.653740
vt 0.196389 0.653740
vt 0.099329 0.465220
vt 0.097299 0.544130
vt 0.981978 0.238374
vt 0.989800 0.238384
vt 0.974145 0.246186
vt 0.974414 0.244162
vt 0.975198 0.242276
vt 0.976444 0.240658
vt 0.978065 0.239417
vt 0.979953 0.238638
vt 0.974147 0.326710
vt 0.989800 0.334516
vt 0.981978 0.334524
vt 0.979953 0.334260
vt 0.978065 0.333480
vt 0.976444 0.332239
vt 0.975199 0.330620
vt 0.974416 0.328734
vt 0.009894 0.656995
vt 0.118753 0.623036
vt 0.181046 0.623037
vt 0.173260 0.617586
vt 0.191212 0.579695
vt 0.890448 0.551215
vt 0.110623 0.623036
vt 0.909736 0.365977
vt 0.890449 0.359790
vt 0.909736 0.359790
vt 0.437690 0.872147
vt 0.258052 0.633501
vt 0.009948 0.782881
vt 0.196472 0.782881
vt 0.941724 0.327188
vt 0.189179 0.579694
vt 0.437690 0.931640
vt 0.101362 0.465220
vt 0.099331 0.544130
vt 0.890448 0.372163
vt 0.610561 0.017934
vt 0.610561 0.013850
vt 0.093235 0.623037
vt 0.091202 0.623037
vt 0.699214 0.047308
vt 0.619948 0.047308
vt 0.632464 0.009766
vt 0.099333 0.623037
vt 0.610561 0.022018
vt 0.280100 0.633486
vt 0.275984 0.633489
vt 0.922436 0.445149
vt 0.261143 0.633499
vt 0.271868 0.633491
vt 0.778482 0.047308
vt 0.699214 0.034271
vt 0.323623 0.887810
vt 0.902654 0.832953
vt 0.206340 0.464942
vt 0.323623 0.872154
vt 0.189178 0.508561
vt 0.089170 0.623037
vt 0.055427 0.623038
vt 0.231435 0.970542
vt 0.292434 0.611403
vt 0.196472 0.723193
vt 0.183078 0.465218
vt 0.754889 0.218551
vt 0.218633 0.585259
vt 0.220979 0.544128
vt 0.220943 0.587125
vt 0.908641 0.788579
vt 0.610561 0.026102
vt 0.911126 0.786670
vt 0.095268 0.623037
vt 0.251869 0.633506
vt 0.254961 0.633504
vt 0.251800 0.544127
vt 0.770551 0.201509
vt 0.284216 0.633483
vt 0.288332 0.633480
vt 0.205354 0.579871
vt 0.218632 0.502996
vt 0.097301 0.623037
vt 0.187144 0.465218
vt 0.706006 0.059573
vt 0.215148 0.505069
vt 0.211096 0.581178
vt 0.208915 0.624091
vt 0.209796 0.616512
vt 0.297548 0.962078
vt 0.300305 0.960314
vt 0.301255 0.964526
vt 0.296895 0.957677
vt 0.294620 0.965113
vt 0.301238 0.966591
vt 0.294900 0.963772
vt 0.300066 0.955060
vt 0.296233 0.951538
vt 0.301043 0.953647
vt 0.306359 0.956354
vt 0.302094 0.952083
vt 0.296639 0.949721
vt 0.293570 0.963460
vt 0.293269 0.964811
vt 0.290559 0.960517
vt 0.286162 0.961156
vt 0.288814 0.957748
vt 0.293021 0.956812
vt 0.291918 0.964510
vt 0.292234 0.963177
vt 0.283539 0.957952
vt 0.279974 0.961843
vt 0.282114 0.956925
vt 0.284668 0.958742
vt 0.287612 0.955832
vt 0.295558 0.954561
vt 0.295854 0.953235
vt 0.304993 0.962743
vt 0.302208 0.959091
vt 0.303340 0.958365
vt 0.286003 0.953221
vt 0.285020 0.951589
vt 0.280545 0.955788
vt 0.304298 0.948725
vt 0.304775 0.957413
vt 0.291266 0.953095
vt 0.290983 0.951400
vt 0.299287 0.956179
vt 0.295978 0.969106
vt 0.300375 0.968467
vt 0.297723 0.971875
vt 0.293516 0.972811
vt 0.294303 0.966446
vt 0.292967 0.966163
vt 0.288990 0.967545
vt 0.286232 0.969309
vt 0.285282 0.965097
vt 0.289642 0.971945
vt 0.285299 0.963032
vt 0.291637 0.965851
vt 0.306563 0.967780
vt 0.306719 0.962420
vt 0.312756 0.969163
vt 0.308622 0.962058
vt 0.312756 0.961223
vt 0.297484 0.945937
vt 0.290697 0.949538
vt 0.303635 0.962977
vt 0.282932 0.948040
vt 0.290130 0.945562
vt 0.309758 0.954031
vt 0.286897 0.954693
vt 0.281762 0.972210
vt 0.281545 0.966880
vt 0.283198 0.971258
vt 0.290980 0.975062
vt 0.295271 0.976528
vt 0.290684 0.976388
vt 0.303507 0.967098
vt 0.296407 0.984061
vt 0.301518 0.978034
vt 0.303606 0.981582
vt 0.295555 0.978223
vt 0.299640 0.974930
vt 0.300535 0.976402
vt 0.278060 0.961415
vt 0.285495 0.975976
vt 0.286472 0.974563
vt 0.298925 0.973791
vt 0.290305 0.978085
vt 0.295841 0.980085
vt 0.289899 0.979901
vt 0.291495 0.954439
vt 0.273781 0.960460
vt 0.277159 0.953274
vt 0.301870 0.970881
vt 0.295043 0.975184
vt 0.304424 0.972697
vt 0.289054 0.983686
vt 0.283030 0.962525
vt 0.305992 0.973835
vt 0.309378 0.976349
vt 0.308477 0.968208
vt 0.284444 0.977540
vt 0.304847 0.967397
vt 0.284330 0.970532
vt 0.287251 0.973444
vt 0.294975 0.957169
vt 0.282903 0.966645
vt 0.282239 0.980897
vt 0.280178 0.973269
vt 0.279819 0.967203
vt 0.302999 0.971671
vt 0.276779 0.975592
vt 0.277915 0.967565
vt 0.281691 0.962226
vt 0.273781 0.968400
vt 0.291562 0.972454
vt 0.735239 0.133509
vt 0.743232 0.209315
vt 0.737124 0.226136
vt 0.468423 0.587717
vt 0.098505 0.881026
vt 0.171691 0.892257
vt 0.681320 0.066455
vt 0.203943 0.225743
vt 0.931922 0.142507
vt 0.313861 0.812474
vt 0.890449 0.347417
vt 0.890448 0.609379
vt 0.944700 0.009767
vt 0.922436 0.410573
vt 0.323623 0.862761
vt 0.185113 0.579694
vt 0.715781 0.445230
vt 0.720004 0.444896
vt 0.731217 0.450239
vt 0.724170 0.445666
vt 0.727994 0.447489
vt 0.749302 0.470333
vt 0.708298 0.449045
vt 0.752996 0.475582
vt 0.749961 0.505709
vt 0.739300 0.520073
vt 0.755348 0.481553
vt 0.756226 0.487909
vt 0.755581 0.494289
vt 0.753452 0.500336
vt 0.711789 0.446645
vt 0.585008 0.505958
vt 0.624986 0.469623
vt 0.582565 0.556487
vt 0.730306 0.535519
vt 0.723081 0.551861
vt 0.582177 0.559668
vt 0.714245 0.586427
vt 0.717706 0.568902
vt 0.581188 0.562694
vt 0.579639 0.565452
vt 0.571900 0.595582
vt 0.712613 0.604270
vt 0.569861 0.575832
vt 0.572541 0.572531
vt 0.577518 0.567881
vt 0.568126 0.579714
vt 0.567889 0.588148
vt 0.567453 0.583914
vt 0.569405 0.592128
vt 0.722300 0.752946
vt 0.751894 0.718519
vt 0.733320 0.690048
vt 0.732714 0.755517
vt 0.727453 0.754841
vt 0.742694 0.753509
vt 0.737858 0.755044
vt 0.750698 0.747535
vt 0.747057 0.751006
vt 0.755378 0.738728
vt 0.753505 0.743390
vt 0.755968 0.728525
vt 0.756226 0.733712
vt 0.754538 0.723379
vt 0.742227 0.705145
vt 0.712911 0.622126
vt 0.715143 0.639779
vt 0.189177 0.623037
vt 0.922436 0.375997
vt 0.890448 0.621986
vt 0.256646 0.970542
vt 0.787869 0.009766
vt 0.539885 0.666741
vt 0.540740 0.649754
vt 0.594792 0.650497
vt 0.541328 0.643231
vt 0.592615 0.638061
vt 0.543545 0.636929
vt 0.547307 0.631278
vt 0.552415 0.626676
vt 0.558561 0.623461
vt 0.565360 0.621873
vt 0.572369 0.622045
vt 0.578901 0.624115
vt 0.584650 0.627662
vt 0.589299 0.632421
vt 0.594459 0.644214
vt 0.389907 0.852775
vt 0.443325 0.791141
vt 0.388078 0.828857
vt 0.427291 0.796303
vt 0.388315 0.822292
vt 0.390161 0.815928
vt 0.393522 0.810182
vt 0.398193 0.805435
vt 0.403869 0.802003
vt 0.410172 0.800104
vt 0.526660 0.713794
vt 0.537294 0.683129
vt 0.532855 0.698842
vt 0.458545 0.784328
vt 0.472769 0.775949
vt 0.486147 0.765765
vt 0.519295 0.728234
vt 0.619948 0.049060
vt 0.323623 0.900334
vt 0.783697 0.169245
vt 0.292449 0.454775
vt 0.323623 0.934776
vt 0.769610 0.164778
vt 0.740014 0.130356
vt 0.750424 0.127783
vt 0.755567 0.128255
vt 0.760403 0.129788
vt 0.768409 0.135759
vt 0.773940 0.149582
vt 0.771217 0.139903
vt 0.773090 0.144565
vt 0.773684 0.154769
vt 0.181047 0.579693
vt 0.697473 0.064499
vt 0.922436 0.462437
vt 0.323623 0.925383
vt 0.323623 0.912858
vt 0.922436 0.497014
vt 0.778482 0.049061
vt 0.691898 0.077958
vt 0.437690 0.937902
vt 0.205158 0.465145
vt 0.701415 0.094443
vt 0.862448 0.674152
vt 0.873437 0.689977
vt 0.867773 0.737084
vt 0.877896 0.696969
vt 0.874095 0.730753
vt 0.880422 0.705243
vt 0.880667 0.714131
vt 0.878516 0.722879
vt 0.843182 0.754909
vt 0.818722 0.468184
vt 0.844359 0.543373
vt 0.852075 0.521091
vt 0.859767 0.509560
vt 0.819418 0.461736
vt 0.822113 0.454657
vt 0.827182 0.447760
vt 0.834683 0.441988
vt 0.844326 0.438308
vt 0.855472 0.437568
vt 0.865973 0.443191
vt 0.873974 0.451466
vt 0.878929 0.461362
vt 0.880667 0.471785
vt 0.879379 0.481670
vt 0.875585 0.490111
vt 0.870059 0.496458
vt 0.847179 0.532320
vt 0.854735 0.660191
vt 0.849062 0.646046
vt 0.845491 0.631891
vt 0.841663 0.564846
vt 0.843810 0.615095
vt 0.009857 0.643975
vt 0.196342 0.802410
vt 0.275658 0.640193
vt 0.890448 0.365977
vt 0.610561 0.009766
vt 0.292449 0.633478
vt 0.757016 0.363221
vt 0.767677 0.377585
vt 0.726001 0.434245
vt 0.771167 0.382959
vt 0.770708 0.407715
vt 0.773296 0.389006
vt 0.773940 0.395388
vt 0.773061 0.401744
vt 0.767013 0.412964
vt 0.748922 0.433056
vt 0.745699 0.435806
vt 0.741874 0.437628
vt 0.737707 0.438398
vt 0.733484 0.438063
vt 0.729491 0.436647
vt 0.642689 0.413648
vt 0.748023 0.347775
vt 0.602718 0.377302
vt 0.600286 0.326770
vt 0.740798 0.331433
vt 0.599898 0.323589
vt 0.731965 0.296870
vt 0.735424 0.314391
vt 0.598909 0.320561
vt 0.597360 0.317800
vt 0.589637 0.287649
vt 0.595238 0.315368
vt 0.590262 0.310713
vt 0.587584 0.307409
vt 0.585180 0.299320
vt 0.587139 0.291104
vt 0.730333 0.279026
vt 0.585850 0.303524
vt 0.585619 0.295084
vt 0.759942 0.178155
vt 0.751035 0.193256
vt 0.732861 0.243515
vt 0.730630 0.261169
s 0
f 1/1/1 2/2/1 3/3/1
f 2/2/1 4/4/1 3/3/1
f 5/5/1 6/6/1 7/7/1
f 8/8/1 9/9/1 10/10/1
f 3/3/1 11/11/1 1/1/1
f 11/11/1 12/12/1 1/1/1
f 1/1/1 12/12/1 13/13/1
f 14/14/1 15/15/1 16/16/1
f 17/17/2 18/18/2 19/19/2
f 20/20/1 21/21/1 22/22/1
f 23/23/1 24/24/1 25/25/1
f 26/26/1 7/7/1 27/27/1
f 7/7/1 28/28/1 27/27/1
f 29/29/3 30/30/3 31/31/3
f 13/13/1 32/32/1 1/1/1
f 32/32/1 33/33/1 1/1/1
f 1/1/1 33/33/1 34/34/1
f 33/33/1 35/35/1 34/34/1
f 35/35/1 36/36/1 34/34/1
f 36/36/1 37/37/1 34/34/1
f 34/34/1 37/37/1 38/38/1
f 37/37/1 39/39/1 38/38/1
f 38/38/1 39/39/1 40/40/1
f 26/26/1 5/5/1 7/7/1
f 41/41/1 42/42/1 43/43/1
f 7/7/1 6/6/1 44/44/1
f 10/10/1 45/45/1 8/8/1
f 28/28/1 46/46/1 27/27/1
f 7/7/1 44/44/1 47/47/1
f 48/48/1 49/49/1 50/50/1
f 51/51/1 52/52/1 53/53/1
f 25/25/1 54/54/1 23/23/1
f 54/54/1 55/55/1 23/23/1
f 23/23/1 55/55/1 56/56/1
f 55/55/1 57/57/1 56/56/1
f 56/56/1 57/57/1 58/58/1
f 58/58/1 59/59/1 56/56/1
f 59/59/1 60/60/1 56/56/1
f 56/56/1 60/60/1 61/61/1
f 60/60/1 62/62/1 61/61/1
f 40/40/1 39/39/1 63/63/1
f 21/21/1 51/51/1 22/22/1
f 24/24/1 23/23/1 52/52/1
f 23/23/1 64/64/1 52/52/1
f 52/52/1 64/64/1 53/53/1
f 65/65/1 66/66/1 46/46/1
f 67/67/1 68/68/1 69/69/1
f 70/70/1 71/71/1 62/62/1
f 62/62/1 71/71/1 61/61/1
f 72/72/1 73/73/1 74/74/1
f 21/21/1 16/16/1 15/15/1
f 75/75/1 76/76/1 77/77/1
f 77/77/1 76/76/1 78/78/1
f 79/79/1 80/80/1 81/81/1
f 82/82/1 80/80/1 83/83/1
f 43/43/1 84/84/1 41/41/1
f 14/14/1 16/16/1 85/85/1
f 16/16/1 77/77/1 85/85/1
f 85/85/1 77/77/1 81/81/1
f 77/77/1 78/78/1 81/81/1
f 81/81/1 78/78/1 79/79/1
f 86/86/1 87/87/1 88/88/1
f 89/89/1 84/84/1 43/43/1
f 83/83/1 90/90/1 82/82/1
f 91/91/1 92/92/1 93/93/1
f 93/93/1 94/94/1 95/95/1
f 95/95/1 96/96/1 97/97/1
f 98/98/1 96/96/1 99/99/1
f 7/7/1 8/8/1 45/45/1
f 100/100/1 101/101/1 102/102/1
f 103/103/3 104/104/3 105/105/3
f 106/106/1 107/107/1 108/108/1
f 109/109/1 110/110/1 111/111/1
f 112/112/1 113/113/1 114/114/1
f 115/115/1 116/116/1 117/117/1
f 118/118/1 116/116/1 119/119/1
f 118/118/1 120/120/1 121/121/1
f 122/122/3 123/123/3 124/124/3
f 125/125/3 126/126/3 127/127/3
f 128/128/1 129/129/1 130/130/1
f 131/131/1 132/132/1 133/133/1
f 134/134/1 99/99/1 101/101/1
f 135/135/1 136/136/1 137/137/1
f 138/138/1 136/136/1 139/139/1
f 109/109/1 140/140/1 141/141/1
f 142/142/3 143/143/3 144/144/3
f 145/145/3 146/146/3 147/147/3
f 148/148/3 149/149/3 150/150/3
f 151/151/1 152/152/1 153/153/1
f 154/154/1 152/152/1 155/155/1
f 154/154/1 156/156/1 157/157/1
f 86/86/1 156/156/1 158/158/1
f 159/159/3 160/160/3 161/161/3
f 88/88/1 162/162/1 163/163/1
f 164/164/1 107/107/1 132/132/1
f 165/165/3 166/166/3 167/167/3
f 168/168/1 169/169/1 112/112/1
f 170/170/1 171/171/1 172/172/1
f 173/173/1 174/174/1 175/175/1
f 176/176/1 174/177/1 177/178/1
f 176/176/1 178/179/1 179/180/1
f 179/180/1 180/181/1 181/182/1
f 128/128/1 182/183/1 183/184/1
f 163/163/1 184/185/1 185/186/1
f 168/168/1 186/187/1 187/188/1
f 90/90/1 188/189/1 89/89/1
f 115/115/1 140/140/1 189/190/1
f 190/191/1 113/113/1 191/192/1
f 190/191/1 129/129/1 192/193/1
f 167/167/3 193/194/3 194/195/3
f 195/196/1 196/197/1 197/198/1
f 198/199/1 139/139/1 171/171/1
f 199/200/4 66/201/5 200/201/5
f 69/69/6 45/202/7 201/202/7
f 195/196/8 79/203/9 202/204/9
f 203/205/10 156/156/11 204/206/11
f 205/207/12 206/208/12 207/209/12
f 160/160/13 87/87/2 161/161/2
f 208/210/14 162/162/13 160/160/13
f 147/147/9 184/185/15 208/210/15
f 209/211/16 125/125/17 210/212/17
f 211/213/18 63/214/19 212/214/19
f 49/215/20 31/216/20 213/217/20
f 201/202/7 10/218/21 214/218/21
f 149/149/22 119/119/16 215/219/16
f 176/176/16 188/220/17 175/221/17
f 192/193/23 12/222/24 190/191/24
f 216/223/25 217/224/10 218/225/25
f 219/226/20 132/132/26 220/227/26
f 221/228/7 133/133/20 219/226/20
f 222/229/27 223/230/7 221/228/7
f 224/231/10 77/232/28 225/232/28
f 226/233/18 194/195/29 227/234/29
f 228/235/4 178/179/30 229/236/30
f 230/237/29 231/238/31 232/239/31
f 144/144/24 136/136/27 222/229/27
f 233/240/24 234/241/27 235/242/27
f 173/173/32 80/243/8 195/196/8
f 198/199/23 5/244/24 138/138/24
f 236/245/10 96/96/11 237/246/11
f 238/247/2 99/99/10 236/245/10
f 238/247/2 102/102/13 101/101/2
f 48/48/9 22/50/15 51/48/9
f 239/248/9 110/110/15 240/249/15
f 241/250/30 242/251/16 209/211/16
f 146/146/8 196/197/9 147/147/9
f 243/252/19 218/225/25 244/253/19
f 104/104/7 187/188/20 245/254/20
f 179/180/30 84/255/16 176/176/16
f 246/256/13 159/159/2 247/257/2
f 239/248/9 140/140/8 111/111/9
f 248/258/26 44/259/5 249/260/5
f 250/261/33 38/262/29 251/262/29
f 252/263/34 253/264/23 254/265/23
f 255/266/32 256/267/8 257/268/8
f 258/269/17 18/270/17 259/271/17
f 260/272/16 261/273/17 262/274/17
f 143/143/23 139/139/24 144/144/24
f 170/170/34 42/275/23 198/199/23
f 263/276/2 264/277/13 265/278/2
f 266/279/31 267/280/31 268/281/31
f 269/282/26 270/283/5 271/284/5
f 272/285/18 244/253/19 273/286/18
f 86/86/10 39/287/35 157/157/35
f 88/88/2 73/288/10 86/86/10
f 271/284/5 148/148/4 274/289/4
f 185/186/36 76/290/13 163/163/13
f 166/166/37 275/291/29 193/194/29
f 276/292/30 277/293/16 260/272/16
f 278/294/23 191/192/24 279/295/24
f 280/296/9 281/297/15 282/298/15
f 151/151/29 33/299/31 183/184/31
f 118/118/16 55/300/17 117/117/17
f 283/301/38 21/302/13 100/100/13
f 36/303/18 153/153/39 37/304/19
f 153/153/18 154/154/19 37/304/19
f 164/164/26 60/305/40 108/108/40
f 131/131/20 62/306/26 164/164/26
f 284/307/34 285/308/23 286/309/23
f 137/137/27 27/310/7 135/135/7
f 287/311/29 288/312/31 289/313/31
f 16/314/41 225/232/28 77/232/28
f 181/182/4 41/315/30 179/180/30
f 290/316/27 105/105/7 291/317/7
f 138/138/24 26/318/27 137/137/27
f 77/77/1 73/73/1 75/75/1
f 109/109/9 52/319/15 283/301/15
f 58/320/30 121/121/30 59/321/4
f 121/121/30 106/106/4 59/321/4
f 292/322/42 293/323/42 294/324/42
f 134/134/2 14/325/10 98/98/10
f 34/261/33 295/326/43 1/326/43
f 296/327/35 74/231/10 224/231/10
f 121/121/44 57/328/16 118/118/16
f 23/329/45 297/330/46 298/329/45
f 299/331/18 94/94/19 92/92/18
f 279/295/24 113/113/27 300/332/27
f 301/333/13 302/334/15 264/277/13
f 303/335/5 180/181/4 228/235/4
f 190/191/24 11/336/27 114/114/27
f 304/337/4 120/120/30 149/149/30
f 305/338/26 28/68/47 68/68/47
f 214/218/27 9/339/24 306/339/24
f 126/126/16 174/177/17 127/127/17
f 200/201/40 65/338/26 305/338/26
f 307/340/32 23/329/45 298/329/45
f 50/50/38 20/341/13 22/50/38
f 24/342/9 109/109/9 25/343/8
f 109/109/9 141/141/48 25/343/48
f 123/123/34 129/129/49 278/294/49
f 183/184/31 32/344/34 128/128/34
f 244/253/3 299/331/3 273/286/3
f 308/345/3 143/143/3 285/308/3
f 288/312/3 230/237/3 232/239/3
f 288/346/3 309/347/3 308/345/3
f 234/241/3 221/228/3 310/348/3
f 170/170/1 231/349/1 311/350/1
f 181/182/1 312/351/1 249/260/1
f 218/225/3 236/245/3 237/246/3
f 151/151/1 182/183/1 275/291/1
f 261/273/3 313/352/3 314/353/3
f 270/283/3 220/227/3 315/354/3
f 148/148/3 315/354/3 304/337/3
f 165/165/3 204/206/3 316/355/3
f 317/356/3 299/331/3 230/237/3
f 261/273/3 215/219/3 318/357/3
f 131/131/1 223/230/1 135/135/1
f 319/358/3 313/352/3 320/359/3
f 321/360/3 320/359/3 239/248/3
f 321/360/3 240/249/3 302/334/3
f 302/334/3 322/361/3 264/277/3
f 323/362/3 220/227/3 324/363/3
f 265/278/3 236/245/3 217/224/3
f 325/364/3 326/365/3 303/335/3
f 244/253/3 237/246/3 327/366/3
f 328/367/3 300/332/3 103/103/3
f 100/100/1 110/110/1 283/301/1
f 122/122/3 193/194/3 329/368/3
f 125/369/3 330/370/3 331/371/3
f 253/264/3 123/123/3 278/294/3
f 328/367/3 278/294/3 279/295/3
f 142/142/3 222/229/3 234/241/3
f 332/372/3 203/205/3 204/206/3
f 265/278/3 322/361/3 238/247/3
f 333/373/3 326/365/3 334/374/3
f 281/297/3 160/160/3 335/375/3
f 336/376/3 303/335/3 228/235/3
f 336/376/3 229/236/3 337/377/3
f 242/251/3 229/236/3 126/126/3
f 106/106/1 120/120/1 338/378/1
f 159/159/3 203/205/3 339/379/3
f 331/371/3 146/146/3 256/267/3
f 91/91/1 231/238/1 340/380/1
f 202/204/1 184/185/1 196/197/1
f 284/381/3 210/382/3 289/383/3
f 323/362/3 221/228/3 219/226/3
f 333/373/3 104/104/3 245/254/3
f 150/150/3 215/219/3 277/293/3
f 145/145/3 208/210/3 281/297/3
f 237/246/25 94/94/19 327/366/19
f 341/384/16 71/385/44 342/385/44
f 257/268/8 145/145/9 280/296/9
f 153/153/39 35/386/29 151/151/29
f 247/257/2 339/379/10 29/387/10
f 326/365/26 312/351/5 303/335/5
f 282/298/15 335/375/13 246/256/13
f 232/388/31 172/172/34 309/347/34
f 259/271/3 266/279/3 268/281/3
f 343/389/4 337/377/30 241/250/30
f 112/112/7 8/390/20 168/168/20
f 344/391/15 321/360/9 302/334/15
f 318/357/17 189/190/32 313/352/32
f 249/260/5 6/392/4 181/182/4
f 254/265/23 328/367/24 345/393/24
f 117/117/17 54/394/32 115/115/32
f 291/317/7 333/373/20 346/395/20
f 347/396/7 323/362/20 348/397/20
f 235/242/27 310/348/7 347/396/7
f 210/398/17 331/371/32 255/266/32
f 251/262/29 40/213/39 211/213/39
f 289/399/31 308/345/34 284/307/34
f 128/128/34 13/400/50 192/193/50
f 207/401/20 349/402/20 350/403/20
f 97/97/25 81/404/19 95/95/19
f 163/163/13 75/405/2 88/88/2
f 240/249/15 102/102/13 322/361/13
f 115/115/32 25/343/8 141/141/8
f 311/350/31 43/406/34 170/170/34
f 351/407/31 124/124/34 252/263/34
f 352/408/26 325/364/5 353/409/5
f 142/142/24 233/240/24 285/308/23
f 233/240/24 286/309/23 285/308/23
f 135/135/7 46/410/20 131/131/20
f 202/204/9 78/411/15 185/186/15
f 175/175/17 83/412/32 173/173/32
f 108/108/5 59/321/4 106/106/4
f 354/413/19 167/167/18 226/233/18
f 355/414/34 1/326/43 295/326/43
f 220/227/26 107/107/51 315/354/51
f 91/91/29 89/415/31 311/416/31
f 93/93/18 90/417/29 91/91/29
f 356/418/32 261/273/17 314/353/32
f 346/395/20 334/374/26 352/408/26
f 321/360/9 357/419/9 319/358/8
f 357/419/9 358/420/8 319/358/8
f 315/354/5 338/378/4 304/337/4
f 359/421/48 64/340/32 307/340/32
f 348/397/20 324/363/26 269/282/26
f 98/98/10 85/422/25 97/97/25
f 292/322/3 360/423/3 205/207/3
f 127/424/17 361/425/32 330/370/32
f 362/341/13 16/314/41 20/341/13
f 345/393/24 103/103/27 290/316/27
f 306/339/24 4/426/23 363/426/23
f 28/68/47 69/69/6 68/68/47
f 168/168/20 47/427/26 248/258/26
f 364/428/24 365/429/24 366/430/24
f 204/206/25 155/155/19 316/355/19
f 297/330/46 61/384/16 341/384/16
f 53/421/52 359/421/52 51/48/9
f 359/421/8 48/48/9 51/48/9
f 227/234/29 122/122/31 351/407/31
f 267/431/2 259/271/2 268/432/2
f 212/214/19 72/327/25 296/327/25
f 330/370/32 197/198/8 146/146/8
f 329/368/31 130/130/34 123/123/34
f 229/236/30 177/178/16 126/126/16
f 114/114/21 3/433/7 112/112/7
f 70/200/4 199/200/4 71/385/30
f 199/200/4 342/385/30 71/385/30
f 157/157/25 37/304/19 154/154/19
f 245/254/20 186/187/26 326/365/26
f 300/332/53 169/169/7 104/104/7
f 358/420/8 314/353/32 319/358/8
f 215/219/16 116/116/17 318/357/17
f 193/194/29 182/183/31 329/368/31
f 363/426/50 2/414/34 355/414/34
f 30/434/4 213/217/4 31/216/4
f 353/409/5 336/376/4 343/389/4
f 299/331/18 340/380/29 230/237/29
f 161/161/2 158/158/10 203/205/10
f 367/435/25 165/165/19 354/413/19
f 31/31/3 247/436/3 29/29/3
f 254/437/3 345/438/3 368/439/3
f 345/438/3 290/440/3 368/439/3
f 354/441/3 226/442/3 30/30/3
f 353/443/3 343/444/3 233/445/3
f 347/446/3 348/447/3 349/402/3
f 348/447/3 269/448/3 349/402/3
f 301/449/3 366/450/3 344/451/3
f 30/30/3 367/452/3 354/441/3
f 269/448/3 271/453/3 349/402/3
f 271/453/3 274/454/3 349/402/3
f 349/402/3 274/454/3 276/455/3
f 226/442/3 227/456/3 30/30/3
f 227/456/3 351/457/3 30/30/3
f 30/30/3 351/457/3 368/439/3
f 351/457/3 252/458/3 368/439/3
f 368/439/3 252/458/3 254/437/3
f 216/459/3 31/31/3 369/460/3
f 31/31/3 364/461/3 369/460/3
f 369/460/3 364/461/3 263/462/3
f 216/459/3 243/463/3 31/31/3
f 243/463/3 272/464/3 31/31/3
f 31/31/3 272/464/3 287/465/3
f 290/440/3 291/466/3 368/439/3
f 291/466/3 346/467/3 368/439/3
f 368/439/3 346/467/3 352/468/3
f 358/469/3 357/470/3 366/450/3
f 357/470/3 344/451/3 366/450/3
f 73/73/1 63/63/1 39/39/1
f 364/461/3 301/449/3 263/462/3
f 347/446/3 349/402/3 235/471/3
f 349/402/3 368/439/3 235/471/3
f 235/471/3 368/439/3 233/445/3
f 368/439/3 352/468/3 233/445/3
f 233/445/3 352/468/3 353/443/3
f 343/444/3 241/472/3 233/445/3
f 241/472/3 209/473/3 233/445/3
f 233/445/3 209/473/3 286/474/3
f 276/455/3 260/475/3 349/402/3
f 260/475/3 262/476/3 349/402/3
f 349/402/3 262/476/3 366/450/3
f 262/476/3 356/477/3 366/450/3
f 366/450/3 356/477/3 358/469/3
f 287/465/3 255/478/3 257/479/3
f 257/479/3 280/480/3 287/465/3
f 280/480/3 282/481/3 287/465/3
f 287/465/3 282/481/3 31/31/3
f 282/481/3 246/482/3 31/31/3
f 31/31/3 246/482/3 247/436/3
f 173/173/1 197/198/1 361/425/1
f 289/383/3 255/478/3 287/465/3
f 209/473/3 284/381/3 286/474/3
f 292/483/20 205/484/20 350/403/20
f 205/484/20 207/401/20 350/403/20
f 287/311/29 273/286/18 317/356/29
f 100/100/13 15/485/2 134/134/2
f 366/486/31 365/487/31 349/488/31
f 365/487/31 370/489/31 349/488/31
f 349/488/31 370/489/31 350/490/31
f 370/489/31 293/491/31 350/490/31
f 29/387/10 332/372/25 367/435/25
f 309/347/34 171/171/23 143/143/23
f 369/492/10 265/278/2 217/224/10
f 305/338/1 67/67/1 370/493/1
f 305/338/1 68/68/1 67/67/1
f 274/289/4 150/150/30 276/292/30
f 359/421/1 307/340/1 365/494/1
f 213/495/1 212/214/1 296/327/1
f 362/341/1 50/50/1 49/49/1
f 258/269/1 67/496/1 19/497/1
f 4/4/1 8/8/1 3/3/1
f 342/385/1 199/200/1 370/493/1
f 199/200/1 200/201/1 370/493/1
f 370/493/1 200/201/1 305/338/1
f 201/202/1 214/218/1 17/498/1
f 214/218/1 306/339/1 17/498/1
f 17/498/1 306/339/1 363/426/1
f 70/70/1 46/46/1 66/66/1
f 211/213/1 371/499/1 251/262/1
f 371/499/1 212/214/1 213/495/1
f 365/494/1 48/48/1 359/421/1
f 296/327/1 224/231/1 213/495/1
f 224/231/1 225/232/1 213/495/1
f 213/495/1 225/232/1 49/49/1
f 225/232/1 372/314/1 49/49/1
f 49/49/1 372/314/1 362/341/1
f 307/340/1 298/329/1 365/494/1
f 298/329/1 297/330/1 365/494/1
f 365/494/1 297/330/1 370/493/1
f 297/330/1 341/384/1 370/493/1
f 370/493/1 341/384/1 342/385/1
f 363/426/1 355/414/1 17/498/1
f 355/414/1 295/326/1 17/498/1
f 17/498/1 295/326/1 371/499/1
f 295/326/1 250/261/1 371/499/1
f 371/499/1 250/261/1 251/262/1
f 207/500/17 206/501/17 368/502/17
f 206/501/17 17/503/17 368/502/17
f 368/502/17 17/503/17 30/504/17
f 17/503/17 371/505/17 30/504/17
f 293/491/2 370/489/2 67/506/2
f 293/491/2 67/506/2 294/507/2
f 67/506/2 266/508/2 294/507/2
f 294/507/2 266/508/2 360/509/2
f 266/508/2 18/18/2 360/509/2
f 360/509/2 18/18/2 206/510/2
f 248/258/1 312/351/1 186/187/1
f 313/352/32 140/140/54 320/359/54
f 316/355/19 152/152/18 166/166/18
f 95/95/19 82/511/18 93/93/18
f 373/512/55 374/513/56 375/514/55
f 376/515/57 377/516/58 378/517/58
f 379/518/59 380/519/60 381/520/59
f 382/521/61 383/522/62 384/523/62
f 385/524/63 386/525/64 387/526/64
f 388/527/65 389/528/66 390/529/66
f 391/530/67 392/531/65 388/527/65
f 391/530/67 381/520/59 393/532/67
f 394/533/60 395/534/68 380/519/60
f 396/535/69 397/536/70 398/537/69
f 399/538/71 398/537/69 400/539/71
f 401/540/72 402/541/73 403/542/73
f 404/543/74 405/544/75 406/545/74
f 407/546/76 408/547/77 409/548/76
f 410/549/78 411/550/79 412/551/78
f 413/552/80 414/553/62 415/554/62
f 416/555/81 417/556/2 418/557/2
f 419/558/75 400/539/71 405/559/75
f 420/560/82 421/561/83 422/562/82
f 423/563/84 406/545/74 424/564/84
f 425/565/85 424/564/86 426/566/85
f 427/567/3 428/568/3 429/569/3
f 430/570/1 431/571/1 432/572/1
f 433/573/87 434/574/88 435/575/89
f 436/576/17 437/577/16 438/578/17
f 439/579/58 440/580/3 441/581/3
f 442/582/90 443/583/3 439/579/58
f 443/583/3 444/584/3 439/579/58
f 439/579/58 444/584/91 440/580/91
f 445/585/3 439/579/58 446/586/3
f 439/579/58 441/581/3 446/586/3
f 447/587/1 448/588/1 449/589/92
f 447/587/1 449/589/92 450/590/1
f 448/588/1 451/591/1 449/589/92
f 451/591/1 452/592/1 449/589/92
f 449/589/92 452/592/1 453/593/93
f 454/594/72 455/595/94 456/596/94
f 449/589/92 457/597/1 450/590/1
f 458/598/83 459/599/82 460/600/83
f 461/601/56 462/602/55 463/603/55
f 464/604/3 417/605/3 465/606/3
f 466/607/95 467/608/96 468/609/97
f 469/610/1 470/611/1 471/612/1
f 472/613/1 473/614/1 474/615/1
f 413/616/17 475/617/17 476/618/17
f 477/619/1 478/620/1 479/621/1
f 480/622/32 481/623/17 482/624/17
f 483/625/83 408/547/98 484/626/83
f 417/556/2 485/627/81 418/557/2
f 486/628/8 487/629/9 488/630/8
f 489/631/15 487/629/9 490/632/9
f 491/633/13 492/634/2 493/635/13
f 489/631/15 493/635/13 494/636/15
f 495/637/16 496/638/30 497/639/30
f 498/640/2 499/641/10 492/634/2
f 500/642/25 499/641/10 501/643/10
f 500/642/25 502/644/19 503/645/25
f 504/646/26 505/647/20 506/648/20
f 507/649/27 508/650/24 509/651/24
f 506/648/20 510/652/7 511/653/7
f 509/651/24 512/654/23 513/655/23
f 514/656/1 515/657/1 516/658/1
f 517/659/29 518/660/18 519/661/18
f 520/662/65 521/663/67 522/664/65
f 523/665/5 524/666/26 504/646/26
f 525/667/4 526/668/5 523/665/5
f 497/639/30 527/669/4 525/667/4
f 528/670/82 529/671/99 530/672/82
f 531/673/83 528/670/82 530/672/82
f 532/674/100 533/675/83 531/673/83
f 534/676/31 428/677/101 535/678/31
f 514/656/102 536/679/103 537/680/104
f 538/681/9 477/682/8 479/683/9
f 539/684/17 464/685/105 540/686/106
f 541/687/58 542/688/3 543/689/3
f 544/690/107 545/691/108 546/692/109
f 547/693/110 548/694/111 549/695/112
f 550/696/113 551/697/114 552/698/115
f 553/699/116 554/700/117 555/701/118
f 556/702/31 557/703/119 558/704/31
f 559/705/120 560/706/121 561/707/122
f 562/708/123 561/707/122 563/709/124
f 564/710/125 565/711/126 563/709/124
f 565/711/126 566/712/127 563/709/124
f 566/712/127 562/708/128 563/709/124
f 486/628/8 567/713/32 480/622/32
f 568/714/31 569/715/31 570/716/129
f 569/715/31 377/717/31 570/716/129
f 570/716/129 377/717/31 571/718/130
f 572/719/131 573/720/31 557/703/132
f 573/720/133 574/721/133 557/703/119
f 574/721/31 575/722/31 557/703/119
f 575/722/31 558/704/31 557/703/132
f 576/723/17 577/724/17 578/725/17
f 570/716/129 556/702/31 579/726/31
f 580/727/31 581/728/31 582/729/31
f 581/728/31 583/730/31 582/729/31
f 582/729/31 583/730/31 584/731/31
f 583/730/31 585/732/31 584/731/31
f 584/731/31 585/732/31 572/719/134
f 585/732/31 586/733/31 572/719/131
f 572/719/131 586/733/31 573/720/31
f 579/726/31 528/734/31 570/716/129
f 528/734/31 533/735/31 570/716/129
f 570/716/129 533/735/31 568/714/31
f 582/729/31 587/736/31 588/737/31
f 588/737/31 589/738/31 582/729/31
f 589/738/31 590/739/31 582/729/31
f 582/729/31 590/739/31 580/727/31
f 591/740/135 592/741/136 593/742/137
f 594/743/138 571/744/139 376/515/57
f 595/745/1 437/746/1 431/571/1
f 414/553/62 596/747/61 415/554/62
f 597/748/58 598/749/58 599/750/58
f 483/751/140 484/752/141 600/753/142
f 460/600/83 601/754/82 602/755/83
f 463/603/55 603/756/143 604/757/143
f 470/611/1 605/758/1 606/759/1
f 607/760/3 417/605/3 608/761/3
f 609/762/144 610/763/145 611/764/146
f 605/765/20 612/766/7 606/767/7
f 598/768/17 470/769/17 613/770/17
f 515/657/1 514/656/1 614/771/1
f 605/758/1 470/611/1 615/772/1
f 616/773/73 617/774/72 454/594/72
f 515/657/147 610/775/147 550/696/147
f 618/776/148 619/777/149 620/778/150
f 621/779/86 622/780/85 623/781/85
f 606/767/7 624/782/27 471/783/27
f 625/784/99 416/555/81 626/785/99
f 541/687/58 627/786/3 628/787/3
f 433/788/151 549/695/152 629/789/153
f 630/790/154 631/791/94 632/792/94
f 633/793/75 634/794/74 635/795/74
f 636/796/99 637/797/81 638/798/99
f 429/569/3 428/568/3 639/799/3
f 640/800/79 426/566/85 411/550/79
f 641/801/3 642/802/58 643/803/58
f 644/804/7 645/805/21 646/806/7
f 620/807/3 647/808/3 648/809/3
f 649/810/1 650/811/1 651/812/1
f 652/813/18 653/814/19 654/815/18
f 655/816/155 656/817/156 408/547/157
f 541/687/58 543/689/3 627/786/3
f 657/818/158 445/585/3 658/819/158
f 659/820/159 660/821/160 661/822/93
f 662/823/161 536/679/162 663/824/163
f 664/825/1 515/826/1 473/614/1
f 624/827/3 427/567/3 665/828/3
f 666/829/83 667/830/83 668/831/83
f 669/832/15 479/683/9 670/833/15
f 671/834/99 422/562/82 672/835/99
f 551/836/114 610/763/145 609/762/144
f 515/657/1 544/690/1 673/837/1
f 674/838/164 675/839/165 667/840/166
f 676/841/17 386/842/17 445/843/167
f 428/677/101 677/844/31 535/678/31
f 678/845/17 679/846/168 680/847/17
f 681/848/169 682/849/170 683/850/171
f 684/851/172 685/852/173 686/853/146
f 687/854/174 688/855/175 689/856/176
f 690/857/100 691/858/83 692/859/83
f 464/685/105 602/860/17 601/861/17
f 543/862/50 542/863/177 693/864/178
f 694/865/1 670/866/1 695/867/1
f 696/868/179 697/869/180 698/870/181
f 699/871/182 700/872/183 701/873/184
f 702/874/185 703/875/186 704/876/185
f 475/877/158 705/878/3 541/687/58
f 706/879/67 707/880/59 521/663/67
f 471/612/1 470/611/1 606/759/1
f 708/881/3 669/882/3 709/883/3
f 710/884/83 689/885/176 688/886/187
f 600/887/3 711/888/3 647/808/3
f 578/889/100 421/561/83 712/890/83
f 713/891/188 668/892/189 675/839/165
f 714/893/1 715/894/92 645/895/1
f 716/896/190 717/897/191 718/898/192
f 700/899/193 719/900/194 720/901/195
f 721/902/196 722/903/196 723/904/197
f 724/905/198 725/906/1 726/907/198
f 619/777/149 727/908/199 620/778/150
f 689/909/200 728/910/201 687/911/202
f 729/912/31 664/913/29 473/914/31
f 710/915/2 551/836/114 609/762/203
f 730/916/90 731/917/204 732/918/205
f 733/919/206 734/920/81 735/921/81
f 728/922/207 718/898/208 719/923/209
f 736/924/1 737/925/1 738/926/1
f 465/927/16 431/928/30 437/929/16
f 618/930/210 728/910/201 689/909/176
f 465/606/3 417/605/3 739/931/3
f 698/870/181 591/740/135 740/932/211
f 594/743/138 741/933/212 742/934/213
f 401/935/31 411/936/31 405/937/31
f 743/938/3 744/939/3 745/940/3
f 680/847/17 679/846/168 625/941/17
f 746/942/99 735/921/81 734/920/81
f 747/943/214 748/944/215 749/945/216
f 750/946/217 751/947/66 752/948/66
f 625/941/17 679/846/168 753/949/17
f 596/747/61 754/950/73 616/773/73
f 513/655/23 755/951/34 756/952/34
f 687/911/202 728/910/201 757/953/218
f 758/954/59 759/955/60 707/880/59
f 760/956/100 585/957/205 761/958/205
f 684/851/172 762/959/219 763/960/219
f 467/608/220 764/961/221 468/609/222
f 485/627/81 765/962/2 418/557/2
f 644/963/3 541/687/58 628/787/3
f 438/964/1 651/812/1 650/811/1
f 480/965/1 482/966/1 766/967/1
f 480/965/1 766/967/1 486/968/1
f 671/834/99 767/969/81 576/970/81
f 482/966/1 495/971/1 584/972/1
f 495/971/1 497/973/1 584/972/1
f 584/972/1 497/973/1 525/974/1
f 693/975/1 715/894/92 714/893/1
f 768/976/81 427/977/2 753/978/81
f 545/691/108 769/979/223 699/871/224
f 576/723/17 470/769/17 598/768/17
f 733/919/206 770/980/225 771/981/206
f 584/972/1 572/982/1 482/966/1
f 572/982/1 772/983/1 482/966/1
f 482/966/1 772/983/1 766/967/1
f 772/984/1 773/985/1 766/986/1
f 766/986/1 773/985/1 553/699/1
f 698/870/1 740/932/1 766/986/1
f 740/932/1 774/987/1 766/986/1
f 766/986/1 774/987/1 685/988/1
f 502/989/3 775/990/3 503/991/3
f 506/992/1 511/993/1 584/972/1
f 511/993/1 507/994/1 584/972/1
f 420/995/17 576/723/17 712/996/17
f 430/570/1 513/997/1 595/745/1
f 776/998/226 777/999/227 743/1000/228
f 701/873/184 720/1001/229 662/823/230
f 778/1002/58 779/1003/231 780/1004/58
f 737/925/1 736/924/1 781/1005/1
f 694/865/1 500/1006/1 782/1007/1
f 500/1006/1 501/1008/1 782/1007/1
f 782/1007/1 501/1008/1 498/1009/1
f 525/974/1 523/1010/1 584/972/1
f 523/1010/1 504/1011/1 584/972/1
f 584/972/1 504/1011/1 506/992/1
f 507/994/1 783/1012/1 584/972/1
f 784/1013/232 655/816/233 785/1014/232
f 786/1015/2 738/1016/13 737/1017/2
f 498/1009/1 491/1018/1 782/1007/1
f 491/1018/1 489/1019/1 782/1007/1
f 782/1007/1 489/1019/1 766/967/1
f 489/1019/1 490/1020/1 766/967/1
f 766/967/1 490/1020/1 486/968/1
f 553/699/1 555/701/1 766/986/1
f 555/701/1 696/868/1 766/986/1
f 766/986/1 696/868/1 698/870/1
f 787/1021/234 788/1022/17 789/1023/17
f 790/1024/83 791/1025/235 565/1026/126
f 751/947/66 522/664/65 752/948/66
f 792/1027/236 793/1028/236 794/1029/237
f 793/1028/238 795/1030/238 794/1029/239
f 794/1029/237 795/1030/240 796/1031/240
f 797/1032/241 798/1033/83 794/1029/237
f 474/1034/242 466/607/243 799/1035/244
f 428/677/101 779/1036/245 800/1037/246
f 790/1024/83 565/1026/126 794/1029/247
f 565/1026/126 564/1038/125 794/1029/237
f 794/1029/237 564/1038/125 797/1032/241
f 798/1033/83 801/1039/83 794/1029/237
f 801/1039/83 802/1040/83 794/1029/237
f 794/1029/237 802/1040/83 792/1027/83
f 656/817/248 796/1031/83 721/902/83
f 428/677/101 780/1041/31 779/1036/245
f 712/996/17 576/723/17 578/725/17
f 803/1042/205 804/1043/100 690/857/100
f 805/1044/83 806/1045/83 666/829/83
f 807/1046/197 808/1047/197 809/1048/249
f 810/1049/1 432/572/1 811/1050/1
f 812/1051/250 813/1052/144 685/852/173
f 813/1052/144 686/853/146 685/852/173
f 675/1053/3 538/1054/3 669/882/3
f 782/1007/17 766/967/17 684/1055/17
f 814/1056/251 815/1057/64 816/1058/251
f 619/1059/252 408/547/98 727/1060/83
f 780/1041/31 428/677/101 817/1061/31
f 818/1062/170 681/848/169 683/850/253
f 761/958/205 583/1063/58 599/750/58
f 472/1064/254 679/846/168 678/845/17
f 470/611/1 473/614/1 472/613/1
f 819/1065/255 820/1066/256 821/1067/257
f 697/869/258 822/1068/259 591/740/260
f 823/1069/261 594/1070/262 376/1071/263
f 563/1072/264 561/1073/265 824/1074/266
f 561/1073/265 825/1075/267 824/1074/266
f 826/1076/268 827/1077/269 828/1078/270
f 829/1079/271 749/1080/272 748/1081/273
f 557/703/119 830/1082/274 826/1076/268
f 564/1083/275 831/1084/276 797/1085/277
f 797/1085/277 831/1084/276 798/1086/278
f 801/1087/279 832/1088/280 802/1089/188
f 792/1090/281 833/1091/282 793/1092/283
f 834/1093/284 704/876/185 835/1094/284
f 796/1095/285 836/1096/286 809/1097/287
f 807/1098/141 775/1099/288 806/1100/289
f 837/1101/290 838/1102/291 681/848/169
f 775/1099/288 839/1103/292 806/1100/289
f 840/1104/293 821/1067/257 820/1066/256
f 840/1104/293 841/1105/294 821/1067/257
f 842/1106/295 548/1107/296 843/1108/297
f 682/1109/298 844/1110/299 845/1111/300
f 765/1112/3 508/1113/3 846/1114/3
f 526/1115/3 527/1116/3 847/1117/3
f 527/1116/3 496/1118/3 847/1117/3
f 847/1117/3 496/1118/3 823/1119/3
f 844/1120/3 755/1121/3 765/1112/3
f 755/1121/3 512/1122/3 765/1112/3
f 765/1112/3 512/1122/3 508/1113/3
f 846/1114/3 510/1123/3 765/1112/3
f 510/1123/3 505/1124/3 765/1112/3
f 765/1112/3 505/1124/3 847/1117/3
f 505/1124/3 524/1125/3 847/1117/3
f 847/1117/3 524/1125/3 526/1115/3
f 496/1118/3 848/1126/3 823/1119/3
f 848/1126/3 481/1127/3 823/1119/3
f 663/824/163 701/873/301 662/823/161
f 715/894/92 661/1128/93 646/1129/1
f 777/999/227 849/1130/302 743/1000/228
f 850/1131/303 851/1132/304 467/608/220
f 481/1127/3 829/1133/3 823/1119/3
f 852/1134/5 615/1135/26 811/1136/5
f 724/905/198 853/1137/56 461/601/56
f 854/1138/100 855/1139/205 856/1140/205
f 576/723/17 420/995/17 671/1141/17
f 844/1120/3 857/1142/3 755/1121/3
f 432/1143/4 852/1134/5 811/1136/5
f 594/1070/305 829/1079/271 748/1081/273
f 470/611/1 469/610/1 858/1144/1
f 841/1105/306 842/1106/307 821/1067/257
f 832/1088/280 798/1086/278 831/1084/276
f 836/1096/286 807/1098/141 809/1097/287
f 859/1145/17 787/1021/234 778/1146/17
f 860/1147/308 793/1092/283 833/1091/282
f 679/846/309 861/1148/310 787/1021/234
f 833/1091/311 802/1089/188 832/1088/280
f 670/866/1 736/924/1 738/926/1
f 862/1149/312 820/1150/313 838/1102/314
f 456/596/94 863/1151/154 864/1152/154
f 614/771/315 537/680/104 466/607/95
f 831/1084/316 563/1072/264 824/1074/266
f 664/825/1 654/1153/1 515/826/1
f 865/1154/63 866/1155/317 476/1156/317
f 867/1157/17 787/1021/234 789/1023/17
f 868/1158/318 869/1159/319 717/1160/320
f 870/1161/225 785/1014/232 770/980/225
f 408/547/98 407/546/83 484/626/83
f 464/685/105 539/684/17 855/1162/17
f 656/817/156 723/904/83 408/547/77
f 518/1163/3 819/1164/3 821/1165/3
f 492/1166/3 836/1167/3 860/1168/3
f 502/989/3 821/1165/3 842/1169/3
f 503/991/3 836/1167/3 499/1170/3
f 494/1171/3 831/1172/3 487/1173/3
f 492/1166/3 833/1174/3 493/1175/3
f 493/1175/3 832/1176/3 494/1171/3
f 488/1177/3 831/1172/3 824/1178/3
f 488/1177/3 829/1133/3 567/1179/3
f 871/1180/3 844/1120/3 819/1164/3
f 715/894/92 872/1181/1 725/906/1
f 572/719/134 826/1076/268 772/984/321
f 873/1182/219 611/764/322 874/1183/172
f 875/1184/308 723/1185/283 708/1186/282
f 648/1187/19 876/1188/25 653/814/19
f 730/1189/90 541/687/58 644/963/3
f 637/1190/17 464/685/105 638/1191/17
f 615/772/1 470/611/1 811/1050/1
f 757/953/323 719/900/194 700/899/193
f 613/770/17 472/1064/254 877/1192/17
f 878/1193/324 552/698/325 545/691/326
f 661/1194/327 731/1195/20 730/1196/327
f 744/1197/32 438/578/17 650/1198/32
f 879/1199/286 484/752/141 407/1200/287
f 880/1201/71 881/1202/75 633/1203/75
f 699/871/224 546/692/109 545/691/326
f 408/547/98 619/1059/252 618/1204/210
f 475/877/158 882/1205/328 883/1206/158
f 469/1207/24 429/1208/23 858/1209/23
f 613/1210/205 760/956/100 761/958/205
f 884/1211/68 814/1056/251 816/1058/251
f 417/605/3 427/567/3 608/761/3
f 679/846/168 768/1212/17 753/949/17
f 407/1200/287 409/1213/285 879/1199/286
f 885/1214/82 886/1215/99 746/942/99
f 624/782/27 469/1207/24 471/783/27
f 844/1110/299 887/1216/329 819/1065/255
f 409/548/330 408/547/98 888/1217/330
f 864/1152/154 889/1218/70 890/1219/70
f 459/599/82 638/798/99 601/754/82
f 615/1135/26 608/1220/20 605/765/20
f 638/1191/17 464/685/105 601/861/17
f 817/1221/205 778/1002/58 780/1004/58
f 608/761/3 427/567/3 612/1222/3
f 645/895/1 715/894/92 646/1129/1
f 880/1201/71 891/1223/69 892/1224/71
f 417/605/3 893/1225/3 739/931/3
f 600/753/142 727/908/199 483/751/140
f 709/1226/13 670/833/15 738/1016/13
f 841/1227/331 549/695/332 548/694/111
f 894/1228/31 428/677/101 534/676/31
f 856/1140/205 539/1229/58 643/803/58
f 517/1230/1 649/810/1 651/812/1
f 678/1231/83 895/1232/82 896/1233/83
f 897/1234/79 882/1205/328 898/1235/78
f 730/1196/327 646/806/333 661/1194/327
f 675/839/165 668/892/189 667/840/166
f 464/604/3 465/606/3 436/1236/3
f 899/1237/17 787/1021/234 867/1157/17
f 540/1238/3 683/850/171 641/801/3
f 729/1239/3 716/1240/3 900/1241/3
f 537/680/104 850/1131/334 467/608/335
f 610/763/145 874/1183/172 611/764/146
f 786/1242/3 708/881/3 709/883/3
f 389/528/66 901/1243/217 390/529/66
f 902/1244/99 485/627/81 636/796/99
f 408/547/77 723/904/76 888/1217/76
f 903/1245/1 470/611/1 858/1144/1
f 879/1246/3 786/1242/3 711/888/3
f 599/750/58 581/1247/58 597/748/58
f 535/1248/99 867/1249/82 534/1250/82
f 441/1251/44 447/1252/336 446/1253/337
f 482/624/17 848/1254/16 495/637/16
f 736/924/31 874/1255/31 515/826/31
f 604/757/143 904/1256/338 905/1257/338
f 665/828/3 427/567/3 429/569/3
f 692/859/83 906/1258/82 885/1214/82
f 907/1259/317 908/1260/63 385/524/63
f 658/819/158 412/551/328 657/818/158
f 647/1261/25 781/1262/10 876/1188/25
f 473/614/1 515/826/1 474/615/1
f 837/1263/339 464/685/105 849/1130/340
f 813/1052/203 791/1264/341 790/1265/2
f 577/724/17 576/723/17 909/1266/17
f 429/1208/23 903/1267/34 858/1209/23
f 910/1268/159 835/1094/284 659/820/159
f 896/1233/83 574/1269/82 573/1270/83
f 416/555/81 575/1271/99 626/785/99
f 911/1272/1 438/964/1 437/746/1
f 569/1273/205 532/674/100 912/1274/205
f 479/621/1 695/867/1 670/866/1
f 447/1252/336 440/1275/4 448/1276/4
f 717/1160/320 720/901/195 719/900/342
f 877/1277/100 896/1233/83 760/956/100
f 403/542/73 913/1278/61 382/521/61
f 642/802/58 856/1140/205 643/803/58
f 579/1279/99 914/1280/81 529/671/99
f 516/658/343 663/824/344 536/679/103
f 688/855/345 552/698/325 551/697/114
f 915/1281/81 733/919/206 735/921/81
f 783/1012/1 811/1050/1 470/611/1
f 631/791/94 401/540/72 632/792/94
f 723/1185/283 722/1282/281 708/1186/282
f 374/513/56 916/1283/198 917/1284/198
f 905/1257/338 918/1285/217 750/946/217
f 639/1286/34 473/914/31 903/1267/34
f 509/1287/1 810/1049/1 507/994/1
f 919/1288/60 884/1211/68 759/955/60
f 538/1054/3 743/938/3 745/940/3
f 920/1289/80 921/1290/317 907/1259/317
f 756/1291/34 857/1292/31 922/1293/31
f 876/1294/1 515/826/1 653/1295/1
f 922/1296/1 911/1272/1 756/1297/1
f 777/1298/346 862/1149/347 838/1102/348
f 448/1276/4 444/1299/40 451/1300/40
f 923/1301/70 630/790/154 397/536/70
f 719/923/209 718/898/208 717/897/349
f 895/1232/82 575/1271/99 574/1269/82
f 875/1184/308 409/1213/285 888/1302/308
f 924/1303/19 518/660/18 502/644/19
f 756/1297/1 595/745/1 513/997/1
f 925/1304/350 800/1305/351 779/1003/231
f 713/1306/83 808/1047/83 805/1044/83
f 621/779/86 634/794/74 926/1307/86
f 451/1300/40 443/1308/26 452/1309/26
f 677/1310/81 427/977/2 768/976/81
f 927/1311/352 468/609/222 764/961/221
f 928/1312/353 851/1313/354 868/1158/318
f 757/1314/355 769/979/356 687/854/174
f 417/605/3 852/1315/3 893/1225/3
f 716/896/190 800/1037/246 928/1316/357
f 925/1317/358 861/1148/359 927/1311/360
f 736/924/1 515/826/1 876/1294/1
f 929/1318/251 386/525/64 676/1319/251
f 652/1320/3 620/807/3 648/809/3
f 787/1021/234 899/1237/17 768/1212/17
f 693/975/1 872/1181/1 715/894/92
f 929/1318/251 395/534/68 930/1321/68
f 772/984/321 828/1078/270 773/985/361
f 774/987/362 812/1322/250 685/988/173
f 740/932/211 593/742/137 774/987/363
f 894/1323/83 788/1324/100 931/1325/100
f 555/701/118 932/1326/364 696/868/365
f 643/803/58 540/1238/3 641/801/3
f 828/1078/270 933/1327/366 934/1328/367
f 843/1108/297 775/1099/288 842/1106/295
f 593/742/137 791/1329/341 812/1322/250
f 457/597/1 917/1284/198 916/1283/198
f 860/1147/308 796/1095/285 795/1330/308
f 932/1326/368 935/1331/369 697/869/258
f 554/700/117 936/1332/370 932/1326/364
f 934/1328/367 937/1333/371 554/700/372
f 705/1334/373 938/1335/31 814/1336/31
f 470/769/17 472/1064/254 613/770/17
f 427/977/2 417/556/2 753/978/81
f 662/823/230 869/1337/374 850/1131/303
f 799/1035/244 468/609/97 861/1148/310
f 689/885/176 408/547/98 618/1204/210
f 939/1338/186 763/960/219 703/875/186
f 639/799/3 428/568/3 729/1239/3
f 542/863/375 725/1339/373 872/1340/376
f 716/896/190 928/1316/357 868/1341/377
f 683/850/171 845/1342/3 641/801/3
f 472/1064/254 678/845/17 877/1192/17
f 940/1343/17 464/685/105 855/1162/17
f 817/1061/31 428/677/101 931/1344/31
f 788/1022/17 787/1021/234 859/1145/17
f 450/1345/378 445/1346/167 446/1253/337
f 599/750/58 613/1210/205 761/958/205
f 472/1064/379 799/1035/244 679/846/168
f 878/1193/1 515/657/1 550/696/1
f 473/614/1 470/611/1 903/1245/1
f 677/844/31 428/677/101 427/1347/31
f 431/928/30 893/1348/4 432/1143/4
f 776/1349/380 629/789/153 862/1149/312
f 773/985/361 934/1328/367 553/699/381
f 576/970/81 783/1350/2 470/1351/2
f 566/1352/382 791/1329/235 592/741/383
f 560/1353/384 935/1331/385 936/1332/386
f 937/1333/387 747/1354/388 941/1355/389
f 822/1068/390 559/1356/391 562/1357/392
f 936/1332/393 941/1355/389 560/1353/384
f 825/1075/394 829/1079/271 824/1074/266
f 827/1077/395 742/1358/396 741/1359/397
f 741/1359/397 933/1327/398 827/1077/395
f 931/1325/100 859/1360/205 817/1221/205
f 680/1361/82 626/785/99 895/1232/82
f 627/1362/24 693/864/178 714/1363/24
f 708/1186/311 713/891/188 675/839/165
f 577/1364/205 942/1365/100 578/889/100
f 673/837/399 546/692/109 663/824/163
f 787/1021/234 925/1317/358 778/1146/17
f 664/913/29 652/813/18 654/815/18
f 544/690/1 515/657/1 878/1193/1
f 914/1366/17 847/1367/17 823/1069/261
f 823/1069/261 376/1071/263 378/1368/17
f 378/1368/17 912/1369/17 823/1069/261
f 912/1369/17 532/1370/17 823/1069/261
f 823/1069/261 532/1370/17 531/1371/17
f 531/1371/17 530/1372/17 823/1069/261
f 530/1372/17 529/1373/17 823/1069/261
f 823/1069/261 529/1373/17 914/1366/17
f 642/1374/31 845/1111/300 844/1110/299
f 844/1110/299 765/1375/31 943/1376/31
f 943/1376/31 902/1377/31 844/1110/299
f 902/1377/31 944/1378/31 844/1110/299
f 844/1110/299 944/1378/31 458/1379/31
f 458/1379/31 945/1380/31 844/1110/299
f 945/1380/31 946/1381/31 844/1110/299
f 844/1110/299 946/1381/31 642/1374/31
f 378/517/58 569/1273/205 912/1274/205
f 628/1382/21 714/1363/24 645/805/21
f 416/555/81 765/962/2 558/1383/81
f 728/922/207 620/778/400 718/898/208
f 914/1280/81 556/1384/81 847/1385/2
f 556/1384/81 558/1383/81 847/1385/2
f 847/1385/2 558/1383/81 765/962/2
f 946/1386/205 854/1138/100 856/1140/205
f 384/523/62 947/1387/80 920/1289/80
f 896/1233/83 586/1388/100 760/956/100
f 781/1005/1 736/924/1 876/1294/1
f 948/1389/338 949/1390/143 950/1391/143
f 511/653/7 846/1392/27 507/649/27
f 776/998/226 743/1000/228 433/573/87
f 951/1393/225 784/1013/232 870/1161/225
f 459/599/82 902/1244/99 636/796/99
f 452/1309/401 442/1394/402 453/1395/402
f 890/1219/403 891/1223/69 952/1396/69
f 945/1397/100 460/600/83 854/1138/100
f 727/1060/83 408/547/77 483/625/83
f 866/1155/317 413/552/404 476/1156/317
f 922/1293/31 871/1398/29 517/659/29
f 909/1399/58 953/1400/205 577/1364/205
f 954/1401/217 948/1389/338 901/1243/217
f 950/1391/143 373/512/55 375/514/55
f 659/820/159 955/1402/284 956/1403/159
f 672/835/99 588/1404/82 587/1405/99
f 684/851/172 694/1406/2 782/1407/2
f 434/574/405 674/838/406 435/575/89
f 956/1403/159 453/1408/93 659/820/159
f 602/860/17 464/685/105 940/1343/17
f 580/1409/205 597/748/58 581/1247/58
f 835/1094/284 957/1410/185 955/1402/284
f 906/1258/82 958/1411/83 959/1412/82
f 815/1057/64 960/1413/63 865/1154/63
f 951/1393/225 733/919/206 961/1414/206
f 886/1215/99 959/1412/82 962/1415/99
f 735/921/81 962/1415/99 915/1281/81
f 736/1416/2 963/1417/407 874/1183/172
f 711/1418/10 737/1017/2 781/1262/10
f 922/1296/1 651/812/1 964/1419/1
f 516/658/1 515/657/1 673/837/1
f 800/1305/351 764/1420/408 928/1312/353
f 745/1421/8 650/1198/32 477/682/8
f 854/1138/100 602/755/409 940/1422/100
f 767/969/81 587/1405/99 582/1423/81
f 783/1350/2 582/1423/81 584/1424/2
f 897/1234/79 622/780/85 965/1425/79
f 732/918/205 731/917/204 442/1426/90
f 442/1394/402 660/1427/20 453/1395/402
f 677/1310/81 899/1428/99 535/1248/99
f 818/1429/410 540/686/106 464/685/105
f 843/1430/411 966/1431/83 839/1432/83
f 519/1433/1 478/620/1 649/810/1
f 704/876/185 967/1434/186 957/1410/185
f 924/1435/1 695/867/1 478/620/1
f 515/826/1 654/1153/1 653/1295/1
f 588/1404/82 421/561/83 589/1436/83
f 968/1437/233 784/1013/232 969/1438/232
f 794/1029/239 970/1439/155 968/1437/155
f 909/1266/17 576/723/17 598/768/17
f 428/677/101 894/1228/31 931/1344/31
f 464/685/105 637/1190/17 417/1440/17
f 805/1044/83 668/831/83 713/1306/83
f 839/1432/83 666/829/83 806/1045/83
f 691/858/83 971/1441/100 958/1411/83
f 971/1441/100 732/918/205 972/1442/205
f 887/1443/412 838/1102/291 820/1150/413
f 703/875/186 762/959/219 967/1434/186
f 674/1444/411 966/1431/83 547/693/110
f 942/1365/100 580/1409/205 590/1445/100
f 421/561/83 590/1445/100 589/1436/83
f 474/1034/1 515/657/1 614/771/1
f 716/1240/3 652/1320/3 900/1241/3
f 534/1250/82 789/1446/83 894/1323/83
f 849/1447/3 436/1236/3 744/939/3
f 710/884/83 408/547/98 689/885/176
f 435/1448/414 547/693/415 549/695/332
f 852/1315/3 417/605/3 607/760/3
f 427/567/3 624/827/3 612/1222/3
f 705/878/3 542/688/3 541/687/58
f 571/718/130 830/1082/416 570/716/417
f 840/1449/418 629/789/153 841/1227/331
f 721/902/419 809/1048/419 808/1047/419
f 562/1357/420 592/741/383 822/1068/421
f 749/945/216 941/1450/422 747/943/214
f 825/1451/423 560/706/121 941/1450/422
f 973/1452/31 974/1453/424 975/1454/425
f 973/1452/31 976/1455/426 974/1453/424
f 977/1456/427 975/1454/428 978/1457/427
f 979/1458/2 973/1452/2 975/1454/2
f 980/1459/429 981/1460/430 982/1461/431
f 983/1462/432 982/1461/431 984/1463/433
f 984/1463/433 981/1460/430 985/1464/434
f 979/1458/3 976/1455/3 973/1452/3
f 986/1465/435 976/1455/435 979/1458/435
f 986/1465/31 977/1456/31 987/1466/31
f 988/1467/31 989/1468/436 990/1469/437
f 988/1467/31 990/1469/437 991/1470/438
f 992/1471/439 989/1468/440 993/1472/440
f 993/1472/2 989/1468/2 988/1467/2
f 993/1472/1 988/1467/1 991/1470/1
f 991/1470/435 986/1465/435 993/1472/435
f 992/1471/31 986/1465/31 987/1466/31
f 994/1473/441 995/1474/442 996/1475/443
f 990/1469/437 997/1476/444 998/1477/445
f 980/1459/429 999/1478/446 1000/1479/447
f 1001/1480/448 1002/1481/449 1003/1482/450
f 1004/1483/451 994/1473/441 996/1475/452
f 1005/1484/453 996/1475/443 1006/1485/454
f 1007/1486/455 983/1462/432 984/1463/433
f 1008/1487/456 980/1459/429 982/1461/457
f 1009/1488/458 1004/1483/451 1010/1489/459
f 980/1459/429 1002/1481/449 1011/1490/460
f 1012/1491/31 1013/1492/461 1014/1493/462
f 1012/1491/31 1014/1493/462 1015/1494/463
f 977/1456/427 1013/1492/464 1016/1495/464
f 1016/1495/20 1013/1492/20 1012/1491/20
f 1016/1495/3 1012/1491/3 1015/1494/3
f 1015/1494/465 1017/1496/465 1016/1495/465
f 977/1456/31 1017/1496/31 987/1466/31
f 1018/1497/31 1019/1498/466 1020/1499/467
f 1018/1497/31 1021/1500/468 1019/1498/466
f 992/1471/439 1020/1499/469 1022/1501/439
f 1023/1502/20 1018/1497/20 1020/1499/20
f 1023/1502/1 1021/1500/1 1018/1497/1
f 1017/1496/470 1021/1500/470 1023/1502/470
f 1017/1496/31 992/1471/31 987/1466/31
f 1024/1503/471 1001/1480/448 1025/1504/472
f 1026/1505/473 1027/1506/474 1028/1507/475
f 1029/1508/476 984/1463/477 985/1464/434
f 1030/1509/478 1004/1483/451 1005/1484/453
f 1031/1510/479 974/1453/424 1002/1481/449
f 1010/1489/459 1000/1479/447 1009/1488/458
f 1030/1509/478 1032/1511/480 1033/1512/481
f 1034/1513/482 1027/1506/474 983/1462/432
f 1009/1488/458 998/1477/445 1035/1514/483
f 1027/1506/484 1024/1503/471 1025/1504/472
f 998/1477/445 994/1473/441 1035/1514/483
f 1036/1515/485 1037/1516/486 1038/1517/487
f 985/1464/434 1010/1489/459 1030/1509/478
f 999/1478/488 1009/1488/489 1000/1479/447
f 1039/1518/490 1040/1519/491 1041/1520/492
f 1001/1480/448 1042/1521/493 1031/1510/494
f 985/1464/434 1033/1512/481 1029/1508/476
f 1043/1522/495 1044/1523/496 1045/1524/497
f 1046/1525/498 1047/1526/499 1048/1527/500
f 1006/1485/454 995/1474/442 1049/1528/501
f 1050/1529/502 1038/1517/487 1051/1530/503
f 1040/1519/491 1052/1531/504 1047/1526/499
f 1053/1532/505 1054/1533/506 1055/1534/507
f 1056/1535/508 990/1469/437 998/1477/445
f 1006/1485/454 1057/1536/509 1058/1537/510
f 1046/1525/511 1044/1523/496 1054/1533/506
f 1046/1525/512 1041/1520/492 1040/1519/491
f 1013/1492/461 1042/1521/493 1059/1538/513
f 1025/1504/514 1003/1482/450 1008/1487/456
f 1060/1539/515 1014/1493/462 1052/1531/504
f 1047/1526/499 1061/1540/516 1048/1527/500
f 999/1478/446 991/1470/517 1056/1535/508
f 1062/1541/518 1054/1533/519 1043/1522/520
f 1050/1529/502 1041/1520/492 1053/1532/505
f 1014/1493/462 1059/1538/513 1052/1531/521
f 989/1468/436 1063/1542/522 997/1476/444
f 1048/1527/500 1064/1543/523 1044/1523/496
f 1039/1518/490 1015/1494/524 1060/1539/515
f 1005/1484/453 1058/1537/510 1032/1511/480
f 1045/1524/497 1064/1543/523 1065/1544/525
f 1061/1540/526 1066/1545/527 1064/1543/523
f 1067/1546/528 1036/1515/485 1050/1529/529
f 1061/1540/530 1068/1547/531 1024/1503/471
f 1064/1543/523 1026/1505/473 1065/1544/532
f 1051/1530/503 1069/1548/533 1070/1549/534
f 1051/1530/535 1039/1518/490 1041/1520/492
f 1055/1534/507 1050/1529/529 1053/1532/536
f 999/1478/446 976/1455/426 1071/1550/537
f 1037/1516/486 1063/1542/538 1072/1551/539
f 1070/1549/534 1019/1498/466 1021/1500/540
f 1037/1516/486 1069/1548/533 1038/1517/487
f 1073/1552/541 1055/1534/542 1062/1541/518
f 1074/1553/543 1075/1554/544 1036/1515/485
f 1052/1531/545 1076/1555/546 1047/1526/499
f 1072/1551/547 1019/1498/466 1069/1548/533
f 1063/1542/522 1020/1499/467 1072/1551/539
f 1077/1556/548 1067/1546/528 1073/1552/549
f 1027/1506/474 1008/1487/550 983/1462/432
f 1078/1557/551 995/1474/442 1075/1554/544
f 994/1473/441 1063/1542/538 1079/1558/552
f 1075/1554/544 1079/1558/552 1037/1516/486
f 1080/1559/553 1074/1553/543 1077/1556/548
f 1042/1521/493 975/1454/425 1031/1510/479
f 1011/1490/460 974/1453/424 976/1455/426
f 1076/1555/546 1042/1521/554 1068/1547/531
f 1057/1536/509 1078/1557/551 1080/1559/553
f 1039/1518/490 1021/1500/468 1081/1560/555
f 1082/1452/31 1083/1453/424 1084/1454/425
f 1082/1452/31 1085/1455/556 1083/1453/424
f 1086/1456/427 1084/1454/428 1087/1457/557
f 1088/1458/2 1082/1452/2 1084/1454/2
f 1089/1461/457 1090/1479/447 1091/1460/430
f 1092/1462/432 1089/1461/431 1093/1463/433
f 1094/1464/434 1089/1461/457 1091/1460/430
f 1088/1458/3 1085/1455/3 1082/1452/3
f 1095/1465/558 1085/1455/558 1088/1458/558
f 1095/1465/31 1086/1456/31 1096/1466/31
f 1097/1467/31 1098/1468/559 1099/1469/437
f 1097/1467/31 1099/1469/437 1100/1470/560
f 1101/1471/561 1098/1468/440 1102/1472/440
f 1102/1472/2 1098/1468/2 1097/1467/2
f 1102/1472/1 1097/1467/1 1100/1470/1
f 1100/1470/435 1095/1465/435 1102/1472/435
f 1101/1471/31 1095/1465/31 1096/1466/31
f 1103/1475/443 1104/1558/552 1105/1474/442
f 1099/1469/437 1106/1476/562 1107/1477/563
f 1108/1459/429 1109/1478/446 1090/1479/447
f 1110/1480/448 1111/1481/564 1112/1482/565
f 1113/1483/451 1114/1473/441 1103/1475/566
f 1113/1483/451 1115/1485/454 1116/1484/453
f 1117/1486/455 1092/1462/432 1093/1463/433
f 1089/1461/457 1112/1482/565 1108/1459/429
f 1118/1489/459 1119/1514/567 1113/1483/451
f 1108/1459/429 1111/1481/564 1120/1490/460
f 1121/1491/31 1122/1492/568 1123/1493/462
f 1121/1491/31 1123/1493/462 1124/1494/569
f 1086/1456/427 1122/1492/464 1125/1495/464
f 1125/1495/20 1122/1492/20 1121/1491/20
f 1125/1495/3 1121/1491/3 1124/1494/3
f 1124/1494/470 1126/1496/470 1125/1495/470
f 1086/1456/31 1126/1496/31 1096/1466/31
f 1127/1497/31 1128/1498/570 1129/1499/571
f 1127/1497/31 1130/1500/572 1128/1498/570
f 1101/1471/561 1129/1499/469 1131/1501/561
f 1132/1502/20 1127/1497/20 1129/1499/20
f 1132/1502/1 1130/1500/1 1127/1497/1
f 1126/1496/465 1130/1500/465 1132/1502/465
f 1126/1496/31 1101/1471/31 1096/1466/31
f 1133/1504/573 1134/1547/574 1110/1480/448
f 1135/1505/473 1136/1506/474 1137/1507/475
f 1117/1486/455 1094/1464/434 1138/1508/476
f 1118/1489/459 1116/1484/453 1139/1509/478
f 1140/1510/479 1083/1453/424 1111/1481/564
f 1118/1489/459 1090/1479/447 1141/1488/575
f 1142/1512/481 1116/1484/453 1143/1511/480
f 1144/1513/482 1136/1506/474 1092/1462/432
f 1141/1488/458 1107/1477/563 1119/1514/567
f 1145/1545/576 1133/1504/472 1136/1506/474
f 1107/1477/577 1114/1473/441 1119/1514/567
f 1146/1554/544 1147/1517/487 1148/1515/578
f 1094/1464/434 1118/1489/459 1139/1509/478
f 1109/1478/488 1141/1488/458 1090/1479/447
f 1149/1518/490 1150/1519/579 1151/1520/492
f 1110/1480/448 1152/1521/493 1140/1510/494
f 1094/1464/434 1142/1512/580 1138/1508/476
f 1153/1522/581 1154/1523/496 1155/1524/497
f 1156/1525/512 1157/1526/499 1158/1527/582
f 1103/1475/583 1159/1528/584 1115/1485/454
f 1160/1529/502 1147/1517/487 1161/1530/503
f 1150/1519/491 1162/1531/585 1157/1526/499
f 1163/1534/507 1156/1525/586 1164/1533/519
f 1165/1535/508 1099/1469/437 1107/1477/587
f 1115/1485/454 1166/1536/588 1167/1537/589
f 1164/1533/506 1158/1527/582 1154/1523/496
f 1168/1532/505 1150/1519/491 1156/1525/586
f 1122/1492/568 1152/1521/493 1169/1538/590
f 1170/1487/550 1110/1480/448 1112/1482/565
f 1171/1539/515 1123/1493/462 1162/1531/585
f 1157/1526/499 1172/1540/530 1158/1527/582
f 1109/1478/488 1100/1470/591 1165/1535/592
f 1163/1534/507 1153/1522/495 1173/1541/518
f 1161/1530/503 1168/1532/505 1160/1529/502
f 1123/1493/462 1169/1538/593 1162/1531/585
f 1098/1468/594 1174/1542/522 1106/1476/562
f 1158/1527/582 1175/1543/595 1154/1523/496
f 1149/1518/490 1124/1494/596 1171/1539/597
f 1143/1511/480 1115/1485/454 1167/1537/510
f 1155/1524/497 1175/1543/523 1176/1544/525
f 1172/1540/526 1145/1545/576 1175/1543/523
f 1177/1546/528 1148/1515/578 1160/1529/502
f 1178/1555/546 1179/1503/471 1172/1540/526
f 1175/1543/523 1135/1505/473 1176/1544/532
f 1161/1530/503 1180/1548/598 1181/1549/599
f 1161/1530/503 1149/1518/490 1151/1520/492
f 1163/1534/542 1160/1529/529 1168/1532/505
f 1109/1478/446 1085/1455/600 1182/1550/601
f 1183/1516/486 1174/1542/538 1184/1551/539
f 1181/1549/534 1128/1498/570 1130/1500/468
f 1183/1516/486 1180/1548/598 1147/1517/487
f 1185/1552/549 1163/1534/507 1173/1541/518
f 1186/1557/602 1148/1515/485 1187/1553/543
f 1162/1531/585 1178/1555/603 1157/1526/499
f 1184/1551/547 1128/1498/570 1180/1548/598
f 1174/1542/522 1129/1499/571 1184/1551/604
f 1185/1552/605 1187/1553/606 1177/1546/528
f 1136/1506/474 1170/1487/456 1092/1462/432
f 1159/1528/584 1146/1554/607 1186/1557/551
f 1114/1473/441 1174/1542/538 1104/1558/552
f 1105/1474/608 1183/1516/486 1146/1554/609
f 1188/1556/548 1186/1557/551 1187/1553/543
f 1152/1521/493 1084/1454/610 1140/1510/494
f 1120/1490/611 1083/1453/424 1085/1455/556
f 1178/1555/603 1152/1521/554 1134/1547/574
f 1166/1536/509 1186/1557/551 1189/1559/612
f 1149/1518/490 1130/1500/613 1190/1560/614
f 1191/1452/31 1192/1453/424 1193/1454/615
f 1191/1452/31 1194/1455/556 1192/1453/424
f 1195/1456/427 1193/1454/428 1196/1457/427
f 1197/1458/2 1191/1452/2 1193/1454/2
f 1198/1461/457 1199/1479/447 1200/1460/430
f 1201/1462/432 1198/1461/457 1202/1463/433
f 1203/1464/434 1198/1461/457 1200/1460/430
f 1197/1458/3 1194/1455/3 1191/1452/3
f 1204/1465/558 1194/1455/558 1197/1458/558
f 1204/1465/31 1195/1456/31 1205/1466/31
f 1206/1467/31 1207/1468/436 1208/1469/437
f 1206/1467/31 1208/1469/437 1209/1470/616
f 1210/1471/561 1207/1468/440 1211/1472/440
f 1211/1472/2 1207/1468/2 1206/1467/2
f 1211/1472/1 1206/1467/1 1209/1470/1
f 1209/1470/558 1204/1465/558 1211/1472/558
f 1210/1471/31 1204/1465/31 1205/1466/31
f 1212/1475/583 1213/1558/617 1214/1474/608
f 1208/1469/437 1215/1476/618 1216/1477/619
f 1217/1459/429 1218/1478/446 1199/1479/447
f 1219/1480/448 1220/1481/449 1221/1482/565
f 1222/1483/451 1223/1473/441 1212/1475/583
f 1222/1483/451 1224/1485/454 1225/1484/453
f 1226/1486/620 1201/1462/621 1202/1463/433
f 1198/1461/457 1221/1482/622 1217/1459/429
f 1227/1489/459 1228/1514/623 1222/1483/451
f 1217/1459/429 1220/1481/449 1229/1490/624
f 1230/1491/31 1231/1492/625 1232/1493/462
f 1230/1491/31 1232/1493/462 1233/1494/463
f 1195/1456/427 1231/1492/464 1234/1495/464
f 1234/1495/20 1231/1492/20 1230/1491/20
f 1234/1495/3 1230/1491/3 1233/1494/3
f 1233/1494/470 1235/1496/470 1234/1495/470
f 1195/1456/31 1235/1496/31 1205/1466/31
f 1236/1497/31 1237/1498/466 1238/1499/467
f 1236/1497/31 1239/1500/468 1237/1498/466
f 1210/1471/561 1238/1499/469 1240/1501/561
f 1241/1502/20 1236/1497/20 1238/1499/20
f 1241/1502/1 1239/1500/1 1236/1497/1
f 1235/1496/470 1239/1500/470 1241/1502/470
f 1235/1496/31 1210/1471/31 1205/1466/31
f 1242/1504/472 1243/1547/626 1219/1480/627
f 1244/1505/473 1245/1506/474 1246/1507/475
f 1247/1508/476 1202/1463/433 1203/1464/434
f 1248/1509/478 1222/1483/451 1225/1484/453
f 1249/1510/479 1192/1453/424 1220/1481/449
f 1227/1489/459 1199/1479/447 1250/1488/458
f 1248/1509/478 1251/1511/480 1252/1512/580
f 1253/1513/628 1245/1506/484 1201/1462/432
f 1250/1488/458 1216/1477/619 1228/1514/623
f 1254/1545/576 1242/1504/472 1245/1506/474
f 1216/1477/619 1223/1473/441 1228/1514/623
f 1255/1515/485 1256/1516/629 1257/1517/630
f 1203/1464/434 1227/1489/459 1248/1509/478
f 1199/1479/447 1258/1535/631 1250/1488/458
f 1259/1518/490 1260/1519/491 1261/1520/492
f 1219/1480/448 1262/1521/493 1249/1510/494
f 1203/1464/434 1252/1512/580 1247/1508/476
f 1263/1522/495 1264/1523/632 1265/1524/497
f 1266/1525/512 1267/1526/499 1268/1527/582
f 1212/1475/452 1269/1528/584 1224/1485/454
f 1270/1529/529 1257/1517/630 1271/1530/503
f 1260/1519/491 1272/1531/633 1267/1526/499
f 1273/1534/542 1266/1525/586 1274/1533/519
f 1258/1535/631 1208/1469/437 1216/1477/619
f 1224/1485/634 1275/1536/509 1276/1537/635
f 1274/1533/506 1268/1527/582 1264/1523/496
f 1277/1532/505 1260/1519/491 1266/1525/586
f 1231/1492/625 1262/1521/493 1278/1538/636
f 1279/1487/456 1219/1480/448 1221/1482/565
f 1280/1539/515 1232/1493/462 1272/1531/633
f 1267/1526/499 1281/1540/530 1268/1527/582
f 1218/1478/446 1209/1470/637 1258/1535/508
f 1282/1541/518 1274/1533/506 1263/1522/495
f 1270/1529/502 1261/1520/492 1277/1532/505
f 1232/1493/462 1278/1538/636 1272/1531/633
f 1207/1468/638 1283/1542/639 1215/1476/444
f 1268/1527/582 1284/1543/595 1264/1523/496
f 1259/1518/490 1233/1494/524 1280/1539/515
f 1225/1484/640 1276/1537/635 1251/1511/480
f 1265/1524/497 1284/1543/523 1285/1544/525
f 1281/1540/526 1254/1545/527 1284/1543/523
f 1286/1546/528 1255/1515/485 1270/1529/529
f 1287/1555/546 1288/1503/471 1281/1540/526
f 1284/1543/523 1244/1505/473 1285/1544/532
f 1271/1530/503 1289/1548/533 1290/1549/534
f 1261/1520/492 1290/1549/599 1259/1518/490
f 1273/1534/542 1270/1529/529 1277/1532/536
f 1218/1478/446 1194/1455/556 1291/1550/537
f 1256/1516/486 1283/1542/639 1292/1551/539
f 1290/1549/534 1237/1498/466 1239/1500/641
f 1256/1516/486 1289/1548/533 1257/1517/630
f 1293/1552/549 1273/1534/507 1282/1541/518
f 1294/1557/602 1255/1515/485 1295/1553/543
f 1272/1531/633 1287/1555/603 1267/1526/499
f 1292/1551/547 1237/1498/466 1289/1548/533
f 1283/1542/639 1238/1499/642 1292/1551/539
f 1296/1556/548 1286/1546/643 1293/1552/549
f 1245/1506/474 1279/1487/550 1201/1462/432
f 1269/1528/584 1297/1554/544 1294/1557/551
f 1223/1473/441 1283/1542/644 1213/1558/617
f 1214/1474/608 1256/1516/486 1297/1554/544
f 1298/1559/645 1295/1553/606 1296/1556/548
f 1262/1521/493 1193/1454/646 1249/1510/647
f 1229/1490/624 1192/1453/424 1194/1455/648
f 1287/1555/603 1262/1521/554 1243/1547/574
f 1275/1536/509 1294/1557/551 1298/1559/645
f 1259/1518/490 1239/1500/649 1299/1560/614
f 1300/1452/17 1301/1454/650 1302/1453/651
f 1300/1452/17 1302/1453/651 1303/1455/652
f 1304/1456/653 1301/1454/654 1305/1458/655
f 1305/1458/2 1301/1454/2 1300/1452/2
f 1306/1460/656 1307/1459/657 1308/1461/658
f 1308/1461/659 1309/1462/660 1310/1463/661
f 1306/1460/656 1310/1463/661 1311/1464/662
f 1305/1458/3 1300/1452/3 1303/1455/3
f 1303/1455/663 1312/1465/663 1305/1458/663
f 1304/1456/17 1312/1465/17 1313/1466/17
f 1314/1467/17 1315/1469/664 1316/1468/665
f 1314/1467/17 1317/1470/666 1315/1469/664
f 1318/1471/667 1316/1468/668 1319/1501/667
f 1320/1472/2 1314/1467/2 1316/1468/2
f 1320/1472/1 1317/1470/1 1314/1467/1
f 1312/1465/663 1317/1470/663 1320/1472/663
f 1312/1465/17 1318/1471/17 1313/1466/17
f 1321/1475/669 1322/1558/670 1323/1473/671
f 1324/1476/672 1315/1469/664 1325/1477/673
f 1326/1478/674 1307/1459/675 1327/1479/676
f 1328/1481/677 1329/1480/678 1330/1482/679
f 1331/1483/680 1323/1473/681 1332/1514/682
f 1333/1484/683 1321/1475/684 1331/1483/685
f 1334/1486/686 1309/1462/660 1335/1513/687
f 1308/1461/688 1330/1482/679 1336/1487/689
f 1337/1489/690 1332/1514/682 1338/1488/691
f 1307/1459/657 1328/1481/677 1330/1482/679
f 1339/1491/17 1340/1493/692 1341/1492/693
f 1339/1491/17 1342/1494/694 1340/1493/692
f 1304/1456/653 1341/1492/695 1343/1457/653
f 1344/1495/20 1339/1491/20 1341/1492/20
f 1344/1495/3 1342/1494/3 1339/1491/3
f 1345/1496/696 1342/1494/696 1344/1495/696
f 1345/1496/17 1304/1456/17 1313/1466/17
f 1346/1497/17 1347/1499/697 1348/1498/698
f 1346/1497/17 1348/1498/698 1349/1500/699
f 1318/1471/667 1347/1499/700 1350/1502/700
f 1350/1502/20 1347/1499/20 1346/1497/20
f 1350/1502/1 1346/1497/1 1349/1500/1
f 1349/1500/701 1345/1496/701 1350/1502/701
f 1318/1471/17 1345/1496/17 1313/1466/17
f 1351/1504/702 1352/1547/703 1353/1503/704
f 1354/1507/705 1355/1545/706 1356/1505/707
f 1357/1508/708 1310/1463/709 1334/1486/710
f 1358/1509/711 1331/1483/680 1337/1489/712
f 1302/1453/651 1359/1510/713 1328/1481/677
f 1337/1489/712 1327/1479/676 1306/1460/656
f 1360/1511/714 1358/1509/711 1361/1512/715
f 1309/1462/660 1354/1507/716 1335/1513/687
f 1338/1488/691 1325/1477/673 1362/1535/717
f 1363/1506/718 1353/1503/704 1355/1545/719
f 1323/1473/671 1325/1477/673 1332/1514/682
f 1364/1517/720 1365/1554/721 1366/1515/722
f 1311/1464/723 1337/1489/712 1306/1460/724
f 1338/1488/691 1326/1478/674 1327/1479/676
f 1367/1519/725 1368/1518/726 1369/1520/727
f 1329/1480/678 1370/1521/728 1352/1547/703
f 1361/1512/729 1311/1464/662 1357/1508/708
f 1371/1522/730 1372/1523/731 1373/1533/732
f 1374/1527/733 1367/1519/725 1375/1525/734
f 1376/1485/735 1377/1474/736 1321/1475/684
f 1378/1530/737 1366/1515/722 1379/1529/738
f 1367/1519/725 1380/1531/739 1381/1539/740
f 1373/1533/741 1382/1532/742 1383/1534/743
f 1362/1535/744 1315/1469/664 1317/1470/745
f 1384/1537/746 1385/1528/747 1376/1485/735
f 1372/1523/748 1375/1525/749 1373/1533/741
f 1367/1519/725 1382/1532/750 1375/1525/749
f 1370/1521/728 1341/1492/751 1386/1538/752
f 1330/1482/679 1351/1504/702 1336/1487/753
f 1381/1539/754 1340/1493/692 1342/1494/694
f 1387/1540/755 1388/1526/756 1374/1527/733
f 1326/1478/674 1317/1470/666 1389/1550/757
f 1390/1541/758 1373/1533/732 1383/1534/743
f 1379/1529/759 1369/1520/727 1378/1530/760
f 1386/1538/761 1340/1493/692 1380/1531/739
f 1391/1542/762 1316/1468/665 1324/1476/672
f 1372/1523/748 1387/1540/763 1374/1527/764
f 1368/1518/726 1342/1494/765 1392/1560/766
f 1384/1537/746 1333/1484/683 1360/1511/714
f 1393/1524/767 1394/1543/768 1372/1523/748
f 1394/1543/769 1353/1503/704 1387/1540/770
f 1395/1546/771 1366/1515/722 1396/1553/772
f 1353/1503/704 1397/1555/773 1387/1540/770
f 1356/1505/707 1394/1543/769 1398/1544/774
f 1378/1530/737 1399/1548/775 1364/1517/720
f 1368/1518/726 1378/1530/737 1369/1520/727
f 1383/1534/776 1379/1529/738 1395/1546/771
f 1326/1478/674 1303/1455/652 1400/1490/777
f 1401/1516/778 1391/1542/779 1322/1558/670
f 1402/1549/780 1348/1498/698 1399/1548/775
f 1399/1548/775 1401/1516/778 1364/1517/720
f 1383/1534/743 1403/1552/781 1390/1541/758
f 1396/1553/772 1365/1554/721 1404/1557/782
f 1397/1555/773 1380/1531/739 1388/1526/756
f 1348/1498/698 1405/1551/783 1399/1548/775
f 1347/1499/697 1391/1542/779 1405/1551/783
f 1395/1546/771 1406/1556/784 1403/1552/781
f 1309/1462/660 1351/1504/702 1363/1506/718
f 1404/1557/782 1377/1474/736 1385/1528/747
f 1323/1473/671 1391/1542/779 1324/1476/672
f 1401/1516/785 1377/1474/786 1365/1554/787
f 1396/1553/772 1407/1559/788 1406/1556/784
f 1301/1454/650 1370/1521/789 1359/1510/790
f 1400/1490/777 1302/1453/651 1328/1481/677
f 1397/1555/773 1370/1521/789 1386/1538/791
f 1404/1557/782 1408/1536/792 1407/1559/793
f 1368/1518/726 1349/1500/699 1402/1549/780
f 1409/1452/17 1410/1454/794 1411/1453/651
f 1409/1452/17 1411/1453/651 1412/1455/795
f 1413/1456/796 1410/1454/655 1414/1458/655
f 1414/1458/2 1410/1454/2 1409/1452/2
f 1415/1460/656 1416/1459/675 1417/1461/797
f 1418/1463/661 1419/1487/753 1420/1462/798
f 1421/1464/662 1417/1461/797 1418/1463/661
f 1414/1458/3 1409/1452/3 1412/1455/3
f 1412/1455/799 1422/1465/799 1414/1458/799
f 1413/1456/17 1422/1465/17 1423/1466/17
f 1424/1467/17 1425/1469/664 1426/1468/800
f 1424/1467/17 1427/1470/801 1425/1469/664
f 1428/1471/802 1426/1468/803 1429/1501/667
f 1430/1472/2 1424/1467/2 1426/1468/2
f 1430/1472/1 1427/1470/1 1424/1467/1
f 1422/1465/663 1427/1470/663 1430/1472/663
f 1422/1465/17 1428/1471/17 1423/1466/17
f 1431/1474/786 1432/1473/681 1433/1475/804
f 1434/1476/672 1425/1469/664 1435/1477/805
f 1436/1478/806 1416/1459/675 1437/1479/676
f 1438/1481/807 1439/1480/678 1440/1482/679
f 1433/1475/684 1441/1514/808 1442/1483/685
f 1443/1485/809 1442/1483/680 1444/1484/683
f 1445/1486/810 1420/1462/660 1446/1513/687
f 1417/1461/658 1440/1482/679 1419/1487/689
f 1447/1489/811 1441/1514/808 1448/1488/691
f 1416/1459/675 1438/1481/807 1440/1482/679
f 1449/1491/17 1450/1493/692 1451/1492/812
f 1449/1491/17 1452/1494/694 1450/1493/692
f 1413/1456/796 1451/1492/813 1453/1457/796
f 1454/1495/20 1449/1491/20 1451/1492/20
f 1454/1495/3 1452/1494/3 1449/1491/3
f 1455/1496/696 1452/1494/696 1454/1495/696
f 1455/1496/17 1413/1456/17 1423/1466/17
f 1456/1497/17 1457/1499/814 1458/1498/698
f 1456/1497/17 1458/1498/698 1459/1500/699
f 1428/1471/802 1457/1499/700 1460/1502/700
f 1460/1502/20 1457/1499/20 1456/1497/20
f 1460/1502/1 1456/1497/1 1459/1500/1
f 1459/1500/701 1455/1496/701 1460/1502/701
f 1428/1471/17 1455/1496/17 1423/1466/17
f 1439/1480/678 1461/1503/704 1462/1504/815
f 1463/1507/705 1464/1545/719 1465/1505/707
f 1421/1464/723 1445/1486/686 1466/1508/708
f 1467/1509/711 1442/1483/680 1447/1489/816
f 1411/1453/651 1468/1510/817 1438/1481/807
f 1448/1488/691 1415/1460/656 1447/1489/712
f 1469/1512/818 1444/1484/819 1467/1509/711
f 1446/1513/687 1470/1506/820 1463/1507/716
f 1448/1488/691 1435/1477/805 1471/1535/717
f 1462/1504/821 1464/1545/719 1470/1506/820
f 1432/1473/671 1435/1477/805 1441/1514/808
f 1472/1515/822 1473/1516/778 1474/1554/823
f 1421/1464/662 1447/1489/712 1415/1460/724
f 1448/1488/691 1436/1478/806 1437/1479/676
f 1475/1519/725 1476/1518/726 1477/1520/727
f 1439/1480/678 1478/1521/824 1479/1547/703
f 1469/1512/715 1421/1464/723 1466/1508/708
f 1480/1522/730 1481/1523/731 1482/1533/741
f 1483/1525/749 1484/1526/756 1475/1519/825
f 1485/1528/826 1433/1475/684 1443/1485/735
f 1486/1529/827 1487/1517/720 1472/1515/722
f 1475/1519/825 1488/1531/828 1489/1539/740
f 1490/1534/743 1483/1525/829 1491/1532/830
f 1471/1535/717 1425/1469/664 1427/1470/801
f 1492/1537/831 1485/1528/826 1443/1485/735
f 1481/1523/731 1483/1525/832 1482/1533/741
f 1483/1525/829 1477/1520/727 1491/1532/830
f 1478/1521/824 1451/1492/833 1493/1538/752
f 1440/1482/679 1462/1504/702 1419/1487/753
f 1489/1539/754 1450/1493/692 1452/1494/834
f 1494/1527/764 1495/1555/835 1484/1526/756
f 1436/1478/806 1427/1470/836 1496/1550/757
f 1480/1522/730 1490/1534/743 1497/1541/758
f 1486/1529/837 1477/1520/727 1498/1530/737
f 1493/1538/761 1450/1493/838 1488/1531/828
f 1499/1542/762 1426/1468/800 1434/1476/839
f 1500/1543/769 1494/1527/764 1481/1523/731
f 1476/1518/726 1452/1494/840 1501/1560/841
f 1502/1511/714 1443/1485/735 1444/1484/683
f 1503/1524/767 1500/1543/769 1481/1523/731
f 1464/1545/719 1504/1540/770 1500/1543/769
f 1486/1529/759 1505/1553/772 1506/1546/771
f 1504/1540/763 1479/1547/703 1495/1555/835
f 1465/1505/842 1500/1543/769 1507/1544/774
f 1498/1530/843 1508/1548/775 1487/1517/720
f 1476/1518/844 1498/1530/843 1477/1520/727
f 1490/1534/743 1486/1529/738 1506/1546/771
f 1436/1478/806 1412/1455/845 1509/1490/777
f 1473/1516/778 1499/1542/762 1510/1558/670
f 1511/1549/780 1458/1498/698 1508/1548/775
f 1508/1548/775 1473/1516/846 1487/1517/720
f 1490/1534/743 1512/1552/847 1497/1541/758
f 1472/1515/722 1513/1557/782 1505/1553/772
f 1495/1555/835 1488/1531/828 1484/1526/756
f 1458/1498/848 1514/1551/849 1508/1548/775
f 1457/1499/814 1499/1542/762 1514/1551/850
f 1512/1552/781 1505/1553/772 1515/1556/784
f 1419/1487/689 1470/1506/820 1420/1462/660
f 1474/1554/787 1485/1528/826 1513/1557/782
f 1432/1473/671 1499/1542/762 1434/1476/672
f 1474/1554/851 1510/1558/670 1431/1474/852
f 1515/1556/784 1513/1557/782 1516/1559/793
f 1410/1454/794 1478/1521/824 1468/1510/790
f 1509/1490/853 1411/1453/651 1438/1481/807
f 1495/1555/773 1478/1521/824 1493/1538/791
f 1513/1557/782 1517/1536/792 1516/1559/788
f 1476/1518/726 1459/1500/854 1511/1549/855
f 1518/1452/17 1519/1454/794 1520/1453/651
f 1518/1452/17 1520/1453/651 1521/1455/652
f 1522/1456/796 1519/1454/655 1523/1458/655
f 1523/1458/2 1519/1454/2 1518/1452/2
f 1524/1461/688 1525/1479/676 1526/1459/675
f 1527/1463/661 1528/1487/753 1529/1462/660
f 1530/1460/724 1527/1463/709 1531/1464/662
f 1523/1458/3 1518/1452/3 1521/1455/3
f 1521/1455/799 1532/1465/799 1523/1458/799
f 1522/1456/17 1532/1465/17 1533/1466/17
f 1534/1467/17 1535/1469/664 1536/1468/856
f 1534/1467/17 1537/1470/666 1535/1469/664
f 1538/1471/667 1536/1468/803 1539/1501/667
f 1540/1472/2 1534/1467/2 1536/1468/2
f 1540/1472/1 1537/1470/1 1534/1467/1
f 1532/1465/799 1537/1470/799 1540/1472/799
f 1532/1465/17 1538/1471/17 1533/1466/17
f 1541/1474/786 1542/1473/671 1543/1475/684
f 1544/1476/672 1535/1469/857 1545/1477/858
f 1546/1478/674 1526/1459/675 1525/1479/676
f 1547/1481/859 1548/1480/678 1549/1482/679
f 1550/1483/680 1542/1473/681 1551/1514/808
f 1552/1484/683 1543/1475/684 1550/1483/685
f 1553/1486/686 1529/1462/798 1554/1513/687
f 1526/1459/675 1528/1487/689 1524/1461/658
f 1555/1489/690 1551/1514/808 1556/1488/691
f 1526/1459/657 1547/1481/860 1549/1482/679
f 1557/1491/17 1558/1493/692 1559/1492/812
f 1557/1491/17 1560/1494/694 1558/1493/692
f 1522/1456/796 1559/1492/813 1561/1457/653
f 1562/1495/20 1557/1491/20 1559/1492/20
f 1562/1495/3 1560/1494/3 1557/1491/3
f 1563/1496/696 1560/1494/696 1562/1495/696
f 1563/1496/17 1522/1456/17 1533/1466/17
f 1564/1497/17 1565/1499/814 1566/1498/698
f 1564/1497/17 1566/1498/698 1567/1500/699
f 1538/1471/667 1565/1499/700 1568/1502/700
f 1568/1502/20 1565/1499/20 1564/1497/20
f 1568/1502/1 1564/1497/1 1567/1500/1
f 1567/1500/696 1563/1496/696 1568/1502/696
f 1538/1471/17 1563/1496/17 1533/1466/17
f 1548/1480/861 1569/1503/704 1570/1504/821
f 1571/1506/820 1572/1505/707 1573/1507/705
f 1574/1508/708 1527/1463/661 1553/1486/686
f 1575/1509/862 1550/1483/685 1555/1489/816
f 1520/1453/863 1576/1510/864 1547/1481/860
f 1555/1489/816 1525/1479/676 1530/1460/724
f 1577/1511/714 1575/1509/862 1578/1512/715
f 1554/1513/687 1571/1506/820 1573/1507/716
f 1556/1488/691 1545/1477/858 1579/1535/717
f 1570/1504/821 1580/1545/706 1571/1506/820
f 1542/1473/681 1545/1477/858 1551/1514/808
f 1581/1515/722 1582/1516/778 1583/1554/787
f 1531/1464/662 1555/1489/690 1530/1460/656
f 1525/1479/676 1579/1535/717 1546/1478/674
f 1584/1519/725 1585/1518/844 1586/1520/727
f 1548/1480/861 1587/1521/865 1588/1547/866
f 1574/1508/867 1575/1509/862 1531/1464/662
f 1589/1522/868 1590/1523/731 1591/1533/741
f 1592/1527/733 1584/1519/725 1593/1525/734
f 1594/1528/747 1543/1475/684 1595/1485/735
f 1596/1529/827 1597/1517/720 1581/1515/722
f 1584/1519/725 1598/1531/869 1599/1539/740
f 1600/1534/743 1593/1525/829 1601/1532/750
f 1579/1535/717 1535/1469/870 1537/1470/666
f 1602/1536/792 1595/1485/735 1603/1537/871
f 1590/1523/731 1593/1525/832 1591/1533/741
f 1593/1525/832 1586/1520/727 1601/1532/742
f 1587/1521/865 1559/1492/812 1604/1538/752
f 1528/1487/753 1548/1480/678 1570/1504/702
f 1599/1539/872 1558/1493/692 1560/1494/834
f 1592/1527/733 1605/1555/773 1606/1526/756
f 1546/1478/674 1537/1470/873 1607/1550/874
f 1589/1522/730 1600/1534/743 1608/1541/758
f 1596/1529/827 1586/1520/727 1609/1530/737
f 1604/1538/761 1558/1493/838 1598/1531/875
f 1610/1542/779 1536/1468/856 1544/1476/672
f 1611/1543/769 1592/1527/733 1590/1523/731
f 1585/1518/726 1560/1494/840 1612/1560/841
f 1603/1537/746 1552/1484/819 1577/1511/714
f 1613/1524/876 1611/1543/768 1590/1523/731
f 1580/1545/706 1614/1540/770 1611/1543/769
f 1615/1546/771 1581/1515/722 1616/1553/772
f 1614/1540/770 1588/1547/877 1605/1555/878
f 1572/1505/707 1611/1543/769 1617/1544/774
f 1609/1530/760 1618/1548/879 1597/1517/720
f 1586/1520/727 1619/1549/780 1609/1530/737
f 1600/1534/743 1596/1529/827 1615/1546/771
f 1546/1478/806 1521/1455/880 1620/1490/881
f 1582/1516/778 1610/1542/779 1621/1558/670
f 1619/1549/780 1566/1498/698 1618/1548/879
f 1618/1548/879 1582/1516/778 1597/1517/720
f 1608/1541/758 1615/1546/771 1622/1552/847
f 1581/1515/722 1623/1557/782 1616/1553/772
f 1605/1555/878 1598/1531/882 1606/1526/756
f 1566/1498/698 1624/1551/883 1618/1548/879
f 1565/1499/814 1610/1542/779 1624/1551/883
f 1615/1546/771 1625/1556/784 1622/1552/847
f 1529/1462/660 1570/1504/702 1571/1506/820
f 1583/1554/721 1594/1528/747 1623/1557/782
f 1542/1473/671 1610/1542/779 1544/1476/672
f 1583/1554/721 1621/1558/670 1541/1474/852
f 1616/1553/884 1626/1559/885 1625/1556/784
f 1519/1454/794 1587/1521/865 1576/1510/864
f 1620/1490/777 1520/1453/651 1547/1481/860
f 1605/1555/773 1587/1521/865 1604/1538/752
f 1623/1557/782 1602/1536/792 1626/1559/885
f 1585/1518/844 1567/1500/699 1619/1549/855
f 657/1561/31 920/1562/31 907/1563/31
f 5/5/1 42/42/1 6/6/1
f 17/17/2 206/510/2 18/18/2
f 29/29/3 367/452/3 30/30/3
f 41/41/1 6/6/1 42/42/1
f 28/28/1 65/65/1 46/46/1
f 48/48/1 365/494/1 49/49/1
f 21/21/1 52/52/1 51/51/1
f 69/69/1 201/202/1 19/1564/1
f 201/202/1 17/498/1 19/1564/1
f 19/1564/1 67/67/1 69/69/1
f 21/21/1 20/20/1 16/16/1
f 82/82/1 81/81/1 80/80/1
f 86/86/1 158/158/1 87/87/1
f 89/89/1 188/189/1 84/84/1
f 91/91/1 340/380/1 92/92/1
f 93/93/1 92/92/1 94/94/1
f 95/95/1 94/94/1 96/96/1
f 98/98/1 97/97/1 96/96/1
f 7/7/1 47/47/1 8/8/1
f 100/100/1 134/134/1 101/101/1
f 103/103/3 300/332/3 104/104/3
f 106/106/1 338/378/1 107/107/1
f 109/109/1 283/301/1 110/110/1
f 112/112/1 169/169/1 113/113/1
f 115/115/1 189/190/1 116/116/1
f 118/118/1 117/117/1 116/116/1
f 118/118/1 119/119/1 120/120/1
f 122/122/3 329/368/3 123/123/3
f 125/125/3 242/251/3 126/126/3
f 128/128/1 192/193/1 129/129/1
f 131/131/1 164/164/1 132/132/1
f 134/134/1 98/98/1 99/99/1
f 135/135/1 223/230/1 136/136/1
f 138/138/1 137/137/1 136/136/1
f 109/109/1 111/111/1 140/140/1
f 142/142/3 285/308/3 143/143/3
f 145/145/3 256/267/3 146/146/3
f 148/148/3 304/337/3 149/149/3
f 151/151/1 275/291/1 152/152/1
f 154/154/1 153/153/1 152/152/1
f 154/154/1 155/155/1 156/156/1
f 86/86/1 157/157/1 156/156/1
f 159/159/3 335/375/3 160/160/3
f 88/88/1 87/87/1 162/162/1
f 164/164/1 108/108/1 107/107/1
f 165/165/3 316/355/3 166/166/3
f 168/168/1 187/188/1 169/169/1
f 170/170/1 198/199/1 171/171/1
f 173/173/1 361/425/1 174/174/1
f 176/176/1 175/221/1 174/177/1
f 176/176/1 177/178/1 178/179/1
f 179/180/1 178/179/1 180/181/1
f 128/128/1 130/130/1 182/183/1
f 163/163/1 162/162/1 184/185/1
f 168/168/1 248/258/1 186/187/1
f 90/90/1 83/83/1 188/189/1
f 115/115/1 141/141/1 140/140/1
f 190/191/1 114/114/1 113/113/1
f 190/191/1 191/192/1 129/129/1
f 167/167/3 166/166/3 193/194/3
f 195/196/1 202/204/1 196/197/1
f 198/199/1 138/138/1 139/139/1
f 199/200/4 70/200/4 66/201/5
f 69/69/6 7/69/6 45/202/7
f 195/196/8 80/243/8 79/203/9
f 203/205/10 158/158/10 156/156/11
f 205/207/12 360/423/12 206/208/12
f 160/160/13 162/162/13 87/87/2
f 208/210/14 184/185/14 162/162/13
f 147/147/9 196/197/9 184/185/15
f 209/211/16 242/251/16 125/125/17
f 211/213/18 40/213/18 63/214/19
f 49/215/20 364/428/20 31/216/20
f 201/202/7 45/202/7 10/218/21
f 149/149/22 120/120/22 119/119/16
f 176/176/16 84/255/16 188/220/17
f 192/193/23 13/400/23 12/222/24
f 216/223/25 369/492/10 217/224/10
f 219/226/20 133/133/20 132/132/26
f 221/228/7 223/230/7 133/133/20
f 222/229/27 136/136/27 223/230/7
f 224/231/10 74/231/10 77/232/28
f 226/233/18 167/167/18 194/195/29
f 228/235/4 180/181/4 178/179/30
f 230/237/29 340/380/29 231/238/31
f 144/144/24 139/139/24 136/136/27
f 233/240/24 142/142/24 234/241/27
f 173/173/32 83/412/32 80/243/8
f 198/199/23 42/275/23 5/244/24
f 236/245/10 99/99/10 96/96/11
f 238/247/2 101/101/2 99/99/10
f 238/247/2 322/361/13 102/102/13
f 48/48/9 50/50/15 22/50/15
f 239/248/9 111/111/9 110/110/15
f 241/250/30 337/377/30 242/251/16
f 146/146/8 197/198/8 196/197/9
f 243/252/19 216/223/25 218/225/25
f 104/104/7 169/169/7 187/188/20
f 179/180/30 41/315/30 84/255/16
f 246/256/13 335/375/13 159/159/2
f 239/248/9 320/359/8 140/140/8
f 248/258/26 47/427/26 44/259/886
f 250/261/33 34/261/33 38/262/29
f 252/263/34 124/124/34 253/264/23
f 255/266/32 331/371/32 256/267/8
f 258/269/17 19/497/17 18/270/17
f 260/272/16 277/293/16 261/273/17
f 143/143/23 171/171/23 139/139/24
f 170/170/34 43/406/34 42/275/23
f 263/276/2 301/333/13 264/277/13
f 266/279/31 67/1565/31 267/280/31
f 269/282/26 324/363/26 270/283/5
f 272/285/18 243/252/19 244/253/19
f 86/86/10 73/288/10 39/287/25
f 88/88/2 75/405/2 73/288/10
f 271/284/5 270/283/5 148/148/4
f 185/186/15 78/411/15 76/290/13
f 166/166/37 152/152/37 275/291/29
f 276/292/30 150/150/30 277/293/16
f 278/294/23 129/129/23 191/192/24
f 280/296/9 145/145/9 281/297/15
f 151/151/29 35/386/29 33/299/31
f 118/118/16 57/328/16 55/300/17
f 283/301/38 52/319/38 21/302/13
f 164/164/26 62/306/26 60/305/40
f 131/131/20 46/410/20 62/306/26
f 284/307/34 308/345/34 285/308/23
f 137/137/887 26/318/887 27/310/7
f 287/311/29 317/356/29 288/312/31
f 16/314/41 372/314/41 225/232/28
f 181/182/4 6/392/4 41/315/30
f 290/316/27 103/103/27 105/105/7
f 138/138/24 5/244/24 26/318/27
f 77/77/1 74/74/1 73/73/1
f 109/109/9 24/342/9 52/319/15
f 292/322/42 350/1566/42 293/323/42
f 134/134/2 15/485/2 14/325/10
f 34/261/33 250/261/33 295/326/43
f 296/327/35 72/327/35 74/231/10
f 121/121/44 58/320/44 57/328/16
f 23/329/45 56/330/46 297/330/46
f 299/331/18 327/366/19 94/94/19
f 279/295/24 191/192/24 113/113/27
f 301/333/13 344/391/15 302/334/15
f 303/335/5 312/351/5 180/181/4
f 190/191/24 12/222/24 11/336/27
f 304/337/4 338/378/4 120/120/30
f 305/338/26 65/338/26 28/68/47
f 214/218/27 10/218/27 9/339/24
f 126/126/16 177/178/16 174/177/17
f 200/201/40 66/201/40 65/338/26
f 307/340/32 64/340/32 23/329/45
f 50/50/38 362/341/13 20/341/13
f 123/123/34 130/130/34 129/129/49
f 183/184/31 33/299/31 32/344/34
f 244/253/3 327/366/3 299/331/3
f 308/345/3 309/347/3 143/143/3
f 288/312/3 317/356/3 230/237/3
f 288/346/3 232/388/3 309/347/3
f 234/241/3 222/229/3 221/228/3
f 170/170/1 172/172/1 231/349/1
f 181/182/1 180/181/1 312/351/1
f 218/225/3 217/224/3 236/245/3
f 151/151/1 183/184/1 182/183/1
f 261/273/3 318/357/3 313/352/3
f 270/283/3 324/363/3 220/227/3
f 148/148/3 270/283/3 315/354/3
f 165/165/3 332/372/3 204/206/3
f 317/356/3 273/286/3 299/331/3
f 261/273/3 277/293/3 215/219/3
f 131/131/1 133/133/1 223/230/1
f 319/358/3 314/353/3 313/352/3
f 321/360/3 319/358/3 320/359/3
f 321/360/3 239/248/3 240/249/3
f 302/334/3 240/249/3 322/361/3
f 323/362/3 219/226/3 220/227/3
f 265/278/3 238/247/3 236/245/3
f 325/364/3 334/374/3 326/365/3
f 244/253/3 218/225/3 237/246/3
f 328/367/3 279/295/3 300/332/3
f 100/100/1 102/102/1 110/110/1
f 122/122/3 194/195/3 193/194/3
f 125/369/3 127/424/3 330/370/3
f 253/264/3 124/124/3 123/123/3
f 328/367/3 253/264/3 278/294/3
f 142/142/3 144/144/3 222/229/3
f 332/372/3 339/379/3 203/205/3
f 265/278/3 264/277/3 322/361/3
f 333/373/3 245/254/3 326/365/3
f 281/297/3 208/210/3 160/160/3
f 336/376/3 325/364/3 303/335/3
f 336/376/3 228/235/3 229/236/3
f 242/251/3 337/377/3 229/236/3
f 106/106/1 121/121/1 120/120/1
f 159/159/3 161/161/3 203/205/3
f 331/371/3 330/370/3 146/146/3
f 91/91/1 311/416/1 231/238/1
f 202/204/1 185/186/1 184/185/1
f 284/381/3 209/473/3 210/382/3
f 323/362/3 310/348/3 221/228/3
f 333/373/3 105/105/3 104/104/3
f 150/150/3 149/149/3 215/219/3
f 145/145/3 147/147/3 208/210/3
f 237/246/25 96/96/25 94/94/19
f 341/384/16 61/384/16 71/385/44
f 257/268/8 256/267/8 145/145/9
f 153/153/39 36/303/39 35/386/29
f 247/257/2 159/159/2 339/379/10
f 326/365/26 186/187/26 312/351/5
f 282/298/15 281/297/15 335/375/13
f 232/388/31 231/349/31 172/172/34
f 259/271/3 18/270/3 266/279/3
f 343/389/4 336/376/4 337/377/30
f 112/112/7 3/433/7 8/390/20
f 344/391/15 357/419/9 321/360/9
f 318/357/17 116/116/17 189/190/32
f 249/260/5 44/259/5 6/392/4
f 254/265/23 253/264/23 328/367/24
f 117/117/17 55/300/17 54/394/32
f 291/317/7 105/105/7 333/373/20
f 347/396/7 310/348/7 323/362/20
f 235/242/27 234/241/27 310/348/7
f 210/398/17 125/369/17 331/371/32
f 251/262/29 38/262/29 40/213/39
f 289/399/31 288/346/31 308/345/34
f 128/128/34 32/344/34 13/400/50
f 207/401/20 368/439/20 349/402/20
f 97/97/25 85/422/25 81/404/19
f 163/163/13 76/290/13 75/405/2
f 240/249/15 110/110/15 102/102/13
f 115/115/32 54/394/32 25/343/48
f 311/350/31 89/1567/31 43/406/34
f 351/407/31 122/122/31 124/124/34
f 352/408/26 334/374/26 325/364/5
f 135/135/7 27/310/7 46/410/20
f 202/204/9 79/203/9 78/411/15
f 175/175/17 188/1568/17 83/412/32
f 108/108/5 60/305/5 59/321/4
f 354/413/19 165/165/19 167/167/18
f 355/414/34 2/414/34 1/326/43
f 220/227/26 132/132/26 107/107/5
f 91/91/29 90/417/29 89/415/31
f 93/93/18 82/511/18 90/417/29
f 356/418/32 262/274/17 261/273/17
f 346/395/20 333/373/20 334/374/26
f 315/354/5 107/107/5 338/378/4
f 359/421/48 53/421/48 64/340/32
f 348/397/20 323/362/20 324/363/26
f 98/98/10 14/325/10 85/422/888
f 292/322/3 294/324/3 360/423/3
f 127/424/17 174/174/17 361/425/32
f 362/341/13 372/314/41 16/314/41
f 345/393/24 328/367/24 103/103/27
f 306/339/24 9/339/24 4/426/23
f 28/68/47 7/69/6 69/69/6
f 168/168/20 8/390/20 47/427/26
f 364/428/24 49/215/24 365/429/24
f 204/206/25 156/156/25 155/155/19
f 297/330/46 56/330/46 61/384/16
f 227/234/29 194/195/29 122/122/31
f 267/431/2 258/269/2 259/271/2
f 212/214/19 63/214/19 72/327/25
f 330/370/32 361/425/32 197/198/8
f 329/368/31 182/183/31 130/130/34
f 229/236/30 178/179/30 177/178/16
f 114/114/21 11/336/21 3/433/7
f 157/157/25 39/287/25 37/304/19
f 245/254/20 187/188/20 186/187/26
f 300/332/53 113/113/53 169/169/7
f 358/420/8 356/418/32 314/353/32
f 215/219/16 119/119/16 116/116/17
f 193/194/29 275/291/29 182/183/31
f 363/426/50 4/426/50 2/414/34
f 30/434/4 371/1569/4 213/217/4
f 353/409/5 325/364/5 336/376/4
f 299/331/18 92/92/18 340/380/29
f 161/161/2 87/87/2 158/158/10
f 367/435/25 332/372/25 165/165/19
f 301/449/3 364/461/3 366/450/3
f 73/73/1 72/72/1 63/63/1
f 173/173/1 195/196/1 197/198/1
f 289/383/3 210/382/3 255/478/3
f 287/311/29 272/285/18 273/286/18
f 100/100/13 21/302/13 15/485/2
f 29/387/10 339/379/10 332/372/25
f 309/347/34 172/172/34 171/171/23
f 369/492/10 263/276/2 265/278/2
f 274/289/4 148/148/4 150/150/30
f 258/269/1 267/1570/1 67/496/1
f 4/4/1 9/9/1 8/8/1
f 70/70/1 62/62/1 46/46/1
f 371/499/1 211/213/1 212/214/1
f 248/258/1 249/260/1 312/351/1
f 313/352/32 189/190/32 140/140/54
f 316/355/19 155/155/19 152/152/18
f 95/95/19 81/404/19 82/511/18
f 373/512/55 1627/1571/56 374/513/56
f 376/515/57 571/744/139 377/516/58
f 379/518/59 394/533/60 380/519/60
f 382/521/61 913/1278/61 383/522/62
f 385/524/63 908/1260/63 386/525/64
f 388/527/65 392/531/65 389/528/66
f 391/530/67 393/532/67 392/531/65
f 391/530/67 379/518/59 381/520/59
f 394/533/60 930/1321/68 395/534/68
f 396/535/69 923/1301/70 397/536/70
f 399/538/71 396/535/69 398/537/69
f 401/540/72 1628/1572/72 402/541/889
f 404/543/74 419/1573/75 405/544/75
f 410/549/78 640/800/79 411/550/79
f 413/552/80 1629/1574/80 414/553/62
f 416/555/81 753/978/81 417/556/2
f 419/558/75 399/538/71 400/539/71
f 420/560/82 712/890/83 421/561/83
f 423/563/84 404/543/74 406/545/74
f 425/565/85 423/563/86 424/564/86
f 430/570/1 595/745/1 431/571/1
f 433/573/87 743/1000/228 434/574/88
f 436/576/17 465/1575/16 437/577/16
f 454/594/72 617/774/72 455/595/94
f 458/598/83 944/1576/82 459/599/82
f 461/601/56 853/1137/56 462/602/55
f 466/607/95 537/680/104 467/608/96
f 939/1577/17 702/1578/17 715/1579/17
f 702/1578/17 834/1580/17 715/1579/17
f 834/1580/17 910/1581/17 715/1579/17
f 715/1579/17 724/1582/17 611/1583/17
f 724/1582/17 461/1584/17 752/1585/17
f 611/1583/17 752/1585/17 522/1586/17
f 461/1584/17 463/1587/17 604/1588/17
f 604/1588/17 905/1589/17 750/1590/17
f 750/1590/17 752/1585/17 461/1584/17
f 604/1588/17 750/1590/17 461/1584/17
f 752/1585/17 611/1583/17 724/1582/17
f 611/1583/17 873/1591/17 939/1577/17
f 710/1592/17 609/1593/17 408/1594/17
f 609/1593/17 611/1583/17 521/1595/17
f 408/1594/17 609/1593/17 707/1596/17
f 611/1583/17 939/1577/17 715/1579/17
f 522/1586/17 521/1595/17 611/1583/17
f 609/1593/17 521/1595/17 707/1596/17
f 655/1597/17 408/1594/17 884/1598/17
f 884/1598/17 408/1594/17 759/1599/17
f 707/1596/17 759/1599/17 408/1594/17
f 655/1597/17 884/1598/17 785/1600/17
f 770/1601/17 785/1600/17 541/1602/17
f 785/1600/17 884/1598/17 816/1603/17
f 746/1604/17 734/1605/17 541/1602/17
f 734/1605/17 771/1606/17 541/1602/17
f 771/1606/17 770/1601/17 541/1602/17
f 785/1600/17 816/1603/17 541/1602/17
f 885/1607/17 746/1604/17 541/1602/17
f 690/1608/17 692/1609/17 541/1602/17
f 692/1609/17 885/1607/17 541/1602/17
f 541/1602/17 803/1610/17 690/1608/17
f 898/1611/17 475/617/17 616/1612/17
f 475/617/17 541/1602/17 476/618/17
f 415/1613/17 475/617/17 413/616/17
f 623/1614/17 897/1615/17 898/1611/17
f 635/1616/17 621/1617/17 623/1614/17
f 880/1618/17 633/1619/17 635/1616/17
f 890/1620/17 952/1621/17 880/1618/17
f 456/1622/17 864/1623/17 890/1620/17
f 616/1612/17 454/1624/17 456/1622/17
f 596/1625/17 616/1612/17 475/617/17
f 616/1612/17 456/1622/17 623/1614/17
f 456/1622/17 890/1620/17 880/1618/17
f 880/1618/17 635/1616/17 456/1622/17
f 635/1616/17 623/1614/17 456/1622/17
f 623/1614/17 898/1611/17 616/1612/17
f 475/617/17 415/1613/17 596/1625/17
f 816/1603/17 815/1626/17 541/1602/17
f 815/1626/17 865/1627/17 541/1602/17
f 865/1627/17 476/618/17 541/1602/17
f 477/619/1 649/810/1 478/620/1
f 480/622/32 567/713/32 481/623/17
f 417/556/2 637/797/81 485/627/81
f 486/628/8 490/632/9 487/629/9
f 489/631/15 494/636/15 487/629/9
f 491/633/13 498/640/2 492/634/2
f 489/631/15 491/633/13 493/635/13
f 495/637/16 848/1254/16 496/638/30
f 498/640/2 501/643/10 499/641/10
f 500/642/25 503/645/25 499/641/10
f 500/642/25 924/1303/19 502/644/19
f 504/646/26 524/666/26 505/647/20
f 507/649/27 846/1392/27 508/650/24
f 506/648/20 505/647/20 510/652/7
f 509/651/24 508/650/24 512/654/23
f 517/659/29 871/1398/29 518/660/18
f 520/662/65 706/879/67 521/663/67
f 523/665/5 526/668/5 524/666/26
f 525/667/4 527/669/4 526/668/5
f 497/639/30 496/638/30 527/669/4
f 528/670/82 579/1279/99 529/671/99
f 531/673/83 533/675/890 528/670/82
f 532/674/100 568/1628/891 533/675/83
f 514/656/892 516/658/343 536/679/103
f 538/681/9 745/1421/8 477/682/8
f 544/690/107 878/1193/324 545/691/326
f 547/693/110 843/1430/893 548/694/111
f 550/696/113 610/775/145 551/697/114
f 553/699/116 934/1328/367 554/700/117
f 556/702/31 570/716/129 557/703/119
f 562/708/128 559/705/120 561/707/894
f 486/628/8 488/630/8 567/713/32
f 591/740/135 822/1068/259 592/741/136
f 594/743/138 742/934/213 571/744/895
f 595/745/1 911/1272/1 437/746/1
f 414/553/62 1630/1629/61 596/747/61
f 597/748/58 909/1399/58 598/749/58
f 460/600/83 459/599/82 601/754/82
f 463/603/55 462/602/55 603/756/143
f 605/765/20 608/1220/20 612/766/7
f 616/773/73 754/950/73 617/774/72
f 621/779/84 926/1307/84 622/780/85
f 606/767/7 612/766/7 624/782/27
f 625/784/99 753/978/81 416/555/81
f 433/788/151 435/1448/414 549/695/896
f 630/790/154 1631/1630/154 631/791/94
f 633/793/75 881/1631/75 634/794/74
f 636/796/99 485/627/81 637/797/81
f 640/800/79 425/565/85 426/566/85
f 641/801/3 845/1342/3 642/802/58
f 644/804/7 628/1382/21 645/805/21
f 620/807/3 600/887/3 647/808/3
f 649/810/1 477/619/1 650/811/1
f 652/813/18 648/1187/19 653/814/19
f 655/816/233 970/1439/155 656/817/156
f 657/818/158 439/579/58 445/585/3
f 661/822/93 715/1632/92 910/1268/159
f 910/1268/159 659/820/159 661/822/897
f 662/823/898 850/1131/334 536/679/103
f 666/829/83 966/1431/83 667/830/83
f 669/832/15 538/681/9 479/683/9
f 671/834/99 420/560/82 422/562/82
f 674/838/406 434/574/88 675/839/165
f 913/1633/17 402/1634/17 658/1635/17
f 402/1634/17 1628/1636/17 640/1637/17
f 1628/1636/17 631/1638/17 1631/1639/17
f 1631/1639/17 923/1640/17 396/1641/17
f 396/1641/17 399/1642/17 1631/1639/17
f 399/1642/17 419/1643/17 1631/1639/17
f 419/1643/17 404/1644/17 640/1637/17
f 404/1644/17 423/1645/17 640/1637/17
f 423/1645/17 425/1646/17 640/1637/17
f 640/1637/17 410/1647/17 658/1635/17
f 445/843/167 457/1648/167 393/1649/17
f 457/1648/167 916/1650/17 392/1651/17
f 916/1650/17 1627/1652/17 373/1653/17
f 373/1653/17 949/1654/17 1632/1655/17
f 1632/1655/17 954/1656/17 389/1657/17
f 1632/1655/17 389/1657/17 916/1650/17
f 389/1657/17 392/1651/17 916/1650/17
f 916/1650/17 373/1653/17 1632/1655/17
f 640/1637/17 658/1635/17 402/1634/17
f 658/1635/17 445/843/167 921/1658/17
f 383/1659/17 658/1635/17 947/1660/17
f 1628/1636/17 1631/1639/17 640/1637/17
f 383/1659/17 913/1633/17 658/1635/17
f 1631/1639/17 419/1643/17 640/1637/17
f 457/1648/167 392/1651/17 393/1649/17
f 947/1660/17 658/1635/17 921/1658/17
f 445/843/167 393/1649/17 381/1661/17
f 445/843/167 381/1661/17 380/1662/17
f 445/843/167 380/1662/17 395/1663/17
f 908/1664/17 921/1658/17 445/843/167
f 386/842/17 908/1664/17 445/843/167
f 445/843/167 395/1663/17 676/841/17
f 681/848/169 887/1443/412 682/849/170
f 684/851/172 766/1665/899 685/852/173
f 687/854/174 769/979/900 688/855/187
f 690/857/100 804/1043/901 691/858/83
f 694/865/1 736/924/1 670/866/1
f 696/868/902 932/1326/364 697/869/258
f 699/871/903 757/1314/355 700/872/183
f 702/874/185 939/1338/186 703/875/186
f 475/877/158 883/1206/158 705/878/3
f 706/879/67 758/954/59 707/880/59
f 708/881/3 675/1053/3 669/882/3
f 600/887/3 879/1246/3 711/888/3
f 578/889/100 942/1365/100 421/561/83
f 716/896/190 868/1341/377 717/897/191
f 721/902/83 808/1047/83 722/903/83
f 724/905/198 715/894/92 725/906/1
f 729/912/31 900/1666/29 664/913/29
f 710/915/2 688/1667/345 551/836/114
f 732/918/205 803/1042/205 730/916/90
f 803/1042/904 541/1668/58 730/916/90
f 733/919/206 771/981/206 734/920/81
f 465/927/16 739/1669/30 431/928/30
f 698/870/181 697/869/258 591/740/135
f 594/743/138 748/944/215 741/933/212
f 401/935/31 403/1670/31 657/1561/31
f 657/1561/31 412/1671/31 411/936/31
f 411/936/31 426/1672/31 424/1673/31
f 424/1673/31 406/1674/31 411/936/31
f 406/1674/31 405/937/31 411/936/31
f 405/937/31 400/1675/31 630/1676/31
f 400/1675/31 398/1677/31 630/1676/31
f 398/1677/31 397/1678/31 630/1676/31
f 630/1676/31 632/1679/31 401/935/31
f 401/935/31 657/1561/31 411/936/31
f 630/1676/31 401/935/31 405/937/31
f 743/938/3 849/1447/3 744/939/3
f 746/942/99 886/1215/99 735/921/81
f 747/943/214 741/933/212 748/944/215
f 750/946/217 918/1285/217 751/947/66
f 596/747/61 1630/1629/61 754/950/889
f 513/655/23 512/654/23 755/951/34
f 758/954/59 919/1288/60 759/955/60
f 760/956/100 586/1388/100 585/957/205
f 763/960/219 963/1417/407 684/851/172
f 684/851/172 686/853/322 762/959/219
f 467/608/220 851/1132/304 764/961/221
f 485/627/81 943/1680/81 765/962/2
f 438/964/1 964/1419/1 651/812/1
f 671/834/99 672/835/99 767/969/81
f 545/691/108 552/698/115 769/979/223
f 733/919/206 870/1161/225 770/980/225
f 502/989/3 842/1169/3 775/990/3
f 430/570/1 509/1287/1 513/997/1
f 701/873/184 700/872/183 720/1001/905
f 778/1002/58 925/1304/350 779/1003/231
f 694/865/1 695/867/1 500/1006/1
f 507/994/1 810/1049/1 783/1012/1
f 784/1013/232 970/1439/155 655/816/155
f 786/1015/2 709/1226/13 738/1016/13
f 751/947/66 520/662/65 522/664/65
f 474/1034/242 614/771/315 466/607/243
f 656/817/156 794/1029/239 796/1031/83
f 803/1042/205 732/918/205 804/1043/100
f 805/1044/83 807/1046/83 806/1045/83
f 807/1046/83 805/1044/83 808/1047/83
f 810/1049/1 430/570/1 432/572/1
f 675/1053/3 434/1681/3 538/1054/3
f 814/1056/251 938/1682/64 815/1057/64
f 818/1062/170 837/1101/290 681/848/906
f 761/958/205 585/957/205 583/1063/58
f 819/1065/255 887/1216/329 820/1066/907
f 697/869/258 935/1331/369 822/1068/259
f 826/1076/268 830/1082/274 827/1077/269
f 557/703/132 570/716/129 830/1082/274
f 834/1093/284 702/874/185 704/876/185
f 837/1101/908 777/1298/346 838/1102/291
f 663/824/344 546/692/109 701/873/301
f 777/999/909 837/1263/339 849/1130/340
f 850/1131/303 869/1337/374 851/1132/304
f 481/1127/3 567/1179/3 829/1133/3
f 852/1134/5 607/1683/26 615/1135/26
f 724/905/198 726/907/198 853/1137/56
f 854/1138/100 940/1422/100 855/1139/205
f 432/1143/4 893/1348/4 852/1134/5
f 594/1070/262 823/1069/261 829/1079/271
f 841/1105/294 548/1107/296 842/1106/910
f 832/1088/280 801/1087/279 798/1086/278
f 836/1096/911 775/1099/288 807/1098/141
f 860/1147/308 795/1330/308 793/1092/283
f 679/846/309 799/1035/244 861/1148/310
f 833/1091/282 792/1090/281 802/1089/188
f 862/1149/312 840/1449/418 820/1150/313
f 456/596/94 455/595/94 863/1151/154
f 614/771/315 514/656/102 537/680/104
f 831/1084/912 564/1083/275 563/1072/264
f 865/1154/63 960/1413/63 866/1155/317
f 868/1158/913 851/1313/354 869/1159/319
f 870/1161/225 784/1013/232 785/1014/232
f 656/817/248 721/902/83 723/904/83
f 518/1163/3 871/1180/3 819/1164/3
f 492/1166/3 499/1170/3 836/1167/3
f 502/989/3 518/1163/3 821/1165/3
f 503/991/3 775/990/3 836/1167/3
f 494/1171/3 832/1176/3 831/1172/3
f 492/1166/3 860/1168/3 833/1174/3
f 493/1175/3 833/1174/3 832/1176/3
f 488/1177/3 487/1173/3 831/1172/3
f 488/1177/3 824/1178/3 829/1133/3
f 871/1180/3 857/1142/3 844/1120/3
f 572/719/131 557/703/119 826/1076/268
f 874/1183/172 963/1417/407 763/960/219
f 763/960/219 873/1182/219 874/1183/172
f 875/1184/308 888/1302/308 723/1185/283
f 648/1187/19 647/1261/25 876/1188/25
f 757/953/323 728/910/201 719/900/342
f 878/1193/324 550/696/914 552/698/325
f 661/1194/327 660/1427/20 731/1195/20
f 744/1197/32 436/576/17 438/578/17
f 879/1199/911 600/753/142 484/752/141
f 880/1201/71 892/1224/71 881/1202/75
f 699/871/224 701/873/301 546/692/109
f 475/877/158 898/1235/328 882/1205/328
f 469/1207/24 665/1684/24 429/1208/23
f 613/1210/205 877/1277/100 760/956/100
f 884/1211/68 1633/1685/68 814/1056/251
f 679/846/168 787/1021/234 768/1212/17
f 885/1214/82 906/1258/82 886/1215/99
f 624/782/27 665/1684/24 469/1207/24
f 844/1110/299 682/1109/298 887/1216/329
f 864/1152/154 863/1151/154 889/1218/70
f 459/599/82 636/796/99 638/798/99
f 615/1135/26 607/1683/26 608/1220/20
f 817/1221/205 859/1360/205 778/1002/58
f 880/1201/71 952/1396/69 891/1223/69
f 600/753/142 620/778/150 727/908/199
f 709/1226/13 669/832/15 670/833/15
f 841/1227/331 629/789/915 549/695/896
f 856/1140/205 855/1139/205 539/1229/58
f 517/1230/1 519/1433/1 649/810/1
f 678/1231/83 680/1361/82 895/1232/82
f 897/1234/79 965/1425/79 882/1205/78
f 730/1196/327 644/804/333 646/806/333
f 540/1238/3 818/1062/170 683/850/171
f 729/1239/3 428/568/3 716/1240/3
f 537/680/104 536/679/103 850/1131/334
f 610/763/145 515/1686/899 874/1183/172
f 786/1242/3 875/1687/3 708/881/3
f 389/528/66 954/1401/217 901/1243/217
f 902/1244/99 943/1680/81 485/627/81
f 879/1246/3 875/1687/3 786/1242/3
f 599/750/58 583/1063/58 581/1247/58
f 535/1248/99 899/1428/99 867/1249/82
f 482/624/17 481/623/17 848/1254/16
f 604/757/143 603/756/143 904/1256/338
f 692/859/83 691/858/83 906/1258/82
f 907/1259/317 921/1290/317 908/1260/63
f 658/819/158 410/549/328 412/551/328
f 647/1261/25 711/1418/10 781/1262/10
f 837/1263/339 818/1429/410 464/685/105
f 813/1052/203 812/1051/250 791/1264/341
f 429/1208/23 639/1286/34 903/1267/34
f 910/1268/159 834/1093/284 835/1094/284
f 896/1233/83 895/1232/82 574/1269/82
f 416/555/81 558/1383/81 575/1271/99
f 911/1272/1 964/1419/1 438/964/1
f 569/1273/205 568/1628/100 532/674/100
f 479/621/1 478/620/1 695/867/1
f 447/1252/336 441/1251/44 440/1275/4
f 717/1160/320 869/1159/319 720/901/195
f 877/1277/100 678/1231/83 896/1233/83
f 403/542/889 402/541/889 913/1278/61
f 642/802/58 946/1386/205 856/1140/205
f 579/1279/99 556/1384/81 914/1280/81
f 516/658/343 673/837/916 663/824/917
f 688/855/345 769/979/223 552/698/325
f 915/1281/81 961/1414/206 733/919/206
f 783/1012/1 810/1049/1 811/1050/1
f 631/791/94 1628/1572/72 401/540/72
f 374/513/56 1627/1571/56 916/1283/198
f 905/1257/338 904/1256/338 918/1285/217
f 639/1286/34 729/912/31 473/914/31
f 509/1287/1 430/570/1 810/1049/1
f 919/1288/60 1633/1685/68 884/1211/68
f 538/1054/3 434/1681/3 743/938/3
f 920/1289/404 947/1387/404 921/1290/317
f 756/1291/34 755/1688/34 857/1292/31
f 922/1296/1 964/1419/1 911/1272/1
f 777/1298/918 776/1349/919 862/1149/312
f 448/1276/4 440/1275/4 444/1299/40
f 923/1301/70 1631/1630/154 630/790/154
f 895/1232/82 626/785/99 575/1271/99
f 875/1184/308 879/1199/286 409/1213/285
f 924/1303/19 519/661/18 518/660/18
f 756/1297/1 911/1272/1 595/745/1
f 925/1304/350 927/1689/920 800/1305/921
f 713/1306/197 722/903/197 808/1047/197
f 621/779/86 635/795/74 634/794/74
f 451/1300/40 444/1299/40 443/1308/26
f 927/1311/360 861/1148/359 468/609/222
f 928/1312/353 764/1420/922 851/1313/354
f 757/1314/923 699/871/924 769/979/925
f 716/896/190 428/677/926 800/1037/246
f 925/1317/358 787/1021/234 861/1148/359
f 929/1318/251 387/526/64 386/525/64
f 652/1320/3 718/1690/3 620/807/3
f 929/1318/251 676/1319/251 395/534/68
f 772/984/321 826/1076/268 828/1078/270
f 774/987/362 593/742/137 812/1322/250
f 740/932/211 591/740/260 593/742/137
f 894/1323/83 789/1446/83 788/1324/100
f 555/701/118 554/700/372 932/1326/364
f 643/803/58 539/1229/58 540/1238/3
f 828/1078/270 827/1077/269 933/1327/366
f 843/1108/927 839/1103/928 775/1099/288
f 593/742/137 592/741/136 791/1329/341
f 457/597/1 449/589/92 917/1284/198
f 860/1147/308 836/1096/286 796/1095/285
f 932/1326/929 936/1332/370 935/1331/369
f 554/700/117 937/1333/371 936/1332/370
f 934/1328/930 933/1327/366 937/1333/371
f 520/1691/31 751/1692/31 726/1693/31
f 751/1692/31 918/1694/31 853/1695/31
f 918/1694/31 904/1696/31 853/1695/31
f 904/1696/31 603/1697/31 853/1695/31
f 603/1697/31 462/1698/31 853/1695/31
f 853/1695/31 726/1693/31 751/1692/31
f 726/1693/31 725/1699/373 520/1691/31
f 705/1334/373 883/1700/31 866/1701/31
f 414/1702/31 883/1700/31 1630/1703/31
f 882/1704/31 965/1705/31 622/1706/31
f 622/1706/31 926/1707/31 634/1708/31
f 634/1708/31 881/1709/31 622/1706/31
f 881/1709/31 892/1710/31 622/1706/31
f 892/1710/31 891/1711/31 889/1712/31
f 889/1712/31 863/1713/31 455/1714/31
f 455/1714/31 617/1715/31 754/1716/31
f 455/1714/31 754/1716/31 892/1710/31
f 892/1710/31 889/1712/31 455/1714/31
f 883/1700/31 414/1702/31 1629/1717/31
f 725/1699/373 705/1334/373 706/1718/31
f 520/1691/31 725/1699/373 706/1718/31
f 883/1700/31 1629/1717/31 866/1701/31
f 758/1719/31 706/1718/31 705/1334/373
f 919/1720/31 758/1719/31 705/1334/373
f 705/1334/373 866/1701/31 960/1721/31
f 1633/1722/31 919/1720/31 705/1334/373
f 814/1336/31 1633/1722/31 705/1334/373
f 705/1334/373 960/1721/31 938/1335/31
f 662/823/931 720/1001/229 869/1337/374
f 799/1035/244 466/607/243 468/609/97
f 939/1338/186 873/1182/219 763/960/219
f 872/1340/932 693/864/178 542/863/177
f 542/863/177 705/1723/373 725/1339/373
f 683/850/171 682/849/933 845/1342/3
f 446/1253/934 447/1252/336 450/1345/378
f 450/1345/378 457/1724/167 445/1346/167
f 599/750/58 598/749/58 613/1210/205
f 472/1064/254 474/1034/242 799/1035/244
f 431/928/30 739/1669/30 893/1348/4
f 776/1349/919 433/788/151 629/789/153
f 773/985/361 828/1078/270 934/1328/935
f 576/970/81 767/969/81 783/1350/2
f 566/1352/936 565/1725/126 791/1329/235
f 560/1353/384 559/1356/391 935/1331/385
f 937/1333/937 933/1327/398 747/1354/388
f 822/1068/421 935/1331/938 559/1356/391
f 936/1332/393 937/1333/387 941/1355/389
f 825/1075/394 749/1080/939 829/1079/271
f 827/1077/395 830/1082/416 742/1358/396
f 741/1359/397 747/1354/388 933/1327/398
f 931/1325/100 788/1324/100 859/1360/205
f 680/1361/82 625/784/99 626/785/99
f 627/1362/24 543/862/50 693/864/178
f 708/1186/282 722/1282/281 713/891/188
f 577/1364/205 953/1400/205 942/1365/100
f 673/837/940 544/690/107 546/692/109
f 664/913/29 900/1666/29 652/813/18
f 378/517/58 377/516/58 569/1273/205
f 628/1382/21 627/1362/24 714/1363/24
f 416/555/81 418/557/2 765/962/2
f 728/922/207 618/776/941 620/778/942
f 946/1386/205 945/1397/100 854/1138/100
f 384/523/62 383/522/62 947/1387/80
f 896/1233/83 573/1270/83 586/1388/100
f 948/1389/338 1632/1726/338 949/1390/143
f 511/653/7 510/652/7 846/1392/27
f 951/1393/225 969/1438/232 784/1013/232
f 459/599/82 944/1576/82 902/1244/99
f 452/1309/401 443/1308/401 442/1394/402
f 890/1219/70 889/1218/70 891/1223/69
f 945/1397/100 458/598/83 460/600/83
f 866/1155/317 1629/1574/404 413/552/404
f 922/1293/31 857/1292/31 871/1398/29
f 909/1399/58 597/748/58 953/1400/205
f 954/1401/217 1632/1726/338 948/1389/338
f 950/1391/143 949/1390/143 373/512/55
f 659/820/159 835/1094/284 955/1402/284
f 672/835/99 422/562/82 588/1404/82
f 684/851/172 963/1417/407 694/1406/2
f 449/1727/92 453/1408/93 956/1403/159
f 453/1408/93 660/821/160 659/820/159
f 580/1409/205 953/1400/205 597/748/58
f 835/1094/284 704/876/185 957/1410/185
f 906/1258/82 691/858/83 958/1411/83
f 815/1057/64 938/1682/64 960/1413/63
f 951/1393/225 870/1161/225 733/919/206
f 886/1215/99 906/1258/82 959/1412/82
f 735/921/81 886/1215/99 962/1415/99
f 736/1416/2 694/1406/2 963/1417/407
f 711/1418/10 786/1015/2 737/1017/2
f 922/1296/1 517/1230/1 651/812/1
f 800/1305/351 927/1689/943 764/1420/922
f 745/1421/8 744/1197/32 650/1198/32
f 854/1138/100 460/600/83 602/755/83
f 767/969/81 672/835/99 587/1405/99
f 783/1350/2 767/969/81 582/1423/81
f 897/1234/79 623/781/85 622/780/85
f 439/1728/58 972/1442/205 442/1426/90
f 972/1442/205 732/918/205 442/1426/944
f 442/1394/402 731/1195/20 660/1427/20
f 677/1310/81 768/976/81 899/1428/99
f 843/1430/411 547/693/110 966/1431/83
f 519/1433/1 924/1435/1 478/620/1
f 704/876/185 703/875/186 967/1434/186
f 924/1435/1 500/1006/1 695/867/1
f 588/1404/82 422/562/945 421/561/83
f 968/1437/155 970/1439/155 784/1013/232
f 794/1029/237 656/817/156 970/1439/155
f 805/1044/83 666/829/83 668/831/83
f 839/1432/83 966/1431/83 666/829/83
f 691/858/83 804/1043/100 971/1441/100
f 971/1441/100 804/1043/100 732/918/205
f 887/1443/412 681/848/169 838/1102/291
f 703/875/186 763/960/219 762/959/219
f 674/1444/411 667/830/83 966/1431/83
f 942/1365/100 953/1400/205 580/1409/205
f 421/561/83 942/1365/100 590/1445/100
f 716/1240/3 718/1690/3 652/1320/3
f 534/1250/82 867/1249/82 789/1446/83
f 849/1447/3 464/604/3 436/1236/3
f 435/1448/414 674/1444/411 547/693/110
f 571/718/130 742/1358/396 830/1082/416
f 840/1449/946 862/1149/312 629/789/153
f 721/902/947 796/1031/948 809/1048/949
f 562/1357/392 566/1352/382 592/741/950
f 749/945/216 825/1451/423 941/1450/951
f 825/1451/423 561/707/894 560/706/121
f 977/1456/427 979/1458/428 975/1454/428
f 980/1459/429 1000/1479/952 981/1460/430
f 983/1462/432 1008/1487/456 982/1461/953
f 984/1463/433 982/1461/457 981/1460/954
f 986/1465/558 1071/1550/558 976/1455/558
f 986/1465/31 979/1458/31 977/1456/31
f 992/1471/439 1022/1501/561 989/1468/440
f 991/1470/558 1071/1550/558 986/1465/558
f 992/1471/31 993/1472/31 986/1465/31
f 994/1473/441 1079/1558/552 995/1474/442
f 990/1469/437 989/1468/955 997/1476/444
f 980/1459/429 1011/1490/460 999/1478/446
f 1001/1480/448 1031/1510/494 1002/1481/449
f 1004/1483/451 1035/1514/483 994/1473/956
f 1005/1484/453 1004/1483/451 996/1475/443
f 1007/1486/455 1034/1513/482 983/1462/432
f 1008/1487/456 1003/1482/450 980/1459/429
f 1009/1488/489 1035/1514/483 1004/1483/451
f 980/1459/429 1003/1482/450 1002/1481/449
f 977/1456/427 978/1457/957 1013/1492/464
f 1015/1494/470 1081/1560/470 1017/1496/470
f 977/1456/31 1016/1495/31 1017/1496/31
f 992/1471/439 1023/1502/469 1020/1499/469
f 1017/1496/470 1081/1560/470 1021/1500/470
f 1017/1496/31 1023/1502/31 992/1471/31
f 1024/1503/471 1068/1547/531 1001/1480/448
f 1026/1505/473 1066/1545/576 1027/1506/484
f 1029/1508/476 1007/1486/455 984/1463/433
f 1030/1509/478 1010/1489/459 1004/1483/451
f 1031/1510/494 975/1454/425 974/1453/424
f 1010/1489/459 981/1460/958 1000/1479/447
f 1030/1509/478 1005/1484/453 1032/1511/480
f 1034/1513/482 1028/1507/959 1027/1506/474
f 1009/1488/489 1056/1535/592 998/1477/445
f 1027/1506/484 1066/1545/527 1024/1503/471
f 998/1477/445 997/1476/444 994/1473/441
f 1036/1515/485 1075/1554/544 1037/1516/486
f 985/1464/960 981/1460/430 1010/1489/459
f 999/1478/446 1056/1535/592 1009/1488/458
f 1039/1518/490 1060/1539/515 1040/1519/491
f 1001/1480/627 1068/1547/531 1042/1521/554
f 985/1464/434 1030/1509/478 1033/1512/961
f 1043/1522/495 1054/1533/506 1044/1523/496
f 1046/1525/586 1040/1519/491 1047/1526/499
f 1006/1485/454 996/1475/452 995/1474/442
f 1050/1529/529 1036/1515/485 1038/1517/487
f 1040/1519/491 1060/1539/515 1052/1531/504
f 1053/1532/962 1046/1525/586 1054/1533/506
f 1056/1535/592 991/1470/438 990/1469/437
f 1006/1485/454 1049/1528/501 1057/1536/509
f 1046/1525/512 1048/1527/500 1044/1523/496
f 1046/1525/511 1053/1532/505 1041/1520/492
f 1013/1492/963 978/1457/964 1042/1521/493
f 1025/1504/573 1001/1480/448 1003/1482/450
f 1060/1539/597 1015/1494/965 1014/1493/462
f 1047/1526/499 1076/1555/546 1061/1540/530
f 999/1478/446 1071/1550/966 991/1470/967
f 1062/1541/518 1055/1534/507 1054/1533/506
f 1050/1529/502 1051/1530/503 1041/1520/492
f 1014/1493/462 1013/1492/968 1059/1538/513
f 989/1468/436 1022/1501/969 1063/1542/522
f 1048/1527/500 1061/1540/530 1064/1543/523
f 1039/1518/490 1081/1560/555 1015/1494/463
f 1005/1484/453 1006/1485/454 1058/1537/635
f 1045/1524/497 1044/1523/496 1064/1543/595
f 1061/1540/526 1024/1503/471 1066/1545/527
f 1067/1546/643 1074/1553/543 1036/1515/485
f 1061/1540/526 1076/1555/546 1068/1547/531
f 1064/1543/523 1066/1545/576 1026/1505/473
f 1051/1530/503 1038/1517/487 1069/1548/533
f 1051/1530/503 1070/1549/534 1039/1518/490
f 1055/1534/507 1067/1546/528 1050/1529/970
f 999/1478/446 1011/1490/460 976/1455/971
f 1037/1516/486 1079/1558/552 1063/1542/538
f 1070/1549/599 1069/1548/533 1019/1498/466
f 1037/1516/486 1072/1551/539 1069/1548/533
f 1073/1552/549 1067/1546/528 1055/1534/542
f 1074/1553/543 1078/1557/551 1075/1554/544
f 1052/1531/521 1059/1538/513 1076/1555/603
f 1072/1551/539 1020/1499/972 1019/1498/466
f 1063/1542/522 1022/1501/973 1020/1499/467
f 1077/1556/548 1074/1553/606 1067/1546/528
f 1027/1506/484 1025/1504/514 1008/1487/456
f 1078/1557/551 1049/1528/501 995/1474/974
f 994/1473/441 997/1476/444 1063/1542/522
f 1075/1554/544 995/1474/442 1079/1558/552
f 1080/1559/553 1078/1557/551 1074/1553/543
f 1042/1521/554 978/1457/975 975/1454/425
f 1011/1490/460 1002/1481/449 974/1453/424
f 1076/1555/546 1059/1538/513 1042/1521/493
f 1057/1536/509 1049/1528/501 1078/1557/551
f 1039/1518/490 1070/1549/534 1021/1500/649
f 1086/1456/427 1088/1458/428 1084/1454/428
f 1089/1461/431 1108/1459/429 1090/1479/447
f 1092/1462/432 1170/1487/456 1089/1461/431
f 1094/1464/434 1093/1463/433 1089/1461/431
f 1095/1465/558 1182/1550/558 1085/1455/558
f 1095/1465/31 1088/1458/31 1086/1456/31
f 1101/1471/561 1131/1501/561 1098/1468/440
f 1100/1470/558 1182/1550/558 1095/1465/558
f 1101/1471/31 1102/1472/31 1095/1465/31
f 1103/1475/566 1114/1473/441 1104/1558/552
f 1099/1469/437 1098/1468/559 1106/1476/562
f 1108/1459/429 1120/1490/460 1109/1478/488
f 1110/1480/448 1140/1510/494 1111/1481/564
f 1113/1483/976 1119/1514/567 1114/1473/441
f 1113/1483/451 1103/1475/583 1115/1485/454
f 1117/1486/455 1144/1513/482 1092/1462/432
f 1089/1461/431 1170/1487/456 1112/1482/565
f 1118/1489/977 1141/1488/458 1119/1514/567
f 1108/1459/429 1112/1482/565 1111/1481/564
f 1086/1456/427 1087/1457/427 1122/1492/464
f 1124/1494/470 1190/1560/470 1126/1496/470
f 1086/1456/31 1125/1495/31 1126/1496/31
f 1101/1471/561 1132/1502/469 1129/1499/469
f 1126/1496/470 1190/1560/470 1130/1500/470
f 1126/1496/31 1132/1502/31 1101/1471/31
f 1133/1504/573 1179/1503/978 1134/1547/574
f 1135/1505/979 1145/1545/527 1136/1506/484
f 1117/1486/980 1093/1463/433 1094/1464/960
f 1118/1489/459 1113/1483/451 1116/1484/453
f 1140/1510/494 1084/1454/425 1083/1453/424
f 1118/1489/977 1091/1460/430 1090/1479/447
f 1142/1512/481 1139/1509/478 1116/1484/453
f 1144/1513/482 1137/1507/959 1136/1506/474
f 1141/1488/458 1165/1535/508 1107/1477/577
f 1145/1545/527 1179/1503/981 1133/1504/982
f 1107/1477/577 1106/1476/562 1114/1473/441
f 1146/1554/983 1183/1516/486 1147/1517/487
f 1094/1464/434 1091/1460/430 1118/1489/977
f 1109/1478/446 1165/1535/631 1141/1488/575
f 1149/1518/490 1171/1539/597 1150/1519/491
f 1110/1480/448 1134/1547/574 1152/1521/493
f 1094/1464/960 1139/1509/478 1142/1512/961
f 1153/1522/581 1164/1533/519 1154/1523/632
f 1156/1525/512 1150/1519/491 1157/1526/499
f 1103/1475/443 1105/1474/608 1159/1528/501
f 1160/1529/529 1148/1515/485 1147/1517/487
f 1150/1519/491 1171/1539/515 1162/1531/585
f 1163/1534/542 1168/1532/505 1156/1525/512
f 1165/1535/631 1100/1470/967 1099/1469/437
f 1115/1485/634 1159/1528/501 1166/1536/588
f 1164/1533/519 1156/1525/586 1158/1527/500
f 1168/1532/505 1151/1520/492 1150/1519/491
f 1122/1492/568 1087/1457/964 1152/1521/493
f 1170/1487/456 1133/1504/573 1110/1480/448
f 1171/1539/597 1124/1494/984 1123/1493/462
f 1157/1526/499 1178/1555/603 1172/1540/985
f 1109/1478/446 1182/1550/601 1100/1470/986
f 1163/1534/507 1164/1533/519 1153/1522/581
f 1161/1530/503 1151/1520/987 1168/1532/505
f 1123/1493/462 1122/1492/988 1169/1538/989
f 1098/1468/559 1131/1501/990 1174/1542/522
f 1158/1527/582 1172/1540/985 1175/1543/523
f 1149/1518/490 1190/1560/614 1124/1494/991
f 1143/1511/480 1116/1484/453 1115/1485/454
f 1155/1524/497 1154/1523/496 1175/1543/523
f 1172/1540/516 1179/1503/981 1145/1545/527
f 1177/1546/643 1187/1553/543 1148/1515/485
f 1178/1555/603 1134/1547/574 1179/1503/471
f 1175/1543/595 1145/1545/527 1135/1505/979
f 1161/1530/503 1147/1517/487 1180/1548/598
f 1161/1530/503 1181/1549/534 1149/1518/992
f 1163/1534/507 1177/1546/528 1160/1529/502
f 1109/1478/488 1120/1490/624 1085/1455/556
f 1183/1516/486 1104/1558/552 1174/1542/522
f 1181/1549/599 1180/1548/598 1128/1498/570
f 1183/1516/486 1184/1551/539 1180/1548/598
f 1185/1552/605 1177/1546/528 1163/1534/507
f 1186/1557/602 1146/1554/544 1148/1515/485
f 1162/1531/585 1169/1538/989 1178/1555/603
f 1184/1551/539 1129/1499/467 1128/1498/993
f 1174/1542/522 1131/1501/969 1129/1499/571
f 1185/1552/605 1188/1556/548 1187/1553/543
f 1136/1506/474 1133/1504/982 1170/1487/456
f 1159/1528/501 1105/1474/608 1146/1554/607
f 1114/1473/441 1106/1476/562 1174/1542/522
f 1105/1474/442 1104/1558/552 1183/1516/486
f 1188/1556/548 1189/1559/553 1186/1557/551
f 1152/1521/493 1087/1457/975 1084/1454/425
f 1120/1490/460 1111/1481/564 1083/1453/424
f 1178/1555/603 1169/1538/989 1152/1521/554
f 1166/1536/588 1159/1528/501 1186/1557/602
f 1149/1518/490 1181/1549/534 1130/1500/613
f 1195/1456/427 1197/1458/428 1193/1454/428
f 1198/1461/431 1217/1459/429 1199/1479/447
f 1201/1462/432 1279/1487/456 1198/1461/431
f 1203/1464/434 1202/1463/433 1198/1461/431
f 1204/1465/558 1291/1550/558 1194/1455/558
f 1204/1465/31 1197/1458/31 1195/1456/31
f 1210/1471/561 1240/1501/561 1207/1468/440
f 1209/1470/558 1291/1550/558 1204/1465/558
f 1210/1471/31 1211/1472/31 1204/1465/31
f 1212/1475/452 1223/1473/994 1213/1558/617
f 1208/1469/437 1207/1468/436 1215/1476/444
f 1217/1459/429 1229/1490/460 1218/1478/488
f 1219/1480/448 1249/1510/494 1220/1481/449
f 1222/1483/451 1228/1514/483 1223/1473/994
f 1222/1483/451 1212/1475/452 1224/1485/454
f 1226/1486/455 1253/1513/482 1201/1462/621
f 1198/1461/431 1279/1487/456 1221/1482/565
f 1227/1489/459 1250/1488/458 1228/1514/623
f 1217/1459/429 1221/1482/565 1220/1481/449
f 1195/1456/427 1196/1457/957 1231/1492/464
f 1233/1494/470 1299/1560/470 1235/1496/470
f 1195/1456/31 1234/1495/31 1235/1496/31
f 1210/1471/561 1241/1502/469 1238/1499/469
f 1235/1496/470 1299/1560/470 1239/1500/470
f 1235/1496/31 1241/1502/31 1210/1471/31
f 1242/1504/514 1288/1503/471 1243/1547/574
f 1244/1505/979 1254/1545/527 1245/1506/484
f 1247/1508/476 1226/1486/455 1202/1463/477
f 1248/1509/478 1227/1489/459 1222/1483/451
f 1249/1510/494 1193/1454/995 1192/1453/424
f 1227/1489/977 1200/1460/430 1199/1479/447
f 1248/1509/996 1225/1484/453 1251/1511/480
f 1253/1513/628 1246/1507/959 1245/1506/474
f 1250/1488/458 1258/1535/508 1216/1477/619
f 1254/1545/527 1288/1503/471 1242/1504/472
f 1216/1477/619 1215/1476/618 1223/1473/441
f 1255/1515/485 1297/1554/544 1256/1516/997
f 1203/1464/434 1200/1460/430 1227/1489/977
f 1199/1479/447 1218/1478/446 1258/1535/592
f 1259/1518/490 1280/1539/597 1260/1519/491
f 1219/1480/448 1243/1547/574 1262/1521/554
f 1203/1464/434 1248/1509/478 1252/1512/998
f 1263/1522/495 1274/1533/519 1264/1523/632
f 1266/1525/586 1260/1519/491 1267/1526/499
f 1212/1475/452 1214/1474/608 1269/1528/584
f 1270/1529/529 1255/1515/485 1257/1517/630
f 1260/1519/491 1280/1539/515 1272/1531/633
f 1273/1534/542 1277/1532/536 1266/1525/512
f 1258/1535/592 1209/1470/999 1208/1469/437
f 1224/1485/454 1269/1528/501 1275/1536/509
f 1274/1533/519 1266/1525/511 1268/1527/500
f 1277/1532/505 1261/1520/987 1260/1519/491
f 1231/1492/625 1196/1457/975 1262/1521/493
f 1279/1487/456 1242/1504/514 1219/1480/448
f 1280/1539/597 1233/1494/965 1232/1493/462
f 1267/1526/499 1287/1555/603 1281/1540/526
f 1218/1478/1000 1291/1550/537 1209/1470/616
f 1282/1541/1001 1273/1534/542 1274/1533/506
f 1270/1529/502 1271/1530/503 1261/1520/492
f 1232/1493/462 1231/1492/1002 1278/1538/636
f 1207/1468/436 1240/1501/990 1283/1542/639
f 1268/1527/500 1281/1540/985 1284/1543/595
f 1259/1518/490 1299/1560/555 1233/1494/463
f 1225/1484/640 1224/1485/454 1276/1537/635
f 1265/1524/1003 1264/1523/496 1284/1543/595
f 1281/1540/526 1288/1503/471 1254/1545/527
f 1286/1546/528 1295/1553/543 1255/1515/485
f 1287/1555/603 1243/1547/574 1288/1503/471
f 1284/1543/595 1254/1545/527 1244/1505/979
f 1271/1530/503 1257/1517/630 1289/1548/533
f 1261/1520/492 1271/1530/503 1290/1549/534
f 1273/1534/507 1286/1546/528 1270/1529/502
f 1218/1478/446 1229/1490/460 1194/1455/1004
f 1256/1516/486 1213/1558/617 1283/1542/644
f 1290/1549/599 1289/1548/533 1237/1498/1005
f 1256/1516/486 1292/1551/539 1289/1548/533
f 1293/1552/605 1286/1546/528 1273/1534/507
f 1294/1557/602 1297/1554/544 1255/1515/485
f 1272/1531/633 1278/1538/636 1287/1555/603
f 1292/1551/539 1238/1499/972 1237/1498/466
f 1283/1542/639 1240/1501/969 1238/1499/467
f 1296/1556/1006 1295/1553/543 1286/1546/643
f 1245/1506/484 1242/1504/514 1279/1487/456
f 1269/1528/584 1214/1474/608 1297/1554/544
f 1223/1473/441 1215/1476/444 1283/1542/639
f 1214/1474/442 1213/1558/617 1256/1516/629
f 1298/1559/645 1294/1557/551 1295/1553/606
f 1262/1521/493 1196/1457/1007 1193/1454/615
f 1229/1490/611 1220/1481/449 1192/1453/424
f 1287/1555/603 1278/1538/636 1262/1521/493
f 1275/1536/509 1269/1528/501 1294/1557/551
f 1259/1518/490 1290/1549/534 1239/1500/649
f 1304/1456/653 1343/1457/1008 1301/1454/1009
f 1306/1460/656 1327/1479/676 1307/1459/675
f 1308/1461/658 1336/1487/753 1309/1462/660
f 1306/1460/656 1308/1461/658 1310/1463/661
f 1303/1455/799 1389/1550/799 1312/1465/799
f 1304/1456/17 1305/1458/17 1312/1465/17
f 1318/1471/667 1320/1472/803 1316/1468/803
f 1312/1465/799 1389/1550/799 1317/1470/799
f 1312/1465/17 1320/1472/17 1318/1471/17
f 1321/1475/669 1377/1474/786 1322/1558/670
f 1324/1476/672 1316/1468/1010 1315/1469/664
f 1326/1478/806 1400/1490/777 1307/1459/1011
f 1328/1481/677 1359/1510/790 1329/1480/678
f 1331/1483/685 1321/1475/669 1323/1473/681
f 1333/1484/819 1376/1485/735 1321/1475/669
f 1334/1486/686 1310/1463/661 1309/1462/660
f 1308/1461/659 1307/1459/675 1330/1482/679
f 1337/1489/712 1331/1483/685 1332/1514/1012
f 1307/1459/657 1400/1490/853 1328/1481/677
f 1304/1456/653 1344/1495/813 1341/1492/813
f 1345/1496/701 1392/1560/701 1342/1494/701
f 1345/1496/17 1344/1495/17 1304/1456/17
f 1318/1471/667 1319/1501/667 1347/1499/700
f 1349/1500/696 1392/1560/696 1345/1496/696
f 1318/1471/17 1350/1502/17 1345/1496/17
f 1351/1504/815 1329/1480/861 1352/1547/703
f 1354/1507/716 1363/1506/718 1355/1545/706
f 1357/1508/708 1311/1464/662 1310/1463/661
f 1358/1509/711 1333/1484/819 1331/1483/685
f 1302/1453/651 1301/1454/1013 1359/1510/790
f 1337/1489/816 1338/1488/1014 1327/1479/676
f 1360/1511/714 1333/1484/819 1358/1509/711
f 1309/1462/660 1363/1506/718 1354/1507/716
f 1338/1488/1015 1332/1514/682 1325/1477/673
f 1363/1506/820 1351/1504/821 1353/1503/704
f 1323/1473/671 1324/1476/672 1325/1477/673
f 1364/1517/720 1401/1516/778 1365/1554/721
f 1311/1464/662 1358/1509/711 1337/1489/690
f 1338/1488/691 1362/1535/717 1326/1478/674
f 1367/1519/725 1381/1539/740 1368/1518/726
f 1329/1480/861 1359/1510/790 1370/1521/728
f 1361/1512/715 1358/1509/711 1311/1464/662
f 1371/1522/730 1393/1524/767 1372/1523/731
f 1374/1527/733 1388/1526/756 1367/1519/725
f 1376/1485/735 1385/1528/747 1377/1474/786
f 1378/1530/737 1364/1517/720 1366/1515/822
f 1367/1519/825 1388/1526/756 1380/1531/739
f 1373/1533/741 1375/1525/832 1382/1532/742
f 1362/1535/717 1325/1477/673 1315/1469/664
f 1384/1537/746 1408/1536/792 1385/1528/747
f 1372/1523/731 1374/1527/764 1375/1525/749
f 1367/1519/725 1369/1520/727 1382/1532/742
f 1370/1521/728 1343/1457/1016 1341/1492/693
f 1330/1482/679 1329/1480/678 1351/1504/821
f 1381/1539/740 1380/1531/739 1340/1493/692
f 1387/1540/763 1397/1555/773 1388/1526/756
f 1326/1478/674 1362/1535/717 1317/1470/1017
f 1390/1541/758 1371/1522/730 1373/1533/732
f 1379/1529/738 1382/1532/742 1369/1520/727
f 1386/1538/752 1341/1492/1018 1340/1493/692
f 1391/1542/779 1319/1501/1019 1316/1468/665
f 1372/1523/748 1394/1543/769 1387/1540/755
f 1368/1518/726 1381/1539/740 1342/1494/765
f 1384/1537/746 1376/1485/735 1333/1484/819
f 1393/1524/767 1398/1544/1020 1394/1543/769
f 1394/1543/769 1355/1545/719 1353/1503/1021
f 1395/1546/771 1379/1529/827 1366/1515/722
f 1353/1503/704 1352/1547/703 1397/1555/773
f 1356/1505/707 1355/1545/719 1394/1543/768
f 1378/1530/737 1402/1549/780 1399/1548/775
f 1368/1518/726 1402/1549/780 1378/1530/737
f 1383/1534/743 1382/1532/750 1379/1529/827
f 1326/1478/674 1389/1550/757 1303/1455/652
f 1401/1516/778 1405/1551/783 1391/1542/779
f 1402/1549/1022 1349/1500/1023 1348/1498/698
f 1399/1548/775 1405/1551/783 1401/1516/778
f 1383/1534/743 1395/1546/771 1403/1552/1024
f 1396/1553/772 1366/1515/722 1365/1554/721
f 1397/1555/878 1386/1538/761 1380/1531/739
f 1348/1498/698 1347/1499/1025 1405/1551/783
f 1347/1499/697 1319/1501/1026 1391/1542/779
f 1395/1546/771 1396/1553/772 1406/1556/784
f 1309/1462/660 1336/1487/753 1351/1504/702
f 1404/1557/782 1365/1554/721 1377/1474/852
f 1323/1473/671 1322/1558/670 1391/1542/779
f 1401/1516/785 1322/1558/670 1377/1474/736
f 1396/1553/772 1404/1557/782 1407/1559/793
f 1301/1454/1027 1343/1457/1028 1370/1521/789
f 1400/1490/853 1303/1455/1029 1302/1453/651
f 1397/1555/773 1352/1547/703 1370/1521/728
f 1404/1557/782 1385/1528/747 1408/1536/792
f 1368/1518/726 1392/1560/766 1349/1500/1030
f 1413/1456/796 1453/1457/653 1410/1454/655
f 1415/1460/656 1437/1479/676 1416/1459/675
f 1418/1463/709 1417/1461/797 1419/1487/689
f 1421/1464/662 1415/1460/1031 1417/1461/688
f 1412/1455/799 1496/1550/799 1422/1465/799
f 1413/1456/17 1414/1458/17 1422/1465/17
f 1428/1471/802 1430/1472/803 1426/1468/803
f 1422/1465/799 1496/1550/799 1427/1470/799
f 1422/1465/17 1430/1472/17 1428/1471/17
f 1431/1474/852 1510/1558/670 1432/1473/671
f 1434/1476/672 1426/1468/800 1425/1469/664
f 1436/1478/674 1509/1490/777 1416/1459/675
f 1438/1481/807 1468/1510/713 1439/1480/678
f 1433/1475/669 1432/1473/671 1441/1514/808
f 1443/1485/809 1433/1475/684 1442/1483/685
f 1445/1486/810 1418/1463/709 1420/1462/798
f 1417/1461/797 1416/1459/675 1440/1482/679
f 1447/1489/690 1442/1483/680 1441/1514/808
f 1416/1459/675 1509/1490/777 1438/1481/807
f 1413/1456/796 1454/1495/813 1451/1492/813
f 1455/1496/696 1501/1560/696 1452/1494/696
f 1455/1496/17 1454/1495/17 1413/1456/17
f 1428/1471/802 1429/1501/667 1457/1499/700
f 1459/1500/696 1501/1560/696 1455/1496/696
f 1428/1471/17 1460/1502/17 1455/1496/17
f 1439/1480/678 1479/1547/703 1461/1503/1032
f 1463/1507/716 1470/1506/820 1464/1545/719
f 1421/1464/723 1418/1463/709 1445/1486/810
f 1467/1509/862 1444/1484/819 1442/1483/685
f 1411/1453/651 1410/1454/794 1468/1510/1033
f 1448/1488/691 1437/1479/676 1415/1460/656
f 1469/1512/818 1502/1511/714 1444/1484/683
f 1446/1513/687 1420/1462/660 1470/1506/820
f 1448/1488/691 1441/1514/808 1435/1477/805
f 1462/1504/821 1461/1503/1032 1464/1545/706
f 1432/1473/1034 1434/1476/672 1435/1477/805
f 1472/1515/722 1487/1517/720 1473/1516/846
f 1421/1464/662 1467/1509/711 1447/1489/811
f 1448/1488/691 1471/1535/717 1436/1478/806
f 1475/1519/725 1489/1539/740 1476/1518/726
f 1439/1480/678 1468/1510/790 1478/1521/824
f 1469/1512/818 1467/1509/711 1421/1464/723
f 1480/1522/868 1503/1524/767 1481/1523/731
f 1483/1525/749 1494/1527/764 1484/1526/756
f 1485/1528/747 1431/1474/852 1433/1475/669
f 1486/1529/827 1498/1530/1035 1487/1517/720
f 1475/1519/1036 1484/1526/756 1488/1531/828
f 1490/1534/743 1482/1533/741 1483/1525/734
f 1471/1535/744 1435/1477/805 1425/1469/664
f 1492/1537/831 1517/1536/792 1485/1528/826
f 1481/1523/731 1494/1527/764 1483/1525/749
f 1483/1525/829 1475/1519/725 1477/1520/727
f 1478/1521/824 1453/1457/1016 1451/1492/833
f 1440/1482/679 1439/1480/678 1462/1504/1037
f 1489/1539/740 1488/1531/828 1450/1493/692
f 1494/1527/733 1504/1540/1038 1495/1555/773
f 1436/1478/806 1471/1535/717 1427/1470/801
f 1480/1522/1039 1482/1533/741 1490/1534/776
f 1486/1529/837 1491/1532/830 1477/1520/727
f 1493/1538/1040 1451/1492/812 1450/1493/692
f 1499/1542/762 1429/1501/1041 1426/1468/800
f 1500/1543/768 1504/1540/763 1494/1527/764
f 1476/1518/726 1489/1539/1042 1452/1494/765
f 1502/1511/714 1492/1537/746 1443/1485/735
f 1503/1524/767 1507/1544/1020 1500/1543/769
f 1464/1545/706 1461/1503/1032 1504/1540/770
f 1486/1529/827 1472/1515/722 1505/1553/772
f 1504/1540/763 1461/1503/1032 1479/1547/703
f 1465/1505/842 1464/1545/706 1500/1543/768
f 1498/1530/1035 1511/1549/780 1508/1548/775
f 1476/1518/726 1511/1549/780 1498/1530/737
f 1490/1534/743 1491/1532/830 1486/1529/837
f 1436/1478/806 1496/1550/757 1412/1455/845
f 1473/1516/778 1514/1551/850 1499/1542/762
f 1511/1549/1022 1459/1500/1043 1458/1498/698
f 1508/1548/775 1514/1551/850 1473/1516/778
f 1490/1534/776 1506/1546/771 1512/1552/1024
f 1472/1515/722 1474/1554/851 1513/1557/1044
f 1495/1555/773 1493/1538/1040 1488/1531/828
f 1458/1498/698 1457/1499/814 1514/1551/850
f 1457/1499/814 1429/1501/1026 1499/1542/762
f 1512/1552/781 1506/1546/771 1505/1553/772
f 1419/1487/753 1462/1504/702 1470/1506/718
f 1474/1554/787 1431/1474/852 1485/1528/747
f 1432/1473/671 1510/1558/670 1499/1542/762
f 1474/1554/851 1473/1516/846 1510/1558/670
f 1515/1556/784 1505/1553/772 1513/1557/782
f 1410/1454/794 1453/1457/1016 1478/1521/824
f 1509/1490/777 1412/1455/1029 1411/1453/651
f 1495/1555/773 1479/1547/703 1478/1521/824
f 1513/1557/1044 1485/1528/747 1517/1536/1045
f 1476/1518/726 1501/1560/841 1459/1500/1030
f 1522/1456/796 1561/1457/1008 1519/1454/655
f 1524/1461/659 1530/1460/724 1525/1479/676
f 1527/1463/709 1524/1461/659 1528/1487/689
f 1530/1460/656 1524/1461/659 1527/1463/709
f 1521/1455/799 1607/1550/799 1532/1465/799
f 1522/1456/17 1523/1458/17 1532/1465/17
f 1538/1471/667 1540/1472/803 1536/1468/803
f 1532/1465/799 1607/1550/799 1537/1470/799
f 1532/1465/17 1540/1472/17 1538/1471/17
f 1541/1474/852 1621/1558/670 1542/1473/671
f 1544/1476/672 1536/1468/1046 1535/1469/664
f 1546/1478/806 1620/1490/777 1526/1459/657
f 1547/1481/1047 1576/1510/864 1548/1480/678
f 1550/1483/685 1543/1475/669 1542/1473/681
f 1552/1484/683 1595/1485/735 1543/1475/684
f 1553/1486/810 1527/1463/709 1529/1462/798
f 1526/1459/675 1549/1482/679 1528/1487/689
f 1555/1489/811 1550/1483/685 1551/1514/808
f 1526/1459/657 1620/1490/777 1547/1481/1048
f 1522/1456/796 1562/1495/813 1559/1492/813
f 1563/1496/701 1612/1560/701 1560/1494/701
f 1563/1496/17 1562/1495/17 1522/1456/17
f 1538/1471/667 1539/1501/1049 1565/1499/700
f 1567/1500/696 1612/1560/696 1563/1496/696
f 1538/1471/17 1568/1502/17 1563/1496/17
f 1548/1480/678 1588/1547/866 1569/1503/704
f 1571/1506/718 1580/1545/706 1572/1505/842
f 1574/1508/867 1531/1464/662 1527/1463/661
f 1575/1509/862 1552/1484/683 1550/1483/685
f 1520/1453/651 1519/1454/794 1576/1510/864
f 1555/1489/816 1556/1488/1014 1525/1479/676
f 1577/1511/714 1552/1484/683 1575/1509/862
f 1554/1513/1050 1529/1462/660 1571/1506/718
f 1556/1488/691 1551/1514/808 1545/1477/858
f 1570/1504/821 1569/1503/704 1580/1545/706
f 1542/1473/671 1544/1476/672 1545/1477/858
f 1581/1515/722 1597/1517/720 1582/1516/778
f 1531/1464/662 1575/1509/711 1555/1489/811
f 1525/1479/676 1556/1488/1051 1579/1535/717
f 1584/1519/725 1599/1539/872 1585/1518/726
f 1548/1480/861 1576/1510/864 1587/1521/865
f 1574/1508/708 1578/1512/715 1575/1509/862
f 1589/1522/730 1613/1524/767 1590/1523/748
f 1592/1527/733 1606/1526/756 1584/1519/725
f 1594/1528/826 1541/1474/852 1543/1475/684
f 1596/1529/827 1609/1530/737 1597/1517/720
f 1584/1519/725 1606/1526/756 1598/1531/882
f 1600/1534/776 1591/1533/741 1593/1525/749
f 1579/1535/717 1545/1477/858 1535/1469/664
f 1602/1536/792 1594/1528/747 1595/1485/735
f 1590/1523/731 1592/1527/733 1593/1525/829
f 1593/1525/749 1584/1519/725 1586/1520/727
f 1587/1521/865 1561/1457/1052 1559/1492/812
f 1528/1487/753 1549/1482/679 1548/1480/678
f 1599/1539/740 1598/1531/1053 1558/1493/692
f 1592/1527/733 1614/1540/1038 1605/1555/773
f 1546/1478/806 1579/1535/717 1537/1470/666
f 1589/1522/1039 1591/1533/741 1600/1534/776
f 1596/1529/827 1601/1532/742 1586/1520/727
f 1604/1538/752 1559/1492/812 1558/1493/692
f 1610/1542/779 1539/1501/1054 1536/1468/856
f 1611/1543/769 1614/1540/763 1592/1527/764
f 1585/1518/844 1599/1539/1042 1560/1494/1055
f 1603/1537/871 1595/1485/735 1552/1484/819
f 1613/1524/876 1617/1544/1020 1611/1543/769
f 1580/1545/706 1569/1503/704 1614/1540/770
f 1615/1546/771 1596/1529/827 1581/1515/722
f 1614/1540/755 1569/1503/704 1588/1547/866
f 1572/1505/842 1580/1545/706 1611/1543/768
f 1609/1530/737 1619/1549/780 1618/1548/879
f 1586/1520/727 1585/1518/726 1619/1549/780
f 1600/1534/743 1601/1532/830 1596/1529/738
f 1546/1478/674 1607/1550/874 1521/1455/1056
f 1582/1516/778 1624/1551/883 1610/1542/779
f 1619/1549/780 1567/1500/1057 1566/1498/1058
f 1618/1548/879 1624/1551/883 1582/1516/778
f 1608/1541/758 1600/1534/743 1615/1546/771
f 1581/1515/722 1583/1554/721 1623/1557/782
f 1605/1555/773 1604/1538/752 1598/1531/875
f 1566/1498/698 1565/1499/1059 1624/1551/883
f 1565/1499/814 1539/1501/1060 1610/1542/779
f 1615/1546/771 1616/1553/772 1625/1556/1061
f 1529/1462/660 1528/1487/753 1570/1504/702
f 1583/1554/721 1541/1474/852 1594/1528/826
f 1542/1473/671 1621/1558/670 1610/1542/779
f 1583/1554/721 1582/1516/778 1621/1558/670
f 1616/1553/772 1623/1557/782 1626/1559/885
f 1519/1454/794 1561/1457/1062 1587/1521/865
f 1620/1490/777 1521/1455/1063 1520/1453/651
f 1605/1555/773 1588/1547/866 1587/1521/865
f 1623/1557/782 1594/1528/747 1602/1536/792
f 1585/1518/726 1612/1560/841 1567/1500/1030
f 388/1729/31 390/1730/31 686/1731/31
f 390/1730/31 901/1732/31 374/1733/31
f 901/1732/31 948/1734/31 374/1733/31
f 948/1734/31 950/1735/31 374/1733/31
f 950/1735/31 375/1736/31 374/1733/31
f 374/1733/31 917/1737/31 390/1730/31
f 917/1737/31 449/1738/31 686/1731/31
f 449/1738/31 956/1739/31 955/1740/31
f 955/1740/31 957/1741/31 686/1731/31
f 957/1741/31 967/1742/31 686/1731/31
f 967/1742/31 762/1743/31 686/1731/31
f 686/1731/31 813/1744/31 391/1745/31
f 813/1744/31 790/1746/31 794/1747/31
f 813/1744/31 794/1747/31 379/1748/31
f 917/1737/31 686/1731/31 390/1730/31
f 449/1738/31 955/1740/31 686/1731/31
f 813/1744/31 379/1748/31 391/1745/31
f 794/1747/31 968/1749/31 930/1750/31
f 379/1748/31 794/1747/31 394/1751/31
f 968/1749/31 969/1752/31 930/1750/31
f 391/1745/31 388/1729/31 686/1731/31
f 394/1751/31 794/1747/31 930/1750/31
f 969/1752/31 951/1753/31 439/1754/31
f 961/1755/31 915/1756/31 439/1754/31
f 915/1756/31 962/1757/31 958/1758/31
f 951/1753/31 961/1755/31 439/1754/31
f 915/1756/31 958/1758/31 972/1759/31
f 929/1760/31 969/1752/31 439/1754/31
f 962/1757/31 959/1761/31 958/1758/31
f 958/1758/31 971/1762/31 972/1759/31
f 972/1759/31 439/1754/31 915/1756/31
f 439/1754/31 657/1561/31 907/1563/31
f 657/1561/31 403/1670/31 382/1763/31
f 657/1561/31 382/1763/31 384/1764/31
f 439/1754/31 907/1563/31 385/1765/31
f 387/1766/31 439/1754/31 385/1765/31
f 969/1752/31 929/1760/31 930/1750/31
f 439/1754/31 387/1766/31 929/1760/31
f 657/1561/31 384/1764/31 920/1562/31
